No,기관명,기관유형,주무부처,설립근거,설립일,설립목적,주요기능 및 역할,기관연혁,경영목표 및 전략,기관장,기관장 임기,기관장 주요경력,도시명,상세주소,홈페이지,사업자번호,상위기관
1,(사)남북교류협력지원협회,기타공공기관,통일부,민법 32조,20070518,정부 위탁업무 수행 정책건의 남북교류협력 관련 조사·연구 및 분석 등을 통한 남북교류협력 활성화 지원,o 남북교류협력과 관련한 정부 위탁 사업 수행&cr;o 정부에 대한 남북교류협력 활성화 대책 건의&cr;o 남북교류협력과 관련한 조사·연구 및 분석,o 2007.05 법인설립 인가(통일부)&cr;o 2007.05「남북 경공업 및 지하자원개발 협력사업」남측 이행기구 지정&cr;o 2007.12「6자회담 대북 에너지 설비·자재 제공사업」수행&cr;o 2009.09「남북교역·경협 관리 사업」 개시&cr;o 2011.03「남북관리구역 통행체계 보강사업」수행&cr;o 2012.01 기타공공기관 지정(기획재정부)&cr;o 2015.07「대북지원사업 통합관리체계 구축·운영 사업」개시&cr;o 2018.11「한강하구 공동조사사업」수행&cr;o 2018.11「남북 산림협력사업」개시&cr;o 2018.11「남북공동 유해발굴 자재장비 지원사업」개시&cr;o 2019.09「남북교류협력종합지원센터」개소&cr;o 2021.10「한강하구 민간선박 시범항행」수행&cr;o 2022.05「남북 및 국제사회 대북협력 온라인 소통채널 구축」수행&cr;o 2022.07「인도협력 민간 역량강화」수행&cr;o 2023.08「남북교류협력 위반신고센터」개소&cr;  *'위반신고센터' 관련 업무는 '종합지원센터'로 통합 ('25.6.24.)&cr;o 2024.03 개성공단 업무 수행기관 지정,o 남북교류 거버넌스 재건·강화&cr;- 협력 네트워크 및 조사연구 역량 강화&cr;- 인도적 협력 확산 및 미래 협력기반 조성&cr;- 남북소통채널 안정화&cr;&cr;o 남북교류협력 서비스 및 기반 강화&cr;- 남북교류협력 원스톱 서비스 고도화 &cr;- 평화경제 이행기반 조성&cr;- 대북제재 관리를 통한 교류협력 돌파구 마련&cr;&cr;o 사회적 책임 중심 조직운영체계 구축&cr;- 투명하고 안전한 조직운영&cr;- 효율적인 경영환경 조성&cr;- 상생협력의 조직문화 구축,김 종 수,20260106-20290105,o 국정기획자문위원회 전문위원&cr;o 통일부장관 정책보좌관&cr;o 동국대학교 북한학과 겸임교수&cr;o 더불어민주당 정책위원회 통일수석전문위원&cr;o 더불어민주당 정책위원회 정책실장,서울특별시,서울특별시 중구 퇴계로 97  601호,www.sonosa.or.kr,120-82-08281,-
2,(재)예술경영지원센터,기타공공기관,문화체육관광부,민법 제32조에 의한 재단법인,20060112,예술유통의 활성화와 예술기관의 경쟁력 강화를 종합적이고 체계적으로 지원함으로써  예술현장의 자생력 제고에 기여,1. 예술 유통구조의 체계화 및 활성화 지원&cr;2. 문화예술기관ㆍ단체 운영 및 경영 관련 컨설팅&cr;3. 문화예술 경영 인력 양성 및 지원&cr;4. 문화예술분야 국제교류 및 해외진출 지원&cr;5. 국제문화교류 총괄 지원&cr;6. 국내외 문화예술정보의 구축ㆍ관리ㆍ활용&cr;7. 서울아트마켓 개최 및 운영&cr;8. 문화예술분야 조사ㆍ통계ㆍ연구&cr;9. 기타 법인의 설립목적 달성에 필요한 사업,ㅇ 2006년 재단법인 예술경영지원센터 설립(2006.1.12.)  제1대 대표(이규석) 취임  제1기 이사회 구성&cr;ㅇ 2009년 제2대 대표(박용재) 취임  제2기 이사회 구성&cr;ㅇ 2011년 문화체육관광부 산하 기타공공기관 지정(기획재정부 고시 제2011-01호) &cr;사회적기업 문화예술분야 민간 지원기관 지정(고용노동부)&cr;ㅇ 2012년 제3대 대표(정재왈) 취임  제3기 이사회 구성&cr;ㅇ 2014년 국제문화교류 지원 전담기관 지정&cr;ㅇ 2015년 제4대 대표(김선영) 취임  예술산업 지원 전담기관 지정&cr;ㅇ 2016년 제4기 이사회 구성  서울국제공연예술제(SPAF) 시행&cr;ㅇ 2017년 여성가족부 가족친화인증기관 선정&cr;ㅇ 2018년 제5대 대표(김도일) 취임&cr;ㅇ 2019년 제5기 이사회 구성&cr;ㅇ 2020년 공연예술통합전산망 전담기관 지정(공연법 제4조)&cr;ㅇ 2021년 제6대 대표(문영호) 취임&cr;ㅇ 2022년 제6기 이사회 구성&cr;ㅇ 2024년 제7대 대표(김장호) 취임,1. 비 전 : 예술산업의 미래가치를 창출하는 예술경영 전문기관&cr;2. 핵심가치 : 혁신·선도  상생·협력  공정·책임&cr;3. 전략목표&cr;가. 예술산업 도전과 혁신&cr;나. 예술시장 유통 경쟁력 강화&cr;다. 지속가능한 경영시스템 확립,김장호,20240822-20270821,해외문화홍보원장&cr;문화체육관광부 관광정책국장&cr;문화체육관광부 관광산업정책관,서울특별시,서울특별시 종로구 대학로57(연건동) 홍익대학교 대학로캠퍼스 교육동 3층  12층,http://www.gokams.or.kr/,214-82-09251,-
3,(재)우체국금융개발원,준정부기관(위탁집행형),과학기술정보통신부,민법 제32조(비영리법인의 설립과 허가) 학술  종교  자선  기예  사교 기타 영리아닌 사업을 목적으로 하는 사단 또는 재단은 주무관청의 허가를 얻어 이를 법인으로 할 수 있다.,19660430,우체국금융 업무를 효과적으로 지원함으로써 우체국예금보험사업의 향상·발전에 기여,ㅇ 국내외 금융시장에 대한 조사·연구&cr;ㅇ 우체국금융 신서비스 도입 및 마케팅 방안 연구&cr;ㅇ 우체국예금·보험 상품 개발&cr;ㅇ 우체국보험 청약·지급심사 및 사고조사&cr;ㅇ 우체국보험관련 교육 및 우체국금융 고객관리·마케팅 지원&cr;ㅇ 금융시장 리서치 및 신용분석 지원&cr;ㅇ 우체국보험기금 재산의 수탁관리&cr;ㅇ 우체국금융 고객센터 운영수탁,1966.04. 재단법인 체신저축장려회 설립&cr;1976.12. 재단법인 체신장려회로 명칭변경&cr;1994.05. 재단법인 체신금융진흥회로 명칭변경&cr;2000.06. 재단법인 우체국예금보험지원단으로 명칭변경&cr;2007.04.「공공기관의 운영에 관한 법률」에 의한 준정부기관으로 지정&cr;2012.04. 재단법인 우체국금융개발원으로 명칭변경,◎ 미션 : 우체국금융의 발전과 국민의 경제생활 안정에 기여&cr;&cr;◎ 비전 : 더 큰 우체국금융을 통한 국민의 든든한 파트너&cr;&cr;◎ 경영슬로건 : 든든한 온국민 금융지키미&cr;&cr;◎ 핵심가치 : 혁신  성장  공감  책임&cr;&cr;◎ 경영전략&cr;Ⅰ 미래를 준비하는 새로운 금융&cr;- AI·디지털금융 경쟁력 확보&cr;- 혁신·포용금융 신사업 육성&cr;- 공공성 중심 금융연구 강화&cr;Ⅱ 고객이 체감하는 실용적 금융&cr;- 균형있는 금융상품 개발&cr;- 차별화된 금융마케팅 추진&cr;- 고객체감형 컨택센터 전환&cr;Ⅲ 국민이 공감하는 안전한 금융&cr;- 금융리스크 관리 고도화&cr;- 금융소비자 보호 강화&cr;- 고객중심 심사서비스 확대&cr;Ⅳ 신뢰기반 책임경영&cr;- 기본이 튼튼한 ESG경영&cr;- 경영자원 운용 최적화&cr;- 건강한 조직문화 조성,신대섭,20241021-20271020,우정사업본부 전남지방우정청장&cr;우정사업본부 서울지방우정청장&cr;우정사업본부 경인지방우정청장&cr;우정사업본부 예금사업단장,서울특별시,서울특별시 영등포구 선유동2로 6,www.posid.or.kr,107-82-04619,-
4,(재)우체국물류지원단,준정부기관(위탁집행형),과학기술정보통신부,민법 제32조,19800826,안전·신속·정확한 우편물류 서비스를 효율적으로 제공하고  공공기관으로서 물류사업 발전과 국민의 편익증진에 이바지한다.,&cr;'우체국물류지원단'은 전국 우편물 운송  배달  분류  국제우편물 포워딩 등 종합우편물류서비스 공공기관입니다.&cr;□ 우편물 운송사업&cr;□ 우편물 발착사업&cr;□ 우편물 방문접수사업 및 집배사업&cr;□ 국제물류주선사업&cr;□ 우정종사원 교육사업&cr;,&cr;&cr;&cr;□ 1980.08.26  법인설립 (재)체신복지회&cr;□ 1981.03.01  수도권 우편물운송 수탁 개시&cr;□ &cr;1983.04.04  편지쓰기장려사업 시행&cr;□ 1987.07.01  명칭  조직 및 기능 개편 (재)우정사업진흥회&cr;&cr;&cr;□ 2002.01.01  대구 및 광주권 우편물운송업무 (주)코트랜스로 이관&cr;&cr;□ 2002.11.01  소포배달사업 시행 &cr;□ 2003.01.01  부산  충청  강원 및 제주권 우편물운송업무 추가 이관 &cr;&cr;&cr;□ 2007.04.02  공공기관 지정 (위탁집행형 준정부기관) &cr;&cr;□ 2008.08.11  소포우편물 발착 수탁 개시 &cr;&cr;□ 2009.01.01  (재)한국우편물류지원단으로 기관명칭 변경&cr;□ 2011.07.01  (주)코트랜스와 기관통합 - (재)한국우편물류지원단 &cr;□ 2012.01.01  (재)우체국물류지원단으로 기관명칭 변경&cr;□ 2013.04.01  국제물류 항공운송 수탁 개시&cr;□ 2016.01.01  우정종사원 교육사업 시행&cr;□ 2018.07.01  전국 소포배달사업 직접수행&cr;,&cr;□ &cr;미션&cr; &cr;o &cr;&cr;안전ㆍ신속ㆍ정확한 우편물류서비스 효율적 제공을 통한 국민 편익 증진 및 물류서비스 발전에 이바지&cr;&cr;□ &cr;비전&cr;&cr; o 모두의 성장을 추구하는 스마트 종합 공공물류 서비스 기관&cr;&cr;□ &cr;핵심가치&cr;&cr;&cr; o 성과와 성장  도전과 혁신  안전과 상생&cr;&cr;&cr;□&cr; 2026년~2030년 &cr;경영목표 및 전략목&cr;표&cr;&cr;&cr;&cr;&cr;&cr; o &cr;(Service Up) 물류서비스 정시성 100% 달성&cr;&cr;&cr; &cr; &cr; &cr;- 물류서비스 고도화로 국민편익 제고&cr;&cr; o &cr;(Change Up) 신사업 발굴 및 성장동력 확충&cr;&cr;&cr; &cr; &cr; &cr;- &cr;변화와 도약으로 성장 기반 구축&cr;&cr; o &cr;(Win-Win Up) ESG 경영지수 우수 등급&cr;&cr;&cr; &cr; &cr; &cr;- 소통  신뢰  실용으로 책임경영 실천&cr;&cr;&cr;&cr;□&cr; &cr;2026년~2030년&cr; &cr;전략과제 및 실&cr;행&cr;과제&cr;&cr; ① 우편물 운송서비스 최적화&cr;   - 운송 네트워크 효율적 운영&cr; &cr;&cr;&cr;&cr;  - 우&cr;편&cr;물 안전운송 환경 관리 강화&cr; ② 소포 배달서비스 품질 제고&cr;   - &cr;소포우편물 정시 배달 향상&cr;   - 소포배달 관리제도 효율화&cr; ③ 물류센터 운영 효율화&cr;   - 물류센터 구분체계 및 민원서비스 강화&cr;   - 물류센터 운영 효율화 및 안전관리 강화&cr; ④ 미래 신성장동력 발굴ㆍ육성&cr;   - 신성장사업 발굴 및 추진체계 구축&cr;   - 신성장사업 사업화 및 확대&cr; ⑤ 국제물류 서비스 다각화&cr;   - 전 세계 고품질의 국제운송서비스 제공&cr;   - 국제운송사업 성장성 강화&cr; ⑥ AI  디지털 기반 업무 혁신 &cr;   - AI 활용 사업ㆍ경영 효율성 향상&cr;   - 정보보안 역량 제고 및 개인정보보호 강화&cr;   - 국민 맞춤형 공공데이터 개방체계 구축&cr; ⑦ 안전보건관리체계 확립&cr;   - 안전한 근로ㆍ생활환경 조성&cr;   - 재난관리시스템 구축ㆍ운영&cr;   - 협력업체 안전역량 강화 및 안전문화 확산&cr;&cr; ⑧ 신뢰와 상생ㆍ협력 환경 조성&cr;   - 구성원 및 이해관계자와 소통ㆍ참여 확대&cr;   - ESG경영체계 고도화&cr;   - 협력적 노사관계로 건강한 노사문화 정착&cr; ⑨ 경영혁신 및 재무건전성 강화&cr;   - 조직 혁신으로 경영 효율성 제고&cr;   - 직무성과 중심의 인사ㆍ평가체계 운영&cr;   - 재무건전성 제고 및 리스크 관리 강화&cr;,오기호,20250301-20280229,우정사업본부 우편사업단 단장&cr;우정사업본부 강원지방우정청 청장&cr;우정사업본부 운영지원과 과장&cr;우정사업본부 성남분당우체국 국장,서울특별시,서울특별시 광진구 자양로 76,http://www.pola.or.kr,106-82-05309,-
5,(재)우체국시설관리단,기타공공기관,과학기술정보통신부, 민법 제32조(비영리법인의 설립과 허가),20001123,우정사업조직에 속한 부동산의 효율적 관리ㆍ운영으로 우정자산의 적극적 활용 및 가치향상을 도모하고  우정시설의 최적화와 국민의 우체국 이용편익 및 종사자에 대한 복지증진에 기여함을 목적으로 한다.,o 우정재산의 사용ㆍ수익 허가 및 대부업무 지원사업&cr;o 우정사업 부동산 시설 유지관리ㆍ위생관리 사업&cr;o 우정사업 부동산 경비(청사  금융창구  안내  주차관리 등) 사업&cr;o 우정사업 부동산(자산관리  임대  임차 등) 개발ㆍ관리ㆍ운영 및 컨설팅 사업&cr;o 우체국사 시설 최적화 지원사업,o 2001. 11. 23. 법인 설립&cr;o 2006. 12. 28. 우체국사 관리 지원업무 위탁운영기관 지정&cr;o 2008. 1. 30. 기타공공기관 지정&cr;o 2008. 10. 1. (재)우체국시설관리지원단으로 기관명칭 변경&cr;o 2012. 1. 2. (재)우체국시설관리단으로 기관명칭 변경&cr;o 2012. 11. 7. 우정사업 부동산 관리ㆍ운영업무 위탁기관 지정,⊙ 미션 : 우정부동산 효율적 관리ㆍ운영으로 공공의 복리증진에 기여&cr;⊙ 비전 : 우정부동산 가치 창조를 선도하는 Total Solution 전문기관&cr;⊙ 핵심가치 : 혁신  전문  안전  신뢰&cr;⊙ 운영방향&cr;- 차별화된 우정부동산 자산가치 창출&cr;- 고객가치 최우선 경영관리 체계 혁신&cr;⊙ 추진전략&cr;- 디지털화 경영&cr;- 상생안전 경영&cr;- 핵심역량 경영&cr;- 지속가능경영, 최정호,20230503-20260502,- 과학기술정보통신부 우정사업조달센터장&cr;- 과학기술정보통신부 우정사업본부 디지털혁신담당관&cr;- 과학기술정보통신부 우정사업본부 물류기획과장,서울특별시,서울특별시 광진구 강변역로 2(구의동  우체국시설관리단), http://www.poma.or.kr,107-82-07334,-
6,(재)일제강제동원피해자지원재단,기타공공기관,행정안전부,「민법」제32조(비영리 법인의 설립과 허가) 「공익법인의 설립·운영에 관한 법률 시행령」제5조(설립허가)  「대일항쟁기 강제동원 피해조사 및 국외 강제동원희생자 등 지원에 관한 법률」제37조(피해자 관련 재단지원 등),20140603,- 일제강제동원 피해 희생자 및 유족 등에 대한 복지지원사업  추념사업 및 강제동원 피해와 관련 문화·학술·조사·연구 등의 사업과 피해구제를 위한 활동으로 국민통합과 평화와 인권신장에 기여&cr;- 대일항쟁기위원회 업무종료(2015.12.31.)에 따라 위원회가 旣추진했던 희생자 추도사업  유해 발굴 및 봉환사업 등에 대한 후속조치,- 일제 강제동원 희생자에 대한 추도순례 등 위령사업&cr;- 해외 추도공간 조성 및 일제 강제동원 피해 조사 및 연구  학술사업&cr;- 일제 강제동원 피해자 및 유족복지지원  역사관 운영 및 관리 등,- ('12. 3. 9.) 재단 설립준비위원회 발족(총 8명)&cr;- ('12. 3. ~ '14. 1.) 13차에 걸친 재단 설립준비위원회 회의 개최&cr;- ('14. 4. 16.) 행정안전부에 재단 설립허가 신청&cr;- ('14. 6. 2. / 3.) 재단 설립허가 / 등기&cr;- ('15. 1. 29.) 기타공공기관 지정/ ('16. 3 .7.) 법정 기부금단체 지정(기재부)&cr;- ('16. 3. 30. / '20. 1. 1. / '23. 1. 1.) 국립일제강제동원역사관 위탁관리 운영,○ 미션: 일제강제동원 피해자 및 유족 중심의 통합서비스와 미래지향 연구를 통해 국민통합 및 세계평화와 인권신장에 기여&cr;○ 비전: 국민과 함께 평화와 인권의 가치를 실현하는 일제강제동원 피해 지원 전문기관&cr;○전략방향&cr;- 피해자 중심의 맞춤형 서비스 확대&cr;- 강제동원 글로벌 학술  연구 플랫폼 역할 강화&cr;- 미래세대의 평화와 인권의식 고취&cr;- 경영 기반 혁신을 통한 지속가능 성장,심규선,20221025-20270907,&cr;- 동아일보사 도쿄특파원  정치부장  편집국장  운영실장  대기자 ('98 ~ 17년)&cr;- 한일포럼 운영위원회 운영위원('12 ~ 현재)&cr;- 일제강제동원피해자지원재단 이사('14 ~'18년)&cr;- 화해치유재단 이사('16 ~'17년)&cr;- 세종연구소 이사('16 ~ '19년)&cr;- 서울대 일본연구소 객원 연구원('19 ~ 현재)&cr;,서울특별시,서울특별시 종로구 종로1길 42(이마빌딩 6층),https://www.fomo.or.kr/, 101-82-23675,-
7,(재)축산환경관리원,기타공공기관,농림축산식품부,「가축분뇨의 관리 및 이용에 관한 법률」제38조의2(축산환경관리원의 설립·운영,20150508,친환경적인 가축사육환경 조성 및 가축분뇨의 자원화를 효율적으로 수행함으로 환경과 조화되는 지속가능한 축산업의 발전 및 국민건강 향상에 이바지, 법적근거 및 주요기능·역할&cr;ㅇ 축산환경관리원의 설립·운영(「가축분뇨법」제38조의2  ’15.5.8. 설립)&cr;- 배출시설 또는 처리시설 컨설팅  지도 및 교육  퇴비·액비 품질관리&cr;- 가축분뇨의 수거·자원화 및 퇴비·액비 유통 등 통합관리&cr;- 가축분뇨 처리시설 및 처리기술의 평가&cr;ㅇ 축산환경 개선 전담기관 지정(「축산법」제42조의14)&cr;- 축산환경 지도·점검/축산환경 조사&cr;- 축산환경 개선을 위한 종사자 교육 및 컨설팅  시설·장비·기계 등의 검사&cr;- 축산환경 개선기술 개발·보급/축산환경 개선 전문인력 양성&cr;- 그 밖에 축산환경 개선을 위하여 농림축산식품부장관이 정하는 업무,ㅇ ('10.7.30.) 민관관리기구 도입 검토(국무총리실 주관 TF)&cr;ㅇ ('13.11.14.) 「가축분뇨법」제38조의2(축산환경관리원의 설립·운영) 신설&cr;ㅇ ('14.11.20.) 축산환경관리원 설립추진위원회 구성&cr;ㅇ ('15.4.7.) 축산환경관리원 초대 원장 임명&cr;ㅇ ('15.5.8.) 축산환경관리원 법인 설립 등기 완료&cr;ㅇ ('19.2.18.) 축산환경관리원 2대 원장 임명&cr;ㅇ ('19.11.18.) 축산환경관리원 청사 이전(대전 → 세종)&cr;ㅇ ('20.2.5.) 기타공공기관 지정(고시)&cr;ㅇ ('21.2.16.) 축산환경개선 전담기관 지정(고시)&cr;ㅇ ('21.11.28.) 축산환경관리원 3대 원장 임명,ㅇ (미션) 지속가능한 축산업 발전 및 국민행복 향상에 기여&cr;ㅇ (비전) 국민에게 신뢰받는 세계 최고의 축산환경개선 선도기관,문홍길,20221128-20251127,ㅇ 現 축산환경관리원장&cr;ㅇ 前 국립축산과학원 축산자원개발부장&cr;ㅇ 前 농촌진흥청 국제기술협력과장,세종특별자치시,세종특별자치시  한누리대로 219  6~7층(나성동  한림프라자), https://www.lemi.or.kr,768-82-00039,-
8,(재)한국보건의료정보원,기타공공기관,보건복지부,민법 제32조,20190924, 한국보건의료정보원은 고품질 보건의료데이터 생산을 위한 표준화 및 전자의무기록시스템 인증을 수행하며  의료정보가 안전하고 정확하게 연계·유통될 수 있도록 의료기관 간 진료정보교류  의료 마이데이터 플랫폼 운영 사업을 추진하고 있습니다.&cr;&cr; 더불어 의료데이터 중심병원 지원과 보건의료빅데이터  국가바이오빅데이터 구축 등 보건의료 데이터의 활용 확대를 통해 새로운 지식과 가치를 창출하는 플랫폼 역할을 하고자 합니다.&cr;&cr; 한국보건의료정보원은 디지털 헬스케어 생태계 조성을 통해 환자 안전과 진료 연속성 보장 등 의료의 질 향상을 도모하며  궁극적으로 국민의 건강 증진을 위한 보건의료 정보화 전문기관입니다.,○ 고품질 보건의료데이터 생산기반 조성 &cr; - EMR인증제도 운영개선 및 보건의료정보 표준화 확산&cr;&cr;○ 보건의료정보의 안전하고 정확한 연계 유통&cr; - 건강정보 고속도로 플랫폼 운영기반 강화 및 서비스 확대&cr; - 진료정보교류시스템 운영 활성화&cr; - 공공병원 정보화 사업 등을 통한 표준 확산&cr; - 감염병 관리를 위한 방역통합정보시스템의 안정적 운영&cr; - 정부 정보화 정책사업 지원(휴ㆍ폐업 의료기관 진료기록보관시스템  희귀질환 등록사업)&cr;&cr;○ 보건의료 빅데이터 활용 강화&cr; - 보건의료데이터 활용 및 데이터 중심병원 운영 등 기반 강화&cr; - 메타데이터 기반 보건의료데이터 중계 기술개발 사업(R&D) 수행&cr; - 보건의료 빅데이터 활용 플랫폼 운영 강화 &cr; - 민간 중심의 의료데이터 활용 활성화 추진 &cr; - 개인동의기반 국가통합바이오빅데이터 구축 추진,○ 2019. 9월 : 한국보건의료정보원 설립(9.24.)&cr;○ 2020. 1월 : 「전자의무기록시스템 인증제」업무 수탁&cr;○ 2020. 6월 : 「전자의무기록시스템 인증제도 운영에 관한 고시」제정&cr;○ 2021. 1월 : 의료기관 간 진료정보교류 사업 등 신규 수탁사업 기관 지정&cr;○ 2022. 1월 : 보건복지부 산하 기타공공기관 지정&cr;○ 2023. 6월 : 차세대 국립병원정보시스템(MEDIRO) 가동&cr;○ 2023. 9월 : 건강정보 고속도로(본인진료기록열람지원시스템) 가동&cr;○ 2024. 1월 : 방역통합정보시스템 개통&cr;○ 2024. 4월 : 국가통합바이오빅데이터사업 신규 수탁기관 지정&cr;○ 2025. 6월 : 보건의료데이터 상호운용성 기술개발 등 신규 R&D 사업 수탁기관 지정&cr;○ 2025. 7월 : 휴ㆍ폐업 의료기관 진료기록보관시스템 개통&cr;○ 2025. 11월 : 국가통합바이오빅데이터 플랫폼 참여자관리시스템 개통,○ 미션 : 안전하고 미래지향적인 보건의료정보화로 국민건강증진&cr;○ 비전 : 보건의료를 선도하는 디지털 헬스케어 플랫폼 전문기관&cr;○ 핵심가치 :  소통협력  국민신뢰  전문역량  혁신성장&cr;○ 전략 목표&cr;1. 보건의료데이터 인프라 확립 및 공공의료 안전망 확산&cr;2. 국민 체감형 디지털 의료서비스 강화&cr;3. 바이오ㆍ헬스 AI 신산업 생태계 활성화&cr;4. AIㆍ활용ㆍ혁신 경영체계 강화,염민섭,20240717-20270716,○ 보건복지부 노인정책관&cr;○ 보건복지부 장애인정책국장&cr;○ 보건복지부 정신건강정책관&cr;○ 질병관리본부 감염병관리센터장,서울특별시,서울특별시 중구 칠패로 36,www.khis.kr,855-82-00240,-
9,(재)한국우편사업진흥원,기타공공기관,과학기술정보통신부,민법 제32조(비영리법인의 설립과 허가),19301203,우편서비스의 질적 향상 및 우정문화를 창달함으로써 우정사업 발전과 국민문화 생활에 기여,1. 문화우편상품과 우표류 보급 및 콘텐츠를 통한 우정문화 확산&cr;2. 우정 및 그 밖의 분야의 인재육성을 위한 교육과 장학사업 운영&cr;3. 우체국쇼핑 운영 및 온라인우편시스템 개발ㆍ유지보수&cr;4. 우편고객센터 운영 및 우체국 고객관리 활동 지원&cr;5. 국내ㆍ외 우편관련 연구 및 그 부대사업&cr;6. 출판 및 우표류 제작&cr;7. 우체국 전자우편 서비스 운영&cr;8. 인터넷 텔레비전(Internet Protocal Television) 우체국 운영 및 방송 콘텐츠 제작&cr;9. 자산운용과 관련된 임대사업&cr;10. 우표 전시회 개최  우표 전시관 설치ㆍ운영 및 우표 관련 웹사이트 구축ㆍ운영 등&cr;11. 옥외광고업&cr;12. 우편물의 전자적 형태의 처리와 그 부대업무&cr;13. 디지털 영상 및 콘텐츠 제작&cr;14. 제1호부터 제13호까지의 사항과 관련하여 진흥원의 목적을 달성하기 위해 필요&cr;한 사업&cr;15. 그 밖에 다른 법령에서 진흥원의 사업으로 정하거나 우정사업본부장 또는 그 밖&cr;의 행정기관이나 공공기관 등이 진흥원에 위탁한 사업,ㅇ 1930. 12. 03. 우편소청사협회 설립&cr;ㅇ 1939. 11. 06. 조선체신사업협회로 개칭&cr;- 1949. 01. 15. 인쇄사업 개시&cr;ㅇ 1949. 07. 28. 대한체신사업협회로 개칭&cr;- 1956. 12. 31. 우표류 해외보급 및 선전사업 개시&cr;- 1958. 01. 01. 복지지원사업 개시&cr;ㅇ 1961. 06. 10. 체성회로 개칭&cr;- 1962. 01. 22. 장학사업 개시&cr;- 1970. 05. 04. 디지털포스트 사업 개시&cr;- 1981. 08. 21. 콘도지원사업 개시&cr;- 1988. 08. 10. 우체국쇼핑(구 우편주문판매) 위탁사업 개시&cr;- 2001. 03. 29. 나만의우표 사업 개시&cr;- 2003. 11. 01. 콜센터 위탁 사업 개시&cr;ㅇ 2005. 11. 30. 한국우편사업지원단으로 개칭&cr;- 2006. 11. 15. 우편연구 지원사업 개시&cr;- 2007. 04. 02. 공공기관(준정부기관) 지정&cr;- 2007. 04. 04. 우표포털 위탁사업 개시&cr;- 2008. 06. 24. 인터넷 맞춤형편지(전자우편) 서비스 시행&cr;- 2008. 11. 07. 우표문화누리 위탁서비스 개시&cr;ㅇ 2012. 01. 01. 한국우편사업진흥원으로 개칭&cr;- 2015. 06. 01. 생활정보홍보우편 서비스 시행&cr;- 2017. 03. 17. 온라인 내용증명서비스 시행&cr;- 2020. 01. 01. 전자우편 내용증명 및 e그린엽서 통합 운영 시행&cr;- 2020. 10. 01. 인터넷우체국 및 주요서비스 개발ㆍ유지보수 시행&cr;- 2023. 02. 03. 공공기관 유형변경(준정부기관→기타공공기관),ㅇ 미션: 첨단 우편서비스 제공과 창의적 우정문화 조성으로 국민의 삶의 질 향상&cr;ㅇ 비전: 더 새로운 우편이 만드는 웃음가득한 대한민국&cr;ㅇ 3대 전략목표&cr; - 디지털 기반 우편서비스 강화&cr; - 전자상거래 통한 지역경제 활력 제고&cr; - ESG경영 및 경영 효율화,송관호,20230818-20260817,ㅇ 우정사업본부 전남지방우정청장&cr;ㅇ 우정사업본부 예금사업단장&cr;ㅇ 우정사업본부 경인지방우정청장&cr;ㅇ 우정사업본부 우편사업단장&cr;ㅇ 우정사업본부 우정사업조달센터장,서울특별시,서울특별시 영등포구 영중로83,www.posa.or.kr,113-82-02144,-
10,(재)한국통계정보원,기타공공기관,국가데이터처,민법 제32조,20110324,통계정보의 이용 활성화 및 효율적 운영·관리를 통하여 통계정보 활용 가치를 높이고  국가정책 수립 및 국민 삶의 질 향상에 기여,1. 소프트웨어 개발 및 보급  운영·유지관리 사업&cr;2. 데이터 수집·구축  처리·분석  보급 및 운영·유지관리 사업&cr;3. 인공위성이나 항공영상을 활용한 통계시스템 구축 및 운영&cr;4. 통계정보의 활용·확산  인식제고 및 이용 활성화 관련 사업&cr;5. 통계정보화 사무 위탁 사업&cr;6. 컴퓨터 시설관리·운영·유지보수 및 관련 하드웨어·소프트웨어 판매&cr;7. 각종 학술·연구용역 및 연구개발 사업&cr;8. 국제협력 사업&cr;9. 전 각호의 부대 사업&cr;10. 기타 이사회에서 의결한 사업,2011.03. 한국통계정보원 설립&cr;2012. ~ 2023. 국가통계 정보화사업 위탁운영&cr;2018.11. 국가통계 정보화사무 수탁기관 지정&cr;2019. ~ 2023. 국가통계 정보화사무 수탁사업 수행(총 6개)&cr;2023.12. 조직 개편(1본부 6팀 → 2본부 2센터 5실)&cr;2024.02. 기타공공기관 지정&cr;2026.01. 조직 개편(감사팀 신설)&cr;2026.04. 조직 개편(2본부 2센터 5실 → 2본부 2센터 6실),◇ 미션&cr;- 국가통계정보의 선진화로 통계정보의 활용 가치를 높이고  국가정책 수립 및 국민의 삶의 질 향상에 기여&cr;&cr;◇ 비전&cr;- 고품질 국가통계 정보서비스를 선도하는 국가통계정보화 전문기관&cr;&cr;◇ 핵심가치 및 전략목표&cr;- 국가통계정보서비스 품질향상 주도&cr;- AI 기반의 국가통계정보화 발전 선도&cr;- 지속가능한 미래신성장 동력창출&cr;- 경영혁신을 통한 조직경쟁력 강화&cr;,어운선,20241112-20261111,- 통계청 경제통계국장&cr;- 통계청 경제동향통계심의관&cr;- 통계청 경제통계기획과장&cr;- 통계청 산업동향과장&cr;- 통계청 소득통계과장&cr;- 통계청 조사연구실장,대전광역시,대전광역시 서구 둔산대로 117번길 95 제6층 제E동-601호(만년동  리더스타운),https://www.kosii.or.kr,314-82-14826,-
11,(재)한국통계진흥원,기타공공기관,국가데이터처,민법 제32조,19630320,국민의 통계인식을 제고하고 각종 통계의 개발ㆍ개선과 기술향상을 통하여 통계산업의 발전과 통계 인프라 강화 증진,&cr;1. 정책지원을 위한 통계 데이터 연구·분석 및 통계개발ㆍ개선 지원&cr;&cr;2. 국가통&cr;계 개발ㆍ개선 지원 및 통계 데이터의 수집ㆍ관리ㆍ제공ㆍ품질진단&cr;&cr;&cr;&cr;3. 통계 데이터 교육  홍보 및 국제통계 협력 지원&cr;&cr;4. 통계조사  품질진단 등 각종 통계 개발ㆍ개선 사업 지원&cr;5. 통계 관련 국내외 자료의 수집  분석 및 보급 지원&cr;6. 통계 이용 활성화를 위한 교육ㆍ홍보 및 국제협력 지원&cr;&cr;&cr;&cr;7. 전 각호의 부대 사업&cr;8. 기타 이사회에서 의결한 사업&cr;&cr;,1963.03. 재단법인 대한통계협회 설립&cr;1993. 세계 통계협회(ISI) 기관회원으로 가입&cr;2008. (재)한국통계진흥원으로 법인명 변경&cr;2010.05. 한국통계진흥원 대전분원 개원&cr;2013.12. 해외 ODA 사업 시작&cr;2015.03. 통계청 정기통계품질진단 위탁기관으로 선정&cr;2018.11. 통계발진지원 사업(통계청) 수탁기관 지정&cr;2024.01. 직제 개편(1실 2본부 1센터→1본부 2센터 1실)&cr;2026.02. 기타공공기관 지정, ◇ 미션&cr;- 국가통계발전 지원 선도&cr;&cr;◇ 비전&cr;- 민간 최고의 데이터 전문기관&cr;&cr;◇ 핵심가치 및 전략목표&cr;- 데이터 기반 의사결정 지원&cr;- 데이터의 객관성  신뢰성 제고&cr;- 데이터 리터러시 확산,최연옥,20240701-20260630,- 통계청 차장&cr;- 통계청 조사관리국장&cr;- 통계청 사회통계국장&cr;- 통계교육원 원장,서울특별시,서울특별시 강남구 선릉로 612  6층(삼성동  한일빌딩),https://www.stat.or.kr,101-82-05115,-
12,(주)강원랜드,공기업(시장형),산업통상부,석탄산업전환지역 개발 지원에 관한 특별법,19980629,석탄산업의 사양화로 낙후된 석탄산업전환지역의 경제를 진흥시켜 지역간의 균형있는 발전과 석탄산업전환지역 주민의 생활향상을 도모,1. 석탄산업전환지역 경제 활성화&cr;2. 석탄산업전환지역 사회복지 증진&cr;3. 건전한 카지노 문화 정착&cr;4. 석탄산업전환지역 관광산업과 연계하여 관광중심지로 발전 및 관광산업의 국가경쟁력 제고,98.06. (주)강원랜드 설립&cr;00.10. 팰리스 호텔(스몰 카지노) 개장&cr;01.09. (주)강원랜드 부설「한국도박중독센터」개설&cr;03.04. 그랜드호텔 메인타워&강원랜드 카지노 개장&cr;05.07. High1 골프장 개장&cr;06.12. High1 스키장&콘도 개장&cr;07.04. 기타공공기관 지정&cr;10.12. High1 콘도 증축 개장&cr;11.09. 그랜드호텔 컨벤션타워 개장&cr;13.06. 강원랜드 카지노 증축 개장&cr;18.02. 시장형 공기업 변경 지정&cr;18.07. High1 워터월드 개장, □ (미션) 석탄산업전환지역의 경제를 진흥시켜 지역발전과 주민생활 향상을 도모하고 여가문화 선도를 통해 국민행복 증진에 기여한다&cr;&cr;□ (비전) 즐거운 삶과 더 나은 세상을 만드는 행복쉼터&cr;&cr;□ (핵심가치) 존중  안전  윤리  실용  도전&cr;&cr;□ (2030 경영목표)&cr;○ 전사 매출 2조원(영업이익 5 000억원)&cr;○ 이용객 1 000만명(외국인 15만명)&cr;○ KL-지역경제 기여도 S등급&cr;○ KL-ESG S등급&cr;&cr;□ (전략방향)&cr;○ 건전한 엔터테인먼트형 카지노 실현&cr;○ 아시아 최고 웰니스 복합리조트 조성&cr;○ 석탄산업전환지역 경제활성화 견인&cr;○ 지속성장을 위한 기업가치 제고, 공석,-,-,강원도,강원도 정선군 사북읍 하이원길 265,https://kangwonland.high1.com,225-81-10770,-
13,(주)공영홈쇼핑,기타공공기관,중소벤처기업부,상법 제4장 주식회사 제1절 설립,20150305,국내 중소·벤처기업 혁신제품 및 농축수산품의 판로 확대,ㅇ 유통 환경변화에 따른 신규 판매채널 지속 확대&cr;ㅇ 공정한 거래문화 선도(상생결제  수수료지원  공적기능 확대)&cr;ㅇ 판로지원 전문기관으로서 역할 강화(상생소비 촉진  ESG경영기반 마련),&cr;ㅇ ’15. 3 : 법인설립 등기(법인명 : ㈜공영홈쇼핑)&cr;ㅇ ’15. 4 : 방송채널사용사업 승인(미래부  유효기간 ’15.4.15～’18.4.14)&cr;ㅇ ’15. 7 : 공영홈쇼핑 방송 개국(서울 마포 상암산로 34  디지털큐브)&cr;ㅇ ’18. 2 : 중기부 산하 기타공공기관 지정&cr;ㅇ ’18. 4 : 방송채널사용사업 재승인(과기부  유효기간 ’18.4.15～’23.4.14)&cr;ㅇ ’23. 4 : 방송채널사용사업 재승인(과기부  유효기간 ’23.4.15～’30.4.14)&cr;,ㅇ 미션 : 중소벤처기업의 판로지원을 통한 국가경제성장 기여&cr;ㅇ 비전 : 국민에게 신뢰받는 중소·벤처·소상공인의 유통혁신파트너&cr;ㅇ 슬로건 : 가치를 담다  미래를 잇다  공영홈쇼핑,이일용,20260327-20290326,(주)홈앤쇼핑 대표이사 (영업부문)&cr;롯데쇼핑(주) 이커머스사업부 영업본부장&cr;롯데홈쇼핑((주)우리홈쇼핑) 방송본부장·지원본부장,서울특별시,서울특별시 마포구 상암산로 34 (상암동), www.gongyoung.kr, 105-88-15349,-
14,(주)한국가스기술공사,공기업(준시장형),산업통상부,한국가스공사법 제12조 및 동법 시행령 제13조,19930527,○ 천연가스 생산기지 및 전국 주배관망 등 천연가스 설비의 예방점검과 책임정비를     통해 천연가스의 안전하고 안정적인 생산·공급 기여&cr;○ LNG 저장탱크 및 관련설비  유사플랜트 설계 등 엔지니어링 사업 수행,○ 가스설비 등 플랜트 유지보수  개·보수 공사업&cr;○ 천연가스 주배관망 안전점검 및 유지관리&cr;○ 플랜트 사업에 관련된 엔지니어링 용역사업  건설기술 용역사업  플랜트 신기술       제품 제작 및 판매사업&cr;○ LNG 및 수소가스 충전사업을 위한 EPC와 O&M  바이오가스 관련사업&cr;○ 냉열 등 천연가스 특성을 활용한 에너지사업&cr;○ 이산화탄소 포집  활용 저장 및 탄소 자원화 사업&cr;○ 관련 사업에 대한 연구·기술개발 및 부대사업  위탁사업,'93. 5월 : 한국가스기술공업(주) 설립&cr;'00. 10월 : ISO 14001 인증 취득&cr;'01. 6월 : 한국가스엔지니어링(주) 흡수합병&cr;'02. 6월 : OHSAS 19001 인증 취득&cr;'03. 3월 : 대한민국 가스산업대상 안전부문 대상 수상&cr;'05. 3월 : (주)한국가스기술공사(KOGAS-Tech)로 사명 변경&cr;'07. 4월 : 기타공공기관 지정&cr;'10. 11월 : 본사 사옥 이전(서울 ⇒ 대전)&cr;'12. 11월 : 국가품질경영대회 대통령상 7년 연속 수상&cr;'14. 1월 : 삼척기지·인천 지사 개소(13개 지사)&cr;'16. 1월 : 플랜트사업단 신설(2처  1센터)&cr;'17. 2월 : 공기업 지정(준시장형)&cr;'17. 3월 : '16년 공공기관 동반성장 평가 최우수기관 선정&cr;'18. 7월 : 사회가치실 및 기술영업실 신설&cr;'18. 7월 : ISO 29001 인증(섬유화학 및 천연가스)&cr;'18. 9월 : 녹색기술 인증(바이오메탄 농도제어 공정을 적용한 정제 기술)&cr;'19. 2월 : 정관 변경(수소  바이오  냉열 등 신성장 사업 확대)&cr;'19. 11월 : 제주LNG지사 개소(14개 지사)&cr;'20. 6월 : 부서명칭 변경(사회가치실→상생협력처)&cr;'20. 9월 : ISO 27001 인증 취득(정보보안경영시스템)&cr;'20. 11월 : 국가품질경쟁력 우수기업 5년 연속 선정(1등급)&cr;'20. 12월 : ISO 22301 인증 취득(비즈니스연속성경영시스템)&cr;'20. 12월 : 재해경감 우수기업 인증 취득&cr;'21. 8월 : 정관변경(이산화탄소 포집  활용  저장 및 탄소 자원화 사업 확대)&cr;'22. 1월 : 에너지사업본부 및 부서 신설(3본부 12처 1실  14지사)&cr;'22. 12월 : KOSHA-MS(안전보건경영시스템) 인증취득&cr;'22. 12월 : 국가품질경쟁력 우수기업 명예의 전당 헌정(7년 연속 1등급)&cr;'23. 6월 : 수소전주기센터 KOLAS 공인시험기관 인증 취득&cr;'23. 7월 : 국가품질경영대회 우수분임조 대통령상 수상(10년 연속)&cr;'24. 7월 : 중소벤처기업부 공공기관 동반성장 평가 최우수 등급 달성&cr;'25.12월 : 국민권익위원회 주관 종합청렴도 평가 2등급 달성,○ 비전 : 에너지산업을 선도하는 기술 플랫폼 전문기업&cr;○ 전략방향&cr;- "AI 기술" 기반 정비경쟁력 강화&cr;- 그린에너지 미래성장동력 확보&cr;- 지속가능성장 인프라 강화&cr;- "AI 활용" 전사적 경영시스템 혁신&cr;○ 2030 중장기 경영목표&cr;- 중대재해사고 ZERO 달성&cr;- 에너지설비 100% 완벽정비&cr;- 매출 7천억원&cr;- 기술개발활용성과 10%(년) 증가&cr;- 에너지 전문인력 1만명 양성&cr;- ESG 지속가능지수 S등급&cr;- 탄소배출 저감 2백만톤&cr;- 경영관리 성과 99%,임종석,20260423-20290422,법무법인 정도 변호사/변리사&cr;천안시 고문변호사&cr;충남 아산경찰서 탈북민 자문변호사,대전광역시,대전광역시 유성구 대댁대로 1227,www.kogas-tech.or.kr,138-81-08704,-
15,88관광개발(주),기타공공기관,국가보훈부,보훈기금법 제7조 6항,19870730,국가유공자 복지증진에 소요되는 재원 마련을 위한 보훈기금 증식, 1. 보훈기금 증식을 위해 국가보훈처장이 위탁한&cr;- 각종 체련시설 운영에 관한 사업&cr;- 휴양시설의 운영에 관한 사업&cr;- 위 사업과 관련된 일체의 부대사업&cr;2. 국가보훈부와 88관광개발(주)의 관계&cr;- 국가보훈처 : 88관광개발(주) 주주 및 골프장 소유주&cr;- 88관광개발(주) : 수탁관리업체&cr;- 자본금 : 20억원(보훈기금 전액 출자,- 1985. 12. 16. 골프장 사업승인(교통부)&cr;- 1987. 07. 30. 88관광개발(주) 설립&cr;- 1988. 07. 08. 골프장 개장&cr;- 2005. 11. 08. 실외연습장(102타석) 개장&cr;- 2006. 07. 01. PAR3 9홀 개장,목표 : 보훈기금 증식과 신뢰받는 88CC 브랜드 가치 향상&cr;- 보훈기금 증식&cr;- 명문골프장 브랜드 가치 지속 창출&cr;- 안전하고 쾌적한 골프장 조성&cr;- 화합·단결 조직문화 창출,서정천,20240701-20270630,대구카톨릭대학교 객원교수&cr;육군종합군수학교 학교장&cr;제50보병사단 사단장,경기도,경기도 용인시 기흥구 석성로521번길 169, www.88countryclub.co.kr,135-81-05751,-
16,가덕도신공항건설공단,기타공공기관,국토교통부,「가덕도신공항건설공단법」,20240425,가덕도신공항건설사업을 신속하고 효율적으로 추진함으로써&cr;국토의 균형발전을 도모하고 나아가 국가경쟁력 강화에 이바지함,&cr;ㅇ 가덕도신공항 건설사업 및 이에 관한 연구·기술개발 및 조사&cr;ㅇ 신공항 건설과 연구·기술개발·조사 사업에 부대되는 사업&cr;ㅇ 그 밖에 정부로부터 위탁받은 공항 건설 관련 사업&cr;,&cr;ㅇ 2021. 3. 16.   「가덕도신공항 건설을 위한 특별법」 제정&cr;ㅇ 2023. 10. 24. 「가덕도신공항건설공단법」 제정  &cr;ㅇ 2023. 12. 29.  가덕도신공항 건설사업 기본계획 고시  &cr;ㅇ 2024. 4. 25.   가덕도신공항건설공단 설립  &cr;ㅇ 2024. 5. 31.   가덕도신공항건설공단 공식 출범식  &cr;ㅇ 2024. 7. 12.   가덕도신공항건설사업 사업시행자 지정   &cr;ㅇ 2024. 12. 20.  가덕도신공항 성공과 지역경제 활성화를 위한 업무협약 체결&cr;                          (국토부  해수부  부산·울산·경남 지자체  공단)  &cr;ㅇ 2025. 3. 21.   가덕도 현장지원센터 개소  &cr;ㅇ 2025. 6. 5.    가덕도신공항 건설사업 토지 등 손실보상 협의 착수  &cr;ㅇ 2025. 11. 21. 가덕도신공항 부지조성공사 재추진 방안 발표&cr;ㅇ 2026. 2. 12.   기타공공기관 지정&cr;,1. 미션: 신속하고 효율적인 가덕도신공항 건설사업의 추진을 통해 &cr;            국토의 균형발전을 도모하고 국가경쟁력 강화에 기여&cr;&cr;2. 비전: 한계를 넘어 남부권의 미래를 여는 글로벌 쿼트로-포트의 완성&cr;&cr;3. 핵심가치&cr; 1) 안전을 바탕으로 최고의 공항을 건설한다&cr; 2) 고객을 존중하고 함께 협력한다&cr; 3) 열린 자세로 책임감 있게 사업을 주도한다&cr; 4) 창의적으로 사고하고 문제를 해결한다&cr; 5) 공정하게 판단하고 올바르게 실천한다&cr;&cr;4. 경영전략&cr; 1) 안전 기반의 완벽한 건설공사 수행&cr; 2) 고객 중심의 경쟁력 있는 공간 설계&cr; 3) 사업에 최적화된 조직 운영,이윤상,20240425-20270424,ㅇ 국토교통부 항공정책실장&cr;ㅇ 국토교통부 교통물류실장&cr;ㅇ 국토교통부 철도국장,부산광역시,부산광역시 강서구 명지국제7로 44(명지동),www.g-airport.or.kr,172-82-00577,-
17,가축위생방역지원본부,기타공공기관,농림축산식품부,가축전염병 예방법 제9조(가축위생방역지원본부),20030627,가축위생방역지원본부는 효율적인 가축방역 및 축산물 위생관리를 통하여 축산물의 위생·안전성을 향상시키고  국내 축산업 발전과 양축농가의 소득증대에 기여하기 위한 비영리 공익업무 수행을 목적으로 한다.,○ 가축방역사업(가축전염병 예방법 제9조)&cr; - 가축의 예방접종  임상검사 및 시료채취&cr; - 가축전염병 예방을 위한 교육·홍보&cr; - 가축사육시설 관련 정보의 수집·제공&cr; - 축산농가 상담예찰센터 운영&cr; - 가축방역사의 교육 및 양성&cr;○ 축산물위생사업(축산물 위생관리법 제14조)&cr; - 축산물의 위생검사&cr; - 검사원의 교육 및 양성&cr;○ 수입식용축산물 검역검사(가축전염병 예방법 제42조)&cr; - 검역시행장 관리수의사 업무&cr;○ 국가 및 지자체로부터 위탁받은 사업(가축전염병 예방법 제9조),○ 1999.04.15. (사)돼지콜레라박멸비상대책본부 설립&cr;○ 2000.06.21. (사)가축위생방역지원본부 인가&cr;○ 2003.06.27. (특)가축위생방역지원본부 설립(가축전염병 예방법 제9조제2항)&cr;○ 2005.06.12. 포유류도축장 검사지원업무 수임&cr;○ 2007.04.11. 농식품부 산하 기타공공기관으로 지정&cr;○ 2007.10.11. 공공기관 혁신평가 우수기관 선정(기획예산처장관 표창 수상)&cr;○ 2009.03.12. 수입식용축산물 검역검사업무 수임&cr;○ 2010.~2014. 공공기관 고객만족도 5년 연속 우수기관 선정&cr;○ 2011.03.10. 질병예찰 및 신고상담 콜센터 사업 수임&cr;○ 2014.07.01. 가금류도축장 검사지원업무 수임&cr;○ 2015.06.22. 가축사육시설 관련 정보의 수집·제공 사업 수임&cr;○ 2015.09.18. 본부 이전(경기도 안양시 → 세종특별자치시)&cr;○ 2015.12.15. 일자리 창출 유공 포상(고용노동부장관 표창 수상)&cr;○ 2016.~2019. 농림축산식품부 주관 기타공공기관 경영평가 우수기관 선정&cr;○ 2018. 공공기관 고객만족도 우수기관 선정&cr;○ 2017.~2024. 가족친화 우수기관 인증(여성가족부 주관)&cr;○ 2020.08.01. 드론을 활용한 방역사업 도입&cr;○ 2021.10.08. 산란계 농장 방역기준 유형부여 평가기관 지정&cr;○ 2023.01.25. 축산농가 자가진단 알림톡 도입,○ 미션: 체계적인 가축방역과 전문적인 축산물 위생관리로 축산업 발전에 기여&cr;○ 비전: 사람과 가축의 건강과 행복을 추구하는 가축위생방역 전문기관&cr;○ 전략목표 및 과제&cr; (전략목표 1) 선제적 가축방역을 통한 청정생태계 조성&cr; - 모니터링 강화로 방역 사각지대 해소&cr; - 가축질병 조기검색 및 확산 방지&cr; - 자율방역체계 기반 강화&cr; (전략목표 2) 축산물 안전성 확보를 위한 검사관리 고도화&cr; - 축산물 위생관리 안전성 강화&cr; - 수입식용축산물 안전관리 강화&cr; - 축산물 관리역량 강화&cr; (전략목표 3) 미래 성장을 위한 혁신경영 강화&cr; - 스마트 가축방역·위생 사업 고도화&cr; - 농장DB 품질 고도화 및 활용 강화&cr; - 미래 신성장사업 발굴 및 인프라 구축&cr; (전략목표 4) ESG기반 지속가능 경영 선도&cr; - 안전 및 환경친화 경영 내실화&cr; - 상생·협력 및 사회적 책임 실현&cr; - 윤리경영 강화 및 경영투명성 제고,김태환,20250512-20280511,현) 가축위생방역지원본부 본부장&cr;전) 농협경제지주 축산대표이사&cr;전) 농협축산판매지원 본부장(상무)&cr;전) 농협축산경제기획부장,세종특별자치시,세종특별자치시 아름서길 21(가축위생방역지원본부),https://www.lhca.or.kr,108-82-05800,-
18,강원대학교병원,기타공공기관,교육부,국립대학병원 설치법,20000518,고등교육법에 의한 의학  치의학 및 간호학 등에 관한 교육  연구와 진료를 통하여 의학발전을 도모하고 국민보건향상에 이바지 함.,ㅇ 진료사업&cr;ㅇ 임상연구&cr;ㅇ 의학계 관련 연구&cr;ㅇ 전공의(專攻醫)의 수련과 의료 요원의 훈련&cr;ㅇ 의학계 학생의 임상교육(臨床敎育)&cr;ㅇ 공공보건의료사업&cr;ㅇ 그 밖에 국민보건 향상에 필요한 사업,ㅇ 1910.09.09. 관립자혜의원으로 개설&cr;ㅇ 1973.05.14. 강원도립의료원으로 개칭&cr;ㅇ 1982.07.01. 지방공사 강원도춘천의료원으로 개칭(법인설립)&cr;ㅇ 1997.03.01. 강원대학교 의과대학 신설&cr;ㅇ 2000.05.17. 춘천의료원 해산&cr;ㅇ 2000.05.18. 강원대학교병원 개원&cr;ㅇ 2005.06.01. 강원도재활병원 수탁운영&cr;ㅇ 2006.02.01. 춘천시정신보건센터 수탁운영&cr;ㅇ 2007.04.11. 기타공공기관 지정&cr;ㅇ 2007.12.01. 강원도 속초의료원 진료협력 개시&cr;ㅇ 2008.04.07. 지역응급의료센터 지정&cr;ㅇ 2009.02.06. 한국 인체자원 단위은행(지역거점) 선정&cr;ㅇ 2009.07.21. 아동성폭력전담 해바라기아동센터 개소&cr;ㅇ 2010.03.15. 강원도광역정신보건센터 수탁운영&cr;ㅇ 2010.05.27. 권역심뇌혈관질환센터 개소&cr;ㅇ 2011.11.29. 강원지역암센터  노인보건의료센터 개소&cr;ㅇ 2012.12.01. 강원해바라기여성아동센터 개소&cr;ㅇ 2013.03.01. 어린이병원 개원&cr;ㅇ 2015.06.12. 고위험 산모 신생아 통합치료센터 개소&cr;ㅇ 2015.06.19. 국민안심병원 지정&cr;ㅇ 2015.12.09. 분만취약지 안전한 출산인프라 구축사업 협약&cr;ㅇ 2016.06.23. 권역호흡기전문질환센터 개소&cr;ㅇ 2016.07.01. 2주기 의료기관평가 인증획득&cr;ㅇ 2016.10.06. 불임클리닉 개소&cr;ㅇ 2016.10.10. 소아 중환자실 개소&cr;ㅇ 2017.01.06. 제2심혈관조영실 개소&cr;ㅇ 2017.02.23. 강원도 아토피 천식 교육정보센터 개소&cr;ㅇ 2019.07.04. 공공의료지원단 출범&cr;ㅇ 2019.07.26. VISION2025 선포&cr;ㅇ 2019.11.22. 발달장애인 거점병원 행동발달증진센터 개소&cr;ㅇ 2020.01.30. 강원대학교병원 Wee센터 개소&cr;ㅇ 2020.05.01. 비정규직 전원 정규직 전환&cr;ㅇ 2020.06.24. 강원도재활병원 수탁운영 재협약&cr;ㅇ 2020.07.01. 3주기 의료기관인증평가 인증획득&cr;ㅇ 2020.07.09. 강원대학교병원 청렴서포터즈 발대&cr;ㅇ 2020.07.10. 희귀질환 강원권 거점센터 개소&cr;ㅇ 2020.08.12. 강원권 공용윤리위원회 선정&cr;ㅇ 2020.10.23. 강원도 감염병관리지원단 개소&cr;ㅇ 2020.11.23. 춘천시정신건강보건센터 수탁운영 재협약&cr;ㅇ 2021.05.03. 입원라운지 개소&cr;ㅇ 2021.06.11. 지역환자안전센터 지정&cr;ㅇ 2022.02.01. 춘천시노인전문병원 수탁운영 협약&cr;ㅇ 2022.11.03. 응급 산모 안심 스테이 품안애 개소&cr;ㅇ 2022.12.06. 원케어센터 개소&cr;ㅇ 2023.01.06. 국민취업지원제도 유공 표창 수상&cr;ㅇ 2023.03.06. 강원대학교병원 직장어린이집 개원&cr;ㅇ 2023.11.02. 권역정신응급의료센터 개소&cr;ㅇ 2024.01.01. 차세대병원정보시스템(HIS) 구축&cr;ㅇ 2024.06.28. 강원의료인력지원센터 운영 수탁&cr;ㅇ 2024.12.08. 4주기 의료기관 인증획득(보건복지부)&cr;ㅇ 2024.12.20. 뇌졸중집중치료실(STU) 확충,ㅇ 미션(Mission) : 섬김과 나눔의 정신으로 최상의 교육  연구  진료를 통하여 국민의 건강한 삶에 기여한다.&cr;ㅇ 비전(Vision) : 강원 의료의 질과 품격을 높이는 병원  Frontline Medicine&cr;  - Best Care : 강원권역 중증질환의 의료품질을 주도하는 병원&cr;  - Happy Kangwon : 강원도형 공공의료를 선제적으로 대비하는 병원&cr;  - Perfect Harmony : 교직원이 열린 마음으로 존중하고 화합하는 병원&cr;ㅇ 핵심가치(Core Values)&cr;  - 전문성(Professionalism)&cr;  - 상호존중(Respect)&cr;  - 변화와 혁신(Innovation)&cr;  - 사명감(Dedication)&cr;  - 탁월성(Excellence),남우동,20240923-20270922,현】강원대학교병원장&cr;전】강원대학교병원 기획조정실장&cr;전】강원대학교병원 교육수련실장&cr;전】강원대학교병원 정형외과장,강원도,강원도 춘천시 백령로 156,https://www.knuh.or.kr/,221-82-08323,-
19,강원대학교치과병원,기타공공기관,교육부,국립대학치과병원설치법 제3조,19970507,치의학에 관한 교육  연구와 진료를 하게 함으로써 치의학 발전을 도모하고 국민구강보건 향상에 기여하게 함.,- 치의학계 임상교육&cr;- 전공의 수련 및 의료요원의 훈련&cr;- 치의학계 관련 연구&cr;- 진료사업&cr;- 기타 국민보건 향상에 필요한 사업,- 1995. 12. 28. 강릉대학교치과병원 착공&cr;- 1997. 11. 22. 병원개설 허가 승인&cr;- 1997. 12. 05. 군외수련기관 지정 승인(국방부)&cr;- 1997. 12. 23. 강릉대학교치과병원 개원&cr;- 1998. 03. 25. 1999 동계아시안게임 후송병원 지정&cr;- 2004. 01. 07. 보건복지부 수련치과병원 지정&cr;- 2004. 05. 13. 의약품 임사시험 실시기관 지정&cr;- 2009. 04. 23. 강릉원주대학교치과병원으로 병원 명칭 개정&cr;- 2012. 11. 20. 2013년도 평창동계스페셜올림픽 후송병원 지정&cr;- 2012. 11. 14. 본원 진입로 개통&cr;- 2015. 12. 23. 강원권역 장애인구강진료센터 개소&cr;- 2022. 03. 28. 안전환경개선사업 및 리모델링 준공&cr;- 2022. 09. 08. 제10대 병원장 박찬진 박사 취임&cr;- 2024. 01. 18. 2024 강원 동계청소년올림픽대회 의료서비스 지원 협약&cr;- 2024. 12. 23. 교육연구지원동 준공&cr;- 2026. 03. 01. 강원대학교치과병원으로 병원 명칭 변경&cr;- 2026. 04. 21. 제11대 병원장 조경모 박사 취임,- 치과대학병원의 순기능 회복을 위한 교육  연구병원으로의 매진&cr;- 국민구강건강 증진&cr;- 병원 경영 개선&cr;- 병원 구성원의 행복 추구,조경모,20260421-20290420,현) 강원대학교치과병원장&cr;현) 강원대학교 치과대학 교수&cr;전) 강원대학교치과병원 진료처장&cr;전) 강원대학교치과병원 기획조정실장,강원도,강원도 강릉시 죽헌길 7,http://www.knudh.or.kr,226-82-10052,-
20,건강보험심사평가원,준정부기관(위탁집행형),보건복지부,국민건강보험법 제62조,20000701,요양급여비용의 심사 및 요양급여의 적정성 평가 등의 업무를 공정하고 효율적으로 수행하여 국민보건 향상과 사회보장 증진에 기여,○ 요양급여비용의 심사&cr;○ 요양급여의 적정성 평가&cr;○ 심사기준 및 평가기준의 개발&cr;○ 심사 평가 업무와 관련된 조사연구 및 국제협력&cr;○ 다른 법률의 규정에 따라 지급되는 급여비용의 심사 또는 의료의 적정성 평가에 관하여 위탁받은 업무&cr;○ 건강보험과 관련하여 보건복지부장관이 필요하다고 인정한 업무&cr;○ 요양급여비용 심사청구와 관련된 소프트웨어의 개발 공급 검사 등 전산관리 업무&cr;○ 보건복지부령이 정하는 기관에서 받은 요양비에 대한 심사&cr;○ 요양급여의 적정성 평가 결과의 공개&cr;○ 환자 분류체계의 개발  관리&cr;○ 사업과 관련된 교육 홍보&cr;○ 업무수행과 관련한 자산의 관리  운영&cr;○ 그 밖에 심사평가원 목적달성에 필요한 사업,○ 1963. 12. 16. 의료보험법 제정(법률 제1623호)&cr;○ 1977. 11. 28. 전국의료보험협의회 설립&cr;○ 1979. 7. 1. 의료보험 진료비심사 시작&cr;○ 1981. 10. 15. 진료비공동심사위원회 설치&cr;○ 1982. 1. 1. 의료보험조합연합회로 명칭 변경&cr;○ 1988. 1. 1. 의료보험연합회로 명칭 변경  진료비심사기구 일원화&cr;  - 의료급여 진료비심사 수탁&cr;○ 1999. 2. 8. 국민건강보험법 제정(법률 제5854호)&cr;○ 2000. 7. 1. 건강보험심사평가원 출범&cr;  - 의료보험연합회 업무 중 진료비 심사기능을 승계하고  요양급여 적정성 평가기능 신설&cr;○ 2005. 7. 1. 노숙자  외국인 등 무료진료환자 진료비심사 수탁&cr;○ 2005. 10. 1. 보훈환자 위탁진료기관 진료비심사 수탁&cr;○ 2007. 4. 2. 공공기관의 운영에 관한 법률 시행에 따른 위탁집행형 준정부기관 지정(기획예산처 고시 제2007-28호)&cr;○ 2008. 10. 1. 보훈병원 진료비심사 수탁&cr;○ 2013. 7. 1. 자동차보험 진료비심사 수탁&cr;○ 2015. 12. 원주 혁신도시 1차 이전&cr;○ 2019. 7. 31. HIRA 시스템 해외수출(바레인) 완료&cr;○ 2019. 12. 17. 원주 혁신도시 2차 이전 완료,□ 미션&cr; ○ 안전하고 수준 높은 의료환경을 만들어 국민의 건강한 삶에 기여한다&cr;&cr;□ 비전&cr; ○ 공정한 심사평가  탄탄한 보건의료체계  신뢰받는 국민의료관리 전문기관&cr;&cr;□ 핵심가치&cr; ○ 신뢰받는 심사  공정한 평가  열린 전문성  함께하는 소통  지속적인 혁신&cr;&cr;□ 전략방향 및 전략목표&cr;  ○ 심사체계 신뢰 향상을 통한 적정진료 환경 구축&cr;    - 적정의료 관리 성과 70%&cr;    - 데이터기반 경향관리제 확대지수 100점&cr;  ○ 성과기반 평가체계 마련으로 국민건강 증진&cr;    - 의료 수준 우수기관 관리 성과 42% 이상&cr;    - 의료 수준 향상 취약기관 관리 성과 12% 이하&cr;  ○ 지속가능한 보건의료체계 구축&cr;    - 필수의료 수가개선율 100%&cr;    - 약제성과평가 확대 20건&cr;  ○ AI·디지털 기반 국민 서비스 체감 향상&cr;    - 보건의료 빅데이터 활용지수 100점&cr;    - 부적절한 의약품 사용 예방 성과 99%&cr;  ○ 경영혁신을 통한 책임·ESG경영 선도&cr;    - ESG경영이행 100%&cr;    - 종합청렴도 1등급&cr;&cr;□ 전략과제&cr;  ○ 의학적 타당성 기반 적정진료 보장&cr;  ○ 예방중심심사 및 사후관리 체계 강화&cr;  ○ AI·ICT 중심 심사효율화&cr;  ○ 성과기반 평가체계 고도화&cr;  ○ 국민참여·환자안전 중심 평가 수행&cr;  ○ 평가 프로세스 및 환류 강화&cr;  ○ 필수의료 확충을 위한 체계·보상 강화&cr;  ○ 지역·환자중심 일차의료체계 구축&cr;  ○ 국민부담 완화 및 적정가격 관리 강화&cr;  ○ 대국민 서비스 확대 및 활성화&cr;  ○ AI·디지털 기반 혁신 추진&cr;  ○ 공공데이터 개방 확대 및 디지털 안전 제고&cr;  ○ ESG경영 통한 사회적 역할 강화&cr;  ○ 청렴·윤리경영 고도화&cr;  ○ 혁신기반 조직운영 및 경영 효율성 제고,홍승권,20260413-20290412,서울대학교 보건대학원 보건학과 겸임교수&cr;국정기획위원회 사회1분과 기획위원&cr;의료법인록향의료재단 이사장,강원도,강원도 원주시 혁신로 60(반곡동),www.hira.or.kr,105-82-11787,-
21,건설근로자공제회,기타공공기관,고용노동부,건설근로자의 고용개선 등에 관한 법률 제9조,19971209,건설근로자의 삶의 질 향상을 위하여 고용개선 및 복지증진 서비스 지속적 제공,○ 퇴직공제 사업&cr;- 공제부금의 수납과 퇴직공제금 지급&cr;- 퇴직공제 가입사업주 및 피공제자에 대한 기록의 관리  유지 등&cr;&cr;○ 고용복지 사업&cr;- 건설근로자의 고용안정  직업능력의 개발 및 향상  취업지원 등&cr;- 건설근로자 생활자금 대부  단체보험 가입  각종 보조금 지급 등&cr;&cr;○ 자산운용 사업&cr;- 자산운용정책 수립  투자상품 발굴·관리  자산운용  리스크 관리 등,○ 1997.12. 9 : 건설근로자퇴직공제회 설립&cr;○ 1998. 1. 1 : 퇴직공제사업 시작&cr;○ 2002. 2. 5 : 서울지부 개소&cr;○ 2003. 7. 1 : 건설근로자공제회로 명칭 변경&cr;○ 2006. 1. 1 : 전국 광역권 7개 지부 개소  퇴직공제 근로내역 신고방식 전산화&cr;○ 2011. 3. 1 : 인천지부 개소(총 9개 지부)&cr;○ 2011.10.26 : 훈련  취업지원  복지사업 시작&cr;○ 2013. 1.31 : 고용노동부 산하 기타공공기관 지정&cr;○ 2017. 1. 1 : 조직개편(3본부 1실 10팀  6지사 9센터)&cr;○ 2020.10.17 : 조직개편(3본부 1실 12팀  7지사 7센터)&cr;○ 2020.11.27 : 건설근로자 전자카드제 시행&cr;○ 2021. 5.27 : 건설근로자 기능등급제 시행&cr;○ 2023. 7. 1 : 조직개편(3본부 1실 12부  7지사 5센터)&cr;○ 2025. 7. 1 : 조직개편(3본부 2실 11부  7지사 5센터),○ 건설기능인 고용지원체계 강화&cr;○ 맞춤형 복지지원 확대&cr;○ 퇴직공제 시스템 선진화&cr;○ 자산운용 수익기반 확충&cr;○ 건설근로자를 위한 지속가능 경영혁신,장 건,20260420-20290419,한국도자재단 이사장&cr;재단법인 성남이로운재단 이사장&cr;두레생협연합회 회장,서울특별시,서울특별시 중구 남대문로 109,https://www.cw.or.kr,138-82-02371,-
22,건축공간연구원,기타공공기관,국무조정실,정부출연연구기관 등의 설립·운영 및 육성에 관한 법률,20201120,건축과 도시공간에 관한 종합적인 연구를 수행함으로써 국민 복리의 향상과 국가 및 지역사회의 지속가능한 발전에 기여,&cr;1. 건축과 도시공간의 조성  이용 및 디자인에 대한 종합적인 조사·연구개발&cr;2. 건축과 도시공간의 개선을 위한 정책 및 제도에 관한 연구&cr;3. 장소가치와 공간문화 향상에 관한 연구&cr;4. 국가·지방자치단체 등의 건축물과 공간환경 관련 계획 및 사업 지원&cr;5. 건축물과 공간환경 관련 정보체계 구축·운영 및 산업의 육성·지원&cr;6. 제1호부터 제5호까지의 연구 또는 사업에 관련된 조사  교육·연수  연구성과 확산  출판  공동연구  수탁  글로벌 협력 등에 관한 사항&cr;7. 제1호부터 제6호까지의 부대사업 및 기타 연구원의 목적 달성을 위해 필요한 사업&cr;,- 2006. 12. 연구소 설립(안) 국회 본회의 통과&cr;- 2007. 03. 국토연구원 정관개정(안) 의결(정관 및 운영규정)&cr;- 2007. 06. 건축도시공간연구소 설립&cr;- 2011. 05. 국가한옥센터 지정&cr;- 2013. 06. 녹색건축센터 지정&cr;- 2014. 02. 도시재생지원기구 지정&cr;- 2014. 06. 국가공공건축지원센터 지정&cr;- 2015. 08. 세종특별자치시 신청사 이전&cr;- 2019. 01. 스마트도시 서비스 지원기관 지정&cr;- 2020. 03. 어촌·어항 재생사업추진지원단 지정&cr;- 2020. 05. 정부출연기관법 일부개정안 공포&cr;- 2020. 11. 건축공간연구원 출범&cr;- 2021. 02. 건축물관리지원센터 지정&cr;- 2022. 03. 건축서비스산업 실태조사 통계작성기관 지정&cr;- 2022. 03. 보행환경정책연구센터 지정&cr;- 2022. 04. 고령친화커뮤니티 정책연구센터 지정&cr;- 2022. 12. 탄소중립도시 지원기구 지정&cr;- 2024. 05. 농촌공간정책지원기관 지정 ,[비전] 건축공간 정책이 주민의 삶에 스며들어 건축을 넘어 공간으로 경쟁력 있는 연구 창출&cr;&cr;[경영목표1] 건축 공공성 및 지역재생 기반 미래 건축공간 구현&cr;- 건축의 공공성과 규제 적정성을 실현하는 건축정책 선도&cr;- 공간재생 전략으로 농산어촌 활성화 기반 마련&cr;- AI ·빅데이터 활용으로 공간정보 융복합 혁신&cr;&cr;[경영목표 2] 현장과 데이터 중심의 수요자 친화 연구 및 네트워크 구축&cr;- 현장 중심의 수요자 친화형 연구 강화&cr;- 실용성 높은 연구로 실제적 적용가능성 확충&cr;- 데이터 및 네트워크 기반의 실효성 제고&cr;&cr;[경영목표 3] 연구경쟁력과 연구참여 강화로 연구기관 혁신&cr;- 소통과 공유에 기반한 ESG 경영 강화&cr;- 연구경쟁력 향상을 위한 효율적 관리체계 마련&cr;- 합리적 경영성과 공유 및 역량강화 지원,박환용,20250220-20280219,現 가천대학교 도시계획학과 명예교수&cr;가천대학교 도시계획학과 교수&cr;한국주거복지포럼 상임대표&cr;한국주거환경학회 회장 및 명예회장&cr;대한건축학회 이사&cr;한국주택학회 회장 및 명예회장&cr;국무총리실 도시재생특별위원회 위원&cr;국토교통부 3기 신도시포럼 위원장,세종특별자치시,세종특별자치시 가름로 143  KT&G세종타워B 7~9층,https://www.auri.re.kr/,212-82-10636,-
23,게임물관리위원회,기타공공기관,문화체육관광부,게임산업진흥에 관한 법률 제16조(게임물관리위원회)제1항&cr;① 게임물의 윤리성 및 공공성을 확보하고 사행심 유발 또는 조장을 방지하며 청소년을 보호하고 불법 게임물의 유통을 방지하기 위하여 게임물관리위원회(이하 "위원회"라 한다)를 둔다. <개정 2011.4.5  2013.5.22>,20131223,게임물관리위원회는 「게임산업 진흥에 관한 법률」에 따라 게임물에 대한 등급분류업무와 사후관리업무를 통하여 게임물의 공공성과 윤리성을 확보하고 국민의 문화생활의 질적향상을 도모하는 한편  선정성ㆍ폭력성 등의 유해게임물로부터 청소년을 보호하기 위해 설립된 문화체육관광부 산하의 기타 공공기관임.&cr;(게임산업진흥에 관한 법률이 일부 개정(2013.11.22.시행)됨에 따라 기존 게임물등급위원회가 폐지되고  게임물관리위원회로 신설(2013.12.23.),- 게임물의 등급분류&cr;- 게임물의 청소년 유해성 및 사행성 확인&cr;- 게임물의 등급분류에 따른 제작·유통 또는 이용제공 여부의 확인 등 등급분류의 사후관리&cr;- 게임물의 등급분류의 객관성 확보를 위한 조사·연구&cr;- 자체등급분류사업자 교육 및 게임물 이용자와 게임물 관련 사업자 교육&cr;- 정보통신망을 통하여 제공되는 불법 게임물 또는 광고·선전물 등의 시정권고 등,2013.05.22.「게임산업진흥에 관한 법률」개정(게임물등급위원회 폐지 등)&cr;2013.05.31. 게임물관리위원회 설립추진단 구성 및 운영&cr;2013.10.21. 게임물등급위원회 부산혁신도시(센텀지구) 지방이전&cr;2013.12.16. 게임물관리위원회 위원 9명 위촉 및 위원장 호선&cr;2013.12.22. 게임물등급위원회 폐지&cr;2013.12.23. 게임물관리위원회 출범(부산혁신도시 센텀지구),(경영목표)&cr;- 불법게임물 단속성공율 85%&cr;- 모니터링 행정조치율 80%&cr;- 처리기간 단축 달성률 95%&cr;- 정부혁신계획 100% 달성&cr;- 교육 참여인원 40 000명&cr;- 확률형 아이템 게임물 모니터링 15 000건&cr;- 자체등급분류 적정성 94%&cr;- 고객만족도 '우수' 달성&cr;(전략방향)&cr;- 현장 중심 사후관리·예방 강화&cr;- 온라인 사후관리 대응역량 강화&cr;- 등급분류의 안정 운영 및 지원 체계 강화&cr;- ESG·혁신기반 서비스 및 조직역량 강화,서태건,20240812-20270811,&cr;전 WCG 대표이사&cr;전 가천대학교 게임대학원장&cr;전 (사)부산인디커넥트페스티벌 조직 위원장&cr;전 (재)부산정보산업진흥원 원장&cr;전 한국콘텐츠진흥원 게임산업본부 본부장&cr;전 삼성전자(주) 미디어콘텐츠센터 그룹장&cr;,부산광역시,부산광역시 부산광역시 해운대구 센텀서로39(우동) 영상산업센터 1 2층,www.grac.or.kr,617-82-13556,-
24,경북대학교병원,기타공공기관,교육부,국립대학병원 설치법,19070210,병원은 고등교육법에 의한 의학 등에 관한 교육·연구와 진료를 통하여 의학발전을 도모하고 국민보건 향상에 이바지함을 목적으로 한다,ㅇ 의학계 학생 임상교육&cr;ㅇ 전공의 수련 및 의료요원의 훈련&cr;ㅇ 의학계 관련 연구&cr;ㅇ 임상연구&cr;ㅇ 진료사업&cr;ㅇ「공공보건의료에 관한 법률」 제2조 제2호에 따른 공공보건의료사업&cr;ㅇ 보건의료연구개발사업&cr;ㅇ 의료 해외진출 및 외국인 환자 유치&cr;ㅇ 기타 국민보건 향상에 필요한 사업,ㅇ 1907.02.10 “대구동인의원”으로 개원&cr;ㅇ 1910.09.07 “관립대구자혜의원”으로 개칭&cr;ㅇ 1912.05.11 “경상북도 도립 대구의원”으로 개칭.&cr;ㅇ 1945.10.01 “대구의학전문학교 ” 가 “ 대구의과대학 ” 으로 개편됨에 따라 “대구의과대학 부속병원” 으로 개칭&cr;ㅇ 1952.04.01 국립경북대학교 개교에 따라 “ 경북대학교 의과대학 부속병원”으로 개칭&cr;ㅇ 1993.03.25 국립대학병원설치법[법률 제4350호(91. 3. 8)]에 의하여 특수법인 “경북대학교병원” 설립&cr;ㅇ 1999.03.19 대구ㆍ경북권역응급의료센터 개원&cr;ㅇ 2002.01.28 생명의학연구소 개소&cr;ㅇ 2005.03.11 감마나이프  PET센터 개소&cr;ㅇ 2007.04.11 기타공공기관 지정&cr;ㅇ 2008.09.04 지역임상시험센터 이전 개소식&cr;ㅇ 2008.10.15 경북대학교병원 분원 치과병원 개원식&cr;ㅇ 2009.12.21 권역심뇌혈관질환센터 개소&cr;ㅇ 2011.03.25 칠곡경북대학교병원 개원식&cr;ㅇ 2013.03.26 연구중심병원 선정&cr;ㅇ 2013.09.26 대구경북어린이병원 개원&cr;ㅇ 2014.02.17 대상포진센터 개소&cr;ㅇ 2014.12.23 2014년도 도농교류 농촌사랑대상 국무총리 표창 수상&cr;ㅇ 2015.03.26 연구중심병원 R&D 병원수요형 과제 수행기관 선정&cr;ㅇ 2015.04.22 임상실습동 건립기공식&cr;ㅇ 2015.11.30 2015 대한민국 세종대왕 나눔 봉사 대상 수상&cr;ㅇ 2016.04.01 연구중심병원 재지정&cr;ㅇ 2016.12.15 공공보건의료평가 국립대학교병원 1위 선정&cr;※ 2016.06.01. 경북대학교치과병원 분리독립 법인&cr;ㅇ 2017.01.02 HI 통합로고 선포식&cr;ㅇ 2017.01.09 간호 간병 통합서비스 병동 개소식&cr;ㅇ 2017.02.25 건강증진센터 JCI(국제의료기관평가기구)국제인증획득&cr;ㅇ 2017.07.19 감염병 관리기관(음압격리병상)국가 지정&cr;ㅇ 2017.12.27 제3기 상급종합병원 지정&cr;ㅇ 2018.09.20 대구권역외상센터 개소&cr;ㅇ 2019.08.03 3주기 의료기관 인증 획득&cr;ㅇ 2021.02.08 칠곡경북대학교병원 임상실습동 개원식&cr;ㅇ 2021.03.30 경북권역재활병원 개원식&cr;ㅇ 2021.06.30 호국보훈의 달 기관 표창 수여&cr;ㅇ 2021.12.01 경북대학교병원 제6회 대한민국 농촌재능나눔 대상 수상&cr;ㅇ 2022.03.10 의료빅데이터 연구센터 개소&cr;ㅇ 2022.04.05 한국보건의료정보원  전자의무기록(EMR)시스템 인증 획득&cr;ㅇ 2022.04.29 교육부 주관 국립대병원 임상교육훈련센터 지원사업 선정&cr;ㅇ 2022.07.20 보건복지부 연구중심병원 육성 R&D 사업 주관기관 선정&cr;ㅇ 2022.08.05 경북대학교병원-경상북도 공공보건의료 협력체계 강화 업무협약&cr;ㅇ 2022.08.11 비수도권 최초 신장이식 1 500례 달성&cr;ㅇ 2022.09.26 임직원 이해충돌방지 준수 서약식&cr;ㅇ 2022.11.02 교육부 공공기관 경영실적 평가 2년 연속 A(우수) 등급 획득&cr;ㅇ 2022.12.06 보건복지부 공공보건의료계획 최우수 등급 획득&cr;ㅇ 2022.12.13 보건복지부 의료질 평가 1등급 획득&cr;ㅇ 2023.03.24 ESG경영 선포식 개최&cr;ㅇ 2023.05.31 공공기관 개인정보 관리수준 진단 3년 연속 최고등급 달성&cr;ㅇ 2023.06.26 교육부 공공기관 경영평가 3년 연속 A등급 획득&cr;ㅇ 2023.07.04 보건복지부 4주기 '의료기관 인증' 획득&cr;ㅇ 2023.08.17 보건복지부 '첨단재생의료실시기관' 지정&cr;ㅇ 2023.12.12 보건복지부 공공보건의료계획 시행평가 결과 2년 연속 최우수 등급 획득&cr;ㅇ 2023.12.29 5회 연속 상급종합병원 선정&cr;ㅇ 2024.06.20 교육부 공공기관 경영평가 4년 연속 A등급 획득&cr;ㅇ 2025.03.26 2025년 1기 연구중심병원 인증 획득,ㅇ 전문의료인력 연 7 000명 양성&cr;ㅇ 연간 연구수익 500억 달성&cr;ㅇ 의료질평가 최우수 등급&cr;ㅇ 공공보건의료 계획평가 최우수&cr;ㅇ 공공기관 경영평가 최상위 등급 달성,양동헌,20230918-20260917,&cr;경북대학교병원장(현)&cr;경북대학교병원 기획조정실장&cr;경북대학교병원 진료지원실장&cr;경북대학교병원 순환기내과분과장&cr;경북대학교병원 권혁심뇌혈관질환센터 심혈관센터장,대구광역시,대구광역시 중구 동덕로 130,http://knuh.kr,501-82-06653,-
25,경북대학교치과병원,기타공공기관,교육부,국립대학치과병원설치법 제3조(설립),20160601,치의학 및 치의학관련 학문 등에 관한 교육ㆍ연구와 진료를 통하여 치의학발전을 도모하고 기여함을 목적으로 한다.,경북대학교 치의학계 학생의 임상교육&cr;전공의 수련교육 및 의료요원의 훈련&cr;치의학계 관련 연구&cr;구강보건의료연구개발사업&cr;진료사업&cr;공공보건의료사업&cr;기타 국민구강보건 향상에 필요한 사업,2016. 06. 01. 법인경북대학교치과병원 개원&cr;2016. 12. 28. 제7차이사회개최(17회계연도예산확정)&cr;2017. 01. 16. 치과집중치료실개소&cr;2017. 02. 02. 기타공공기관 지정&cr;2017. 06. 01. 경북대학교치과병원법인개원1주년&cr;2018. 02. 12. 기관생명윤리위원회 등록&cr;2018. 02. 28. 의료기기임상시험기관 지정&cr;2018. 08. 01. - 성모자애원 나자렛집 의료지원 및 봉사활동지원 협약 체결&cr;- 아시아복지재단 자유재활원 의료지원 및 봉사활동지원 협약 체결&cr;2018. 08. 13. 외국인환자 유치의료기관 등록&cr;2019. 01. 25. 경북대학교치과병원 제2대 병원장 발령&cr;2021. 12. 02. 치과병원 내 스프링클러 공사 및 리모델링 공사완료&cr;2022. 01. 25. 경북대학교치과병원 제3대 병원장 발령&cr;2022. 03. 01. 처  부  실  소 하위직제 신설 및 개편&cr;2023. 01. 18. 보건복지부 3주기 치과병원 의료기관 인증 획득&cr;2023. 04. 14. 경북대학교치과병원 ESG경영 선포&cr;2023. 09. 09. 옥외승강기 증축공사 준공&cr;2024. 04. 19. 2023년도 공공기관 고객만족도 조사 '우수' 획득&cr;2025. 04. 15. 2024년도 공공기관 고객만족도 조사 2년 연속 '우수'획득&cr;2025. 12. 17. 보건복지부 공공보건의료계획 시행결과 최우수 등급 획득,<경영목표>&cr;최상의 교육  연구와 진료를 통하여 국민의 구강보건향상과 행복에 기여한다.&cr;전문성과 인성을 겸비한 글로벌 인재를 양성하는 병원&cr;치의학연구를 선도하는 병원&cr;환자중심의 전문적인 진료로 신뢰받는 병원&cr;공공보건의료를 선도하고 사회적 가치를 추구하는 병원&cr;<전략>&cr;1. 교육사업&cr;- 전공의 선발 및 교육&cr;- 수련치과병원으로서 전공의 수련 및 학술연구에 대한 지속적인 지원&cr;- 학술대회 개최를 통한 학술연구 활동 증진 및 의학정보 교류 활성화&cr;- 직원의 역략 강화 및 업무 능력 증진을 위한 교육 지원&cr;- 치의학계 및 치위생학과 학생 임상실습 수탁교육&cr;- 종합진료실을 통한 원내생 실습 기회 확대 및 만족도 조사를 통한 환경 개선&cr;2. 연구사업&cr;- 원내 연구자의 임상연구 수행을 위한 연구비 관리 및 집행 지원&cr;- 임상연구 수행 지원을 위한 조직 및 운영체계의 정비&cr;- 원내 연구자 연구력 제고를 위한 세미나 및 교육 지원&cr;- 임상시험실시기관 운영 및 임상시험심사위원회 업무&cr;3. 진료사업&cr;- 봉사와 친절로 신뢰받는 진료체계 구축&cr;- 노후 시설 보완 및 첨단의료기기 도입을 통한 진료수입 증가 기반 확립&cr;- 우수 의료인력 확보를 통한 전문적인 진료사업 전개&cr;- 진료 및 검사 대기시간 단축을 위한 효율적인 진료시스템 구측&cr;4. 공공보건의료사업&cr;- 장애인구강진료센터 운영에 따른 장애인 전문 진료 활성화&cr;- 지역사회 유관기관과의 네트워크 구축 및 연계를 통한 구강건강증진사업 강화&cr;- 지역사회 구강건강안전망 구축 및 미충족 필수의료서비스 제공의 중추적 역할 수행&cr;- 지속적인 공공보건의료사업 추진을 통해 대구ㆍ경북 권역 공공보건의료사업의 선도적 역할 수행&cr;- 지역의 현황과 요구에 부합하는 공공보건의료사업 개발 및 사업 확대,권대근,20220125-20280512,前) 경북대학교치과병원 진료처장&cr;前) 경북대학교 치의학전문대학원 교무부원장,대구광역시,대구광역시 중구 달구벌대로 2175,www.knudh.kr,262-82-00093,-
26,경상국립대학교병원,기타공공기관,교육부,국립대학병원설치법,19870221,「고등교육법」에 따른 의학 등에 관한 교육·연구와 진료를 통하여 의학발전을 도모하고 국민보건 향상에 이바지,ㅇ 의학  간호학등 학생의 임상교육&cr;ㅇ 전공의의 수련 및 의료요원의 교육훈련&cr;ㅇ 의학계 관련 연구  임상연구 및 진료사업&cr;ㅇ 공공보건의료에 관한 법률 제2조 제2호에 따른 공공보건의료사업&cr;ㅇ 그 밖에 국민보건 향상에 필요한 사업,ㅇ 1987. 02. 21. 경상대학교 의과대학부속병원 개원&cr;ㅇ 1989. 07. 01. 3차 진료기관으로 지정&cr;ㅇ 1995. 10. 04. 법인 경상대학교병원 개원&cr;ㅇ 1996. 11. 19. 경상남도 지방공사 마산의료원 수탁병원 계약체결&cr;ㅇ 1997. 02. 15. 응급의료센터 준공&cr;ㅇ 2001. 12. 03. 종합건강증진센터 운영&cr;ㅇ 2002. 11. 26. 경상대학교병원 부설배움터 어린이병원학교 개소&cr;ㅇ 2003. 09. 29. 의료영상저장전송시스템(PACS) 구축 완료&cr;ㅇ 2007. 03. 15. 경남지역암센터 개원&cr;ㅇ 2007. 04. 11. 기타공공기관 지정&cr;ㅇ 2009. 04. 13. 창원분원 건립 협약&cr;ㅇ 2009. 10. 23. 전자의무기록(EMR)시스템 도입&cr;ㅇ 2010. 07. 12. 동남권 류마티스 및 퇴행성 관절염센터 사업 유치&cr;ㅇ 2010. 12. 27. 권역별 심뇌혈관센터 개소&cr;ㅇ 2011. 07. 06. 보건복지부 의료기관인증평가 인증 획득&cr;ㅇ 2012. 12. 15. 창원경상대학교병원 건립 기공식&cr;ㅇ 2012. 12. 21. 류마티스 및 퇴행성관절염 전문질환센터 건립 기공식&cr;ㅇ 2014. 09. 01. 의료급여환자 외래 선택진료비 전액 감면 시행&cr;ㅇ 2015. 06. 03. 보건복지부 의료기관 2주기 인증평가 인증 획득&cr;ㅇ 2015. 12. 07. 권역류마티스 및 퇴행성 관절염 전문질환센터 진료 개시&cr;ㅇ 2015. 12. 23. 권역응급의료센터 선정&cr;ㅇ 2016. 02. 18. 창원경상대학교병원 진료 개시&cr;ㅇ 2016. 06. 10. 창원경상대학교병원 개원&cr;ㅇ 2016. 06. 17. 류마티스 및 퇴행성관절염 공공전문진료센터 개소&cr;ㅇ 2016. 11. 09. 경상남도 광역치매센터 설치 ·운영 수탁기관 선정&cr;ㅇ 2017. 09. 01. 병문안객 출입통제시스템 전면 가동&cr;ㅇ 2017. 12. 27. 3주기 연속 상급종합병원 지정&cr;ㅇ 2018. 01. 25. ISMS(정보보호관리체계) 인증 획득&cr;ㅇ 2018. 07. 03. 보건복지부 '연구중심병원 신규과제 육성사업' 선정&cr;ㅇ 2019. 01. 31. 경남권역응급의료센터 개소&cr;ㅇ 2019. 06. 03. 보건복지부 의료기관 3주기 인증평가 인증 획득&cr;ㅇ 2020. 02. 13. 경상대학교병원 제17대 윤철호 병원장 취임(법인10대)&cr;ㅇ 2020. 09. 25. 혈액암센터 개소&cr;ㅇ 2020. 12. 29. 제4주기 상급종합병원 선정&cr;ㅇ 2021. 03. 01. 병원 명칭 개정: 경상대학교병원 → 경상국립대학교병원&cr;ㅇ 2021. 04. 20. 경상남도 권역별 통합 의료벨트 구축 업무협약 체결&cr;ㅇ 2021. 09. 10. 중증환자 긴급치료병상(60병동) 개소&cr;ㅇ 2021. 10. 25. 감염병 특화 개방형 실험실 개소&cr;ㅇ 2022. 01. 20.  로봇수술센터 개소&cr;ㅇ 2023. 01. 17.  보건복지부 첨단재생의료 실시기관 지정&cr;ㅇ 2023. 06. 03.  보건복지부 의료기관 4주기 인증평가 인증 획득&cr;ㅇ 2023. 06. 27.  2022년도 교육부 경영평가 A등급 획득&cr;ㅇ 2023. 12. 29. 경남 유일 5기 연속 상급종합병원 지정&cr;ㅇ 2024. 02. 22. ESG 경영 선포식 개최&cr;ㅇ 2024. 04. 30. 코로나19 총괄 TF팀 해단식&cr;ㅇ 2024. 08. 09. 경남권역외상센터 개소&cr;ㅇ 2024. 12. 19. 2024년도 종합청렴도 평가 공공의료기관 유일 1등급 달성,ㅇ 고객 중심의 최상의 의료서비스 제공&cr;ㅇ 의생명연구역량 강화를 통한 연구중심병원 구축&cr;ㅇ 전문성과 인성을 겸비한 의학계 인재 양성&cr;ㅇ 공공보건의료 선도를 통한 사회적가치 실현,안 성 기,20230420-20260419,&cr;ㅇ 제18대 경상국립대학교병원 병원장(2023.04.20. ~ 현재까지)&cr;ㅇ 경상국립대학교병원 이비인후과 교수(2002.03.26. ~ 현재까지)&cr;ㅇ 경상국립대학교 이비인후과학교실 교수(2002.03.26. ~ 현재까지)&cr;ㅇ 경상국립대학교병원 공공부문 부원장(2023.01.17. ~ 2023.04.19.)&cr;ㅇ 경상국립대학교병원 진료부문 부원장(2020.02.18. ~ 2023.04.19.)&cr;ㅇ 경상국립대학교병원 기획조정실장(2017.02.01 ~ 2020.02.17.)&cr;ㅇ 경상국립대학교병원 이비인후과장(2013.03.01 ~ 2018.08.31)&cr;ㅇ 경상국립대학교병원 적정진료지원실장(2008.04.04 ~ 2012.04.03)&cr;ㅇ 경상국립대학교 의과대학 교무부학장(2015.02 ~ 2017.01)&cr;ㅇ 경상국립대학교 의과대학 이비인후과학교실 주임교수(2013.03 ~ 2018.08)&cr;ㅇ 경상국립대학교 의학전문대학원 입학관리실장(2013.03 ~ 2015.01)&cr;&cr;&cr;,경상남도,경상남도 진주시 강남로 79,http://www.gnuh.co.kr/,613-82-05753,-
27,경제인문사회연구회,기타공공기관,국무조정실,정부출연연구기관 등의 설립ㆍ운영 및 육성에 관한 법률,19990315,경제ㆍ인문사회 분야의 정부출연연구기관을 지원ㆍ육성하고 체계적으로 관리함으로써 국가의 연구사업정책의 지원 및 지식산업발전에 이바지함.,ㅇ경제ㆍ인문사회분야의 연구기획 및 연구기관의 발전방향의 기획&cr;ㅇ연구기관의 기능조정 및 정비(연구기관의 신설ㆍ통합 및 해산에 관한 사항을 포함한다)&cr;ㅇ연구기관의 연구실적 및 경영내용에 대한 평가&cr;ㅇ연구기관간의 협동연구를 위한 지원&cr;ㅇ경제ㆍ인문사회분야 인재생태계 조성을 위한 교육훈련 및 인재양성&cr;ㅇ연구기관의 연구성과 제고와 성과 확산을 위한 지원&cr;ㅇ국내외 연구ㆍ교류협력  네트워크 구축ㆍ운영&cr;ㅇ경제ㆍ인문사회분야 정보시스템(정보보안 및 개인정보보호 포함) 체계 구축·운영 및 지원&cr;ㅇ상기의 사업에 부대되는 사업 및 그 밖에 연구회의 목적달성을 위하여 필요한 사업, ㅇ1999.1.29. 「정부출연연구기관 등의 설립ㆍ운영 및 육성에 관한 법률」및 동법 시행령 공포&cr;ㅇ1999.3.13. 경제사회연구회 임종철 초대 이사장 취임  인문사회연구회 김영진 초대 이사장 취임&cr;ㅇ1999.3.15. 경제사회연구회 및 인문사회연구회 설립&cr;ㅇ2002.3.15. 경제사회연구회 문석남 제2대 이사장 취임  인문사회연구회 김인수 제2대 이사장 취임&cr;ㅇ2003.4.1. 인문사회연구회 최송화 제3대 이사장 취임&cr;ㅇ2005.5.31. 「정부출연연구기관 등의 설립ㆍ운영 및 육성에 관한 법률」일부개정 법률 공포&cr;ㅇ2005.7.1.「정부출연연구기관 등의 설립ㆍ운영 및 육성에 관한 법률」및 동법 시행령 시행&cr;ㅇ2005.7.1. 경제ㆍ인문사회연구회 설립&cr;ㅇ2005.7.1. 경제ㆍ인문사회연구회 최송화 초대 이사장 취임&cr;ㅇ2006.4.11. 경제ㆍ인문사회연구회 이종오 제2대 이사장 취임&cr;ㅇ2008.7.23. 경제ㆍ인문사회연구회 김세원 제3대 이사장 취임&cr;ㅇ2011.7.23. 경제ㆍ인문사회연구회 박진근 제4대 이사장 취임&cr;ㅇ2013.10.18. 경제ㆍ인문사회연구회 안세영 제5대 이사장 취임&cr;ㅇ2014.12.26.-27. 세종특별자치시 소재 세종국책연구단지로 이전&cr;ㅇ2016.10.18. 경제ㆍ인문사회연구회 김준영 제6대 이사장 취임&cr;ㅇ2018.2.9. 경제ㆍ인문사회연구회 성경륭 제7대 이사장 취임&cr;ㅇ2021.3.4. 경제ㆍ인문사회연구회 정해구 제8대 이사장 취임&cr;ㅇ2024.3.4. 경제ㆍ인문사회연구회 신동천 제9대 이사장 취임&cr;ㅇ2025.11.10. 경제ㆍ인문사회연구회 이한주 제10대 이사장 취임.,<비전>&cr;ㅇ대한민국 미래를 선도하는 국가정책연구의 허브&cr;&cr;<추진목표>&cr;ㅇ신뢰받는 국가정책 연구체제 구축&cr;ㅇ창의ㆍ도전 기반의연구환경 조성&cr;ㅇ국가난제 해결을 위한 연구지원체계 강화&cr;ㅇ혁신과 소통을 통한 합리적 조직문화 개선&cr;&cr;<중점추진사업>&cr;ㅇ경제ㆍ인문사회분야 연구기획 및 연구기관의 발전방향의 기획&cr;ㅇ연구기관간 협동연구 지원&cr;ㅇ연구기관의 연구실적 및 경영내용 평가&cr;ㅇ연구기관의 연구성과 제고 및 성과 확산 지원&cr;ㅇ국내외 연구ㆍ교류협력  네트워크 구축ㆍ운영&cr;ㅇ경제ㆍ인문사회분야 정보시스템(정보보안 및 개인정보보호 포함) 체계 구축ㆍ운영 및 지원,이한주,20251110-20281109,2025.6. ~ 2025.8. 대통령직속 국정기획위원회 위원장&cr;2025.3. ~ 2025.5. 제21대 대통령선거 민주당 정책총괄본부장&cr;2024.4. ~ 2025.10. 제11대 민주연구원 원장&cr;2018.9. ~ 2021.9. 제13대 경기연구원 원장&cr;2017.3. ~ 2017.5. 제19대 대통령선거 정책본부장&cr;2011.6. ~ 2015.11. 성남시 사회적기업지원센터장&cr;1985.3. ~ 2021.8. 가천대학교 경제학과 교수  경상대학장  사회대학장  &cr;                         경영대학원장 사회대정책대학원장  특임부총장 등,세종특별자치시,세종특별자치시 시청대로 370(반곡동  세종국책연구단지) 연구지원동(A) 3 4 8 9층,www.nrc.re.kr,214-82-62315,-
28,공간정보산업진흥원,기타공공기관,국토교통부,공간정보산업진흥법 제23조,20120626,공간정보산업을 효율적으로 지원함으로써 공간정보산업의 경쟁력을 강화하고 그 진흥을 도모,&cr;1. 공공수요 및 공간정보산업정보의 조사&cr;2. 공간정보산업과 관련된 통계의 작성&cr;3. 공간정보 유통현황의 조사ㆍ분석&cr;4. 융ㆍ복합 공간정보산업 지원을 위한 정보수집 및 분석&cr;5. 공간정보오픈플랫폼 등 시스템의 운영&cr;6. 공간정보 지식재산권 보호를 위한 시책추진&cr;7. 공간정보산업의 산학 연계 프로그램 지원&cr;8. 공간정보 관련 제품 및 서비스의 품질인증&cr;9. 공간정보기술의 개발 촉진&cr;10. 공간정보산업의 표준화 지원&cr;11. 공간정보산업과 관련된 전문인력 양성 및 지원&cr;12. 공간정보사업자 등의 국외 진출 지원 및 공간정보산업과 관련된 국제교류ㆍ협력&cr;13. 「국가공간정보 기본법」 제9조제1항제1호에 따른 공간정보체계의 구축ㆍ관리ㆍ활용 및 공간정보의 유통 등에 관한 기술의 연구ㆍ개발  평가 및 이전과 보급&cr;14. 공간정보 창업지원을 위한 사업의 추진&cr;15. 공간정보산업진흥시설의 지원&cr;16. 그 밖에 국토교통부장관으로부터 위탁을 받은 사항&cr;,&cr;ㅇ 2012. 06. 재단법인 공간정보산업진흥원 출범&cr;ㅇ 2012. 06. 공간정보산업진흥지원기관 지정(국토부)&cr;ㅇ 2015. 09. 법정기관 공간정보산업진흥원 설립&cr;ㅇ 2017. 04. 국가공간정보 공동활용 협약 체결&cr;ㅇ 2021. 12. 기본측량성과 검증기관 지정&cr;ㅇ 2022. 06. 국토교통부 공개제한 공간정보 보안심사 전문기관 지정&cr;ㅇ 2022. 09. ESDI 사무국 지정&cr;ㅇ 2022. 11. 대통령 표창 수상(산업발전 공로)&cr;ㅇ 2023. 03. 서울특별시 공개제한 공간정보 보안심사 전문기관 지정&cr;ㅇ 2023. 05. 인천광역시 공개제한 공간정보 보안심사 전문기관 지정&cr;ㅇ 2026. 02. 국토교통부 산하 기타공공기관 지정(재정경제부 고시 제2026-58호)&cr;,1. 미션 : 공간정보산업을 디지털 경제의 핵심동력으로 육성&cr;&cr;2. 비전 : 믿음직한 공간정보산업의 우군  공간정보산업지원 최고 전문기관&cr;&cr;3. 핵심가치 : 미래주도  품질안전  공익실현  동반성장&cr;&cr;4. 전략목표&cr; ① 고품질 고정밀 공간정보 활용촉진&cr; ② 미래성장 동력 및 경쟁력강화&cr; ③ ESG 지속가능 경영 실천,김택진,20260429-20290428,ㅇ 국토교통부 국가공간정보센터장&cr;ㅇ 국토교통부 공간정보제도과장&cr;ㅇ 한국국토정보공사 공간정보본부장&cr;ㅇ 스마트맵퍼(주) 대표이사&cr;ㅇ 공간정보기술(주) 사장,경기도,경기도 안양시 동안구 부림로170번길 41-4  3층,www.spacen.or.kr,186-82-00033,-
29,공간정보품질관리원,기타공공기관,국토교통부,「민법」 제32조(비영리법인의 설립과 허가),20191127,「공간정보의 구축 및 관리 등에 관한 법률」에 따른 측량성과 심사·검증과 공간정보 품질관련 정책 및 연구개발  공간정보 산업 활성화 지원 등을 통해 공간정보 품질 향상에 기여,ㅇ 공공측량 성과심사&cr;ㅇ 기본측량성과 검증&cr;ㅇ 지도 등의 간행에 대한 심사&cr;ㅇ 공간정보 품질과 관련한 정책  표준화 및 시스템 구축 지원&cr;ㅇ 공간정보 품질과 관련한 기술의 연구 및 개발&cr;ㅇ 공간정보관련 법률 또는 국가  지자체 및 공공기관 등 위탁받은 사항&cr;ㅇ 공간정보 품질향상 등을 위한 전문인력 양성  교육과정 개발 및 교육훈련&cr;ㅇ 그 밖에 법인의 목적달성에 필요한 사업,ㅇ 2019.11.20.: 재단법인 공간정보품질관리원 법인설립 허가(국토교통부장관)&cr;ㅇ 2019.12.27.: 측량성과 심사수탁기관 지정 및 위·수탁계약 체결&cr;ㅇ 2020.01.02.: 재단법인 공간정보품질관리원 개원&cr;ㅇ 2021.02.04.: 기타공공기관 지정&cr;ㅇ 2021.12.27.: 기본측량성과 검증기관 지정&cr;ㅇ 2024.11.20.: 측량성과 심사수탁 및 기본측량 품질검증 기관 재지정&cr;ㅇ 2025.09.24.: 국무총리 기관 표창,□ 미션&cr;ㅇ 우리는 측량성과 심사·검증과 정책 연구·개발을 통한 공간정보 품질혁신을 이끈다 &cr;□ 비전&cr;ㅇ AI기반 공정하고 정확한 성과심사로 신뢰받는 국가 공간정보 품질관리 대표기관&cr;□ 핵심가치&cr;ㅇ 공정  소통  전문  안전&cr;□ 경영목표&cr;ㅇ 공간정보 품질관리 인프라 제고&cr;ㅇ 국민체감 공간정보 고객서비스 강화&cr;ㅇ 공간정보 품질 전문역량 강화&cr;ㅇ K-ESG 1등급 책임경영, 정형교,20250120-20280119,ㅇ 부산지방국토관리청 포항국토관리사무소장&cr;ㅇ 원주지방국토관리청 홍천국토관리사무소장&cr;ㅇ 국토교통부 수도권정책과 서기관&cr;ㅇ 국토교통부 도시활력지원과 서기관&cr;ㅇ 환경부 국토환경정책과 서기관,서울특별시,서울특별시 영등포구 양산로 91  1209호  1404호(당산동 3가  리드원센터),www.siqms.or.kr,126-82-14836,-
30,공무원연금공단,준정부기관(기금관리형),인사혁신처,공무원연금법 제1조 및 제4조,19820201,공무원의 퇴직  장해 또는 사망에 대하여 적절한 급여를 지급하고 후생복지를 지원함으로써 공무원 및 그 유족의 생활안정과 복지 향상에 이바지함을 목적으로 함,ㅇ 연금업무&cr;- 기여금·각종 부담금 등 비용징수&cr;- 퇴직급여·유족급여  퇴직수당 등 각종 급여의 지급&cr;ㅇ 재해예방보상업무&cr;- 공무 중 부상·질병·장해·사망 시 재해보상급여 지급 및 예방·재활·직무복귀 지원&cr;ㅇ 기금운용업무&cr;- 주식·채권·대체투자 등 금융상품 투자&cr;- 공무원에 대한 연금대출  주택임대 및 후생복지시설 운영&cr;ㅇ 고객지원 업무&cr;- 퇴직공무원 교육·일자리·사회공헌활동 지원&cr;ㅇ 국가위탁업무&cr;- 학자금 대여 &cr;- 맞춤형 복지,ㅇ 1960. 1. 1. : 공무원연금제도 시행(공무원연금법 제정·시행)&cr;ㅇ 1960~1982 : 총무처(연금국)에서 연금제도 운영&cr;ㅇ 1982. 2. 1. : 공무원연금공단 설립(기금증식 및 복지사업 전담)&cr;ㅇ 1983. 1. 1. : 공무원연금 집행업무 종합 관장(비용징수 및 급여지급 업무 일체를 정부로부터 인수)&cr;ㅇ 1984. 4. 1. : 공무원 임대주택사업 개시&cr;ㅇ 1989. 3.24. : 수안보상록호텔 개장&cr;ㅇ 1993.10. 5. : 공무원 주택분양사업 개시&cr;ㅇ 1997. 3.13. : 천안상록리조트 개장&cr;ㅇ 1999. 7. 1. : 서울·부산·대전·광주·대구·전북·제주지부 설치&cr;ㅇ 2002. 2. 1. : 강원지부 설치&cr;ㅇ 2005. 5.27. : 맞춤형복지서비스 개시&cr;ㅇ 2006.11. 3. : 화성상록골프장 개장&cr;ㅇ 2009.12.15. : 공무원연금콜센터 개소&cr;ㅇ 2012. 7. 2. : 퇴직공무원지원센터 개원&cr;ㅇ 2012. 9.21. : 남원상록골프장 개장&cr;ㅇ 2014. 7.11. : 김해상록골프장 개장&cr;ㅇ 2015. 9. 7. : 공단 본사 제주 서귀포혁신도시 이전&cr;ㅇ 2017. 2. 6. : 경인지부 신설&cr;ㅇ 2017.11. 1. : 세종지부 신설(전국 10개 지부 운영)&cr;ㅇ 2019. 1. 1. : 공상지원실 신설&cr;ㅇ 2020. 1. 1. : 공유복지실 신설&cr;ㅇ 2020.10. 7. : 안전관리실 신설&cr;ㅇ 2022. 2. 1. : 공상지원실을 재해보상실에 통합&cr;ㅇ 2023. 2. 1. : 세종지부  대전지부  공무원연금콜센터를 세종·대전지부로 통합&cr;ㅇ 2024. 1. 1. : 경인지부  강원지부를 경인·강원지부로 통합 &cr;                      광주지부  전북지부를 광주·전북지부로 통합&cr;ㅇ 2025. 1. 1. : 재해예방실  고객만족경영실 신설&cr;ㅇ 2025.12.30. : AI혁신팀  사이버안전센터 신설,<미 션>&cr;안정적인 연금복지서비스로 전·현직 공무원의 복지향상과 지속가능한 사회발전에 기여한다.&cr;&cr;<비 전>&cr;공무원의 평생행복을 만들어가는 믿음직한 연금복지전문기관&cr;&cr;<전략목표-전략과제>&cr;ㅇ 건실하고 신뢰받는 연금운영&cr;  - 연금제도 지속가능성 제고&cr;  - 고객 중심의 고품질 연금서비스 혁신&cr;  - 성과중심의 금융자산운용 강화&cr;ㅇ 고객체감 종합복지서비스 확대&cr;  - 빈틈없는 재해예방보상 서비스 제공&cr;  - 수요변화를 반영한 생활복지서비스 다양화&cr;  - 저출생·초고령사회 복지서비스 강화&cr;ㅇ 성과·효율 중심 경영혁신&cr;  - AX 기반의 초격차 경쟁력 확보&cr;  - 직무·성과 중심의 인사 관리체계 고도화&cr;  - 경영시스템 효율성 및 합리성 제고&cr;ㅇ ESG 기반 지속가능경영 강화&cr;  - ESG경영 확산 및 탄소중립 실현&cr;  - 국민이 체감하는 안전·상생경영 강화&cr;  - 청렴하고 견고한 지속가능 거버넌스 정착&cr;&cr;&cr;<핵심가치>&cr;ㅇ 고객행복과 사회적 책임&cr;ㅇ 혁신과 전문성&cr;ㅇ 소통과 상생&cr;&cr;<경영방침>&cr;ㅇ 고객만족 제고&cr;ㅇ 혁신·성장동력 확보&cr;ㅇ 책임의식 강화&cr;ㅇ 참여·협력 확대,김동극,20230818-20260817,ㅇ 인사혁신처 처장&cr;ㅇ 대통령비서실 인사비서관&cr;ㅇ 행정안전부 인사정책관&cr;ㅇ 중앙인사위원회 성과후생국장,제주특별자치도,제주특별자치도 서귀포시 서호중앙로 63,https://www.geps.or.kr,220-82-00935,-
31,과학기술사업화진흥원,기타공공기관,과학기술정보통신부,- 민법 제32조 및 공익법인의 설립 운영에 관한 법률&cr;- 과학기술정보통신부 소관 과학기술분야 연구개발사업 처리규정 9조&cr;- 연구산업진흥법 제14조(전담기관의 지정 등),20121231,과학기술정보통신부가 추진하는 연구개발 사업성과의 활용ㆍ확산 및 과학기술기반일자리 창출 등에 관한 연구  지원 업무를 수행하여 과학기술 진흥과 국가 경쟁력 제고에 기여,- (역할·책임) 공공연구성과 활용 확산과 연구산업 진흥을 통한 과학기술의 사업화 촉진&cr;   ·공공연구성과 맞춤형 실용화·창업 지원  연구산업 활성화를 통해 연구산업 진흥 및 산학연협력을 선도&cr;- (핵심기능) 공공연구성과 활용 촉진  연구산업 진흥  국가 R&D 사업관리,- 2012. 12. (재)연구개발성과지원센터 설립&cr;- 2014. 04. (재)연구성과실용화진흥원으로 기관 명칭 변경&cr;- 2015. 12. 미래부 연구개발 성과보급  사업화 촉진 위탁기관&cr;- 2017. 01. 기타공공기관 지정&cr;- 2018. 02. 과학기술일자리진흥원으로 기관 명칭 변경&cr;- 2021. 01 과학기술정보통신부 소관 과학기술분야 연구개발사업 처리규정 제9조에&cr;의해 연구개발사업 전문기관 및 위탁기관으로 지정&cr;- 2022. 08. 연구산업진흥법 제14조에 의한 연구산업진흥 전담기관 지정&cr;- 2023. 01. 과학기술사업화진흥원으로 기관 명칭 변경,- 전문성과 효율성을 겸비한 기관으로 성장기반 확충&cr;- 기술주도 과학기술 사업화 혁신 생태계 확립&cr;- 기관 생산성 제고 및 자율·사회적 책임경영,김병국,20250526-20280525,- 한국과학기술연구원 기술사업전략본부 본부장&cr;- 한국세라믹학회 회장,서울특별시,서울특별시 강서구 양천로 570(NH서울타워) 17층  20층,https://www.compa.re.kr,101-82-22394,-
32,과학기술정책연구원,기타공공기관,국무조정실,정부출연연구기관 등의 설립·운영 및 육성에 관한 법률,19870105, 과학기술 및 관련 혁신에 대한 제반문제를 연구·분석함으로써 국가정책을 수립하고 경제·사회 발전에 이바지함,○ 과학기술정책과 국가혁신체제(National Innovation System)의 수립  진단 및 평가를 위한 연구&cr;○ 과학기술혁신활동 및 정책수단에 대한 조사분석&cr;○ 과학기술혁신 법·제도  인프라 및 인력 정책 등 연구&cr;○ 국가연구개발재정사업 점검 및 진단&cr;○ 과학기술 기반 미래사회 전망과 신기술·신산업 연구&cr;○ 공공·민간 부문 혁신활동 연계 및 지역 과학기술혁신 연구&cr;○ 글로벌 과학기술혁신 전략수립 및 협력방안 연구&cr;○ 과학기술과 경제사회의 상호작용에 관한 연구 등&cr;※ 과학기술정책연구원 정관 제1장 제4조(사업),○ 1987. 01. 한국과학기술원(KAIST)부설 과학기술정책연구·평가센터(CSTP) 설립&cr;○ 1993. 05. 한국과학기술연구원(KIST)부설 과학기술정책·관리연구소(STEPI)로 확대 개편&cr;○ 1999. 01. "정부출연연구기관 등의 설립·운영 및 육성에 관한 법률"에 의거  국무총리실 산하 경제사회연구회 소관 연구기관으로 설립 확정&cr;○ 1999. 02. 국가연구개발사업의 기획·평가·관리기능을 과학기술부 산하 한국과학기술기획평가원(KISTEP)으로 이관&cr;○ 1999. 04. 한국산업기술평가원(ITEP)의 정책연구 기능 인수&cr;○ 1999. 05. 과학기술정책연구원(STEPI) 개원&cr;○ 2005. 07. "정부출연연구기관 등의 설립·운영 및 육성에 관한 법률·개정(2005. 05. 31.)에 따라 국무총리실 산하 경제·인문사회연구회 소관 연구기관으로 소속 변경&cr;○ 2014. 12. 세종특별자치시(세종국책연구단지) 청사 이전,&cr;○ 경영비전:국가발전을 선도하는 과학기술 기반의 세계적인 국가혁신정책 싱크탱크&cr;&cr;○ 경영목표 및 추진전략&cr;I. 과학기술 기반의 전략적 국가혁신정책 연구&cr;I-1. 과학기술 기반의 공공임무에 예견적으로 대응하는 '혁신시스템의 혁신'&cr;I-2. 민간·공공의 정책수요기반 맞춤형 과학기술혁신정책 제시&cr;I-3. 국가전략 차원의 과학기술 국제협력 추진&cr;&cr;Ⅱ. 근거기반 현장 중심의 연구기반 고도화&cr;Ⅱ-1. 근거기반 정책 지원을 위한 연구데이터 축적·활용 제고&cr;Ⅱ-2. 혁신생태계 이해관계자들과의 연계 및 협력 강화&cr;&cr;Ⅲ. 신바람 나게 연구할 수 있는 경영혁신&cr;Ⅲ-1. 민첩하고(agile) 유연한 조직 구조 설계 및 관리&cr;Ⅲ-2. 구성원의 자존감을 높이는 조직 문화 재정립, 윤지웅,20241022-20271021,○ 경희대학교 행정학과 교수&cr;○ 한국과학기술기획평가원 비상임이사&cr;○ 한국정책학회 회장&cr;○ 국가과학기술자문회의 정책조정위원회 위원&cr;,세종특별자치시,세종특별자치시  시청대로 370 세종국책연구단지 과학·인프라동(B동) 5  6  7층  연구지원동(A동) 3층, www.stepi.re.kr, 118-82-02154,-
33,국가생명윤리정책원,기타공공기관,보건복지부,민법 제32조(비영리법인의 설립과 허가),20111227,생명윤리정책에 관한 전문적인 조사  연구 및 교육 등을 실시하여 의생명과학 및 그 기술의 발전 과정에서 안전하게 연구  개발  이용될 수 있는 제도적 여건 조성과 관리를 추구하고  연명의료에 관한 제반 사항을 관장하는 등 생명윤리정책 구현의 중추적 기능을 수행,○ 국가생명윤리심의위원회 및 산하 전문위원회 지원&cr;○ 기관생명윤리심의위원회(IRB) 관련 정책 개발ㆍ지원ㆍ교육 및 공용 IRB 운영&cr;○ 배아ㆍ생식세포ㆍ줄기세포 등의 이용 및 연구와 관련한 정책개발ㆍ지원 및 생식세포 불법거래 모니터링&cr;○ 유전자ㆍ유전정보 등의 활용  유전자연구ㆍ유전자검사ㆍ유전자은행ㆍ유전자치료 등과 관련한 정책 개발 및 지원&cr;○ 생명윤리 및 안전과 관련한 자료 조사ㆍ수집 및 지식센터 운영&cr;○ 생명윤리 및 안전과 관련한 국내외 네트워크 구축 및 지원&cr;○ 생명윤리 및 안전과 관련한 컨텐츠 개발 및 교육ㆍ연수ㆍ홍보 사업&cr;○ 국립연명의료관리기관의 기능 수행&cr;○ 의료윤리 등의 정책 개발 및 지원&cr;○ 장기  인체조직  혈액  조혈모세포 등 기증과 이식 정책에 관한 생명윤리 및 안전 연구&cr;○ 정책원의 목적달성에 필요한 부대사업 및 수익사업&cr;○ 그 밖에 생명윤리 및 안전과 관련하여 보건복지부  국가기관 또는 지방자치단체가 위탁 또는 지원하는 사업,○ 2011.12. 보건복지부 소관 재단법인 설립 (민법 제32조)&cr;○ 2012.01. 생명윤리지원체계 구축사업 시행&cr;○ 2013.01. 공용기관생명윤리위원회 운영 사업 진행&cr;○ 2013.06. 기관생명윤리위원회 평가인증 사업 시행&cr;○ 2015.02. 국가생명윤리심의위원회 업무지원기관으로 지정&cr;○ 2018.02. 국립연명의료관리기관 지정&cr;○ 2018.07. 사전연명의료의향서 등록기관 지정&cr;○ 2019.01. 기타 공공기관 지정&cr;○ 2020.09. 생명윤리정책연구센터 지정&cr;○ 2020.10. 기관생명윤리위원회 등록업무 수탁&cr;○ 2021.06. 공익법인 지정&cr;○ 2022.02. 소비자 대상 직접 시행 유전자검사 역량인증처리기관 지정&cr;○ 2022.04. 유전자검사교육기관 지정,○ 미션: 생명존중과 인간존엄의 가치 향상을 통해 국민의 행복한 삶에 기여한다&cr;○ 비전: 대한민국 생명윤리 정책 및 제도 선진화를 통하여 국민의 존엄한 삶을 실현하는 전문기관&cr;○ 핵심가치: 전문성  소통  혁신  책임&cr;○ 전략방향&cr;- 선진적 생명윤리정책 구현&cr;- 생명윤리제도 신뢰성 강화&cr;- 연명의료결정제도 이행 기반 강화&cr;- 지속가능한 경영 인프라 확립&cr;○ 8대 전략 과제&cr;- 생명윤리정책 개발 선도&cr;- 생명윤리제도 인프라 강화&cr;- 생명윤리제도 관리체계 강화&cr;- 생명윤리사업 운영 질 향상&cr;- 연명의료결정제도 운영 고도화&cr;- 국민 인식 및 종사자 전문성 제고&cr;- 경영혁신 추진체계 구축&cr;- ESG 기반 책임경영 이행,홍창권,20240408-20270407,○ 중앙대학교 의무부총장 겸 의료원장&cr;○ 중앙대학교 의과대학 학장 겸 의학전문대학원장&cr;○ 대한병원협회 부회장,서울특별시,서울특별시 서울특별시 광진구 능동로 400  별관 2층 국가생명윤리정책원(중곡동  보건복지행정타운),https://nibp.kr/,101-82-21100,-
34,국가아동권리보장원,기타공공기관,보건복지부,아동복지법 제10조의2(아동권리보장원의 설립 및 운영),20190716,아동정책에 대한 종합적인 수행과 아동복지 관련 사업의 효과적인 추진을 위하여 필요한 정책의 수립을 지원하고 사업평가 등의 업무를 수행,1. 아동정책 수립을 위한 자료 개발 및 정책 분석&cr;2. 아동정책기본계획 수립 및 아동정책시행계획 평가 지원&cr;3. 아동정책조정위원회 운영 지원&cr;4. 아동정책영향평가 지원&cr;5. 아동보호서비스에 대한 기술지원&cr;6. 아동학대예방사업의 활성화&cr;7. 가정위탁사업의 활성화&cr;8. 지역 아동복지사업 및 아동복지시설의 원활한 운영을 위한 지원&cr;9. 입양특례법에 따른 국내입양 활성화 및 입양 사후관리를 위한 업무&cr;10. 아동 관련 조사 및 통계 구축&cr;11. 아동 관련 교육 및 홍보&cr;12. 아동 관련 해외정책 조사 및 사례분석&cr;13. 그 밖에 아동복지법 또는 다른 법령에 따라 보건복지부장관  국가 또는 지방자치단체로부터 위탁받은 업무,○ 2019. 7. 16. '아동권리보장원' 출범 및 1차 통합&cr;   - 중앙입양원  아동자립지원단  드림스타트사업지원단  실종아동전문기관&cr;○ 2020. 1. 1. '아동권리보장원' 통합 완료&cr;   - 중앙아동보호전문기관  지역아동센터중앙지원단  중앙가정위탁지원센터  디딤씨앗지원사업단&cr;○ 2020. 1. 6. 윤혜미 초대 원장 취임&cr;○ 2020. 1. 29. '기타공공기관' 지정&cr;○ 2021. 1. 1. '다함께돌봄사업지원단' 업무 이관&cr;&cr;○ 2022. 5. 4. 제100회 어린이날 기념식 개최&cr;○ 2022. 5. 27.「대한민국 아동권리역사관」개관&cr;○ 2023. 4. 17. 제2대 &cr;정익중 원장 &cr;취임&cr;&cr;○ 2024. 7. 19. 위기임신 및 보호출산 지원 중앙상담지원기관 운영&cr;○ 2025. 7. 19. 입양정책위원회 사무국 운영&cr;,○ (미션) 모든 아동이 행복하고 안전한 사회 실현&cr;○ (비전) 정책과 현장을 연결하고 혁신하는 아동권리 플랫폼&cr;○ (전략목표)&cr;&cr;&cr;1. 국가책임 아동보호체계 고도화&cr;2. 아동 맞춤 서비스 질 향상&cr;3. 아동권리 중심 정책 이행 혁신&cr;4. 성과 중심 지속가능경영 내재화&cr;○ (전략과제)&cr;&cr;1-1. 선제적 위기 예방 및 안전한 사회 환경 조성&cr;1-2. 가정형 보호 중심의 보호체계 질적 성장&cr;1-3. 국가 책임형 공적 입양 시스템 정착&cr;2-1. 보호종료아동 자립지원 실효성 확보&cr;2-2. 돌봄서비스 질적 혁신 및 공공책임 강화&cr;2-3. 아동 중심의 현장 전문성 강화 및 마음건강 회복지원&cr;3-1. 아동 참여 기반 권리옹호 및 소통 강화&cr;3-2. 아동권리 기준 선도 및 정책 이행 지원&cr;3-3. 데이터 기반 권리 증진 정책개발 확산&cr;4-1. ESG 중심의 책임경영 실현&cr;4-2. 청렴하고 유연한 조직문화 구축&cr;4-3. 디지털 기반 경영 효율성 제고&cr;,정익중,20230417-20260416,&cr;○ 現 아동권리보장원장&cr;○ 現 이화여자대학교 교수&cr;&cr;○ 現 &cr;대통력직속 저출산·고령사회위원회 위원&cr;&cr;○ 現 &cr;국무총리 소속 사회보장위원회 위원&cr;&cr;○ 前 법무부 여성아동정책심의위원회 위원장&cr;○ 前 한국청소년복지학회 회장&cr;○ 前 한국아동복지학회 회장&cr;○ 前 국무총리 소속 아동정책조정위원회 위원&cr;,서울특별시,서울특별시 중구 세종대로 22길 12  4~10층,www.ncrc.or.kr,605-82-50280,-
35,국가유산진흥원,기타공공기관,국가유산청,국가유산기본법 제32조,19800401,국가유산의 보존ㆍ활용ㆍ보급과 전통생활문화의 계발,[국가유산기본법 제32조제3항]&cr;1. 공연ㆍ전시 등 무형유산 활동 지원 및 진흥&cr;2. 국가유산 관련 교육  출판  학술 조사ㆍ연구 및 콘텐츠 개발ㆍ활용&cr;3. 「매장유산 보호 및 조사에 관한 법률」 제11조제1항 및 같은 조 제3항 단서에 따른 매장유산 발굴&cr;4. 전통 문화상품ㆍ음식ㆍ혼례 등의 개발ㆍ보급 및 편의시설 등의 운영&cr;5. 국가유산 공적개발원조 등 국제교류&cr;6. 국가유산 보호운동의 지원&cr;7. 전통문화행사의 복원 및 재현&cr;8. 국가ㆍ지방자치단체 또는 공공기관 등으로부터 위탁받은 사업&cr;9. 진흥원의 설립목적을 달성하기 위한 수익사업과 그 밖에 정관으로 정하는 사업,- 1980.04.01. 재단법인 한국문화재보호협회 설립&cr;- 1992.09.01. 재단법인 한국문화재보호재단으로 명칭 변경&cr;- 2003.07.01. 한국문화재보호재단 특수법인화(문화재보호법)&cr;- 2007.04. 기타공공기관 지정(공공기관의 운영에 관한 법률)&cr;- 2010.06.22. 유네스코 무형문화유산 국제자문기구 인가&cr;- 2014.08.29. 한국문화재재단으로 명칭 변경&cr;- 2017.12.09. 유네스코 무형문화유산 심사기구 선정&cr;- 2023.12.08. 유네스코 무형문화유산 국제자문기구 재인가&cr;- 2024.05.17. 국가유산진흥원으로 명칭 변경,<국가유산의 보존ㆍ활용ㆍ보급과 전통생활문화의 계발(국가유산기본법 제32조)>&cr;- 국가유산 균형 발전을 통한 미래 가치 선도&cr;- 국가유산 활용 프로그램 대국민 서비스 확대&cr;- 안정적 전승 기반 구축을 통한 무형유산 산업화 확산,이귀영,20250501-20280430,(재)백제세계유산센터장&cr;국립해양문화재연구소장&cr;국립고궁박물관장,서울특별시,서울특별시 강남구 봉은사로 406(삼성동),www.kh.or.kr,203-82-02904,-
36,국가철도공단,준정부기관(위탁집행형),국토교통부,국가철도공단법,20040101,철도시설의 건설 및 관리와 그 밖에 이와 관련되는 사업을 효율적으로 시행하도록 함으로써 국민의 교통편의를 증진하고 국민경제의 건전한 발전에 이바지,1. 철도시설의 건설 및 관리&cr;2. 외국철도 건설과 남북 연결 철도망 및 동북아 철도망의 건설&cr;3. 철도시설에 관한 기술의 개발ㆍ관리 및 지원&cr;4. 철도시설 건설 및 관리에 따른 철도의 역세권  철도 부근 지역 및 「철도의 건설 및철도시설 유지관리에 관한 법률」 제23조의2에 따라 국토교통부장관이 점용허가한 철도 관련 국유재산의 개발ㆍ운영&cr;5. 건널목 입체화 등 철도 횡단시설사업&cr;6. 철도의 안전관리 및 재해 대책의 집행&cr;7. 정부  지방자치단체  공기업  준정부기관  기타 공공기관 또는 타인이 위탁한 사업&cr;7의2. 「사회기반시설에 대한 민간투자법」 제2조제6호에 따른 민간투자사업으로 시행하는 철도시설의 건설 및 유지에 대한 관리ㆍ감독업무의 지원,&cr;- 2004.01 : 한국철도시설공단 출범&cr;- 2004.04 : 경부고속철도 1단계 개통 &cr;- 2007.04 : 위탁집행형 준정부기관 지정(「공공기관 운영에 관한 법률」 시행)&cr;- 2009.04 : 호남고속철도 착공&cr;- 2010.11 : 경부고속철도 2단계 개통&cr;- 2011.10 : 전라선 익산~여수 고속화 개통&cr;- 2014.06 : KTX 인천국제공항 운행 개통&cr;- 2015.04 : 호남고속철도 개통 &cr;- 2015.08 : 경부고속철도(대전  대구 도심구간) 개통&cr;- 2016.01 : 신분당선 정자~광교 개통&cr;- 2016.02 : 수인선 인천~송도 개통&cr;- 2016.07 : 경전선 진주~광양 개통&cr;- 2016.09 : 성남~여주 복선전철 개통&cr;- 2016.12 : 동해남부선 부전~일광 개통&cr;- 2016.12 : 수서고속철도(SRT) 개통 &cr;- 2017.12 : 원주~강릉 고속철도 개통 &cr;- 2018.01 : 동해선 포항~영덕 개통 &cr;- 2018.06 : 서해선 소사~원시 복선전철 개통&cr;- 2019.06 : 호남고속철도 2단계(광주송정~고막원) 개통 &cr;- 2019.09 : 김포도시철도 개통 &cr;- 2019.12 : 포항영일만신항 인입철도 개통&cr;- 2020.09 : 국가철도공단으로 명칭 변경&cr;- 2020.09 : 수인선 수원~한대앞 복선전철 전구간 개통  울산신항 인입철도 개통&cr;- 2020.12 : 익산~대야 복선전철  군장국가산단 인입철도 개통&cr;- 2021.01 : 원주~제천 복선전철 개통 &cr;- 2021.12 : 동남권 4개 사업(동대구~영천  영천~신경주  신경주~태화강  태화강~일광) 개통 &cr;- 2022.03 : 진접선 당고개~진접 복선전철 개통 &cr;- 2022.03 : 서대구 고속철도정거장 개통&cr;- 2022.05 : 신분당선 용산~강남 복선전철 개통 &cr;- 2023.07 : 대곡~소사 복선전철 개통&cr;- 2023.12 : 동두천~연천 복선전철 개통&cr;- 2024.03 : GTX-A 수서~동탄 우선 개통&cr;- 2024.11 : 서해안권역 3개 사업(홍성~송산  신창~홍성  포승~평택) 개통&cr;- 2024.11 : 중부내륙선 이천~문경 개통&cr;- 2024.12 : 대구권 광역철도 개통&cr;- 2024.12 : 중앙선 도담~영천 복선전철 개통&cr;- 2024.12 : GTX-A 파주 운정~서울역 개통&cr;- 2025.01 : 동해선 포항~동해 개통&cr;- 2025.09 : 보성~임성리 단선전철 개통&cr;- 2025.12 : 중앙선 도담~영천(안동~북영천) 고속화(ATP) 개통&cr;,[미션] 빠르고 안전하고 쾌적한 철도로 국민행복을 실현하겠습니다&cr;[비전] 국민을 위한 철도  세계를 여는 KR&cr;[핵심가치] 안전 / 소통 / 공정 / 혁신&cr;[2035 전략목표]&cr;1) 빠르고 쾌적한 국가 철도&cr;2) 고객이 행복한 안전 철도&cr;3) 민간과 협력하는 동행 철도&cr;4) 미래를 선도하는 융합 철도&cr;5) 지속 가능한 혁신 조직, 공석,-,-,대전광역시,대전광역시 동구 중앙로 242,https://www.kr.or.kr,305-82-13158,-
37,국가평생교육진흥원,기타공공기관,교육부,평생교육법 제19조,20080215,평생교육법 제19조에 따른 평생교육진흥과 관련된 업무를 효율적으로 수행함으로써 국민의 평생교육활성화에 기여함을 목적으로 한다.,1. 평생교육진흥을 위한 지원 및 조사 업무&cr;2. 평생교육진흥위원회가 심의하는 기본계획 수립의 지원&cr;3. 평생교육진흥정책의 개발·발전을 위하여 필요한 연구&cr;4. 평생교육프로그램 개발(온라인 기반의 평생교육프로그램의 개발을 포함한다)의 지원&cr;5. 평생교육사를 포함한 평생교육 종사자의 양성·연수&cr;6. 국내외 평생교육기관·단체 간 연계 및 협력체제의 구축&cr;7. 시·도 평생교육진흥원에 대한 지원 및 시·도평생교육진흥원과의 협력&cr;8. 「학점인정 등에 관한 법률」및「독학에 의한 학위취득에 관한 법률」에 따른 학점 또는 학력인정에 관한 사항&cr;9. 학습계좌의 통합 관리·운영&cr;10. 문해교육의 관리·운영에 관한 사항&cr;11. 정보화 및 온라인 기반 관련 평생교육의 관리·운영에 관한 사항&cr;12. 평생교육법 또는 다른 법령에 따라 위탁받은 업무&cr;13. 그 밖에 진흥원의 목적수행을 위하여 필요한 사업,2007. 12. 14. 평생교육법 개정·공포('08.2.15 시행)&cr;2008. 2. 15. 평생교육진흥원 개원&cr;2010. 10. 30. 평생학습계좌제 전면 시행&cr;2011. 2. 14. 전국학부모지원센터 운영기관 지정&cr;2012. 4. 20. 국가평생교육진흥원 명칭 변경('13.12  평생교육법 제19조 개정)&cr;2012. 5. 1. '중앙다문화교육센터' 운영기관 지정&cr;2014. 12. 1. 국가평생학습포털 '늘배움' 개통&cr;2015. 10. 15. 한국형 온라인 공개강좌(K-MOOC) 서비스 시행&cr;2016. 2. 1. 국가문해교육센터 설치&cr;2018. 3. 23. '평생교육이용권(평생교육바우처)' 제공 서비스 개시&cr;2018. 4. 24. '교육2030 협의체 구축 SDG4.6(문해) 대표운영기관' 지정&cr;2018. 5. 2. '검정고시지원센터' 운영기관 지정&cr;2021. 12. 1. '대학정보공시 항목별 관리기관' 지정&cr;2024. 8. 26. 평생학습 종합 포털 '온국민평생배움터' 서비스 개시(www.all.go.kr),□ 설립목적 : 국가차원의 평생교육 진흥을 통한 국민 평생교육 활성화&cr;□ 미션 : 평생교육 진흥을 통한 국민 평생학습 활성화&cr;□ 비전 : 온(溫) 국민 평생교육 안전망  온(on) 시민 평생학습 플랫폼&cr;□ 핵심가치&cr;  1. 공공성&cr;  2. 도전성&cr;  3. 혁신성&cr;  4. 신뢰성&cr;□ 전략방향&cr;  1. 평생교육 기회 확대&cr;  2. 디지털 평생교육체제 전환&cr;  3. 고등평생교육 융합&cr;  4. 경영혁신·ESG 가치 강화,김월용,20260407-20290406,인천인재평생교육진흥원 원장&cr;인천광역시 일자리위원회 위원장&cr;한국폴리텍Ⅱ대학 경기·인천 권역대학장,서울특별시,서울특별시 강서구 마곡중앙로 105-7 K스퀘어마곡 타워1,www.nile.or.kr,107-82-12593,-
38,국립공원공단,준정부기관(위탁집행형),기후에너지환경부,국립공원공단법 제1조,19870701,국립공원 등의 자연생태계  자연 ·문화경관 및 지형 ·지질자원을 체계적으로 보전 ·관리함으로써 국립공원 등의 지속가능한 이용을 도모하고 국민이 쾌적한 자연환경에서 건강하고 여유있는 생활을 할 수 있도록 함을 목적으로 설립되었습니다., - 국립공원공단은 공원관리 전문기관으로서 &cr;○ 국립공원의 보전&cr;○ 국립공원의 야생생물 보호 및 멸종위기종의 복원&cr;○ 공원시설의 설치 ·관리&cr;○ 자연공원 자원에 대한 조사 ·연구&cr;○ 자연공원의 청소&cr;○ 자연공원 이용에 관한 지도 ·홍보&cr;○ 자연공원과 관련된 체험사업  탐방해설 등 탐방프로그램의 개발 ·교육 ·보급 및 운영&cr;○ 기후변화로 인한 자연공원의 생태계 영향조사 ·연구 및 생태복원&cr;○ 자연공원 보전 ·관리와 관련된 국제협력&cr;○ 정부나 지방자치단체로부터 위탁받은 사업&cr;○ 그 밖에 공단의 설립 목적을 달성하기 위하여 대통령령으로 정하는 사업 등을 수행하고 있습니다.,○ 1987.07.01. 국립공원관리공단 설립&cr;○ 1991.04.23. 건설부에서 내무부로 이관&cr;○ 1998.02.28. 내무부에서 환경부로 이관&cr;○ 2005.10.06. 국립공원연구원 신설&cr;○ 2007.01.01. 국립공원 입장료 폐지&cr;○ 2007.08.09. 멸종위기종복원센터 신설&cr;○ 2008.01.16. 경주국립공원 관리권 인수&cr;○ 2011.08.16. 국립공원생태탐방연수원 개원&cr;○ 2012.05.07. 멸종위기종복원센터를 종복원기술원으로 확대&cr;○ 2013.01.31. 국가지질공원사무국 신설&cr;○ 2013.03.04. 무등산국립공원 지정&cr;○ 2016.05.29. 국립공원관리공단법 제정 ·공포&cr;○ 2016.08.22. 태백산국립공원 지정&cr;○ 2017.04.24. 본부 청사 지방 이전(강원 원주시  혁신도시)&cr;○ 2019.01.17. 국립공원공단 명칭 변경(국립공원공단법 개정)&cr;○ 2019.07.01. 국립공원산악안전교육원 개원&cr;○ 2023.12.31. 팔공산국립공원 지정,○ 미션: 우리는 자연을 보전하여 건강하고 행복한 미래를 열어간다&cr;○ 비전: 국립공원의 미래가치를 창출하는 자연생태계 보전 선도기관&cr;○ 핵심가치: 생태건강  국민안전  행복나눔  소통상생&cr;○ 경영목표: &cr;- 생태계건강성지수 1등급 유지&cr;- 안전사고 발생건수 10만 명당 0.4명 이하&cr;- 고객만족도 95점 이상 달성&cr;- 미래 혁신지수 최우수 등급 달성&cr;○ 전략방향 및 전략과제&cr;- 국립공원 생태계 보전 강화&cr;· 생태계 건강성 향상&cr;· 기후위기 대응 생태계 보전 강화&cr;· 생태계 위협요인 관리 강화&cr;- 모두가 안전한 국립공원 구현&cr;· 탐방객 안전관리 강화&cr;· 기후재난 예방체계 강화&cr;· 안전한 일터환경 조성&cr;- 국민이 행복한 생태복지 실현&cr;· 모두가 누리는 탐방경험 확대&cr;· 지속 가능한 탐방가치 제고&cr;· 미래형 탐방서비스 구현&cr;- 진짜 성과 창출을 위한 공공신뢰 구축&cr;· AI 대전환을 통한 업무 혁신&cr;· 지속 가능한 ESG 실천기반 고도화&cr;· 경영관리 혁신 및 효율성 제고,주대영,20250227-20280226,○ 2022.07. ~ 2024.11. 2050탄소중립녹색성장위원회 사무처 사무차장&cr;○ 2021.12. ~ 2022.07. 환경부 대변인&cr;○ 2020.06. ~ 2020.11. 대구지방환경청장&cr;○ 2018.11. ~ 2020.06. 환경부 기획조정실 정책기획관&cr;○ 2018.01. ~ 2018.11. 국립환경인재개발원장&cr;○ 2016.10. ~ 2018.01. 환경부 감사관&cr;○ 2015.11. ~ 2016.10. 환경부 국제협력실 국제협력관&cr;○ 2014.04. ~ 2015.11. 환경부 기획조정실 기획재정담당관,강원도,강원도 원주시 혁신로 22(반곡동),www.knps.or.kr,211-82-06541,-
39,국립광주과학관,기타공공기관,과학기술정보통신부,과학관의 설립ㆍ운영 및 육성에 관한 법률,20130723,과학기술 자료를 수집ㆍ조사ㆍ연구하여 이를 보존ㆍ전시하고  과학기술 교육프로그램을 개설하여 과학기술 지식을 보급함으로써 과학기술 문화 창달과 청소년의 과학에 대한 탐구심을 함양하며  국민의 과학기술에 대한 이해 증진에 기여,- 전시  교육  특별전 등을 통한 과학기술 문화 확산&cr;- 과학기술자료의 발굴ㆍ수집ㆍ보존ㆍ관리 및 전시&cr;- 과학기술자료에 관한 전문적ㆍ학술적인 조사ㆍ연구&cr;- 과학기술 교육프로그램의 개설ㆍ운영&cr;- 과학기술자료에 관한 각종 간행물의 제작ㆍ배포,2003.12. 제1차 과학관육성기본계획 수립&cr;2005.12. 건립 예비타당성조사 (~ 2006.10.)&cr;2007.10. 건립기본계획 수립&cr;2008.10. 교과부 - 기재부 - 광주광역시 업무협약 체결&cr;2008.12. 건축ㆍ기본설계 완료&cr;2012.11. 국립광주과학관 건축공사 및 전시공사 완료&cr;2013.10. 국립광주과학관 개관(10.15.)&cr;2015.01. 기타공공기관 지정&cr;2016.07. 국립광주과학관후원회 창립&cr;2017.10. 스페이스360 개관&cr;2019.05. 별빛누리관 개관&cr;2020.06. 스페이스 오딧세이 제막&cr;2022.05. 어린이과학관 개관&cr;2023.04. 인공지능관 개관,- 미션 : 국민의 더 나은 미래의 삶을 위해  과학과 예술이 어우러진 소통의 장으로써  평생을 함께하는 과학관&cr;- 비전 : 창의적 미래 과학인재 양성의 요람&cr;- 핵심가치 : A.C.E &cr;ㆍAdvancement : 발전&cr;ㆍCommunication : 소통&cr;ㆍExpertise : 전문성&cr;- 추진전략&cr;ㆍ첨단과학기술 중심의 전시ㆍ연구 활성화&cr;ㆍ탐구중심 과학교육 프로그램 운영&cr;ㆍ지역민과 소통하는 과학문화 허브역할 강화&cr;ㆍ지속가능 성장을 위한 ESG 경영체계 고도화,이정구,20231222-20261221,영등포구 미래교육재단 단장&cr;국립어린이과학관 관장&cr;국립서울과학관 관장,광주광역시,광주광역시 북구 첨단과기로 235(오룡동 1-6번지),www.sciencecenter.or.kr,409-82-17908,-
40,국립낙동강생물자원관,기타공공기관,기후에너지환경부,○「국립낙동강생물자원관의 설립 및 운영에 관한 법률」(2015. 1. 20.  제정)&cr;○「생물자원관의 설립 및 운영에 관한 법률」(2025. 10. 1.  타법개정),20150603,○ 국가 생물주권의 확보와 생물다양성 보전 및 생물자원의 지속가능한 이용에 기여,&cr;□ 설립목적&cr; ○ 담수생물 분야 국가 생물주권의 확보와 생물다양성의 보전 및 생물자원의 지속가능한 이용에 기여&cr;□ 주요기능&cr; ○ 담수생물 국가자산화&cr;  - 신종/미기록종 발굴&cr;  - 생물표본 확보&cr;  - 수장고 운영 등&cr; ○ 생물다양성 보전 연구&cr;  - 담수생물다양성 조사&cr;  - 담수멸종위기종 보전&cr;  - 기후변화지표종 연구&cr;  - 탄소중립 연구 등&cr; ○ 담수생물자원 산업화 지원&cr;  - 추출물 등 소재 확보&cr;  - 유용성 분석&cr;  - 생물소재 분양&cr;  - 기술개발 ·이전 등&cr; ○ 전시·교육&cr;  - 전시관 운영&cr;  - 교육프로그램 운영&cr;  - 지역사회 협력 등&cr;,&cr;○ 2008. 9. 10.: 「국가 광역경제권 발전 선도프로젝트」반영&cr;○ 2009. ~ 2013.: 국립낙동강생물자원관 건축공사&cr;○ 2014. 10. 10.: 국립낙동강생물자원관 임시 개관&cr;○ 2015. 1. 20.: 「국립낙동강생물자원관의 설립 및 운영에 관한 법률」제정&cr;○ 2015. 6. 3.: 국립낙동강생물자원관 법인 설립&cr;○ 2015. 7. 28.: 국립낙동강생물자원관 개관 &cr;○ 2016. 2. 3.: 공공기관 지정(기타공공기관)&cr;○ 2019. 1. 30.: 연구개발목적기관 지정&cr;○ 2020. 2. 27.: 「생물자원관의 설립 및 운영에 관한 법률」로 개정 ·시행&cr;,&cr;□ 미션(Mission)&cr; ○ 담수생물 주권 확보  다양성 보전 및 지속가능한 이용으로 국가발전에 기여&cr;□ 비전&cr; ○ 생물자원의 미래가치를 창출하는 담수생물 전문기관&cr;□ 핵심가치&cr; ○ 담수생물다양성&cr;  - (전략목표) N(nature) 담수생물의 지속가능한 新가치 창조·공유&cr;  - (중기목표) 담수생물정보 공개·공유 100만 건  관람객 230만 명&cr;  - (전략과제)&cr;   ·담수생물자원 국가자산화 및 가치제고&cr;   ·국제수준의 담수생물자원은행 운영 및 산업화 지원&cr;   ·담수생물다양성 보전 및 사회문제 해결형 R&D 강화&cr;   ·담수생물다양성 인식 확산&cr; ○ 탄소중립&cr;  - (전략목표) E(Environment) 환경경영체계 구축을 통한 탄소중립 실현&cr;  - (중기목표) RE 100 달성  온실가스 감축률 20%&cr;  - (전략과제)&cr;   ·탄소중립 및 에너지 전환&cr;   ·자원절약 및 경제적 이용&cr;   ·폐기물 감축 및 자원순환&cr; ○ 상생협력&cr;  - (전략목표) S(Social) 상생협력을 통한 공공 가치 확산&cr;  - (중기목표) 고객만족도 ‘우수’  안전보건경영 확립&cr;  - (전략과제)&cr;   ·지역사회 상생협력 실현&cr;   ·경영혁신을 통한 고객만족 경영&cr;   ·안전 및 근로의 질 개선&cr;  ○ 청렴윤리&cr;  - (전략목표) G(Governance) 참여형 지배구조 강화로 투명경영 확립&cr;  - (중기목표) 반부패·청렴문화 확립&cr;  - (전략과제)&cr;   ·참여형 거버넌스 구축&cr;   ·윤리경영 실현&cr;   ·투명경영 확립&cr;,용석원,20250430-20280429,국립공원공단 경주국립공원 소장&cr;국립공원공단 행정처장&cr;국립공원공단 소백산국립공원 소장,경상북도,경상북도 상주시 도남2길 137 국립낙동강생물자원관,https://www.nnibr.re.kr,620-82-10287,-
41,국립농업박물관,기타공공기관,농림축산식품부,「국립농업박물관법」,20220225,농업·농촌의 공익적 기능을 널리 알리기 위하여 유물과 사료 등을 전시·교육하고  체험하게 함으로써 농업·농촌의 지속 가능한 발전에 기여,- 박물관 기본 운영계획 및 중장기 발전계획의 수립·시행&cr;- 농업 및 농촌공동체의 역사와 문화에 관한 유물과 사료(이하 "박물관 자료"라 한다) 및 미래농업에 관한 사항의 수집·보존·관리·조사·연구·전시·체험· 교육&cr;- 박물관 자료 등의 홍보·활용과 이에 관한 각종 간행물의 제작 및 보급&cr;- 박물관 사업과 관련된 국내외 교류·협력&cr;- 박물관 전시·체험시설 등의 운영 및 교육이나 체험 프로그램 개발·운영&cr;- 박물관 설립목적의 범위에서 운영재원을 조달하기 위한 수익사업&cr;- 그 밖에 농림축산식품부장관으로부터 위탁받은 업무,('12.11.) '농어업 역사문화 전시체험관' 기초 연구 실시&cr;('13.12.) '농어업 역사문화 전시체험관' 건립 부지 확보&cr;('15.11.) 예비타당성조사 통과 및 예산 반영&cr;('19.10.) 박물관 시설공사 계약 및 착공식(12.4.)&cr;('21.06.) 「국립농업박물관법」제정&cr;('22.02.) 국립농업박물관 법인 설립&cr;('22.12.) 국립농업박물관 개관&cr;('26.02.) 국립농업박물관 기타공공기관 지정(2.12.),[경영목표]&cr;- 미션: 전시·교육·체험으로 농업·농촌의 공익적 기능 확산 및 지속가능한 발전 선도&cr;- 비전: 국립농업박물관! 모두가 찾아오고 싶은 생활·문화공간&cr;- 핵심가치: 행복  상생  소통  안전&cr;- 경영목표(~'30): 관람객 100만명  관람 만족도 90점  대국민 농업·농촌 데이터 제공 18 000건  관람객 안전사고 ZERO&cr;&cr;[경영전략]&cr;- 관람객과 교감하는 쉼터로서의 박물관&cr;- 과거 문화 역사와 미래 세대를 연결하는 박물관&cr;- 차별화된 정체성을 지닌 박물관&cr;- 지속가능경영을 실천하는 박물관,오경태,20250428-20280427,경북대학교 농업생명과학대학 초빙교수&cr;농림식품기술기획평가원 원장&cr;농림축산식품부 차관보,경기도,경기도 수원시 권선구 수인로 154,https://namuk.or.kr,386-82-00365,-
42,국립대구과학관,기타공공기관,과학기술정보통신부,과학관의 설립운영 및 육성에 관한 법률 제6조의2,20130624, 과학기술 자료를 수집  조사  연구하여 이를 보존 및 전시하고  과학기술 교육프로그램을 개설하여 과학기술 지식을 보급함으로써 과학기술 문화 창달과 청소년의 과학에 대한 탐구심을 함양하며  국민의 과학기술에 대한 이해 증진에 기여,-전시 교육 특별전 등을 통한 과학기술 문화 확산&cr;-과학기술자료의 발굴  수집  보존  관리 및 전시&cr;-과학기술자료에 관한 전문적  학술적인 조사  연구&cr;-과학기술교육프로그램의 개설  운영&cr;-과학기술자료에 관한 각종 간행물의 제작 및 배포,-2007. 10. 국립대구과학관 건립 기본계획 수립&cr;-2008. 10. 건립사업 업무협약 체결(교과부-기재부-대구광역시)&cr;-2009. 12. 국립대구과학관 착공(12.17)&cr;-2012. 10. 국립대구과학관 건축공사 및 전시공사 완료&cr;-2013. 12. 국립대구과학관 개관(12.24.)&cr;-2015. 01. 기타공공기관 지정(기획재정부)&cr;-2016. 01. 국립대구과학관 후원회 설립&cr;-2020. 03. 공동직장어린이집 개원&cr;-2020. 04. 정문주차장 신설&cr;-2020. 09. 어린이과학관/미래형자동차전용관 착공&cr;-2021. 02. 누적관람객 500만 명 돌파&cr;-2021. 12. 꿈나무과학관(어린이과학관  자동차전용관) 개관&cr;-2022. 12. 상설전시3관 '생명의 진화관' 개관&cr;-2023. 04. 꿈나무과학관 內 과학공연장  과학도서관 개관&cr;-2023. 07. 누적관람객 600만명 돌파&cr;-2023. 07. 수성창의과학센터 개관&cr;-2023. 09. 상설전시4관 '과학기술문명사관'개관&cr;-2024. 06. 제6대 이난희 관장 취힘(6.5.)&cr;-2024. 10. 누적관람객 700만 돌파&cr;-2025. 01. 꿈나무과학관 內 '꿈나무과학교육센터' 개관&cr;-2025. 10. 누적관람객 800만 돌파,-미션 : 국민의 과학기술 체험 및 문화 향유를 지원하는 과학문화 복합 여가 공간&cr;-비전 : 국민과 소통하는 복합문화공간으로서의 과학관&cr;-추진전략&cr;1. 과학문화 확산 거점으로서의 과학관 역할 강화&cr;2. 누구나 다양하게 즐길 수 있는 맞춤형 서비스 제공&cr;3. 과학관 상생발전을 위한 협력 네트워크 구축,이난희,20240605-20270604,(현) 국립대구과학관 관장&cr;대구한의대학교 메디푸드HMR산업학과 교수&cr;대구과학대 식품영양조리과 교수,대구광역시,대구광역시 달성군 유가읍 테크노대로 6길 20,www.dnsm.or.kr,514-82-14407,-
43,국립박물관문화재단,기타공공기관,문화체육관광부,박물관 및 미술관 진흥법 제35조,20040720,&cr;국립박물관문화재단은 국립중앙박물관의 용산 이전 개관 시(2004년) 박물관을 복합문화공간화하고자 재단법인 「국립중앙박물관문화재단」으로 설립되었으며  2010년 「박물관 및 미술관 진흥법」개정(2010년 12월)으로 인하여 2011년 1월 법정법인 「국립박물관문화재단」으로 새롭게 설립되었습니다.&cr;국립박물관문화재단은 문화유산의 보존 계승 및 이용촉진과 문화예술사업 추진을 통해 국민의 문화향휴 기회를 증진하고 편익을 도모하고자 하며  다양한 문화예술사업 추진을 통해 국민의 문화향수 기회증진에 기여하고 적극적인 박물관상품 개발과 박물관 내 편의 시설의 체계적인 운영을 통해 이용객의 편익 도모에 최선의 노력을 다 하고자 합니다.&cr;,&cr;-「박물관 및 미술관 진흥법」 제35조제4항에 따른 기능 및 역할 수행&cr;- 국립박물관 공연장 운영&cr;- 문화예술 창작품 개발 및 보급&cr;- 문화관광상품의 개발과 제작 및 보급&cr;- 박물관상품관 등 박물관 내 편의시설 등의 운영&cr;- 국가  지방자치단체 및 공공기관 등으로부터 위탁받은 사업&cr;- 문화유산 콘텐츠를 활용한 출판사업&cr;- 국립박물관 지원 및 박물관 발전을 위한 사업&cr;- 박물관 문화예술사업 관련 국내외 교류 활동 및 교육&cr;- 그 밖에 문화재단의 설립목적에 필요한 사업&cr;,&cr;- 2004. 6. 28. (재)국립중앙박물관문화재단 설립허가&cr;- 2004. 7. 20. (재)국립중앙박물관문화재단 설립 &cr;- 2005. 10. 28. 박물관개관 및 재단사업 개시&cr;- 2006. 12. 14. 전문예술법인 지정&cr;- 2007. 4. 11. 기타공공기관 지정&cr;- 2011. 1. 5.「박물관 및 미술관 진흥법」에 의한 국립박물관문화재단 설립허가&cr;- 2011. 1. 10. 국립박물관문화재단 출범&cr;,&cr;- 미션 : 박물관 문화가치 확산으로 국민 행복에 기여&cr;- 비전 : 박물관 문화유산의 새로운 가치를 창출하는 문화예술 전문기관&cr;- 핵심가치 : 창의성  전문성  상생  혁신&cr;- 전략방향 : 박물관 문화콘텐츠 창출/박물관 문화사업 혁신 성장/ 박물관 문화사업 공공가치 향상/지속 가능한 경영환경 조성&cr;,정용석,20240614-20270613,&cr;- 前 대통령비서실 문화체육관비서관실 선임행정관&cr;- 前 (주)지엔씨미디어 부사장&cr;- 前 (주)아트파워 부사장&cr;- 前 (사)선현문화나눔협회 상임이사&cr;,서울특별시,서울특별시 용산구 서빙고로 137,www.nmf.or.kr,106-82-12358,-
44,국립부산과학관,기타공공기관,과학기술정보통신부,과학관의 설립ㆍ운영 및 육성에 관한 법률 제6조의2,20150713, - 과학에 대한 전시체험 등을 통해 청소년의 과학에 대한 탐구심을 함양하고  국민의 과학기술에 대한 이해증진에 기여&cr;- 과학기술 교육프로그램을 활성화하여 과학지식을 보급함으로써 과학기술 문화를 창달  과학기술자료를 수집ㆍ조사ㆍ연구하여 이를 보존·전시&cr;- 동남권 지역의 과학문화 확산 기반을 조성하고  학교 밖 과학교육을 활성화,- 과학 및 산업기술 자료 등의 발굴ㆍ수집ㆍ보존ㆍ관리 및 전시&cr;- 과학 및 산업기술 자료 등에 관한 전문적ㆍ학술적인 조사ㆍ연구개발&cr;- 과학기술 교육프로그램의 개설ㆍ운영&cr;- 과학기술 자료에 관한 각종 간행물의 제작ㆍ배포&cr;- 국내외 다른 과학관과의 과학기술자료  간행물 또는 정보의 교환 및 공동연구 등의 협력&cr;- 부산ㆍ울산ㆍ경남지역의 과학기술 전시기법 및 전시품의 개발ㆍ운영ㆍ보급&cr;- 부산ㆍ울산ㆍ경남의 과학교육 및 과학문화 대중화 프로그램의 개발ㆍ운영ㆍ보급&cr;- 국내외 국립과학관  공립ㆍ사립과학관과 교육기관 및 연구기관  박물관 및 미술관  기업 등과의 교류ㆍ협력 및 지원 사업&cr;- 과학기술정보통신부장관  지방자치단체 및 기타 기관 등으로부터 위탁받는 사업&cr;- 그 밖의 과학관의 설립 목적을 위하여 필요한 사업,&cr;’05.03. '과학문화도시-부산' 선포식<동남권 국립과학관 건립 건의>&cr;’06.05. 동남권 국립과학관 유치 서명(114만여명)&cr;’06.09. 동남권 국립과학관 건립 국회 청원&cr;’10.09. 부산과학관 건립 기본계획 수립(9.30.)&cr;’11.06. 부산과학관 업무협약 체결(6.20.) *미래부-기재부-부산시&cr;’13.01. 국립부산과학관 건립 착공&cr;’15.06. 국립부산과학관 준공&cr;’15.07. 법인설립 및 이영활 초대관장 취임(7.13.)&cr;’15.12. 국립부산과학관 개관(12.11.)&cr;’16.11. 누적관람객 100만명 돌파(11.27.)&cr;’17.01. 기타공공기관 지정&cr;’18.01. 제2대 고현숙 관장 취임(1.15.)&cr;’19.12. 누적관람객 400만명 돌파(12.21.)&cr;’20.12. 어린이과학관·캠프관 건립 착공(12.4.)&cr;’21.04. 제3대 김영환 관장 취임(4.12.)&cr;’22.06. 어린이과학관·과학교육캠프관 개관(6.16.)&cr;’22.08. 누적관람객 500만명 돌파(8.5.)&cr;’23.09. 누적관람객 600만명 돌파(9.17.)&cr;’24.09. 누적관람객 700만명 돌파(9.27.)&cr;’24.11. 제4대 송삼종 관장 취임(11.5.)&cr;,&cr;[경영목표]&cr;- 미션 : 창의적 사고와 미래가치 역량을 갖춘 과학인재 양성&cr;- 비전 : 상상하는 무한의 과학세계  미래를 현실로 만드는 과학관&cr;- 슬로건 : 과학의 길 10년  국민과 함께하는 새로운 미래&cr;[경영전략]&cr;- 미래과학기술 선도 및 차별화된 전시ㆍ문화 콘텐츠 확충&cr;- 미래형 과학기술교육 거점 역할 확립&cr;- 전시운영 서비스 질적 수준 향상과 친화적 이미지 브랜딩&cr;- Triple Helix 혁신성장 기반 확립과 ESG 책임경영 체계 고도화&cr;,송삼종,20241105-20271104,(현)국립부산과학관 관장&cr;부산광역시 상수도사업본부 본부장&cr;부산광역시 부산인재개발원 원장,부산광역시,부산광역시 기장군 기장읍 동부산관광6로 59, http://www.sciport.or.kr,117-82-07059,-
45,국립생태원,준정부기관(위탁집행형),기후에너지환경부,국립생태원의 설립 및 운영에 관한 법률,20131028,생태와 생태계에 관한 조사ㆍ연구ㆍ전시 및 대국민 교육 등을 체계적으로 수행하여 환경을 보전하고 올바른 환경의식 함양,ㅇ 생태조사연구ㆍ평가 등 법정위탁사업 수행  자연환경 분야 정책지원  생태계 서비스 연구 및 외래생물 안전관리&cr; ㅇ 동식물 생태전시 및 생태문화 확산을 위한 전시 콘텐츠 개발&cr; ㅇ 생태마인드 함양 프로그램 및 생태지식 콘텐츠 개발ㆍ보급&cr; ㅇ 멸종위기 야생생물 보전ㆍ증식 및 복원  국제적 멸종위기동물 보호시설 설치ㆍ운영&cr; ㅇ 생태관광 자원발굴 및 지역협력 등을 통한 경제 활성화 기여, ㅇ 서천발전을 위한 "정부와 서천군 공동협약" 체결('07.6.8.)&cr; ㅇ "국립생태원의 설립 및 운영에 관한 법률('13.9.13.시행)" 제정('13.6.12.)&cr; ㅇ 국립생태원 법인 설립등기('13.10.28.)&cr; ㅇ 공공기관(위탁집행형 준정부기관) 지정('14.1.24.)&cr; ㅇ 멸종위기종복원센터 소속 조직 신설('18.1.1.)&cr; ㅇ 국립습지센터 이관('19.5.31.)&cr; ㅇ CITES동물 보호시설 개소('21.7.5.)&cr; ㅇ 유기ㆍ방치 야생동물 보호시설 개소('24.1.24.),&cr;&cr; &cr;ㅇ 미션: 자연생태계 보전과 생태가치 확산으로 지속가능한 미래 구현&cr; ㅇ 비전:「&cr;기후위기 대응과 생태복원으로」&cr;자연과 인간의 공존을 실현하는 생태리더&cr; ㅇ 핵심가치: 기후위기 대응  생물다양성 증진  자연과 인간 공존  국민공감대 형성  지속적 조직혁신 &cr;ㅇ 경영목표: 기후위기 대응 생태연구 혁신  자연-인간 상생 생태체계 구축  생태가치 국민공감 확산  혁신경영 체질 개선&cr;&cr;ㅇ 4대 전략 방향&cr;  - 기후ㆍ생태 연구 선도  &cr;  - 생물다양성 증진과 공존 기반 강화&cr;  - 생태가치 확산 리더십 실현&cr;  - 미래대응 혁신경영 강화&cr; ㅇ 12대 전략과제&cr;  - 기후위기 대응 생태관리 강화  &cr;  - AI 기반 생태조사 선도  &cr;  - 기후ㆍ생태 연계 정책서비스 혁신&cr;  - 멸종위기종 보전ㆍ복원 선진화&cr;  - 생태복원 및 연결성 강화&cr;  - 야생동물 공존기반 확립&cr;  - 기후ㆍ생태 전시 체험 확대&cr;  - 생태교육 내실화 및 전문인력 양성&cr;  - 생태가치 참여기반 확산&cr;  - AX 혁신경영 체계 정립&cr;  - ESSG 경영 내재화&cr;  - 소통ㆍ협력 중심 합리경영 &cr;,이창석,20250123-20280122,서울여자대학교 생명환경공학과 연구석좌교수&cr; 환경부 국립생태원건립추진기획단 단장&cr; 서울여자대학교 생명환경학과 교수,충청남도,충청남도 서천군 마서면 금강로 1210 국립생태원,http://www.nie.re.kr,313-82-04970,-
46,국립아시아문화전당재단,기타공공기관,문화체육관광부,아시아문화중심도시 조성에 관한 특별법 제28조,20220117,아시아 문화의 다양성과 창의성을 기반으로 하는 콘텐츠의 진흥·보급 및 이용 촉진과 국민의 문화향유 증진,- 아시아 문화 관련 어린이 체험·교육시설 운영&cr;- 아시아 문화 관련 콘텐츠의 활용·유통&cr;- 문화관광상품의 개발과 제작 및 보급&cr;- 문화상품점  식음료 매장  그 밖의 편의 시설 등의 운영&cr;- 국가  지방자치단체 및 공공기관 등으로부터 위탁받은 사업&cr;- 그 밖에 문화재단의 설립 목적을 달성하는 데 필요한 사업,- 2022.01.17. 국립아시아문화전당재단 설립&cr;- 2025.01.22. 기타공공기관 지정&cr;- 2025.05.07. 김명규 사장 취임,- 미션: 아시아 문화콘텐츠의 진흥·보급을 통한 국민의 문화향유 증진&cr;- 비전: 아시아 문화와 콘텐츠를 연결하는 문화서비스 전문기관&cr;- 핵심가치: 대중성  상생협력  지속성장  소통혁신&cr;- 전략목표&cr; · 대중친화적 아시아 문화콘텐츠 보급&cr; · 아시아문화 기반의 어린이콘텐츠 가치 확산&cr; · 고객감동을 위한 서비스 지속 강화&cr; · 지속가능경영을 위한 경영전략 고도화,김명규,20250507-20280506,- 조선대학교 산학협력단 특임교수&cr;- (주)스테이지엑스이엔티 대표&cr;- (주)광대무변 영화제작사 대표&cr;- 대한걷기연맹 이사&cr;- 사회적 기업 <극단 광대무변> 대표&cr;,광주광역시,광주광역시 동구 문화전당로 38,www.accf.or.kr,582-82-00492,-
47,국립암센터,기타공공기관,보건복지부,국립암센터법 [법률 제6149호 2000. 1. 12.] [2011. 6. 1. 폐지]&cr;&cr;&cr;암관리법 [법률 제19896호  2024. 1. 2. 일부개정] [ 2025. 1. 3. 시행]&cr;,20000322,국립암센터는 암관리법에 따라 암에 관한 전문적인 연구와 암환자의 진료 등을&cr;수행함으로써 국민보건의 향상에 이바지함을 목적으로 한다.,&cr;- 암의 발생ㆍ예방ㆍ진단ㆍ치료 및 관리 등에 관한 연구&cr;- 암환자의 진료&cr;- 암의 예방 및 암의 관리에 관한 홍보&cr;- 암과 관련된 정보ㆍ통계의 수집ㆍ분석 및 제공&cr;&cr;- 암과 관련된 국내ㆍ외 협력&cr;&cr;- 암의 예방ㆍ진단 및 치료 등에 관한 신기술의 개발 및 보급&cr;- 국립암센터국제암대학원대학교의 암전문인력 양성을 위한 교육&cr;- 암 통합 데이터의 구축 등 암데이터사업&cr;- 암생존자통합지지사업  발암요인관리사업 등 암관리법에 따라 위탁받은 사업&cr;,- 2000.01. 국립암센터법 공포&cr;- 2000.03. 국립암센터 법인 설립&cr;- 2000.10. 진료 개시(환자중심의 센터제 운영)&cr;- 2001.06. 국립암센터 개원&cr;- 2005.06. 연구동 개관&cr;- 2007.04. 기타공공기관 지정&cr;- 2007.06. 국가암검진지원센터 및 양성자치료시설 개관&cr;- 2010.05. 암관리법 개정안 공포&cr;- 2014.03. 국제암대학원대학교 특수대학원 개교&cr;- 2017.03. 국립암센터국제암대학원대학교 전문대학원 개원&cr;- 2024.11. 제9대 양한광 원장 취임,- 국가암데이터 10 000건 제공&cr; ㆍ국가암관리사업의 신모델 창조&cr;- 국가암진료가이드라인 25건 개발&cr; ㆍ선제적 암진료 모델 제시&cr;- CNS-NLJ급 논문 10건 등재&cr; ㆍ혁신적 국가 암 연구 생태계 고도화&cr;- 국내외 암전문인력 15 000명 양성&cr; ㆍ국제적 암전문교육기관 위상 강화&cr;- 공공기관 고객만족도 90점 달성&cr; ㆍ국민과 환자 중심의 사회적 책임 구현,양한광,20241104-20271103,- 국제위암학회 사무총장&cr;- 서울대학교병원 암병원장&cr;- 대한암학회 이사장,경기도,경기도 고양시 일산동구 일산로 323,www.ncc.re.kr,128-82-06609,-
48,국립울진해양과학관,기타공공기관,해양수산부,국립해양과학관의 설립 및 운영에 관한 법률 제3조(설립),20200520,해양과학에 관한 자료의 수집  보존  전시  연구를 체계적으로 수행하고 각종 해양과학 관련 프로그램을 운영하여 해양에 관한 이해를 증진하고 해양산업 발전에 이바지함,ㅇ 해양과학에 관한 자료의 수집·보존·전시 및 교육&cr;ㅇ 해양과학 교육프로그램의 개발·운영&cr;ㅇ 해양과학 관련 교원 연수 등 해양교육 전문 인력 양성,(2020.07) 국립해양과학관 개관&cr;(2020.05) 국립해양과학관 법인출범 및 초대관장서장우 취임&cr;(2019.12) 국립해양과학관 공사준공&cr;(2019.12) 국립해양과학관 설립 및 운영에 관한 법률 제정,ㅇ (경영목표) 해양과학 전시  교육 전문기관 선진 모델 구축&cr;ㅇ (추진전략)&cr;- 특화된 해양과학 전시  체험을 통한 전문과학관 가치 제고&cr;- 해양과학 특성화 교육으로 해양과학 인재양성 추진&cr;- 온앤오프 해양과학 문화 활성화&cr;- 기관 운영의 전문성  효율성  공익성 강화,김외철,20231120-20261119,한국인공지능협회 상근부회장&cr;경상북도 서울본부장&cr;국무총리비서실,경상북도,경상북도 울진군 죽변면 해양과학길 8,www.kosm.or.kr,561-82-00476,-
49,국립인천해양박물관,기타공공기관,해양수산부,국립해양박물관 등의 설립 및 운영에 관한 법률 제2조(국립해양박물관 등의 법인격),20240528,해양문화와 해양수산업의 유산을 발굴ㆍ보존ㆍ연구하고  전시를 체계적으로 수행하여 해양문화의 진흥과 해양수산업의 발전에 이바지,1. 박물관 기본운영계획 및 중장기발전계획의 수립ㆍ시행&cr;2. 박물관자료의 수집ㆍ보존ㆍ관리 및 전시&cr;3. 박물관자료의 조사ㆍ연구&cr;4. 박물관자료에 대한 교육&cr;5. 박물관자료에 관한 홍보와 이에 관한 각종 간행물의 제작 및 배포&cr;6. 부설기관의 운영ㆍ관리&cr;7. 박물관자료와 관련된 국내외 교류ㆍ협력&cr;8. 박물관의 설립목적의 범위에서 운영재원 조달을 위한 수익사업&cr;9. 제1호부터 제8호까지의 사업에 딸린 업무&cr;10. 그 밖에 해양업무와 관련된 것으로서 해양수산부장관으로부터 위탁받은 업무,(2026.01) 기타공공기관 지정&cr;(2024.12) 국립인천해양박물관 개관&cr;(2024.05) 국립인천해양박물관 설립 및 초대관장 우동식 취임,- 미션 : 해양 유산을 보존  연구  전시하고 해양문화의 진흥과 해양산업의 지속가능&cr;한 발전에 기여&cr;- 비전 : 사람  바다  세계를 담는 세계적 수준의 해양박물관&cr;- 목표 : 2029년까지 누적 관람객 '400만명'  수집자료 '2만점'  교육문화 프로그램 참여 '3만명'  관람객 만족 '90점 이상' 달성&cr;- 핵심가치 : 포용  창조  협력  지속가능&cr;- 전략목표&cr;ㅇ 창의적 콘텐츠 기반의 복합 해양문화 공간 운영&cr;ㅇ 연구 조사 유물 보존을 통한 해양문화 가치 창조&cr;ㅇ 해양문화 협력 확대 및 교육체계 강화&cr;ㅇ 지속가능한 경영체계 구축,우동식,20240528-20270527,前 국립수산과학원 원장&cr;前 해양수산부 국제협력정책관&cr;前 국립수산물품질관리원 원장&cr;前 해양수산부 감사담당관&cr;前 해양수산부 수산정책과장,인천광역시,인천광역시 중구 월미로 294,https://www.inmm.or.kr,823-82-00544,-
50,국립중앙의료원,기타공공기관,보건복지부,국립중앙의료원의 설립 및 운영에 관한 법률,20100402,공공의료의 효율성과 만족도를 높이고 수준 높은 공공보건의료기관으로 육성하여 공공의료를 선도하게 함으로써 국민건강증진과 국가보건의료의 발전에 이바지함을 목적으로 한다.,&cr;1. 공공보건의료에 관한 임상진료지침의 개발 및 보급&cr;2. 노인성질환의 예방 및 관리&cr;3. 희귀난치질환 등 국가가 특별히 관리할 필요가 있다고 인정되는 질병에 대한 관리&cr;4. 감염병 및 비감염병 또는 재난으로 인한 환자의 진료 등의 예방과 관리&cr;5. 남북의 보건의료 협력과 국제 보건의료 관련 국내외 협력&cr;6. 민간 및 공공보건의료기관에 대한 기술 지원&cr;7. 진료 및 의학계  한방진료 및 한의학계 관련 연구&cr;8. 전공의의 수련 및 의료 인력의 훈련&cr;9. 「응급의료에 관한 법률」 제25조에 따른 응급의료에 관한 각종 사업의 지원&cr;10. 「모자보건법」 제10조의6에 따른 고위험 임산부 및 미숙아등의 의료지원에 필요한 각종 사업의 지원&cr;11.「공공보건의료에 관한 법률」 제21조에 따른 공공보건의료에 관한 각종 업무의 지원&cr;12. 공공보건의료에 관하여 보건복지부장관이 위탁하는 사업&cr;13. 제1호 내지 제12호의 사업에 부대되는 사업&cr;,&cr;1953.03 UNKRA  스웨덴  덴마크  노르웨이 및 한국정부간의 “국립중앙의료원의 설립 및 운영에 관한 협정 체결&cr;1958.11 국립중앙의료원 개원&cr;1968.10 한국정부에서 운영권 인수&cr;2000.07 중앙응급의료센터 지정&cr;2010.04 국립중앙의료원 출범&cr;2010.07 국립중앙의료원  기타공공기관 지정&cr;2015.06 메르스 전담 중앙거점 의료기관 지정&cr;2015.07 공공보건의료교육훈련센터 운영 위탁&cr;2016.03 공공보건의료연구소 개소&cr;2017.02 국립중앙의료원 중앙감염병 병원으로 지정&cr;2020.01 국립중앙의료원  중앙치매센터 위탁 운영&cr;2020.01 코로나19 대응 중앙감염병병원 역할 수행&cr;2020.07 국립중앙의료원 방산동 미공병단부지 이전 업무협약(보건복지부-서울시)&cr;2022.06 국립중앙의료원 ‘대한민국 해외긴급구호대(KDRT)’  세계보건기구 긴급의료팀 인증 획득&cr;2023.07 서울권역외상센터 개소&cr;2024.04 시니어의사지원센터 개소&cr;2025.03 국립중앙의료원 제6대 서길준 원장 취임&cr;,&cr;1. 미션 : 국민의 건강한 내일을 지키는 국가중심병원&cr;2. 비전 : 공공의료의 미래를 선도하고  국민이 신뢰하는 국립중앙의료원&cr;○ 공공성 - 사회 전반의 의료 격차를 해소하고  모든 국민에게 동등한 의료 이용 기회를 보장함&cr;○ 혁신 - 기존의 틀을 넘어 새로운 방식으로 문제를 해결하고 지속적으로 개선함&cr;○ 전문성 - 높은 수준의 지식과 역량을 바탕으로 최고의 의료서비스를 제공함&cr;○ 신뢰 - 책임감과 사명감으로 국민에게 신뢰받으며  조직 구성원간 정직과 상호 존중을 실천함&cr;○ 리더쉽 - 공공의료를 선도하며 타 기관에 모범이 되는 영향력을 발휘하고  국가 보건의료 정책을 이끄는 중심기관의 역할을 수행함 &cr;,서길준,20250319-20280318,&cr;○ 국립중앙의료원 원장(2025.3.~)&cr;○ 대한민국의학한림원 정회원(2016.1 ~ 현재)&cr;○ 국립중앙의료원 기획조정실장  진료부원장  공공보건의료본부장(2012.1 ~ 2013.12)&cr;○ 대한외상학회 회장(2012 ~ 2013)&cr;○ 대한응급의학회 이사장(2009.11 ~ 2011.10)&cr;○ 서울대학교 의과대학 주임교수(2003.12 ~ 2010.7.)&cr;○ 서울대학교병원 응급의학과장(2000.7. ~ 2010.7.)&cr;&cr;&cr;,서울특별시,서울특별시 서울특별시 중구 을지로 245,www.nmc.or.kr,104-82-11329,-
51,국립항공박물관,기타공공기관,국토교통부,국립항공박물관법,20191223,항공문화와 항공산업의 유산을 발굴·보존·연구 및 전시함으로써 항공문화의 진흥과 항공산업의 발전에 이바지,1. 박물관 기본운영계획 및 중장기발전계획의 수립·시행&cr;2. 박물관 자료의 수집·보존·관리 및 전시&cr;3. 박물관 자료의 조사·연구&cr;4. 박물관 자료에 대한 교육&cr;5. 박물관 자료에 관한 홍보와 이에 관한 각종 간행물의 제작 및 배포&cr;6. 부설기관의 운영·관리&cr;7. 박물관 자료와 관련된 국내외 교류·협력&cr;8. 박물관의 설립 목적의 범위에서 운영재원 조달을 위한 수익사업&cr;9. 제1호부터 제8호까지의 사업에 딸린 업무&cr;10. 그 밖에 항공업무와 관련된 것으로서 국토교통부장관으로부터 위탁받은 업무,2014. 12. 31. 제2차 항공정책기본계획('15~'19)에 박물관 건립 반영·고시&cr;2017. 11. 10. 국립항공박물관 착공&cr;2019. 08. 20. 국립항공박물관법 제정&cr;2019. 12. 23. 국립항공박물관 운영법인 설립&cr;2020. 07. 05. 국립항공박물관 개관&cr;2021. 02. 04. 기타공공기관 지정&cr;2022. 01. 14. 국립항공박물관 박물관(1종 종합박물관) 등록,미션: 항공 문화유산 발굴을 통해 항공 문화 대중화와 인식을 증진하고  항공산업 가치 창출로 국가 미래를 열어간다&cr;비전: 미래를 여는 항공문화 중심기관 "가장 높은 꿈을 가장 가깝게 만나는 곳",박연진,20250502-20280501,&cr;국토교통부 정책기획관&cr;국토교통부 국토발전전시관장(겸임)&cr;충남도청 건설교통국장&cr;국토교통부 공항정책과장&cr;,서울특별시,서울특별시 강서구 하늘길 177(공항동),wwww.aviation.or.kr,187-82-00303,-
52,국립해양박물관,기타공공기관,해양수산부,국립해양박물관 등의 설립 및 운영에 관한 법률 제2조(국립해양박물관 등의 법인격),20120709,해양문화와 해양수산업의 유산을 발굴ㆍ보존ㆍ연구하고  전시를 체계적으로 수행하여 해양문화의 진흥과 해양수산업의 발전에 이바지,1. 박물관 기본운영계획 및 중장기발전계획의 수립ㆍ시행&cr;2. 박물관자료의 수집ㆍ보존ㆍ관리 및 전시&cr;3. 박물관자료의 조사ㆍ연구&cr;4. 박물관자료에 대한 교육&cr;5. 박물관자료에 관한 홍보와 이에 관한 각종 간행물의 제작 및 배포&cr;6. 부설기관의 운영ㆍ관리&cr;7. 박물관자료와 관련된 국내외 교류ㆍ협력&cr;8. 박물관의 설립목적의 범위에서 운영재원 조달을 위한 수익사업&cr;9. 제1호부터 제8호까지의 사업에 딸린 업무&cr;10. 그 밖에 해양업무와 관련된 것으로서 해양수산부장관으로부터 위탁받은 업무,(2024.03) 국립해양박물관 김종해 관장 취임&cr;(2020.12) 국립해양박물관 김태만 관장 취임&cr;(2018.07) 국립해양박물관 주강현 관장 취임&cr;(2015.04) 국립해양박물관 특수법인 출범 및 초대관장 손재학 선임&cr;(2014.04) 국립해양박물관법 제정&cr;(2012.07) 국립해양박물관 개관&cr;(2012.04) 국립해양박물관 공사준공&cr;(2009.07) 국립해양박물관 임대형민자사업 실시협약 체결, - 미션 : 해양문화 진흥과 해양수산업 발전에 이바지&cr; - 비전 : 모두가 함께하는 해양문화 허브(HUB)&cr; - 목표 : 해양문화를 선도하는 세계 일류 해양박물관&cr; - 핵심가치 : 고객만족  지역상생  소통협업  책임발전&cr; - 전략방향&cr; ㅇ 해양유산 보존연구&cr; ㅇ 해양문화 전시ㆍ교육&cr; ㅇ 해양문화 교류&cr; ㅇ 공감조직 직원존중,김종해,20240304-20270303,前 동서대학교 행정학과 교수&cr;前 부산시 행정부시장&cr;前 행정안전부 지방행정연수원장&cr;前 부산시 정책기획실장&cr;前 부산시 수영구청 부구청장,부산광역시,부산광역시 영도구 해양로 301번길 45,www.mmk.or.kr,826-82-00029,-
53,국립해양생물자원관,기타공공기관,해양수산부,「국립해양생물자원관의 설립 및 운영에 관한 법률」,20150420,해양생물자원의 수집·보존·전시 및 연구 등을 체계적으로 수행함으로써 해양생물자원의 보전 및 해양수산업 발전에 기여,○ 해양생물자원의 수집·보존·관리 및 조사·연구&cr;○ 해양생물자원의 전시 및 교육&cr;○ 해양생물자원으로부터 유래된 정보의 수집·등록·보존·이용 및 평가&cr;○ 해양생물자원의 통합정보시스템 구축·운영&cr;○ 해양수산생명자원 책임기관 운영,(2007.06.08) 정부와 서천군 간 "서천발전 정부대안사업 공동협약" 체결&cr;(2014.10.15) 「국립해양생물자원관의 설립 및 운영에 관한 법률」공포&cr;(2015.04.20) 국립해양생물자원관 법인 설립 및 초대관장 취임&cr;(2016.02.03) 기타 공공기관 지정&cr;(2016.03.18) 해양수산생명자원 책임기관 지정&cr;(2018.07.02) 제2대 관장 취임&cr;(2019.12.31) 해외 해양생물자원 확보 현지 공동연구소 개소&cr;(2020.01.01) 해양생명자원 ABS 정보지원센터 설치&cr;(2020.12.31) 해양바이오뱅크 공식 출범&cr;(2021.11.15) 제3대 관장 취임&cr;(2023.06.21) 22년 경영실적평가 최초 ‘우수’ 등급 획득&cr;(2023.12.21) 씨큐리움 리뉴얼 재개관(LED 미디어아트)&cr;(2025.02.24) 제4대 관장 취임,(미션) 해양생명자원 다양성 보전과 지속가능한 이용으로 국가 발전 및 인류혜택 기여 &cr;(비전) 사람과 해양의 지속가능한 공존을 선도하는 해양생명자원 전문기관&cr;(핵심가치) 책임 / 혁신 / 상생 / 존중&cr;(전략방향) 해양생물다양성 국가 컨트롤타워 위상 제고 / 해양바이오산업 허브 역할 강화 / 미래지향 해양생명 가치확산 극대화 / 조직역량 강화를 통한 지속가능한 혁신 성장&cr;(2026년 사업추진 전략)&cr;1. 해양생물다양성 국가 컨트롤타워 위상 제고&cr;2. 해양바이오산업 허브 역할 강화&cr;3. 미래지향 해양생명 가치확산 극대화&cr;4. 조직역량 강화를 통한 지속가능한 혁신 성장,김현태,20250224-20280223,○ (前)해양수산부 수산정책실 실장&cr;○ (前)해양수산부 수산정책실 수산정책관&cr;○ (前)해양수산부 해양정책실 국제협력정책관 등,충청남도,충청남도 서천군 장항읍 장산로 101번길 75,www.mabik.re.kr,137-82-10048,-
54,국립호남권생물자원관,기타공공기관,기후에너지환경부,「생물자원관의 설립 및 운영에 관한 법률」,20200821,도서연안 중심 국가 생물주권 확보  생물다양성 보전 및 생물자원의 지속가능한 이용에 기여,도서·연안 및 그 인근 지역에 대한 생물자원의 조사·발굴 및 수장관리&cr;도서·연안 생물자원의 유전자원  천연물  종자 등 생물자원 소재의 확보·배양·추출 및 분양·제공&cr;도서·연안 생물자원의 보전·이용 기술개발과 실용화·사업화 지원 및 그에 관한 연구&cr;생물자원에 대한 전시·교육 프로그램 개설·운영 및 간행물의 제작·배포 등,2006.02. : 권역별 생물자원관 건립 추진(자연환경보전기본계획 반영)&cr;2014.12. : 호남권생물자원관 건립 기본계획 확정&cr;2019.11. : 건립공사 준공&cr;2020.02. : 「생물자원관법」개정·시행으로 법인기관 근거 마련&cr;2020.08. : 법인 설립 등기&cr;2021.02. : 기타공공기관(연구개발목적기관)으로 지정&cr;2021.05. : 국립호남권생물자원관 개관&cr;2021.11. : 섬생물소재은행 개소&cr;2024.05. : 한국섬온실 개원&cr;2025.02. : 섬연안 생물교육관 개원&cr;2025.03. : 공익법인 지정,(경영목표)&cr;-미션: 도서·연안 생물다양성 보전과 생물자원의 현명한 이용으로 국민의 풍요로운 삶에 기여&cr;-비전: 기후위기 시대  생물자원의 가치를 모두가 누리는 행복한 미래 실현&cr;(전략목표)&cr;- 도서·연안 생물다양성 가치 발굴로 과학적 보전 기반 마련&cr;- 환경현안 대응  산업화 선도 생물소재 기술혁신 허브 구축&cr;- 미래세대 생물다양성 인식 제고 및 소통체계 구축&cr;- 지역과 함께 성장하는 ESG·디지털 융합형 혁신기관 구축&cr;(2030 성과목표)&cr;- 생물표본 32.1만점 확보  디지털이미지 2.1만점 확보  환경유전자 확보·분석 25건&cr;- 고부가가치 생물소재 1.9만점 확보  상용화 활용기술 사업화 202건  온실가스 감축 기술개발 12건&cr;- 누적 관람객 수 124만명  생물자원 교육생 수 13.8만명  정보플랫폼 접속 160만검&cr;- 지역산업 활성화 지원 50건  중대재해 사고 Zero  단위업무 프로세스 혁신 25건,박진영,20241230-20271229,&cr;환경부 국립생물자원관 생물다양성연구부장&cr;환경부 국립생물자원관 국가철새연구센터장&cr;환경부 국립환경과학원 국립습지센터장,전라남도,전라남도 목포시 고하도안길 99,http://hnibr.re.kr,620-82-10633,-
55,국민건강보험공단,준정부기관(위탁집행형),보건복지부,「국민건강보험법」제13조(보험자)&cr;건강보험의 보험자는 국민건강보험공단(이하 "공단"이라 한다)으로 한다.&cr;&cr;국민건강보험공단「정관」제1조(목적)&cr;이 법인은「국민건강보험법」에 따른 건강보험사업 「노인장기요양보험법」에 따른 장기요양사업  그 밖의 다른 법령에 따라 위탁받은 사업을 합리적이고 효율적으로 수행하여 국민보건 및 사회보장을 증진함으로써 국민의 삶의 질 향상에 기여함을 목적으로 한다.,20000701,국민의 질병ㆍ부상에 대한 예방ㆍ진단ㆍ치료ㆍ재활과 출산ㆍ사망 및 건강증진에 대하여 보험급여를 실시함으로써 국민보건 향상과 사회보장 증진에 기여함은 물론 일상생활을 혼자서 수행하기 어려운 노인등에게 신체활동 또는 가사활동 지원 등의 장기요양급여를 실시함으로써 노후의 건강증진과 생활안정 도모를 목적으로 설립,<건강보험 사업>&cr;-가입자 및 피부양자의 자격관리&cr;-보험료와 그 밖에 국민건강보험법에 따른 징수금의 부과ㆍ징수&cr;-보험급여의 관리  보험급여비용의 지급 및 사후관리&cr;-가입자 및 피부양자의 질병의 조기발견ㆍ예방 및 건강관리를 위하여 요양급여 실시 현황과 건강검진 결과 등을 활용하여 실시하는 예방사업&cr;-자산의 관리ㆍ운영 및 증식사업  의료시설의 운영&cr;-건강보험에 관한 교육훈련  홍보  조사ㆍ연구 및 국제협력&cr;-국민건강보험법 또는 다른 법령에 따라 위탁받은 업무&cr;-기타 건강보험과 관련하여 보건복지부장관이 필요하다고 인정한 업무&cr;&cr;<장기요양 사업>&cr;-장기요양보험가입자 및 그 피부양자와 의료급여수급권자의 자격관리&cr;-장기요양보험료 등의 부과ㆍ징수&cr;-신청인에 대한 조사  등급판정위원회의 운영 및 장기요양등급 판정&cr;-장기요양인정서의 작성 및 개인별장기요양이용계획서의 제공&cr;-장기요양급여의 관리 및 평가&cr;-장기요양급여 관련 이용지원에 관한 사항&cr;-재가 및 시설 급여비용의 심사 및 지급과 특별현금급여의 지급&cr;-장기요양급여 제공내용 확인&cr;-장기요양사업에 관한 조사ㆍ연구 및 홍보&cr;-노인성질환예방사업&cr;-장기요양기관의 설치 및 운영&cr;-그 밖에 장기요양사업과 관련하여 보건복지부장관이 위탁한 업무&cr;&cr;<사회보험 통합징수 사업>&cr;-사회보험료 통합고지  징수&cr;-체납 사회보험료 징수  보험료 수납ㆍ정산 및 기금별 이체, 1963.12.06. 의료보험법 제정&cr;1977.07.01. 최초의료보험 실시(종업원 500인 이상 사업장)&cr;1979.01.01. 공무원 및 사립학교 교직원 의료보험 실시&cr;1981.01.01. 100인 이상 사업장 의료보험 적용 확대&cr;1988.01.01. 농어촌 지역의료보험 확대 실시&cr;1989.07.01. 도시지역의료보험 시행  전 국민 의료보험 실시&cr;1998.10.01. 국민의료보험관리공단 출범(공.교공단과 227개 지역의료보험 통합)&cr;1999.02.08. 국민건강보험법 제정&cr;2000.07.01. 국민건강보험공단 출범(국민의료보험관리공단과 139개 직장조합 통합)&cr;2001.07.01. 5인 미만 사업장 근로자 직장가입자 편입&cr;2002.01.19. 국민건강보험재정건전화특별법 제정&cr;2003.07.01. 보험재정통합(직장재정과 지역재정 통합)&cr;2007.04.02. 공공기관 지정(위탁집행형 준정부기관  기획예산처 고시 제2007-28호)&cr;2008.07.01. 노인장기요양보험 실시&cr;2011.01.01. 사회보험 징수통합(건강보험  국민연금  고용보험  산재보험)&cr;2016.01.21. 국민건강보험공단 본사 원주(강원혁신도시) 이전,&cr;&cr;&cr;&cr;<&cr;비전>&cr;&cr;- 행복한 국민  건강한 대한민국  든든한 국민건강보험&cr;&cr;&cr;<핵심가치>&cr;- 소통과 배려&cr;- 탁월&cr;- 청렴&cr;- 공정&cr;&cr;&cr;<5대 전략목표>&cr;1. 국민 중심 필수의료 보장성 강화&cr;2. 장기요양 및 통합돌봄 지원 강화&cr;3. 보험 재정의 지속가능성 제고&cr;4. AX 혁신 선도를 통한 미래성장&cr;5. 국민이 체감하는 소통·책임경영&cr;&cr;&cr;<전략목표별 전략과제>&cr;1. 국민 중심 필수의료 보장성 강화&cr;1-1. 필수·공공의료 기반 강화&cr;1-2. 건강약자 의료안전망 강화&cr;1-3. 생애주기 건강검진체계 개편&cr;1-4. 예방적 건강관리 강화&cr;2. 장기요양 및 통합돌봄 지원 강화&cr;2-1. 지역사회 거주 돌봄지원 강화&cr;2-2. 의료·돌봄 서비스 강화&cr;2-3. 맞춤형 장기요양서비스 제공&cr;2-4. 장기요양서비스 품질 향상&cr;3. 보험 재정의 지속가능성 제고&cr;3-1. 전략적 재정관리 강화&cr;3-2. 보험급여 지출관리 혁신&cr;3-3. 장기요양 지출관리 혁신&cr;3-4. 공정한 부과체계 및 납부질서 확립&cr;4. AX 혁신 선도를 통한 미래성장&cr;4-1. AX 가속화로 혁신 선도&cr;4-2. 디지털 기반 서비스행정 전환&cr;4-3. 데이터 기반 민관협력 활성화&cr;4-4. 연구 및 국제협력 강화&cr;5. 국민이 체감하는 소통·책임경영&cr;5-1. 국민 참여 소통경영 강화&cr;5-2. 포용·통합의 상생경영 실천&cr;5-3. 조직 성과 창출 및 효율성 제고&cr;5-4. 안전 및 리스크 관리체계 고도화&cr;,정기석,20230710-20260709,- 중앙안전대책본부 코로나19특별대응단장&cr;- 국가감염병위기대응 자문위원회 위원장&cr;- 보건복지부 질병관리본부 본부장&cr;- 한림대학교 의료원장,강원도,강원도 원주시 건강로 32(반곡동  국민건강보험공단),www.nhis.or.kr,105-82-11133,-
56,국민연금공단,준정부기관(기금관리형),보건복지부,보건복지부장관의 위탁을 받아 국민연금법 제1조의 목적을 달성하기 위한 사업을 효율적으로 수행하기 위하여 설립(국민연금법 제24조),19870918,국민의 노령  장애 또는 사망에 대하여 연금급여를 실시함으로써 국민의 생활 안정과 복지증진에 이바지하는 것을 목적으로 함(국민연금법 제1조),&cr;○ 가입자에 대한 기록의 관리 및 유지&cr;○ 연금보험료의 부과&cr;○ 급여의 결정 및 지급&cr;○ 가입자  가입자였던 자  수급권자 및 수급자를 위한 자금의 대여와 복지시설의 설치·운영 등 복지사업&cr;○ 가입자 및 가입자였던 자에 대한 기금증식을 위한 자금 대여사업&cr;○ 가입대상과 수급권자 등을 위한 노후준비서비스 사업&cr;○ 보건복지부장관이 위탁한 기금의 관리·운영&cr;○ 국민연금제도·재정계산·기금운용에 관한 조사연구&cr;○ 국민연금기금 운용 전문인력 양성&cr;○ 국민연금에 관한 국제협력&cr;○ 그 밖에 국민연금법 또는 다른 법령에 따라 위탁받은 사항&cr;○ 그 밖에 국민연금사업에 관하여 보건복지부장관이 위탁하는 사항&cr;,&cr;○ 1986. 12. 「국민연금법」 공포&cr;○ 1987. 09. 국민연금관리공단 설립&cr;○ 1988. 01. 국민연금제도 실시(10인 이상 사업장)&cr;○ 1992. 01. 당연적용 사업장 확대(5인 이상 사업장)&cr;○ 1993. 01. 특례노령연금 지급 개시&cr;○ 1995. 04. 기금운용연구센터 설치(現 국민연금연구원)&cr;○ 1995. 07. 농어촌지역 가입 확대 및 농·어업인 연금보험료 지원제도 시행&cr;○ 1995. 08. 사업장 종사 외국인 당연 적용&cr;○ 1999. 01. 조기노령연금 지급 개시&cr;○ 1999. 04. 전 국민 연금제도 시행(도시지역 확대 적용)&cr;○ 1999. 11. 기금운용본부 설치&cr;○ 2000. 07. 농어촌지역 특례노령연금 지급 개시&cr;○ 2000. 10. 텔레서비스 '1355' 첫 개통(2001.11~전국확대)&cr;○ 2002. 11. 4대사회보험정보연계 서비스 시행&cr;○ 2003. 01. 감액노령연금 및 재직자노령연금 지급 개시&cr;○ 2003. 07. 당연적용 사업장 확대 적용(1단계)&cr;             - 5인미만 사업장 중 법인·전문직종 사업장&cr;             - 5인이상 사업장의 비정규직 근로자&cr;○ 2004. 04. 도시지역 특례노령연금 지급 개시&cr;○ 2004. 07. 당연적용 사업장 확대 적용(2단계)&cr;               (국민건강보험·고용보험가입 사업장)&cr;○ 2005. 01. '국민연금연구원'으로 명칭 변경&cr;○ 2006. 01. 당연적용사업장 확대적용(3단계)&cr;               (근로자 1인이상 사업장)&cr;○ 2006. 09. 국민연금 新 CI 발표&cr;○ 2007. 07. "국민연금공단"으로 명칭변경&cr;○ 2008. 01. 완전노령연금 지급 개시&cr;                출산·군복무 크레딧 제도 시행&cr;                장애심사센터 설치&cr;○ 2008. 04. 노후설계서비스 사업 시행(現 노후준비서비스)&cr;○ 2009. 04. 외국인 전담 국제업무센터 신설(現 국제협력센터)&cr;○ 2009. 08. 국민연금과 4개 직역연금 가입기간 연계사업시행&cr;○ 2011. 01. 사회보험 징수통합에 따른 징수업무 이관&cr;○ 2011. 04. 「장애인복지법」상 장애심사 업무 확대 수행(全 등급)&cr;○ 2011. 07. 뉴욕사무소 개소&cr;○ 2011. 10. 장애인 활동지원 사업 시행&cr;○ 2012. 07. 두루누리 연금보험료 지원제도 시행&cr;                런던사무소 개소&cr;○ 2012. 12. 기초수급자 근로능력평가 업무 수행&cr;○ 2014. 07. 기초연금 지원업무 수행&cr;○ 2015. 06. 국민연금공단 본부 전주 이전&cr;○ 2015. 09. 싱가포르사무소 개소&cr;○ 2015. 12. 전 국민 대상 노후준비서비스 시행&cr;○ 2016. 08. 실업크레딧 제도 시행&cr;○ 2017. 02. 기금운용본부 전주 이전&cr;○ 2019. 07. 장애인 서비스지원 종합조사 업무 수행&cr;○ 2021. 04. 글로벌기금관 개관&cr;○ 2022. 06. 가사근로자 연금보험료 지원제도 시행&cr;○ 2022. 07. 저소득 지역가입자 연금보험료 지원제도 시행&cr;○ 2023. 12. 국민연금기금 적립금 1 000조 원 돌파&cr;○ 2024. 07. 샌프란시스코사무소 개소&cr;,&cr;○ 미션: 지속가능한 연금과 복지서비스로 국민의 생활 안정과 행복한 삶에 기여&cr;○ 비전: 연금과 복지로 세대를 이어 행복을 더하는 글로벌 리딩 연금기관&cr;○ 경영목표&cr; - 국민연금 수급률 제고&cr; - 기금 목표수익률 달성&cr; - NPS 복지서비스 지수 목표 달성&cr; - NPS 혁신지수 목표 달성&cr;○ 전략목표&cr; - 세대를 아우르는 노후소득보장 강화&cr; - 체계적이고 정교한 기금운용으로 수익제고&cr; - 국민의 삶을 돌보는 복지서비스 확대&cr; - AI 기반 혁신으로 공공성·생산성 강화&cr;○ 전략과제&cr; - 노후소득보장을 위한 연금수급권 강화&cr; - 국민이 편리한 맞춤형 연금서비스 제공&cr; - 국민 신뢰를 높이는 제도개선과 연금개혁 지원&cr; - 투자 다변화 및 책임투자 강화로 장기 수익 제고&cr; - 기금운용 인프라 심화·발전&cr; - 선제적·체계적 리스크관리 고도화&cr; - 생애주기별 노후준비지원 강화&cr; - 장애인 삶의 질 향상을 위한 복지서비스 확대&cr; - 초고령사회에 대응하는 복지서비스 강화&cr; - AI를 통한 서비스 혁신과 안전한 활용환경 구축&cr; - 안전·ESG 중심의 책임경영 실현&cr; - 공정하고 신뢰받는 기관운영&cr;,김성주,20251215-20281214,○ 제19대  제21대 국회의원&cr;○ 제16대 국민연금공단 이사장,전라북도,전라북도 전주시 덕진구 기지로 180(만성동),www.nps.or.kr,219-82-01593,-
57,국방과학연구소,기타공공기관,방위사업청,국방과학연구소법 제1조,19700806,국방에 필요한 병기  장비 및 물자에 관한 기술적 조사  연구  개발 및 시험과 이와 관련되는 과학기술의 조사·연구 및 시험 등을 하여 국방력의 강화와 자주국방의 완수에 이바지함,무기체계 및 관련 기술 연구·개발 및 시험평가  기술지원  군용물자에 관한 연구위탁  연구보조 지원  민·군 겸용기술개발사업 및 민간장비 시험평가 지원 등 국방부장관의 필요 인정에 따른 장관 권한의 대행,1970. 8월  국방과학연구소 창설&cr;1979. 1월  부설 국방관리연구소 설치&cr;1980. 1월  부설 품질검사단 설치&cr;1983. 1월  본소(서울) 대전 이전&cr;1987. 3월  부설 국방관리연구소를 한국국방연구원으로 분리&cr;2006. 2월  부설 국방품질관리소를 국방기술품질원으로 분리&cr;2014. 4월  부설 방위산업기술지원센터 설치&cr;2019. 4월  부설 지상·해양·항공기술연구원 및 부설 민군협력진흥원 설치&cr;2023. 1월  부설 지상·해양·항공기술연구원 본소로 편입  부설 방위산업기술지원 센터 명칭을 국방신속획득기술연구원으로 변경&cr;2024. 4월  국방AI센터 창설,○비전: 나라 지키는 연구소  ADD&cr;○목표: 비닉 및 첨단국방과학기술 중심 연구소 구현&cr;○연구개발 경영전략&cr;1. 첨단·혁신 기술공급자로서 ADD 역할 강화&cr;2. 기술 중심 ADD 구현을 위한 연구개발 수행체계 강화&cr;3. 국방연구개발 역량을 대군지원 및 성과확산에 적극 활용&cr;4. 안전·보안사고 선제적 예장조치 강화,이건완,20240429-20270428,대통령직속 국방혁신위원회 위원&cr;청주대 항공운항학과 객원교수&cr;국방기술품질원 자문위원&cr;공군 작전사령관(중장)&cr;공군본부 참모차장(중장)&cr;공군사관학교장(중장),대전광역시,대전광역시 유성구 북유성대로 488번길 160,www.add.re.kr,314-82-01603,-
58,국방기술품질원,기타공공기관,방위사업청,방위사업법 제 32조 국방기술품질원의 설립,20060206,국방기술품질원은 1981년 7월 1일 국방품질검사소에서 출발했습니다. 2006년 2월 2일「방위사업법」제32조에 의거하여 품질관리소의 임무를 승계하였으며  국방기술기획·기술정보관리 등의 임무를 추가하여 방위사업청 출연 전문연구기관인 국방기술품질원으로 확대·개편되었습니다. 2021년「방위산업 발전 및 지원에 관한 법률」 및「국방과학기술혁신 촉진법」제정에 따라 국방기술품질원은 전순기 군수품 품질관리 및 신뢰성 연구를  부설 국방기술진흥연구소는 국내 방산 육성 지원 및 국방기술기획·관리·평가를 수행하고 있습니다.,&cr;&cr;○「방위사업법」 제 32조&cr;- 군수품 품질보증 및 품질경영 등에 대한 업무지원&cr;- 군수품 신뢰성 분석·평가 및 연구&cr;- 군수품 시험의 수행&cr;- 군수품 표준화 등에 대한 업무지원&cr;- 기타 대통령령 지정 업무&cr;  &cr;○ 「방위사업법 시행령」 제 37조  제71조  제 61조의10&cr;- 수출허가 및 국제협력 지원업무&cr;- 현존전력 성능극대화 사업&cr;- 군수품 형상관리&cr;- 군수품 품질보증&cr;- 신속사업 품질보증&cr;- 무기체계 연구개발단계 기술지원&cr;- 국제품질보증 협정체결 및 국외구매품 기술지원&cr;- 위조부품 조사·분석·정보관리&cr;- 국방인증 운영 및 관리&cr;- 군용총포 운반 및 폐기&cr;- 비축원자재 확인&cr;- 성실이행 여부 판정을 위한 위원회 구성·운영&cr;  &cr;○「국방과학기술혁신촉진법」 제 16조  시행령 제18조&cr;- 무기체계 시험평가 지원 및 연구&cr;- 방위산업 기술 보호 지원&cr;  &cr;○ 「방위산업기술보호법」 제16조&cr;- 방위산업기술 보호 지원 전담기관&cr;  &cr;○ 「군용항공기 비행안전성 인증에 관한 법률」 제 10조&cr;- 군용항공기 감항인증 전문기관 업무&cr;  &cr;○ 「방위산업발전 및 지원에 관한 법률」 제 15조  시행령 제 20조  시행령 제 34조&cr;- 수출 군수품 품질보증 지원&cr;&cr;○ 「민·군 기술협력 사업 촉진법」 제3조  제 9조  시행령 제 17조&cr;- 민군규격 표준화 사업&cr;,&cr;○ 1981.07.01 국방품질검사소' 창설&cr;○ 1983.11.10 조달본부(서울 용산)에서 서울 홍릉으로 이전&cr;○ 1984.11.08 최초 국제 품질보증 협정 체결(한·캐나다 )&cr;○ 1989.10.01 업무 확대로 '국방품질관리소'로 개칭&cr;○ 1995.01.03 항공분야 품질보증 업무 개시&cr;○ 1995.03.15 국가공인 시험분석기관(KOLAS) 지정&cr;○ 1996.01.01 함정분야 품질보증 업무 개시&cr;○ 1996.10.01 '국방품질연구소'로 개칭&cr;○ 1998.10.01 '국방품질관리소'로 개칭&cr;○ 1999.04.10 국방품질시스템 인증업무 시행&cr;○ 2003.09.05 서울 국방벤처센터 최초 개소&cr;○ 2006.02.02 방위사업법 제32조에의거 법적기구인 '국방기술품질원'으로 확대 개편&cr;○ 2007.04.11 기타공공기관 지정_기획예산처 고시 제2007-31호&cr;○ 2008.02.04 국방과학기술정보통합시스템 구축&cr;○ 2010.07.29 강원도 인제군 서화 ASRP 시험장 준공&cr;○ 2012.02.01 DQ마크 인증기관 지정&cr;○ 2013.06.27 국방품질연구회(DQS) 창립&cr;○ 2014.05.21 본원 경남 진주혁신도시 이전&cr;○ 2014.06.17 진주 신청사 준공식&cr;○ 2015.07.08 강원도 인제군 다릿골 전천후 시험장 개장&cr;○ 2015.09.08 ISO 9001 인증기관 지정&cr;○ 2016.07.20 무기체계 선행연구 기관 지정&cr;○ 2017.10.24 방탄방호성능시험 KOLAS 인증 획득&cr;○ 2018.12.13 유도무기·탄약류 지상연소시험장(강원도 인제군) 준공&cr;○ 2019.04.22 2019 정보통신(ICT) 발전 유공 대통령 기관 표창&cr;○ 2019.11.13 국방품질경영분야 최초로 '2019 품질경쟁력 우수기업' 수상(산업통상자원부 장관상)&cr;○ 2020.11.10 노사발전을 위한 '직원협의회' 발족&cr;○ 2020.11.25 국가산업 표준화 발전에 기여한 공로로 '세계 표준의 날' 유공 수상(국무총리 표창)&cr;○ 2021.01.01 (부설) 국방기술진흥연구소 신설&cr;○ 2022.01.10 첨단무기체계 품질관리 전담 조직(첨단미래기술센터) 신설&cr;○ 2023.11.22 제49회 국가품질경영대회 대통령 기관 표창&cr;,○ 비전 : 세계 최고의 국방 품질 ·신뢰성 전문기관&cr;○ 목표 : 첨단기술 기반 전문성 강화를 통해 군 전력 강화 및 방산수출 기여&cr;             (제품인증  고객만족)&cr;○ 전략목표&cr;  - 전략목표1 : 첨단기술 기반의 운용성 향상 및 방산수출 지원&cr;  - 전략목표2 : 고객 중심 전순기 품질관리체계 구축&cr;  - 전략목표3 : 신뢰성 확보된 무기체계 획득 지원&cr;  - 전략목표4 : 직원 복지 및 연구 여건 혁신&cr;○ 핵심가치 : 투명성  전문성  효율성,신상범,20240725-20270724,○ 한국과학기술연구원 안보 재난 안전 기술단장('20.3.~'24.7.)&cr;○ 한미 연합군 사령부 부참모장 겸 유엔군 사령부 군사정전위원회 수석대표('18.6.~'19.5.)&cr;○ 한미연합군사령부 군수참모부장('18.1.~'18.5.)&cr;○ 육군본부 군수참모부장('16.11.~'17.12.)&cr;○ 윤군 군수사령부 참모장('16.5.~'16.10.)&cr;○ 육군 56보병사단 사단장('14.4.~'16.5.)&cr;○ 육군 1군사령부 군수처장('13.11.~'14.4.)&cr;○ 육군본부 군수기획처장('12.12.~'13.10.),경상남도,경상남도 52851 경상남도 진주시 동진로 420(충무공동) 국방기술품질원,www.dtaq.re.kr,204-82-09119,-
59,국방전직교육원,기타공공기관,국방부,국방전직교육원법,20150101,&cr;전역예정장병(고객)의 원활한 재취업과 안정적인 사회 복귀에 기여한다.&cr;,&cr; 전직 관련 교육 및 취업역량 제고를 위한 사업&cr; 취업정보의 제공  채용박람회 개최 등 취업촉진 관련 사업&cr; 취업희망자 데이터베이스 관리 및 관련 통계 유지·분석&cr; 전직지원 관련 정책 및 제도 발전 등에 필요한 연구사업&cr; 전역예정장병에 대한 전직지원과 관련하여 국가  지방자치단체 및 공공기관의 장이 위탁하는 사업&cr;그 밖에 교육원의 목적을 달성하기 위하여 필요한 사업 등&cr;,&cr; 2014. 06.  『국방전직교육원법』제정&cr; 2015. 01. 국방전직교육원 개원 &cr; 2016. 02. 공공기관 지정&cr;,&cr;경영목표(비전) : 전역예정장병(고객)이 감사해 하는 국방전직교육원 구현&cr;경영전략 : 고객(장병) 가치 경영&cr;,조성직,20240715-20270714,&cr;국방대학교 초빙교수&cr;국군사이버사령부 사령관&cr;육군본부 육군개혁실장&cr;,경기도,경기도 성남시 수정구 위례대로 83,https://www.moti.or.kr,129-82-13608,-
60,국악방송,기타공공기관,문화체육관광부,국악진흥법 제17조,20241121,방송을 통한 국악의 대중화와 국악문화산업의 활성화  그 밖에 국악 및 국악문화산업의 진흥을 위한 사업 추진,1. 국악 프로그램의 제작 및 운영&cr;2. 국악의 창작ㆍ교육ㆍ연구 및 대중화&cr;3. 국내외 국악프로그램의 교류 및 지원&cr;4. 그 밖에 국악방송의 보급과 진흥을 위한 사업,2000.02 : 재단법인 국악방송 설립 &cr;2001.03 : 국악FM방송 개국(FM99.1Mhz  서울 경기일원) &cr;2001.06 : 남원국악방송 개국(FM95.9Mhz  남원 임실 순창 구례 장흥 일원) &cr;2006.07 : 남도국악방송 개국(FM94.7Mhz  진도 목포 완도 해남 강진 함평 일원) &cr;2007.02 : 국악방송 사옥이전 (상암동 DMC내 DMS ) &cr;2010.04 : 경주 국악방송 개국(FM 107.9Mhz  포항 경주 일원) &cr;2011.10 : 전주 국악방송 개국(FM 95.3Mhz  전주 일원) &cr;2011.11 : 부산 국악방송 개국(FM 98.5Mhz  부산 일원) &cr;2012.12 : 강릉 국악방송 개국(FM 103.3Mhz  강릉 일원) &cr;2012.12 : 대구국악방송 개국(FM107.5Mhz  대구 일원) &cr;2014.03 : 광주국악방송 개국(FM99.3Mhz  광주 일원) &cr;2015.12 : 제주국악방송 개국(FM91.3Mhz  제주 일원)&cr;2015.12 : 서귀포국악방송 개국(FM106.9Mhz  서귀포 일원)&cr;2017.07 : 대전국악방송 개국(FM90.5Mhz  대전 일원)&cr;2019.03 : 충주국악방송 개국(FM101.7Mhz  충주 일원)&cr;2019.03 : 영동국악방송 개국(FM99.3Mhz  영동 일원)&cr;2019.12 : 국악방송TV 개국(kt지니tv  ch.251)&cr;2024.10 : 제천국악방송 개국(FM90.1Mhz  제천 일원)&cr;2024.11 : 국악방송 법정법인화(재단법인 국악방송 해산) ,미션 : 국악의 대중화  국악문화산업의 활성화  국악 및 국악문화산업의 진흥&cr;비전 : 국악 대중화 전문 방송기관&cr;전략목표&cr;  - 독창적 라디오 콘텐츠 제작 및 가청권 확대&cr;  - 국악 대표 영상채널로의 도약&cr;  - 국악의 가치 확산&cr;  - 지속가능한 경영환경 확립, 공석,-,-,서울특별시,서울특별시 마포구 월드컵북로 54길 12(상암동),www.igbf.kr,214-82-05949,-
61,국제방송교류재단,기타공공기관,문화체육관광부,ㅇ 공보처  해외위성방송 '코리아채널' 추진(1996. 2. 12.  대통령 지시사항) &cr;ㅇ 민법 제32조에 근거  국제방송교류재단 설립 (1996. 4. 10.  공보처장관 승인) &cr;ㅇ 해외홍보방송 운영주체로 지정 (1998. 10. 22.  문화관광부 장관) ,19960410,방송의 국제교류협력 사업을 통해 한국에 대한 국제사회의 올바른 이해와 국제적 우호 친선의 증진을 도모하는 한편  방송영상물의 질적 향상을 위한 사업을 수행ㆍ지원함으로써 방송ㆍ영상ㆍ광고 산업의 진흥 및 문화ㆍ예술의 선양에 이바지,&cr;ㅇ 방송 프로그램·영상·광고의 제작 및 국내·외 방영&cr;ㅇ 위성  지상파  케이블  OTT 등 다양한 매체 활용 해외 송출&cr;ㅇ 한국의 문화·예술·콘텐츠·관광 등 국제문화교류 진흥 사업&cr;ㅇ 해외 방송 및 매체와의 국제교류협력&cr;,ㅇ1996.04.10 국제방송교류재단 설립 &cr;ㅇ1997.02.03 아리랑TV 국내방송 개국 &cr;ㅇ1998.10.22 해외 홍보방송 운영 주체로 지정 &cr;ㅇ1999.08.12 아리랑TV 해외방송 개국(아시아  태평양 지역) &cr;ㅇ2000.09.26 세계 위성방송으로 확대(유럽  북아프리카  북남미 권역) &cr;ㅇ2003.09.01 아리랑라디오 방송 개국(아리랑 제주FM)&cr;ㅇ2007.04.02 공공기관 지정(위탁집행형 준정부기관)&cr;ㅇ2009.06.01 아리랑TV 미국 디지털지상파 실시(LA  뉴욕  워싱턴 등) &cr;ㅇ2012.09.19 국내 최초 1억 해외 수신가구 달성&cr;ㅇ2014.02.20 미국 최대 위성방송 DirecTV PIO(공익)채널 진출&cr;ㅇ2015.07.14 UN본부 채널(UN In-house Network) 진출&cr;ㅇ2016.09.27 영국 대표 위성방송 플랫폼(SKY  Freesat) HD방송 진출&cr;&cr;ㅇ2018.04.23 남북정상회담 주관영어방송사 선정&cr;ㅇ2019.09.25 평창동계올림픽 및 평창평화포럼 해외홍보공로 대통령 기관 표창 수상&cr;ㅇ2019.11.12 한-아세안 정상회의 주관영어방송사 선정&cr;ㅇ2022.05.21 한-미 정상회담 특집방송(S.Korea-U.S. Summit) 수행&cr;ㅇ2023.01.30 기타공공기관 &cr;&cr;&cr;재지정&cr;ㅇ2024.05.23 한-아프리카 정상회의 주관영어방송사 선정&cr;ㅇ2025.02.27 국제문화교류 진흥 업무 전담기관 지정&cr;ㅇ2025.11.01. 2025 경주 APEC 주관영어방송사 선정&cr;,ㅇ 미션&cr;- 국제방송 서비스를 선도하고  미디어 교류·협력을 증진하여 국가이미지를 제고&cr;&cr;ㅇ 비전&cr;- 세계인의 마음을 사로잡는 글로벌 미디어&cr;&cr;ㅇ 핵심가치&cr;- 공감·신뢰  창의·융합  소통·혁신&cr;&cr;ㅇ 전략목표&cr;1. 한국 홍보 콘텐츠 제작 강화&cr;- 시사정보 콘텐츠 강화&cr;- K-컬쳐 콘텐츠 다변화&cr;- 콘텐츠 제작 AI 전환 촉진&cr;&cr;2. 글로벌 K-콘텐츠 도약 지원 강화&cr;- K-컬처 핵심 콘텐츠 제작 강화&cr;- K-콘텐츠 시청 플랫폼 다양화&cr;- 글로벌 미디어 교류 협력 강화&cr;&cr;3. 지속가능한 경영시스템 운영&cr;- 사회적 책임 이행 강화&cr;- 대국민 서비스 및 공공책무 강화&cr;- 성장 기반 확충을 위한 경영효율화,김태정,20240605-20270604,(주)유나이티드미디어 대표이사&cr;아리랑국제방송 공채1기&cr;- 영상물수출지원센터장  영상사업팀장 등,서울특별시,서울특별시 서울 서초구 남부순환로 2351,https://www.arirang.com,214-82-04839,-
62,국제식물검역인증원,기타공공기관,농림축산식품부,식물방역법 제29조의2(국제식물검역인증원),20120222,북미식물보호기구(NAPPO) 및 칠레  뉴질랜드 등에서 요구하는 선박에 대한 아시아매미나방(FSMC) 검역과 항만지역의 예찰  방제업무를 수행하여 국내 수출산업을 지원하고  농림축산식품부 장관으로부터 위탁받은 식물검역 업무수행 및 비영리 공익업무를 목적으로 설립,&cr;&cr;o&cr; 북미지역 등으로 출항하는 선박의 아시아매미나방 검사  아시아매미나방 난괴제거 작업 및 무감염 증명서 발급&cr;&cr; o 항구 또는 그 인근지역의 아시아매미나방 예찰 및 방제&cr; o 아시아매미나방 관련 교육·홍보  기술개발 및 조사·연구&cr; o 국외생산지 검역의 지원&cr; o 수입재식용식물 검역장소 관리&cr; o 식물검역신고 대행자 교육&cr; o 공항·항만 외래병해충 분포조사 사업&cr;,o '11. 07. 14. : 식물방역법 개정(국제식물검역인증원 설립 근거 마련)&cr;o '12. 02. 22. : 국제식물검역인증원 출범(본원  5개 사무소)&cr;o '12. 03. 01. : 아시아매미나방 선박검역 시행&cr;o '12. 07. 15. : 수입 재식용식물 검역장소 관리업무 시행&cr;o '13. 01. 31. : 기타공공기관 지정&cr;o '13. 04. 17. : 3개 사무소 신설(부산신항  동해  여수)&cr;o '16. 05. 01. : 포항사무소 신설&cr;o '17. 03. 30. : 평택사무소 신설 및 광양·여수사무소 통합&cr;o '18. 04. 02. : 부산·부산신항사무소 통합&cr;o '19. 01. 01. : 인사총무팀  재무회계팀(업무분리)  감사역 신설&cr;o '21. 03. 04. : 공항·항만 외래병해충 분포조사 사업단 출범&cr;o '22. 06. 01. : 부산사무소 분리(부산  부산신항)  포항주재실 운영&cr;o '25. 01. 01. : 포항사무소 신설 및 동해사무소 폐지,&cr;o 미션 : FSMC 선박 검역 및 외래병해충 예찰·방제 강화로 수출물류 지원과 환경피해 방지&cr;o 비전 : 국민과 함께 식물방역을 선도하는 글로벌 전문기관&cr;o 경영목표 : FSMC 검역서비스 신뢰지수  외래 병해충 유입방지 노력지수  지속가능지수 &cr;,김원일,20260413-20290412,o 농림축산검역본부 인천공항지역본부 본부장&cr;o 주미한국대사관 경제주재관실 농무관(공사참사관)&cr;o 농림축산식품부 농생명정책관,부산광역시,부산광역시 남구 문현금융로 40 부산국제금융센터 903호,www.ipab.or.kr,602-82-08444,-
63,국토교통과학기술진흥원,기타공공기관,국토교통부,「국토교통과학기술 육성법」(2016.06.30. 시행) 제16조,20021230,국토교통연구개발사업 기획ㆍ관리ㆍ평가 및 신기술 심사ㆍ지정 등에 관한 업무를 수행함으로써  국토교통과학기술 발전 및 육성에 기여,ㅇ 국토교통과학기술 연구개발 종합계획 및 시행계획의 수립&cr;ㅇ 국토교통과학기술 육성을 위한 정책 및 제도에 관한 조사·연구&cr;ㅇ 연구개발사업의 기획·평가·관리 및 성과 보급·이전·실용화·홍보&cr;ㅇ 국토교통과학기술분야 국제협력 및 국제공동연구사업&cr;ㅇ 건설교통 분야 신기술 인증·심사·관리&cr;ㅇ 국토교통분야 전문 연구인력의 양성&cr;ㅇ 그 밖에 정부 관련 부처에서 위임·위탁받은 사업 관리 등,ㅇ (재)한국건설교통기술평가원 설립 : 2002.12.30.&cr;ㅇ 법정법인 한국건설교통기술평가원 설립 : 2005.10.26.&cr;* 건설기술관리법 제16조 및 교통체계효율화법 제98조&cr;ㅇ 정부산하기관 지정(정부산하기관관리기본법) : 2006.02.01.&cr;ㅇ 준정부기관 지정(공공기관의운영에관한법률) : 2007.04.02.&cr;ㅇ 국토교통과학기술진흥원(KAIA)으로 명칭 변경 : 2013.04.01.&cr;* KAIA : Korea Agency for Infrastructure Technology Advancement&cr;ㅇ 기관 설립근거 법령 시행(국토교통과학기술육성법 제16조) : 2016.06.30.&cr;ㅇ 기타공공기관 지정변경(공공기관의운영에관한법률) : 2023.01.31.,ㅇ 국토교통 사업규모 확대 8 000억원 달성&cr;ㅇ 친환경 국토교통기술 현장적용 88건&cr;ㅇ 국토교통 혁신기업 1 000개 육성&cr;ㅇ KAIA ESG 지수 'S' 등급,김정희,20250108-20280107,ㅇ '23.12 ~ '24.12 국토교통부 중앙토지수용위원회 상임위원&cr;ㅇ '22.08 ~ '23.12 국토교통부 국토도시실 국토정책관&cr;ㅇ '22.01 ~ '22.08 국토교통부 서울지방국토관리청장&cr;ㅇ '21.03 ~ '22.01 국토교통부 교통물류실 자동차정책관&cr;ㅇ '20.01 ~ '21.03 국토교통부 주거복지정책관,경기도,경기도 안양시 동안구 시민대로 286 송백빌딩 2~7층  9층,www.kaia.re.kr,138-82-03443,-
64,국토안전관리원,준정부기관(위탁집행형),국토교통부,국토안전관리원법 제1조(목적),20201210,건설공사의 안전 및 품질 관리  시설물의 안전 및 유지관리  지하안전관리와 그 밖에 이와 관련된 사업을 효율적으로 수행함으로써 국민의 안전 보장 및 복리 증진에 기여,&cr;ㅇ건설공사의 안전 및 품질관리에 관한 사업&cr;ㅇ시설물의 안전 및 유지관리에 관한 사업&cr;ㅇ지하안전관리에 관한 사업&cr;ㅇ건설공사의 안전 및 품질관리  시설물의 안전 및 유지관리  지하안전관리에 관한&cr;   기술의 연구·개발·지도·보급 및 교육 사업&cr;ㅇ건설공사의 안전 및 품질관리  시설물의 안전 및 유지관리  지하안전관리에 대한&cr;   정보체계의 구축 및 통계에 관한 사업&cr;ㅇ국가  지방자치단체 및「공공기관의 운영에 관한 법률」에 따른 공공기관으로부터&cr;   위탁 받은 사업&cr;,ㅇ'95.01.05「시설물의 안전관리에 관한 특별법」공포(법률 제4922호)&cr;ㅇ'95.04.19「시설안전기술공단」설립&cr;ㅇ'02.07.15「한국시설안전기술공단」으로 명칭 변경(시특법 개정)&cr;ㅇ'07.04.02 공공기관(위탁집행형 준정부기관) 지정(기획예산처 고시 제2007-28호)&cr;ㅇ'08.03.21「한국시설안전공단」으로 명칭 변경(시특법 개정)&cr;ㅇ'17.06.30 진주혁신도시 지방이전 완료&cr;ㅇ'20.06.09「국토안전관리원법」공포(법률 제17447호)&cr;ㅇ'20.12.10 국토안전관리원 출범,ㅇ 중장기 경영목표(2026~2030)&cr;&cr;1. 기관 가치체계&cr;[미션] 안전하고 편리한 국토를 조성하여 국민의 행복을 책임진다&cr;[비전] 함께 만드는 안전한 국토  국민이 안심하는 일상을 열어갑니다&cr;[핵심가치] 안전  전문  혁신  상생&cr;&cr;2. 기관 전략체계&cr;[경영목표]&cr;- 안전한 건설환경 조성&cr;- 기후·노후 대응 시설물 안전 확보&cr;- 미래 선도 기술혁신 촉진&cr;- 국민신뢰 최우수기관 도약&cr;[전략방향]&cr;- 건설·지하 안전관리 패러다임 전환&cr;- 국민안심 충족 지속가능 시설물 구현&cr;- 국토안전 플랫폼 미래 혁신&cr;- 국민체감 중심 S+ESG 성과 창출&cr;,박창근,20260128-20290127,ㅇ 가톨릭관동대학교 토목공학과 교수&cr;ㅇ (사)대한하천학회 회장&cr;ㅇ 국가위기관리학회 회장,경상남도,경상남도 진주시 에나로128번길 24 윤현빌딩,http://www.kalis.or.kr,138-82-01426,-
65,국토연구원,기타공공기관,국무조정실,정부출연연구기관 등의 설립ㆍ운영 및 육성에 관한 법률,19781004,국토자원의 효율적인 이용ㆍ개발ㆍ보전에 관한 정책을 종합적으로 연구함으로써 국토의 균형발전과 국민생활의 질 향상에 기여함,- 국토 전역의 발전구상  균형발전  국가경쟁력 강화 및 초국경 협력 등에 관한 연구&cr;- 국토ㆍ자원의 지속가능한 이용ㆍ보전ㆍ관리  안전국토 조성 등에 관한 연구&cr;- 도시의 지속가능하고 균형있는 발전을 위한 도시정책  계획  관리  재생 등에 관한 연구&cr;- 토지  주택 및 주거복지  부동산시장 및 관련 산업 등에 관한 연구&cr;- 사회간접자본시설의 확충  관리 및 이용  국내외 건설산업 육성 및 관리  건설경제 등에 관한 연구&cr;- 국가공간정보정책  스마트도시ㆍ공간  위성정보 활용  국토모니터링 등에 관한 연구&cr;- 위와 관련된 연구 또는 사업 조사  교육ㆍ연수  연구성과 확산  공동연구  수탁  글로벌 협력 등에 관한 사항&cr;- 위와 관련된 부대사업 또는 기타 연구원의 목적 달성을 위하여 필요한 사업,1978.10.04 국토개발연구원 육성법에 의거 국토개발연구원 개원&cr;1981.06.01 한국과학기술연구원 부설 지역개발연구소 흡수 통합&cr;1994.04.27 연구원 자체청사 신축 이전 (경기도 안양시 평촌 소재)&cr;1999.01.29 정부출연연구기관 등의 설립ㆍ운영 및 육성에 관한 법률에 의거  국토연구원으로 명칭 변경&cr;2007.06.15 부설 건축도시공간연구소 설립&cr;2007.07.17 도로정책연구센터 설립&cr;2010.12.30 글로벌개발협력센터(Global Development Partnership Center) 설립&cr;2012.08.08 국토계획평가센터 설립&cr;2017.01.16 세종시 신청사 이전(세종특별자치시 소재)&cr;2018.10.02 개원 40주년 기념행사&cr;2020.05.26 국무총리 산하 경제인문사회연구회 주관 연구기관 평가 2년 연속 최우수 연구기관 선정&cr;2021.04.01 국토연구원 직장어린이집 개원&cr;2021.04.15 국토모니터링연구센터 설립&cr;2022.02.18 토지정책연구센터 설립&cr;2024.05.17 국무총리 산하 경제인문사회연구회 주관 2023년도 연구기관 평가 최우수연구기관 선정&cr;2024.08.20 국무총리 기관표창 수상,□ 3대 경영목표 및 9대 추진전략&cr;I. 국토공간의 효율적 발전을 위한 선제적 정책연구 수행&cr;I-1. 어디서나 살기 좋은 국토 조성을 위한 선제적 정책 개발&cr;I-2. 첨단기술을 활용한 국토 성장동력 확보전략 개발&cr;I-3. 글로벌 중추국가 역할 강화를 위한 국제협력전략 연구&cr;II. 국민이 체감할 수 있는 국토 분야 현안 연구 강화&cr;II-1. 국민 주거안정과 정주환경 개선을 위한 실천적 연구 수행&cr;II-2. 현안 해결형 국토 및 도시 관리전략 연구&cr;II-3. 국민체감 연구성과 도출을 위한 연구수행체계 혁신&cr;III. 소통과 책임을 강화한 경영혁신 추진&cr;III-1. 국정과제 지원을 위한 연구조직 구성 및 운영&cr;III-2. 공정과 책임을 기반으로 한 경영체계 재정립&cr;III-3. 소통의 확대로 대국민 서비스 품질 향상 및 연구성과 확산 촉진, 공석,-,-,세종특별자치시,세종특별자치시 국책연구원로 5(반곡동),http://www.krihs.re.kr,138-82-00558,-
66,그랜드코리아레저(주),공기업(준시장형),문화체육관광부,상법 제4장 주식회사 제1절 설립 제288조~제328조 및 GKL 정관,20050906,관광산업 성장을 지원함으로써 국민경제 발전에 이바지함,관광진흥법 제 5조에 근거하여 "적극적인 외래관광객 유치와 외화획득을 통한 관광수지 개선  일자리 창출 및 카지노 산업의 경쟁력 제고"를 위해 2005년 9월 그랜드코리아레저(GKL)를 설립하여 2006년 1월 강남코엑스점  5월 강북힐튼점(2022년 12월 서울드래곤시티점으로 이전)  6월 부산롯데점 총 3곳의 외국인전용카지노를 개장하고 연중무휴로 24시간 영업장을 운영하고 있습니다., ㅇ 2005. 1. 외국인전용카지노 허가(舊 문화체육관광부)&cr; ㅇ 2005. 9. 그랜드코리아레저(주) 법인설립&cr; ㅇ 2006. 1. 코엑스 센터점(現 강남코엑스점) 개장&cr; ㅇ 2006. 5. 밀레니엄서울 힐튼점(現 서울드래곤시티점) 개장&cr; ㅇ 2006. 6. 부산 롯데점(現 부산롯데점) 개장&cr; ㅇ 2007. 4. 기타공공기관 지정 &cr; ㅇ 2007. 10. 1억불 관광진흥탑 수상&cr; ㅇ 2008. 10. 업계최초 3억불 관광진흥탑 수상&cr; ㅇ 2009. 11. 한국거래소 유가증권시장(KOSPI) 상장 &cr; ㅇ 2010. 9. 힐튼점(現 서울드래곤시티점) 리뉴얼 오픈&cr; ㅇ 2012. 1. 롯데점(現 부산롯데점) 리뉴얼 확장 오픈&cr; ㅇ 2012. 9. 업계최초 4억불 관광진흥탑 수상&cr; ㅇ 2014. 5. 공익법인 GKL사회공헌재단 설립&cr; ㅇ 2014. 12. 일자리창출 유공 대통령 표창&cr; ㅇ 2015. 9. GKL 사옥 개관&cr; ㅇ 2015. 9. 업계최초 5억불 관광진흥탑 수상&cr; ㅇ 2016. 5. 장애인 스포츠팀(휠체어펜싱) 창단&cr; ㅇ 2016. 9. 부산롯데점 영업장 이전 오픈&cr; ㅇ 2017. 2. 준시장형 공기업 변경 지정&cr; ㅇ 2018. 10. 지케이엘위드 주식회사 자회사 설립&cr; ㅇ 2020. 11. 국가품질혁신상 인재개발 부문 대통령 표창 &cr; ㅇ 2022. 12. 서울드래곤시티점 이전 개장(강북힐튼점 폐점), ㅇ 미션 : 관광산업 성장을 지원함으로써 국민경제 발전에 이바지한다&cr; ㅇ 비전 : 문화ㆍ관광에 가치를 더하는 미래형 엔터테인먼트 플랫폼&cr; ㅇ 핵심가치 : 미래지향 혁신  꿈을 향한 도전  지속적인 신뢰  함께하는 행복&cr; ㅇ 2030년 중장기 경영목표&cr;  - 매출액 5 038억원&cr;  - AX 달성도 최고등급&cr;  - ESGㆍ안전활동 수준평가 최우수기관&cr;  - 혁신성과지수 최우수 등급&cr; ㅇ 전략목표 및 전략과제&cr;  - 카지노사업 경쟁력 강화&cr;  ㆍ시장별 마케팅 활성화&cr;  ㆍ고객별 맞춤형 마케팅&cr;  ㆍ사업장별 책임경영 강화&cr;  - 미래 신성장동력 확보&cr;  ㆍAX기반 디지털 운영체계 구축&cr;  ㆍ도심형 복합 엔터테인먼트 인프라 조성&cr;  ㆍ미래 신성장사업 발굴 및 육성&cr;  - 지속가능 가치경영 실현&cr;  ㆍ문화ㆍ관광 서비스 생태계 지원&cr;  ㆍESG 실천으로 공공가치 구현&cr;  ㆍ사람중심의 안전경영체계 강화&cr;  - 성과ㆍ효율 중심 조직 혁신 &cr;  ㆍ투자  리스크 관리 기반 재무구조 강화&cr;  ㆍ변화ㆍ혁신의 조직문화 개선&cr;  ㆍ실용적 성과보상 체계 개편,윤두현,20241202-20271201, ㅇ 제21대 국회의원&cr; ㅇ 대통령 비서실 홍보수석비서관&cr; ㅇ (주)YTN플러스 대표이사,서울특별시,서울특별시 강남구 삼성로 610,www.grandkorea.com,104-81-96184,-
67,근로복지공단,준정부기관(기금관리형),고용노동부,산업재해보상보험법 제10조,19950501,산업재해보상보험 사업을 시행하여 근로자의 업무상의 재해를 신속하고 공정&cr;하게 보상하며  재해근로자의 재활 및 사회 복귀를 촉진하기 위하여 이에 필요&cr;한 보험시설을 설치·운영하고  재해 예방과 그 밖에 근로자의 복지 증진을 위한&cr;사업을 시행하여 근로자 보호에 이바지하는 것을 목적으로 함(산업재해보상보&cr;험법 제1조),&cr;- 보험가입자와 수급권자 기록의 관리·유지&cr;- 보험료징수법에 따른 보험료와 그 밖의 징수금의 징수&cr;- 보험급여의 결정과 지급&cr;- 보험급여 결정 등에 관한 심사 청구의 심리·결정&cr;- 산업재해보상보험 시설의 설치·운영&cr;- 업무상 재해를 입은 근로자 등의 진료·요양 및 재활&cr;- 재활 보조기구의 연구 개발· 검정 및 보급&cr;- 보험급여 결정 및 지급을 위한 업무상 질병 관련 연구&cr;- 근로자 등의 건강을 유지·증진하기 위하여 필요한 건강진단 등 예방 사업&cr;- 근로자의 복지 증진을 위한 사업&cr;- 그 밖에 정부로부터&cr; &cr;위탁받은 사업&cr;,&cr;1995.05.01. 근로복지공단 설립(법률 제4826호)&cr;※산재보험업무 개시 및 근로복지공사 해산  권리·의무 포괄 승계&cr;1998.04.15. 실업자대부사업 수행&cr;1998.07.01. 임금채권보장사업 수행&cr;1999.10.01. 고용보험 적용 및 징수 업무 수탁&cr;2002.01.01. 근로자신용보증지원사업 수행&cr;2005.01.01. 산재 고용보험 통합징수 업무 수행&cr;2007.04.02. 기금관리형 준정부기관 지정(기획예산처 고시 제2007-28호)&cr;2008.01.01. 진폐근로자 보호 업무 수행&cr;2008.07.01. 노사정 합의 산재보험제도개선 시행(판정위 설치)  특수형태근로종사자 4개 직종 산재보험 적용&cr;2010.04.28. 근로복지공단  한국산재의료원 통합&cr;2010.12.01. 퇴직연금 사업 수행&cr;2011.01.01. 산재 고용보험 징수업무 이관(건강보험공단) 및 산재보험 고용정보관리업무 수행&cr;2012.01.22. 자영업자 고용보험(실업급여) 사업 확대&cr;2012.04.05. 대구산재병원 개원&cr;2012.05.01. 택배  퀵서비스 기사 산재보험 적용&cr;2012.07.01. 사회보험료 지원 사업 실시&cr;2012.11.18. 예술인 산재보험 가입 확대&cr;2014.03.25. 근로복지공단 본사 울산 이전&cr;2017.01.01. 고용보험 피보험자격 관리업무 수행&cr;2018.01.01. 통상의 출퇴근재해 보상범위 확대  일자리안정자금지원사업 수행&cr;2018.07.01. 소규모사업 산재보상 범위 확대&cr;2019.01.01. 특수형태근로종사자(건설기계조종사 27종) 산재보험 적용 확대&cr;2019.04.22. 서울의원 개원&cr;2019.08.20. 대전의원 개원&cr;2020.01.07. 중소기업사업주 산재보험 전면 확대(직종 구분 없음  300인 미만)&cr;2020.02.23. 국가감염병 전담병원 운영(창원  대구병원)&cr;2020.05.11. 긴급재난기부금 모집업무 수행&cr;2020.06.09. 통상의 출퇴근재해 소급 적용(2016.6.29. 이후 발생재해)&cr;2020.07.01. 특수형태근로종사자 (방문판매  방문점검원 등) 산재보험 적용 확대 (총 13개 직종)&cr;2020.12.10. 예술인 고용보험 적용 확대&cr;2020.12.29. 광주의원 개원&cr;2021.07.01. 노무제공자 고용보험 적용확대(보험설계사 등 12개 직종)&cr;2022.04.14. 중소기업퇴직연금기금제도 시행&cr;2022.07.01. 고용보험(5개 직종) 및 산재보험(화물차주) 적용 확대&cr;2022.07.05. 부산의원 개원&cr;2023.07.01. 산재보험 노무제공자 전속성 폐지&cr;2024.07.01. 산재보험 60주년&cr;2025.05.01. 공단창립 30주년&cr;,&cr;○ (미션) 산재보험과 근로복지서비스로 일하는 삶의 보호와 행복에 기여한다&cr;○ (비전) 일터에 안심  생활에 안정  일하는 모든 사람의 행복파트너&cr;○ 경영목표&cr;- 일하는 사람 보호 위한 사회안전망 강화&cr;- 신속·공정한 보상으로 사회복귀 촉진&cr;- 일과 삶의 균형 위한 근로복지 격차 완화&cr;- 지속가능 혁신으로 국민체감 서비스 제고&cr;○ 전략과제&cr;- 산재보험 보장범위 확대&cr;- 산재·고용보험 사각지대 해소&cr;- 보험료 부과·지원 공정성 강화&cr;- 빠르고 정확한 산재 처리&cr;- 전문재활 치료 강화&cr;- 일상회복과 일터복귀 지원&cr;- 임금체불 해소로 생계안정 도모&cr;- 노후안정을 위한 퇴직연금 확대&cr;- 맞춤형 복지 서비스 확대&cr;- ESG 중심의 안전·책임경영 강화&cr;- AI 혁신으로 고객만족 향상&cr;- 현장직무 전문성 강화&cr;,박종길,20230530-20260529,고용노동부 기획조정실장&cr;고용노동부 직업능력정책국장&cr;고용노동부 산재예방보상정책국장,울산광역시,울산광역시 중구 종가로 340(교동), www.comwel.or.kr, 107-82-05603,-
68,기술보증기금,준정부기관(기금관리형),중소벤처기업부,기술보증기금법 제12조,19890401,기술보증제도를 정착·발전시킴으로써 신기술사업에 대한 자금공급을 원활히 하고  나아가 지역균형발전 및 국민경제의 균형적 발전에 이바지,- 기술보증&cr;- 기술평가&cr;- 보증연계투자&cr;- 구상권관리&cr;- 유동화회사보증(P-CBO)&cr;- 기술혁신지원(기술이전 및 사업화지원  벤처기업과 이노비즈기업 선정 등)&cr;- 기업에 대한 경영지도 및 기술지도&cr;- 중소기업 기술보호&cr;- 기술신탁관리&cr;- 신용조사 및 신용정보의 종합관리&cr;- 신용보증제도의 조사·연구&cr;- 중소기업팩토링,&cr;1989.04. 기술신용보증기금 설립&cr;1994.02. 기술우대보증제도 시행&cr;1997.03. 국내 최초로 기술평가센터 개소&cr;1997.10. 벤처기업 지원 전담기관 지정(벤처기업법)&cr;1999.02. 기술평가보증제도 시행&cr;2001.04. 기술거래 및 기술평가 전문기관 지정(기술이전법)&cr;2002.04. 벤처투자보증제도 시행&cr;2004.08. 총 보증지원 100조원 달성&cr;2005.07. 기술금융지원에 특화된 기술평가시스템(KTRS) 개발&cr;2005.09. 부산으로 본점 통합이전&cr;2006.05. “New CI” 제정&cr;2007.01. 보증프로세스를 기술평가보증으로 일원화&cr;2007.04. 기술평가모형(KTRS) 국내특허 취득&cr;2011.04. 문현 국제금융단지내 본점 입주&cr;2011.12. 총 보증지원 200조원 달성&cr;2012.06. 보증연계투자 업무 법제화('05년 업무 개시)&cr;2015.07. 기술이전·사업화 지원체계 구축(기술융합센터  KTMS운용)&cr;2016.09. 법상명칭 변경(기술신용보증기금→기술보증기금)&cr;2016.12. 총 보증지원 300조원 달성&cr;2017.07. 주무기관 변경(금융위원회→중소벤처기업부)&cr;2018.10. 기술신탁 관리기관 지정(기술이전법)&cr;2019.01. 기술보호 종합지원 시스템(Tech Safe) 업무 개시&cr;지식재산공제사업(특허청) 위탁기관 선정&cr;2019.09. 중소기업 기술진흥 전문기관 지정(중소기업기술혁신법)&cr;2021.01. 新기술평가시스템(AIRATE) 시행&cr;2021.04. 총 보증지원 400조원 달성&cr;2021.06. 신재생에너지보증 시행&cr;2022.05. 탄소가치평가보증 시행&cr;2022.06. 상환청구권 없는 매출채권팩토링 시행&cr;2023.03. 데이터 가치평가기관 지정(데이터산업법)&cr;2024.09. 신용정보업 허가 취득&cr;2024.11. 총 보증지원 500조원 달성&cr;2025.03. 민관협력 M&A 플랫폼 오픈 &cr;,□ 미 션: 미래신기술 육성을 통해 글로벌 벤처 4대 강국 도약과 국민경제의 균형발전에 기여&cr;□ 비 전: 혁신기업과 함께 대한민국의 미래를 여는 글로벌 기술금융 허브&cr;□ 핵심가치: 도전과 혁신  성장과 미래  신뢰와 상생&cr;□ 전략목표 및 전략과제&cr;○ (전략목표①) AI 혁신 생태계 조성&cr;- AI 기반 혁신 벤처·스타트업 육성&cr;- AI 기술 대전환 뒷받침&cr;- AI 혁신문화 확산 인프라 구축&cr;○ (전략목표②) 중소·벤처기업 성장사다리 구축&cr;- 혁신금융 기반 유니콘 성장지원&cr;- K-벤처기업의 글로벌 경쟁력 제고&cr;- 글로벌 개방형 혁신 플랫폼 완성&cr;○ (전략목표③) 함께하는 공정성장 기반 확립&cr;- 사람 중심의 안전경영 및 행복일터 조성&cr;- 모두의 도전적 창업지원&cr;- 공정·상생 성장 인프라 구현&cr;○ (전략목표④) 지속가능 경영체계 구현&cr;- ESG경영 실천 및 혁신기반 조성&cr;- 성과중심 사업조직 관리체계 혁신&cr;- 청렴·소통의 열린 조직문화 정착,김종호,20211108-20241107,대통령비서실 민정수석비서관&cr;감사원 사무총장&cr;대통령비서실 공직기강비서관&cr;감사원 공공기관 감사국장,부산광역시,부산광역시 남구 문현금융로 33,www.kibo.or.kr,601-82-03112,-
69,기초과학연구원,기타공공기관,과학기술정보통신부,국제과학비즈니스벨트 조성 및 지원에 관한 특별법 제14조,20111121,세계적 수준의 기초과학연구 및 기초과학 기반 순수 기초연구를 수행함으로써 창조적 지식 및 원천지식 확보와 우수 연구인력 양성에 기여,○ 세계 최고 수준의 기초과학연구로 기존 대학이나 출연(연)과 차별화된 대형 장기 집단 연구 수행&cr;○ 과학벨트의 핵심 연구기관으로서 글로벌 기초과학 네트워크화&cr;○ 젊은 연구자들에 대한 안정적 연구지원을 통해 차세대 기초과학 연구리더 육성,○ 2011. 01. 국제과학비즈니스벨트 조성 및 지원에 관한 특별법 공포&cr;○ 2011. 11. 기초과학연구원 법인 설립 및 초대원장 취임&cr;○ 2012. 05. 개원식&cr;○ 2014. 09. 제2대 원장 취임&cr;○ 2016. 06. 기초과학연구원 본원 기공식&cr;○ 2018. 04. 본원 개원식 개최&cr;○ 2019. 11. 제3대 원장 취임&cr;○ 2020. 10. KAIST 캠퍼스 착공&cr;○ 2020. 11. POSTECH 캠퍼스 착공&cr;○ 2021. 07. 한국바이러스기초연구소 개소&cr;○ 2022. 07. 중이온가속기연구소 개소&cr;○ 2022. 10. POSTECH 캠퍼스 준공&cr;○ 2022. 12. KAIST 캠퍼스 준공&cr;○ 2023. 05. 본원 2차 착공,○ 국가 기초과학 거점 조성 및 세계적 연구소로 성장발판 마련&cr;- 글로벌 선도연구 수행&cr;- 세계적 인재유치 육성 체계 확립&cr;- 기초과학 핵심기반조성&cr;- 소통과 협력의 IBS 리더십 강화, 공석,-,-,대전광역시,대전광역시 유성구 엑스포로 55, http://ibs.re.kr,314-82-15276,-
70,노사발전재단,기타공공기관,고용노동부,"민법" 제32조 및 "노사관계 발전지원에 관한 법률" 제6조,20070405,- 노사공동 사업을 통한 노사자율의 상생적인 노사관계 발전 도모&cr;- 노사공동의 고용안정  전직지원  노사관계 관련 업무의 전문적 수행&cr;- 우리나라와 외국의 노사관계 제도  관행에 대한 국제적 상호 이해 촉진과 민간노동 외교 활성화,1. 노사협력 증진을 위한 프로그램 개발ㆍ지원 사업&cr;2. 노동단체 및 노사관계 비영리법인 지원 사업&cr;3. 노사관계 진단ㆍ평가 및 개선에 관한 사업&cr;4. 노사 협력에 기반한 고용ㆍ인적자원개발 사업&cr;5. 노사 파트너십 증진을 위한 교육 및 홍보 관련 사업&cr;6. 노사 협력적 근로복지 증진 지원에 관한 사업&cr;7. 노사관계 발전에 관한 국제협력 사업&cr;8. 그 밖에 고용노동부장관이 필요하다고 인정하여 위탁ㆍ보조하는 사업,- 2006. 11. 30. 노사공동의 정책사업 추진 및 재단 설립 합의&cr;(고용노동부  노사정위원회  한국노동조합총연맹  한국경영자총협회)&cr;- 2007. 04. 05. 노사발전재단 설립(제1회 이사회 개최)&cr;- 2007. 05. 09. 노사발전재단 사무국 개설&cr;- 2010. 05. 25.「노사관계 발전 지원에 관한 법률」시행&cr;- 2011. 03. 21. 노사발전재단  국제노동협력원  노사공동전직지원센터 통합&cr;- 2021. 07. 01. 노사발전재단 인천시범지사(TF) 운영&cr;- 2022. 09. 07. 직제개편(5본부 14팀 5지사),ㅇ 비전: 노사상생을 선도하는 현장 중심의 고용노동 전문기관&cr;&cr;ㅇ 핵심가치: 전문성  혁신  협력  열정&cr;&cr;ㅇ 경영전략목표&cr;- 노사가 상생하고 혁신하는 일터조성&cr;- 노동약자 지원 강화 및 공정 노동관계 구축&cr;- 중장년 고용 활성화를 통한 평생현역사회 실현&cr;- 글로벌 노사상생을 위한 국제협력 강화&cr;- 지속가능한 혁신경영 실현,박종필,20250421-20280420,(전) 고용노동부 대변인&cr;(전) 고용노동부 기획조정실장&cr;(전) 고용노동부 근로기준정책관&cr;(전) 고용노동부 청년고용정책관&cr;(전) 국무총리실 국무조정실/ 고용식품의약정책관&cr;(전) 경북지방노동위원회 위원장&cr;(전) 고용노동부 강원지청장&cr;(전) 고용노동부 운영지원과장&cr;(전) 고용노동부 기획재정담당관,서울특별시,서울특별시 마포구 마포대로 130(공덕동) 6  8  10층,https://www.nosa.or.kr,214-82-05236,-
71,농림수산식품교육문화정보원,기타공공기관,농림축산식품부,농업 ·농촌 및 식품산업 기본법 제11조의2,20120523,농업 ·농촌 및 식품산업 기본법에 따라 농업 인적자원의 육성  농식품 ·농촌 정보화의 촉진  농촌 문화의 가치 확산 및 홍보  농업경영체의 역량 제고  농산물의 안전정보 제공 등을 효율적으로 추진함으로써 국가발전에 기여함을 목적으로 함,- 농업 ·농촌 및 식품산업 분야의 전문인력 양성 등 인적자원 육성&cr;- 농업 ·농촌의 정보화 촉진&cr;- 농업 ·농촌에 관한 문화 창달 및 가치 확산 ·홍보&cr;- 농업경영체의 기술수준 및 경영능력 제고&cr;- 농산물에 관한 안전정보의 제공  정보교류의 활성화와 지식 및 산업재산권의 보호&cr;- 농업 ·농촌 및 식품산업 분야의 통상정책과 국제협력에 관한 정보 지원&cr;- 농림수산식품 분야의 지식 및 정보서비스 제공&cr;- 그 밖에 농림축산식품부장관이 지정 또는 위탁하는 사업,- 2011. 2. 22. 농림수산식품교육문화정보원 설립 기본계획 수립&cr;* 한국농림수산정보센터('91.12월 설립)  동 기관 부설 농업인재개발원('09.2월)  한국농촌경제연구원 부설 농촌정보문화센터('05.7월) 3개 기관 통합하여 설립&cr;- 2011. 11. 22. 농업 ·농촌 및 식품산업 기본법 개정 ·공포&cr;- 2012. 5. 23. 농림수산식품교육문화정보원 설립(경기 안양시)&cr;- 2012. 5. 23. 제1대 하영효 원장 취임&cr;- 2013. 1. 31. '공공기관 운영에 관한 법률'에 의거 '준정부기관'으로 지정&cr;- 2014. 7. 1. 귀농귀촌종합센터 설치(농촌진흥청 업무 이관  서울특별시 양재동)&cr;- 2015. 5. 23. 제2대 박철수 원장 취임&cr;- 2015. 9. 21. 농림수산식품교육문화정보원 지방 이전(세종시 조치원읍)&cr;- 2018. 11. 2. 제3대 신명식 원장 취임&cr;- 2021. 5. 10. 농림수산식품교육문화정보원 신청사 이전(세종시 반곡동)&cr;- 2021. 12. 6. 제4대 이종순 원장 취임&cr;- 2023. 1. 30. '공공기관의 운영에 관한 법률'에 의거 '기타공공기관'으로 지정&cr;- 2025. 5. 12. 제5대 윤동진 원장 취임,[미션] 지식/정보/가치 확산으로 농업농촌 세대 전환과 지속가능 발전에 기여&cr;[비전] 현장과 농정  도시와 농촌  세대를 연결하는 국가대표 플랫폼&cr;[핵심가치] 능동  혁신  소통  신뢰&cr;[경영목표] ① 핵심인재 유입·육성 3만명  ② 디지털 서비스 활용 제고 250%  ③ 농정 이해 수준 80점  ④ 공공기관 종합청렴도 우수등급&cr;[전략목표]&cr; ㅇ 전략목표 ① 농업·농촌 핵심 인재 양성&cr;  - 전략과제 : 기초 인력 유입  맞춤형 정착 지원  전문 경영 역량 강화&cr; ㅇ 전략목표 ② AX 기반 농산업 혁신 지원&cr;  - 전략과제 : 데이터 농정 지원  디지털 활용 촉진  AI 결합 서비스 확대&cr; ㅇ 전략목표 ③ 농정 이해 공감대 확충&cr;  - 전략과제 : 가치 홍보 확산  건강 소비 기반 구축  생명존중 반려사랑&cr; ㅇ 전략목표 ④ 지속가능한 책임경영 실현&cr;  - 전략과제 : 스마트 경영 활성화  인재 중시 HR  상생·청렴 조직문화,윤동진,20250512-20280511,- 국립농업과학원 농식품자원부장&cr;- 국제농업개발기금 아시아·태평양국 분석관&cr;- 농식품부 농업생명정책관&cr;- 농림축산검역본부 연구부장&cr;- 주제네바 대표부 공사참사관(농무관),세종특별자치시,세종특별자치시 국책연구원5로 19, www.epis.or.kr,138-82-06514,-
72,농림식품기술기획평가원,기타공공기관,농림축산식품부,농림식품과학기술육성법 제8조(농림식품기술기획평가원 설립),20091002,농림식품과학기술 육성을 위한 연구개발사업의 기획  관리  평가를 효율적으로 지원,○농림식품과학기술 연구개발사업의 기획ㆍ관리 및 평가 등의 지원&cr;○농림식품과학기술 육성 종합계획과 시행계획의 수립 지원&cr;○농림식품과학기술 개발 인력에 관한 전문교육 및 연수 지원&cr;○국내외 농림식품과학기술 정보의 수집ㆍ분석 및 보급 지원&cr;○농림식품분야 기술역량진단 관련 사업의 수행 등,○2009.04.01 농림수산식품과학기술육성법 제정ㆍ공포&cr;○2009.09.16 제1대 원장(정승) 취임 및 이사회 구성&cr;○2009.09.17 농림수산식품기술기획평가원(iPET) 설립 등기&cr;○2009.10.02 농림수산식품기술기획평가원 개원&cr;○2010.01.29 「공공기관의 운영에 관한 법률」에 의거 '기타공공기관'으로 지정&cr;○2010.04.20 농림수산식품분야 녹색인증평가기관 지정(저탄소 녹생성장 기본법)&cr;○2010.10.28 제2대 원장(유병린) 취임&cr;○2011.01.24 「공공기관의 운영에 관한 법률」에 의거 '준정부기관'으로 지정&cr;○2013.01.28 IT 서비스 관리 국제표준 ISO 20000 인증&cr;○2013.12.11 농림식품 신기술인증 전담기관 지정&cr;○2013.12.18 제3대 원장(이상길) 취임&cr;○2016.12.19 제4대 원장(오경태) 취임&cr;○2017.06.28 농림식품기술기획평가원으로 명칭 변경&cr;○2019.01.28 빛가람혁신도시 기관이전&cr;○2020.01.20. 제5대 원장(오병석) 취임&cr;○2022.03.11. 제6대 원장(노수현) 취임&cr;○2023.01.30. 「공공기관의 운영에 관한 법률」에 의거 '기타공공기관'으로 지정,○미션 : 과학기술 혁신을 통한 민간주도 창의적 농산업 실현&cr;○비전 : 농식품 산업ㆍ기술의 미래 가치를 창출하는 연구관리 전문기관&cr;○전략목표&cr; ­과학기술기반 농업의 미래성장 산업화 선도&cr; ­농식품 R&D 지원을 통한 기술혁신 촉진&cr; ­기술상용화 촉진으로 농산업 혁신생태계 조성&cr; ­소통ㆍ신뢰 기반의 경영을 통한 조직 건전성 제고,노수현,20220311-20250310,○농림축산식품부 식품산업정책관 국장('21~'21)&cr;○국립농산물품질관리원장('19~'21)&cr;○농림축산검역본부 식물검역부장('15~'19),전라남도,전라남도 나주시 교육길 45,https://www.ipet.re.kr/,132-82-05117,-
73,농업정책보험금융원,기타공공기관,농림축산식품부,농업·농촌 및 식품산업 기본법 제63조의 2(농업정책보험금융원의 설립),20040519,정부의 농업정책자금을 효율적으로 운용·관리 및 감독함으로써 농식품산업의 발전에 기여,□농어촌구조개선특별회계 융자금 운용ㆍ관리&cr;□농림수산정책자금 검사&cr;□농어업재해재보험기금 관리ㆍ운용&cr;□농식품모태펀드 운용&cr;□농어업재해보험사업 관리ㆍ감독&cr;□농업인안전재해보험사업 관리ㆍ감독&cr;□농어업재해보험통계 생산ㆍ관리&cr;□농식품 크라우드펀딩 활성화,□2004.05.19. 재단법인 「농업정책자금관리단」 설립 (설립등기일 : 2004.05.20.)&cr;□2004.07.05. 농어촌구조개선특별회계융자금 관리업무 수탁&cr;□2005.04.01. 농특회계융자금 검사 및 사후관리 업무 개시&cr;□2005.06.04. 농작물재해재보험기금 관리업무 수탁&cr;□2008.01.01. 농림사업정책자금 이차보전사업에 대한 검사 및 사후관리 업무수탁&cr;□2008.06.25. 양식수산물재해재보험기금 관리업무 수탁&cr;□2009.03.24. 수산사업정책자금 이차보전사업에 대한 검사 및 사후관리 업무수탁&cr;□2009.12.28. 농어업재해재보험기금 관리업무 수탁&cr;□2010.04.01. 농림수산정책자금 대손보전에 대한 검사 및 사후관리 업무수탁&cr;□2010.06.24. 농림수산식품투자모태조합 투자관리전문기관 지정&cr;□2012.01.25. 농어업 정책자금의 검사ㆍ감독업무 위탁근거 신설&cr;□2013.08.01. 금융기관이 취급하는 농안ㆍ축발ㆍFTA기금 등 융자사업에 대한 검사및 사후관리 업무수탁&cr;□2014.09.30. 재단법인 「농업정책보험금융원」으로 기관명칭 변경&cr;□2015.01.21. 농업재해보험사업 관리업무 수탁&cr;□2015.08.20. 특수법인「농업정책보험금융원」으로 전환(설립등기:2015.09.17.)&cr;□2016.02.01. 농업인안전재해보험사업 관리업무 수탁&cr;□2018.01.01. 농업재해보험통계 생산ㆍ관리업무 수탁&cr;□2021.07.01. 양식수산물재해보험사업 관리업무 수탁&cr;□2021.07.01. 양식수산물재해보험통계 생산ㆍ관리업무 수탁&cr;□2023.01.02. 농식품벤처창업 지원기관 재지정&cr;□2024.01.01. 농업재해보험 보조사업자 지정,□(미션) 정책금융 혁신으로 농수산업의 안정과 농어촌 균형성장에 기여하겠습니다.&cr;□(비전) 디지털·데이터 기반으로 농어업인의 성장을 돕는 정책금융 선도기관&cr;□(핵심가치) 공공가치  미래혁신  책임성  협력·상생&cr;□(전략과제)&cr;　- 농어업정책보험 제도개선 및 사업관리 혁신으로 농어가 경영안전망 확충&cr;　ㆍ농어업정책보험 공공성 강화&cr;　ㆍ농어업정책보험 건전성 제고&cr;　ㆍ농어업정책보험 운영 안정성 제고&cr;　- 정책자금관리 역량 강화를 통한 전문성 및 효율성 제고&cr;　ㆍ정책자금 종합관리체계 수립&cr;　ㆍ정책자금 관리역량 강화&cr;　ㆍ정책자금관리의 공정성ㆍ투명성 제고&cr;　- 농림수산식품산업 투자확대 기반조성 및 농림수산식품경영체 성장지원&cr;　ㆍ투자확대를 위한 분야별 맞춤형 펀드 조성&cr;　ㆍ농림수산식품의 투자 선순환 체계 확립&cr;　ㆍ농림수산식품경영체 역량강화 지원&cr;　- 경영혁신을 통한 국민신뢰도 제고&cr;　ㆍ지속가능한 혁신경영 체계 구축&cr;　ㆍ성과 중심의 경영 효율성 제고&cr;　ㆍ공정ㆍ투명한 책임경영 실천,서해동,20230710-20260709,□ 국립농산물품질관리원장&cr;□ 농림축산검역본부 인천공항지역본부장,서울특별시,서울특별시 영등포구 여의공원로 101  2층 201호(여의도동  C.C.M.M.빌딩),www.apfs.kr,107-82-10009,-
74,대구경북첨단의료산업진흥재단,기타공공기관,보건복지부,첨단의료복합단지 육성에 관한 특별법 제11조 (재단의 설립 및 지원),20101214,기업 대학 연구기관 의료기관 등이 상호 협력하여 의료연구개발 및 연구 성과의 &cr;상품화를 촉진함으로써 대구경북첨단의료복합단지를 세계적인 의료연구개발 &cr;중심지로 육성하고 국내 의료산업의 발전에 이바지함,○ 첨단제품 개발 인프라 구축으로 국가 의료산업 경쟁력 확보&cr;○ 의료산업 연구 성과제고 및 성과확산 지원&cr;○ 산.학.연.관 네트워크 구축으로 의료산업 커뮤니티 주도&cr;○ 지역 의료산업 활성화를 위한 연구기관 및 기업유치,○ 2008.03. 「첨단의료복합단지 지정 및 지원에 관한 특별법」 제정&cr;○ 2009.08. 입지 선정 및 지구  지정 고시(대구 혁신도시 내 105만㎡)&cr;○ 2010.12. 운영법인(재단)설립&cr;○ 2011.03. 첨단의료복합단지 제1차 종합계획 확정&cr;○ 2011.10. 정부시설 및 커뮤니케이션센터 기공식&cr;○ 2013.08. 커뮤니케이션센터 완공 및 재단입주&cr;○ 2013.11. 정부 4개 핵심연구시설(4개센터) 준공&cr;○ 2013.12. 첨단의료복합단지 제2차 종합계획 확정&cr;○ 2015.01. 보건복지부 산하 기타공공기관 지정&cr;○ 2016.12. 식품의약품안전처 의료기기 시험검사기관 지정&cr;○ 2017.05. 첨단의료복합단지 제3차 종합계획 확정&cr;○ 2019.02. 연구개발목적기관 지정&cr;○ 2020.08. 제4차 첨단의료복합단지 종합계획 수립&cr;○ 2020.09. 보건복지부 경영실적평가 A등급&cr;○ 2021.08. 제4대 이사장(양진영)취임&cr;○ 2021.09. 보건복지부 경영실적평가 A등급&cr;○ 2021.12. 영문CI 공식 변경(K-MEDIhub) &cr;○ 2022.11. 보건복지부 경영실적평가 A등급&cr;○ 2023.08. 보건복지부 경영실적평가 A등급&cr;○ 2024.07. 보건복지부 경영실적평가 A등급&cr;○ 2025.01. 제5대 이사장(박구선)취임,○ 미션 : R&D 성과의 사업화 촉진으로 고부가 가치 의료산업화 구현&cr;○ 비전 : 첨단의료산업을 선도하는 혁신성장 파트너&cr;○ 핵신가치 : 도전  혁신  안전  소통,박구선,20250120-20280119,(사)국가생존기술연구회 회장('24.1.~현재)&cr;한국표준과학연구원 초빙연구원('21.9.~24.8.)&cr;한국과학기술기획평가원 명예연구위윈('21.7.~현재)&cr;오송첨단의료산업진흥재단 이사장('18.2.~'21.5.)&cr;오송첨단의료산업진흥재단 전략기획본부장('16.2~'18.2.)&cr;한국과학기술원 정책연구위원('14.5.~'15.4.)&cr;한국과학기술기획평가원 부원장('12.7.~'13.12.).,대구광역시,대구광역시 동구 동내로88,https://www.kmedihub.re.kr,502-82-19772,-
75,대외경제정책연구원,기타공공기관,국무조정실, 정부출연연구기관 등의 설립ㆍ운영 및 육성에 관한 법률 제8조(연구기관의 설립),19891229,대외경제정책 및 세계경제와 관련된 문제를 조사ㆍ연구ㆍ분석함으로써 국가의 대외경제 비전과 정책 수립에 이바지,ㅇ 무역ㆍ통상  국제거시ㆍ금융  국제투자  국제개발협력을 비롯한 국가의 대외경제정책과 관련된 문제에 대한 조사ㆍ연구ㆍ분석과 정책수단의 개발&cr;ㅇ 세계경제 및 세계지역 동향과 정책에 대한 조사ㆍ연구ㆍ분석 및 정책수단의 개발&cr;ㅇ 국제행사 유치ㆍ개최 타당성에 관한 조사ㆍ연구 및 평가&cr;ㅇ 제1호부터 제3호까지의 연구 또는 사업에 관련된 조사  교육ㆍ연수  연구성과 확산  공동연구  연구교류  수탁 등에 관한 사항&cr;ㅇ 제1호부터 제4호까지의 부대사업 및 기타 연구원의 목적 달성을 위해 필요한 사업,ㅇ 1989.08 재단법인 대외경제정책연구원 설립  김적교 원장 취임&cr;ㅇ 1989.12 특별법에 의한 대외경제정책연구원 설립(재단법인 해산)  초대 원장 김적교 취임&cr;ㅇ 1990.01 KDI로부터 미 KEI 감독업무  한국태평양경제협력위원회(KOPEC) 사무국업무 인수&cr;ㅇ 1991.01 KOPEC 사단법인 개편 및 사무국 설치&cr;ㅇ 1992.01 부설 북방지역센터 설치(사단법인 국제민간경제협의회 해산ㆍ흡수)&cr;ㅇ 1992.03 유장희 2대 원장 취임&cr;ㅇ 1992.10 북방지역센터를 지역정보센터로 개칭&cr;ㅇ 1994.01 대외경제전문가풀 사무국 지정(대외경제위원회)&cr;ㅇ 1994.12 APEC연구센터 지정(대외경제조정위원회)&cr;ㅇ 1995.03 북경사무소 설치&cr;ㅇ 1997.01 동북아연구개발센터 설치&cr;ㅇ 1997.02 양수길 3대 원장 취임&cr;ㅇ 1997.10 부설지역정보센터 본원으로 통합&cr;ㅇ 1998.06 이경태 4대 원장 취임&cr;ㅇ 1999.01 연구원 설립 근거법 변경(대외경제정책연구원법→정부출연연구기관등의 설립ㆍ운영 및 육성에 관한 법률)&cr;ㅇ 2000.04 지역정보센터를 세계지역연구센터로 개편&cr;ㅇ 2002.01 안충영 5대 원장 취임&cr;ㅇ 2002.03 DDA종합연구센터사무국 설치&cr;ㅇ 2003.04 동북아연구개발센터를 동북아경제협력센터로 개편&cr;ㅇ 2004.12 국제행사전문연구기관 지정(국제행사의유치ㆍ개최등에관한규정)&cr;ㅇ 2005.01 이경태 6대 원장 취임&cr;ㅇ 2005.12 SNU-KIEP EU센터 설립&cr;ㅇ 2008.05 채욱 7대 원장 취임&cr;ㅇ 2008.06 동북아경제협력센터를 국제개발협력센터로 확대 개편&cr;ㅇ 2010.02 중국 권역별ㆍ성별연구단 신설&cr;ㅇ 2011.05 채욱 7대 원장 연임&cr;ㅇ 2011.08 세계지역연구센터를 신흥지역연구센터로 확대 개편&cr;ㅇ 2012.02 국제행사 타당성조사 전담기관으로 지정&cr;ㅇ 2013.08 이일형 8대 원장 취임&cr;ㅇ 2014.01 G20 연구지원단 신설&cr;ㅇ 2014.12 세종특별자치시로 기관 이전&cr;ㅇ 2016.06 현정택 9대 원장 취임&cr;ㅇ 2018.03 이재영 10대 원장 취임&cr;ㅇ 2018.04 세계지역연구센터 신설 및 중국경제실  선진경제실  신남방경제실  신북방경제실 개편&cr;ㅇ 2019.01 연구개발목적기관 지정&cr;ㅇ 2020.06 김흥종 11대 원장 취임&cr;ㅇ 2020.07 국제개발협력센터 신설&cr;ㅇ 2021.02 ESG 경영 TF 발족&cr;ㅇ 2021.03 국제행사타당성연구단 발족&cr;ㅇ 2021.10 경제안보 TF 발족&cr;ㅇ 2022.05 경제안보전략실 신설 및 세계지역연구센터 개편&cr;ㅇ 2022.11 델리사무소 설립&cr;ㅇ 2023.07 이시욱 12대 원장 취임&cr;ㅇ 2023.08 2인 부원장체제  무역통상안보실 개편 및 경영지원실 신설  세계경제동향 TF 발족&cr;ㅇ 2024.01 세계지역연구센터 이원화 및 국제개발협력센터를 국제개발연구센터로 개편,ㅇ 비전 : 글로벌 중추국가 도약에 기여하는 대외경제 연구기관&cr;&cr;ㅇ 중장기 발전목표&cr;1. 정책수요자에게 신뢰받는 연구기관&cr;2. 국민에게 다가가는 열린 연구기관&cr;3. 구성원이 자부심을 느끼는 연구기관&cr;&cr;ㅇ 경영목표 및 추진전략&cr;1. 불확실성 시대에 대비하는 중장기 대외경제정책 연구 강화&cr;1) 글로벌 불확실성에 대응하는 통상 정책연구 강화&cr;2) 글로벌 거시경제 및 금융 안정에 관한 심층 연구&cr;2. 호혜와 상생의 지역 및 국제협력 연구 강화&cr;1) 글로벌 중추국가 도약을 위한 선진경제권 협력 전략 모색&cr;2) 다극화 시대 공동번영을 위한 신흥국 협력 전략 모색&cr;3) 국제개발협력 정책연구 선도기관으로서 연구역량 강화 및 지식 확산&cr;3. 직원과 국민의 신뢰도 제고를 위한 경영혁신 추진&cr;1) 공정과 책임에 기반한 경영환경 고도화&cr;2) 정책 기여 제고를 위한 수요자 참여형 열린 연구기관 지향,이시욱,20230720-20260719,KDI 국제정책대학원 교수 (현)&cr;한국국제통상학회(KATIS) 회장 (전)&cr;KDI 국제개발협력센터 소장(전)&cr;명지대학교 경제학과 교수 (전)&cr;KDI 연구위원 (전),세종특별자치시,세종특별자치시 시청대로 370 세종국책연구단지 경제정책동,https://www.kiep.go.kr/,229-82-01208,-
76,대한무역투자진흥공사,준정부기관(위탁집행형),산업통상부, 대한무역투자진흥공사법 (1962.4.24 제정),19620621,무역 진흥과 국내외 기업 간의 투자 및 산업 기술 협력의 지원  해외 전문인력의 유치 및 중소기업의 해외진출 지원  정부간 수출계약 등에 관한 업무를 하게 함으로써 국민경제 발전에 이바지하게 함을 목적으로 함, 1. 무역 진흥과 외국인투자 유치를 위한 해외시장의 조사ㆍ개척 및 정보의 수집과 그 성과의 보급&cr;2. 국내의 산업ㆍ상품과 외국인투자 환경의 해외 홍보 및 국가브랜드 제고 관련 지원&cr;3. 무역거래  국내외 기업 간 투자 협력과 산업기술 교류의 알선 및 「국제개발협력기본법」 제2조제1호에 따른 국제개발협력 지원&cr;4. 무역 및 투자에 관한 박람회ㆍ전시회의 개최 또는 참가 및 참가의 알선&cr;5. 산업통상부장관이 정하는 수출 또는 수입&cr;6. 외국인투자의 유치 및 국내기업의 해외투자(해외 자원ㆍ에너지 개발을 포함한다) 지원&cr;7. 국제 경쟁력 강화를 위한 해외 전문인력의 유치 지원 및 국내 전문인력의 해외 창업ㆍ취업 지원&cr;8. 「방위산업 발전 및 지원에 관한 법률」 제2조 제1항 제1호에 따른 방위산업물자 등의 수출과 관련한 다음 각 목의 사업&cr;  가. 국내 기업을 대신한 구매국정부와의 방산물자등 수출에 관한 계약 시 당사자지위 수행&cr;  나. 방산물자등과 산업ㆍ자원 및 투자 협력을 연계한 패키지 협상안의 작성과 금융지원방안 수립&cr;  다. 그 밖에 방산물자등의 교역지원을 위하여 산업통상부장관 및 방위사업청장이 필요하다고 인정하는 업무&cr;9. 「대외무역법」 제32조의3 제2항에 따른 정부간 수출계약 관련 사업&cr;9의2. 해외 한인경제인 네트워크 구축ㆍ관리 및 활용 지원&cr;10. 시설의 운영  전문인력의 교육ㆍ훈련 및 육성 등 제1호부터 제9호까지 및 제9호의2의 사업에 딸린 사업&cr;11. 다른 법률에 따라 공사가 할 수 있는 사업,□ 1962년 6월  대한무역진흥공사 창립&cr;&cr;□1970~80년대  북방·동구권 시장개척 선도를 통한 수출시장 다변화&cr;* 동구지역 최초 무역관 개설('85. 5월  헝가리 부다페스트)&cr;&cr;□ 1990년대 말  '외국인 투자유치 기능' 추가 및 IMF 경제위기 극복에 기여&cr;* 1995년 대한무역투자진흥공사로 개칭&cr;&cr;□ 2000년대  중소기업 글로벌화 지원을 위해 '해외투자진출 지원 기능' 추가&cr;* 해외진출지원기능 법제화 : 대외무역법 개정('09. 4월) 및 전담센터 설립&cr;&cr;□ 2007년 「공공기관의 운영에 관한 법률」제정으로 공공기관 유형 변경&cr;* 정부투자기관 → 준정부기관(위탁집행형)&cr;&cr;□ 2008년  '해외 전문인력 유치' 기능 추가&cr;* 관련 기능 추가를 골자로 공사법 개정 ('08년)&cr;&cr;□ 2011년  '방산물자교역지원'  '국제개발협력'  '국가브랜드 제고' 기능 추가&cr;* 관련 기능 추가를 골자로 공사법 개정안 공포 ('11. 3월)&cr;&cr;□ 2013년  '글로벌M&A지원'  'U턴기업지원' 기능 추가&cr;* U턴기업 지원기능 법제화('13. 6월) 등&cr;&cr;□ 2014년  '해외 창업 취업' 및 '정부간 거래(G2G)' 기능 추가&cr;* 관련 기능 추가를 골자로 공사법 개정안 공포 ('14. 1월)&cr;&cr;□ 2018년  '해외 한인경제인 네트워크 구축·관리 및 활용 지원' 기능 추가&cr;* 관련 기능 추가를 골자로 공사법 개정안 공포 ('18. 4월), □ 중소·중견 수출 경쟁력 강화와 수출 기여율 제고&cr;ㅇ 역량별 수출 확대 프로그램 고도화&cr;ㅇ 新유망ㆍ고부가가치 분야 수출 주력품목화&cr;ㅇ 새로운 통상질서 활용 시장 다변화 기회 창출&cr;ㅇ 새로운 무역방식에 선제적 대응&cr;&cr;□ 안정적 핵심 공급망 구축 지원 체계 고도화&cr;ㅇ 글로벌 공급망 안정성 제고 지원체계 구축&cr;ㅇ 첨단 공급망 강화 중심 투자ㆍ인력 유치&cr;ㅇ GVC 재편 활용  해외 진출 지원 강화&cr;ㅇ 온실가스 국제감축 등 그린전환 기회 활용&cr;&cr;□ 고객 중심 디지털 전주기 플랫폼 완성&cr;ㅇ 고객성과 직결형 현장 애로 해소 체계 강화&cr;ㅇ 고객 여정에 맞춘 서비스 체계 개편&cr;ㅇ 무역투자 전주기 지원 디지털 플랫폼 고도화&cr;ㅇ 빅데이터  AI 및 신기술 활용 확대&cr;&cr;□ 청렴도 1등급 달성과 지속가능경영 체계 구축&cr;ㅇ 지속가능성 확보 중심 경영 시스템 고도화&cr;ㅇ 민관 협력 인프라 역할 확대&cr;ㅇ 전사적 효율성 제고 및 경영 혁신&cr;ㅇ 소통·협업문화 정착과 구성원 역량 강화,강경성,20241111-20271110,ㅇ 산업통상자원부 제1차관&cr;ㅇ 산업통상자원부 제2차관&cr;ㅇ 대통령비서실 산업정책비서관&cr;ㅇ 산업통상자원부 에너지자원실장&cr;ㅇ 산업통상자원부 산업정책실장,서울특별시,서울특별시 서초구 헌릉로 13 (염곡동),http://www.kotra.or.kr,120-82-00275,-
77,대한법률구조공단,기타공공기관,법무부, 법률구조법 제8조,19870901, 법률지식이 부족하면서도 경제적으로 어려워 법의 보호를 충분히 받지 못하는 사람들에게 법률상담  변호사에 의한 소송대리 및 형사변호 등의 법률적 지원을 하기 위하여 설립된 공공기관, 법률상담  민사/가사/행정소송 및 헌법소원 대리  형사변호  기타 법률사무에 관한 각종 지원  국민의 기본적 인권옹호 및 법률복지 증진,-1987년 9월 대한법률구조공단 설립(본부  11개 지부  36개 출장소)&cr;-1996년 6~7월 형사법률구조  농어민무료법률구조사업 실시&cr;-2011년 6월 법문화교육센터 신설&cr;-2014년 4월 본부 김천혁신도시 이전&cr;-2017년 7월 서울중앙 등 6개 지부에 주택임대차분쟁조정위원회 신설&cr;-2019년 4월 서울중앙 등 6개 지부에 상가건물임대차분쟁조정위원회 신설&cr;-2009년~2021년 7월 동해지소 등 75개 지소 신설(본부  18개 지부  41개 출장소  75개 지소  법문화교육센터  6개 주택상가건물임대차분쟁조정위원회)&cr;-2022년 3월 남양주지소를 남양주출장소로 승격(본부  18개 지부  42개 출장소  74개 지소  법문화교육센터  6개 주택상가건물임대차분쟁조정위원회),미션 : 국민과 함께하는 공단  행복한 법률복지 실현&cr;비전 : 한 걸음 더 다가가는 법률서비스  신뢰받는 법률구조 플랫폼&cr;핵심가치 : 신뢰  책임  화합  혁신&cr;전략목표&cr;- 사회경제적 약자를 위한 법률복지서비스 강화&cr;- 공감과 동행의 법률기반 사회적 가치 실현&cr;- 소통과 화합을 통한 혁신역량 강화&cr;- 국민의 요구에 충족하는 법률구조서비스 역할 확대,김영진,20250418-20280417,김앤장 법률사무소 변호사&cr;수원지검 제1차장검사&cr;대검찰청 범죄정보기획관&cr;법무부 대변인&cr;서울동부지검 검사,경상북도,경상북도 김천시 혁신2로 26, https://www.klac.or.kr,213-82-02629,-
78,대한석탄공사,기타공공기관,산업통상부,대한석탄공사법(법률 제16795호),19501101,&cr;o 석탄광산의 개발촉진과 석탄의 생산 ·가공 ·판매&cr;o 석탄수급의 안정을 통한 국민생활의 안정과 공공복리 증진&cr;,&cr;- 석탄광산 개발  생산 및 수급조절 &cr;- 석탄광산 및 석탄가공에 관한 기술적 연구개발 및 보급 &cr;- 석탄 및 석탄 가공제품의 매입ㆍ판매 및 수출입 &cr;- 석탄 비축자산 관리 등 정부로부터 위탁받은 사업&cr;,&cr;1950.   대한석탄공사 발족(자본금 1천만원  6개 광업소)&cr;1961.   민영탄광 개발 지원(기술 및 인력 지원)&cr;1969.   장성 제1수갱 준공(660m)&cr;1983.   석탄 비축사업 개시&cr;1985.   장성 제2수갱 준공(900m)  제1수갱 연장(960m)&cr;1988.   석탄 최대생산 기록(5 222천톤 - 9개 탄광)&cr;1989 ~ '94 합리화 정책에 따라 6개 탄광 매각/폐광&cr;1998 ~ '08 경영혁신계획 수립 및 추진&cr;2011.   몽골 홋고르 탄광 개광&cr;2014.   강원도 원주 혁신도시 이전&cr;2016 ~ 공공기관 기능조정안 발표(감산  감원 시행)&cr;2023 ~ 단계적 조기폐광 진행 중('23.6월 화순 폐광  '24.6월 장성 폐광  '25.6월 도계 폐광)&cr;2025.   생산 8.6천톤(총 누계 생산 193백만톤) &cr;,&cr;1. 안정적 생산관리 및 폐광 추진&cr; ㅇ 안정적 생산관리 및 폐광 추진&cr; ㅇ 효율적 시설 운영 및 폐광 추진&cr; ㅇ 안전 ·보안 관리 강화&cr; ㅇ 안정적 수급관리&cr;  &cr;2. 경영효율 및 사회적책임 강화&cr; ㅇ 조직 ·인력운영 효율화 및 업무혁신&cr; ㅇ 재무관리 효율화&cr; ㅇ 성과와 역량 중심의 보수 ·성과 관리체계 운영&cr; ㅇ 선진 노사문화 정착&cr; ㅇ 사회적 책임 구현&cr;,김규환,20241106-20271105,대한민국 국회 제20대 국회의원(16년04월~20년05월)&cr;대한민국헌정회 제20대국회 회장(23년03월~현재)&cr;(주)대우중공업(77년08월~10년09월),강원도,강원도 원주시 배울로 85(반곡동),www.kocoal.or.kr,116-82-02196,-
79,대한장애인체육회,기타공공기관,문화체육관광부,국민체육진흥법 제34조,20051125,ㅇ 장애인의 건강증진과 건전한 여가생활 진작을 위한 생활체육 활성화&cr;ㅇ 종목별 경기단체 및 장애유형별 체육단체와 시도지회를 지원 육성하고 유형별 장애인체육의 균형적인 발전 도모&cr;ㅇ 우수한 경기인을 양성하여 국위선양 이바지&cr;ㅇ 국제패럴림픽위원회와 독점적 교섭권을 갖는 대한민국을 대표하는 유일 단체로서 패럴림픽 운동의 정신과 가치를 확산하며 스포츠를 통한 국제친선과 세계평화 기여,&cr;ㅇ 가맹단체 및 시도지회의 지원 육성&cr;ㅇ 종목별ㆍ유형별 장애인체육 지원ㆍ육성&cr;ㅇ 장애인생활체육대회 개최 및 지원과 장애인 생활체육 프로그램 개발ㆍ보급 등 체육 생활화 운동&cr;ㅇ 패럴림픽대회  장애인아시아경기대회  IPC 후원을 받는 종합대회 및 이에 준하는 국제종합경기대회에 대한민국을 대표하는 선수단 파견 및 지원&cr;ㅇ 전국장애인체육대회  전국장애학생체육대회 등 각종 종합체육대회 개최 및 지원&cr;ㅇ 장애인 선수 및 지도자 등 전문인력의 양성과 연수&cr;ㅇ 장애인 체육  경기 시설의 설치 및 관리&cr;ㅇ 장애인체육용기구에 관한 연구개발 및 보급사업&cr;ㅇ 장애인체육발전에 관한 조사ㆍ연구 및 간행물 발간&cr;ㅇ 장애학생 체육진흥을 위한 협력 및 교류&cr;ㅇ 장애체육인의 권익증진 및 복지를 위한 사업&cr;ㅇ 장애인은퇴선수 지원 사업&cr;ㅇ 장애인체육회 사업 수행에 필요한 재원 조달을 위한 수익사업&cr;ㅇ 기타 장애인체육 발전을 위하여 필요한 사업 및 문화체육관광부장관이 위탁하는 장애인체육 관련 사업&cr;,&cr;ㅇ 1989. 4. 28. (재)한국장애자복지체육회 설립(보건복지부)&cr;ㅇ 2004. 12. 4. 장애인체육 문체부 이관 결정(국무조정실)&cr;ㅇ 2005. 10. 31. 장애인체육 업무 이관&cr;ㅇ 2005. 11. 25. 대한장애인체육회 설립(국민체육진흥법 제34조)&cr;ㅇ 2009. 10. 15. 이천선수촌 개관&cr;ㅇ 2021. 2. 25. 정진완 회장 취임(제5대)&cr;ㅇ 2025. 2. 27. 정진완 회장 취임(제6대)&cr;,ㅇ 미션: 모두가 함께하는 스포츠로 건강한 사회 구현&cr;ㅇ 비전: 전문성을 바탕으로 선수에게 신뢰를  장애인에게 영감을 주는 장애인체육 문화의 중심&cr;ㅇ 핵심가치: 전문과 혁신  확산과 공유  공정과 신뢰  소통과 협력&cr;ㅇ 경영목표: 장애인스포츠과학화지수 100% 달성  장애인체육건강복지지수 100% 달성  고객중심경영지수 100% 달성  상생경영지수 100% 달성&cr;ㅇ 전략방향: 장애인스포츠과학 기반 전문ㆍ생활체육 연계 생태계 조성  장애인체육 건강복지 실현 기반 조성  고객가치 관점의 장애인체육 거버넌스 운영  공공기관 KPC형 자율책임 효율경영시스템 구축 및 운영,정진완,20210225-20290222,ㅇ (전) 대한장애인체육회 이천선수촌장&cr;ㅇ (전) 문화체육관광부 장애인체육과장&cr;ㅇ (전) 충청남도장애인체육회 사무처장&cr;ㅇ (전) 2000 시드니패럴림픽대회 사격 메달리스트(금  동),서울특별시,서울특별시 송파구 올림픽로 424 올림픽회관 신관, http://www.koreanpc.kr,215-82-09502,-
80,대한적십자사,기타공공기관,보건복지부,「대한적십자사 조직법」,19051027,제네바협약의 정신과 국제적십자운동 기본원칙에 따른 적십자사업의 원활한 수행을 도모함으로써 적십자의 이상인 인도주의를 실현하고 세계평화와 인류의 복지에 공헌,- 제네바협약의 정신에 따른 전시포로 및 무력충돌희생자 구호사업&cr;- 전시에 군 의료보조기관으로서의 전상자 치료 및 구호사업&cr;- 수재  화재  기근  악성 감염병 등 중대한 재난을 당한 사람에 대한 구호사업&cr;- 의료사업(간호사업 및 혈액사업을 포함한다)  응급구호사업  자원봉사사업  이산가족 재회사업  청소년적십자사업  관련 교육사업  그 밖에 국민보건 및 사회복지에 관한 사업&cr;- 적십자 이념 및 국제인도법의 보급사업&cr;- 적십자사의 사업 수행을 위한 국제협력사업 등,- 1905. 10. 27. 대한제국적십자사 발족(고종황제칙령 제47호)&cr;- 1919. 08. 29. 대한적십자회 창립(상해임시정부 내무부령 제62호)&cr;- 1946. 07. 27. 조선적십자사 창립&cr;- 1949. 04. 30. 대한적십자사 조직법 제정 공포(법률 제25호)&cr;- 1958. 02. 15. 대한적십자사 혈액원 개원&cr;- 2005. 11. 11. 창립 100주년 기념 제15차 국제적십자사연맹총회 주최&cr;- 2014. 05. 30. 대한적십자사 이전(원주혁신도시),[미션] 인도주의를 실현하고 세계평화와 인류의 복지에 공헌&cr;[비전] 안전한 지역사회  함께 나아가는 적십자&cr;[핵심가치 및 목표]&cr; ㅇ (도전과 기회) 재난구호 역량 강화 및 안전 교육 확대&cr; ㅇ (돌봄과 참여) 돌봄사회 구현과 시민참여 활성화&cr; ㅇ (변화와 혁신) 지속 가능한 사업 경쟁력 확보&cr; ㅇ (공정과 협력) 조직과 직원이 함께 하는 동반 성장, 공석,-,-,강원도,강원도 원주시 혁신로 50,https://www.redcross.or.kr,203-82-00639,-
81,대한체육회,기타공공기관,문화체육관광부,국민체육진흥법 제33조,19200713,&cr;ㆍ체육운동을 범국민화하여 학교체육 및 생활체육 진흥을 위한 다양한 활동을 전개함으로써 국민의 건강과 체력증진  여가선용과 복지향상에 이바지하며 우수한 경기자 양성으로 국위선양에 기여&cr;ㆍ올림픽운동을 보호  증진  발전시키고 이를 통하여 올림피즘의 원칙과 가치를 확산하며 스포츠를 통한 국제친선과 세계평화에 기여&cr;ㆍ국제올림픽위원회  국가올림픽위원회연합회  아시아올림픽평의회 등 국제체육기구에 대하여 대한민국을 대표&cr;,&cr;ㅇ 체육회 회원단체의 사업과 활동에 대한 지도와 지원&cr;ㅇ 전국체육대회   전국소년체육대회  전국생활체육대축전 등 각종 종합체육대회 개최&cr;ㅇ 스포츠의·과학을 활용한 선수·지도자의 육성  경기기술의 연구 촉진&cr;ㅇ 체육인의 권익 증진  복지 및 교육 관련 사업&cr;ㅇ 국가대표 은퇴선수 지원 사업&cr;ㅇ 범국민 생활체육 운동 전개 및 생애주기 생활체육프로그램 개발·보급&cr;ㅇ 스포츠클럽 및 체육동호인조직 활동의 지원&cr;ㅇ 학교체육(청소년 체육활동을 포함)  전문체육  생활체육의 진흥 및 연계 사업&cr;ㅇ 국제종합경기대회 대한민국 선수단 파견&cr;ㅇ 국제종합경기대회 국내 개최 후보도시 선정 및 대회 개최 시 지원&cr;ㅇ 국제스포츠교류  올림픽운동 및 국제교육·문화 프로그램 관련된 제반 사업&cr;ㅇ 스포츠 관련 환경의 지속적 발전을 위한 사업&cr;ㅇ 체육시설의 설치 및 관리·운영&cr;ㅇ 체육역사 발굴  확산 등 문화사업&cr;ㅇ 체육회의 사업수행에 필요한 홍보사업 및 재원 조달을 위한 수익사업&cr;ㅇ 그 밖에 체육 진흥 및 체육회의 목적달성에 필요한 사업&cr;,&cr;ㅇ 1920.07.13. 조선체육회 창립&cr;ㅇ 1947.06.20. 조선올림픽위원회(KOC) 설립 및 국제올림픽위원회(IOC) 가입&cr;ㅇ 1948.09.03. 대한체육회 및 대한올림픽위원회(KOC)로 개칭&cr;ㅇ 1954.03.16. 사단법인 대한체육회 인가&cr;ㅇ 1964.09.08. 대한체육회에서 대한올림픽위원회 분리&cr;ㅇ 1966.06.30. 태릉선수촌 건립&cr;ㅇ 1968.03.01. 대한체육회에 대한올림픽위원회 및 대한학교체육위원회 통합&cr;                     (KOC를 대한체육회 정관상 특별위원회로 운영)&cr;ㅇ 1982.12.31. 대한체육회를 국민체육진흥법상 특수법인으로 지정&cr;ㅇ 1988.09.17. 제24회 서울하계올림픽대회 개최&cr;ㅇ 1991.02.06. 국민생활체육협의회 설립(→ 2009. 6. 국민생활체육회로 개칭)&cr;ㅇ 1994.07.31. 국민생활체육협의회에 재단법인 세계한민족체전위원회 통합&cr;ㅇ 1998.06.30. 태백선수촌 건립&cr;ㅇ 2001.07.16. 국민생활체육안전공제회 설치·운영&cr;                     (→ 2010. 7. 스포츠안전재단 법인 설립)&cr;ㅇ 2009.06.29. 대한체육회  대한올림픽위원회 완전 통합&cr;                    (대한체육회  Korean Olympic Committee)&cr;ㅇ 2016.03.07. 대한체육회  국민생활체육회 통합&cr;                     (대한체육회  Korean Sport & Olympic Committee)&cr;ㅇ 2017.09.27. (진천) 국가대표선수촌 개촌(← 2011.10. 1단계 건립)&cr;ㅇ 2018.02.09. 제23회 평창동계올림픽대회 개최&cr;ㅇ 2020.07.13. 대한체육회 창립 100주년&cr;ㅇ 2023.04.26. 평창동계훈련센터 개관&cr;ㅇ 2025.12.11. 대한민국체육인재개발원 개원&cr;,&cr;ㅇ 미션: 스포츠를 통한 국민의 건강과 행복  사회통합 실현&cr;ㅇ 비전: 책임 있는 변화로 다시 뛰는 대한체육회&cr;ㅇ 경영목표: 종합청렴도 1등급  고객만족도 우수등급  안전사고 Zero(훈련·교육시설)  모두를 위한 스포츠 환경 조성  국제 경기력 TOP 7&cr;ㅇ 전략방향&cr;  - 투명하고 유능한 체육행정 실현&cr;  - 함께 성장하는 체육환경 조성&cr;  - 스포츠 참여 활성화 기반 확립&cr;  - 국제스포츠 경쟁력 강화&cr;,유승민,20250228-20250228,ㅇ 국제올림픽위원회(IOC) 위원(2016.08.~2024.08.)&cr;ㅇ 대한탁구협회 회장(2019.05.~2024.09.),서울특별시,서울특별시 송파구 올림픽로 424 올림픽회관,www.sports.or.kr,405-82-03912,-
82,독립기념관,기타공공기관,국가보훈부,독립기념관법 제1조,19860820,외침(外侵)을 극복(克服)하고 민족의 자주와 독립을 지켜 온 우리 민족의 국난 극복사와 국가 발전사에 관한 자료를 수집·보존·전시·조사·연구함으로써 민족문화의 정체성을 확립하고 국민의 투철한 민족정신을 북돋우며 올바른 국가관을 정립하는 데에 이바지함(독립기념관법 제1조),○ 국난극복사와 국가발전사에 관한 자료의 수집  보존  관리 및 전시  조사  연구&cr;○ 국민의 투철한 민족정신을 북돋우고 올바른 국가관을 정립하기 위한 국민교육&cr;○ 독립기념관 자료에 관한 홍보와 이에 관한 각종 간행물의 제작 및 배포&cr;○ 독립기념관 시설의 관리 및 확충&cr;○ 독립기념관 운영재원 조달을 위한 사업&cr;○ 국가  지방자치단체 또는 「공공기관의 운영에 관한 법률」 제4조에 따른 공공기관으로부터 위탁받은 사업,○ 1986. 05. 09. : 독립기념관법 제정(법률 제3820호)&cr;○ 1987. 08. 15. : 독립기념관 준공 및 개관(법인설립 '86. 08. 20.)&cr;○ 2005. 05. 18. : 소관부처 이관(문화관광부 → 국가보훈처)&cr;○ 2008. 01. 01. : 관람 무료화(법률 제8536호),○ 미션 : 독립정신 함양을 통해 보훈문화를 확산하고 국민통합에 기여한다.&cr;&cr;○ 비전 : 독립의 감동을 국민과 누리는 모두의 기념관&cr;&cr;○ 핵심가치 : 독립정신  공감혁신  존중신뢰&cr;&cr;○ 전략목표 및 과제&cr;1. 독립운동 핵심가치 선도&cr;(1-1) 독립문화유산 수집·관리 강화&cr;(1-2) 독립문화유산 보존·활용 확대&cr;(1-3) 균형 있는 학술연구 강화&cr;(1-4) 국내외 연구교류 활성화&cr;&cr;2. 역사의식 함양·확산 강화&cr;(2-1) 국민 공감 전시콘텐츠 강화&cr;(2-2) 올바른 국가관 정립 교육&cr;(2-3) 고유 콘텐츠 개발·보급 확대&cr;(2-4) 독립정신 확산 체계 고도화&cr;&cr;3. 국민감동 미래도약 실현&cr;(3-1) 역사·문화 플랫폼 활성화&cr;(3-2) 고객만족 및 소통 강화&cr;(3-3) ESG 책임경영 확산&cr;(3-4) 국민체감 경영혁신,김희곤,20260413-20290412,○ 국립대한민국임시정부기념관 관장&cr;○ 국립경국대학교(전 안동대학교) 사학과 교수&cr;○ 경북독립운동기념관 관장&cr;○ 안동독립운동기념관 관장&cr;○ 대한민국임시정부 자료집 편찬위원회 위원장&cr;○ 독립기념관 한국독립운동사연구소 소장,충청남도,충청남도 천안시 동남구 목천읍 독립기념관로 1,www.i815.or.kr,312-82-02552,-
83,동북아역사재단,기타공공기관,교육부,동북아역사재단 설립·운영에 관한 법률,20060922,동북아시아 역사문제 및 독도 관련 사항에 대한 장기적·지속적·종합적 연구 및 분석을 실시하고  체계적·전략적 정책을 개발하며  홍보·교육활동과 교류지원사업을 시행함으로써 바른역사인식을 공유하고 동북아시아 지역의 평화 및 번영의 기반을 마련함을 목적으로 함, - 동북아시아의 역사정립을 위한 조사·연구&cr;- 독도 관련 사항에 대한 조사·연구&cr;- 동북아시아 역사 및 독도 관련 전략·정책대안의 개발 및 대정부 정책건의&cr;- 동북아시아 역사 및 독도 관련 시민사회단체에 대한 지원·교류&cr;- 동북아시아 역사 및 독도 관련 홍보·교육·출판 및 보급&cr;- 동해·독도의 표기 관련 체계적 오류시정활동&cr;※ 「동북아역사재단 설립·운영에 관한 법률」제5조(사업)제1항,- 2006.5.19 동북아역사재단 설립·운영에 관한 법률 제정 공포&cr;- 2006.8.17 동북아역사재단 설립·운영에 관한 법률 시행령 제정 공포&cr;- 2006.9.1 제1대 김용덕 이사장 취임&cr;- 2006.9.22 동북아역사재단 설립 등기&cr;- 2006.9.28 동북아역사재단 출범식&cr;- 2007.4.11 기타공공기관 지정(기획예산처 고시 제2007-31호)&cr;- 2008.1.17 동북아역사자료센터 개소&cr;- 2008.8.14 독도연구소 개소&cr;- 2009.9.18 제2대 정재정 이사장 취임&cr;- 2012.9.14 독도체험관 개관&cr;- 2012.9.17 제3대 김학준 이사장 취임&cr;- 2015.9.17 제4대 김호섭 이사장 취임&cr;- 2017.11.6 제5대 김도형 이사장 취임&cr;- 2020.12.28 제6대 이영호 이사장 취임&cr;- 2022.10.25 독도체험관 확장 이전 개관&cr;- 2023.12.29 제7대 박지향 이사장 취임,ㅇ 미션: 바른 역사인식 정립 및 공유를 통한 동북아시아 지역의 평화ㆍ번영 기반 조성&cr;ㅇ 비전: 국민이 신뢰하는 동북아 역사ㆍ영토 연구와 정책의 중심&cr;ㅇ 핵심가치&cr;- 전문과 신뢰&cr;- 시의적절과 실용&cr;- 확산과 공유&cr;- 공정과 상식&cr;ㅇ 전략목표&cr;- 역사왜곡 대응을 위한 연구와 정책개발(대응) 연계성 확보&cr;- 양질의 연구성과 활용 확대&cr;- 교육ㆍ홍보 및 협업 대상 확대&cr;- 재단 업무환경 개선 및 원활한 행정업무 지원,박지향,20231229-20261228,-서울대학교 명예교수('19~현재)&cr;-서울대학교 서양사학과 교수('92~'18)&cr;-서울대학교 중앙도서관 관장('11~'15),서울특별시,서울특별시 서대문구 통일로 81 NH농협생명빌딩,www.nahf.or.kr,110-82-11983,-
84,무역안보관리원,기타공공기관,산업통상부,대외무역법 제25조(무역안보관리원의 설립 등),20070605,전략물자 수출입 업무와 관리 업무의 효율적 지원,&cr;무역안보 정책수립 지원&cr;무역안보 산업영향분석 및 실태조사 지원&cr;무역안보 국제협력 지원&cr;전략물자 판정&cr;전략물자 수출입자 교육 및 홍보&cr;자율준수 무역거래자 지정 및 관리&cr;전략물자 수출입통제 관련 조사  연구 및 국제협력&cr;전략물자관리시스템(Yestrade) 구축 및 운영&cr;,2007: 전략물자관리원 설립&cr;2008: 기타공공기관 지정&cr;2009: 공직유관단체 지정&cr;2010: 대외무&cr;역법 개정으로 한국산업기술진흥협회 전략기술 업무 이관&cr;2013: 국제평화와 안전유지를 위한 특별조치 등 지원 업무 추가&cr;&cr;2024: &cr;무역안보관리원으로&cr; 기관명칭 변경&cr;,ㅇ 미션: 정부의 무역기술안보 정책 지원  수출입 기업에 안전한 교역여건 제공  굳건한 무역안보 수호 및 글로벌 선도&cr;ㅇ 비전: 경제안보 시대  글로벌 무역안보를 선도하는 전문기관&cr;ㅇ 전략목표&cr;  - 경제안보 씽크탱크 역할 강화&cr;  - 전문판정 등 기업 서비스 제고&cr;  - 무역안보 최전선을 수호하는 이행체계 강화&cr;  - 무역안보 정책 지원 플랫폼 확대,서정민,20240821-20270820,서울대학교 경제학 석사&cr;美 보스턴대 경제학 박사&cr;대외경제정책연구원 (`09~`14)&cr;대통령비서실 산업통상자원 비서관실 행정관 (`15~`16)&cr;숭실대학교 글로벌통상상학과 교수 (`14~`24),서울특별시,서울특별시 강남구 영동대로 511  16층,www.kosti.or.kr,120-82-08302,-
85,민주화운동기념사업회,기타공공기관,행정안전부,민주화운동기념사업회법,20011112,민주화운동을 기념하고 그 정신을 계승하기 위한 사업을 수행함으로써 민주주의 발전에 이바지함,- 민주화운동기념관의 건립 및 운영&cr;- 민주시민교육과 민주시민교육센터 설립 및 운영&cr;- 민주화운동의 역사를 정리하기 위한 사료의 수집  보존  전산화  관리  전시  홍보 &cr;조사 및 연구&cr;- 민주화운동 유적의 보존  관리  조사  홍보 및 연구&cr;- 민주화운동의 기념 및 계승을 위한 사업 및 행사&cr;- 민주 발전을 위한 지원사업&cr;- 민주주의 발전에 기여하는 국제교류협력 사업,- 2000.07.14. 여·야 의원 82인 명의로 민주화운동기념사업회법 발의&cr;- 2001.07.24. 민주화운동기념사업회법 제정&cr;- 2001.09.24. 법인설립위원 위촉(성유보 대표설립위원 외 9명)&cr;- 2001.10.25. 초대이사장 임명(박형규)&cr;- 2001.10.31. 시행령 공포&cr;- 2001.11.12. 법인설립 허가  임원 임명(배다지 외 이사 14명  감사 2명)&cr;- 2001.11.22. 법인설립&cr;- 2004.11.22. 제2기 이사회 출범(함세웅 이사장 외 이사 12명  감사 2명)&cr;- 2007.04.11. 「공공기관의 운영에 관한 법률」 시행에 따른 기타공공기관 지정&cr;- 2007.12.03. 제3기 이사회 출범(함세웅 이사장 외 이사 14명  감사 2명)&cr;- 2010.12.24. 제4기 이사회 출범(정성헌 이사장 외 이사 8명  감사 2명)&cr;- 2014.05.15. 제5기 이사회 출범(박상증 이사장 외 이사 6명  감사 2명)&cr;- 2017.10.17. 제6기 이사회 출범(지선 이사장 외 이사 11명  감사 2명)&cr;- 2020.10.23. 제7기 이사회 출범(지선 이사장 외 이사 14명  감사 2명)&cr;- 2021.06.10. 민주인권기념관 착공식 개최&cr;- 2021.11.12. 민주화운동기념사업회 창립 20주년 기념식 개최&cr;- 2023.12.01. 제8기 이사회 출범(이재오 이사장 외 이사 14명  감사 2명),- 미션: 민주화운동 정신을 계승하여 민주주의 발전에 이바지&cr;- 비전: 역사에서 일상으로 민주주의를 확대하는 시민의 동반자&cr;- 핵심가치: 신뢰  소통  혁신  책임&cr;- 경영목표&cr;Ⅰ. 민주주의 K-콘텐츠 생산 20% 증가&cr;Ⅱ. 민주주의 K-콘텐츠 이용자 8백만명 달성&cr;Ⅲ. 윤리책임경영/조직인적자원 관리 평가 B등급 이상&cr;Ⅳ. 고객만족도 최우수기관 달성(우수등급)&cr;- 전략 방향 및 과제&cr;1. 민주주의 역사·문화의 온·오프라인 가치창출&cr;1-1. 수요자 맞춤형 민주주의 K-콘텐츠 연구개발&cr;1-2. 생활 속 민주시민교육 활성화 기반 마련&cr;1-3. 민주화운동 기념사업 및 역사정보의 플랫폼 강화&cr;2. 한국을 넘어 세계로 민주주의 HUB 구축&cr;2-1. 기념관 및 민주공원의 효율적 운영&cr;2-2. 민주주의 K-콘텐츠 가치 재생산과 전파&cr;2-3. 협력을 통한 민주주의 국내외 네트워크 강화&cr;3. 지속가능성 강화와 경영혁신&cr;3-1. 지속가능한 조직 역량 확보&cr;3-2. 일하는 방식 혁신(청렴  투명  윤리경영 실현)&cr;3-3. 사업관리 강화를 통한 경영혁신&cr;4. 사회적 가치 실현을 위한 ESG 경영 추진&cr;4-1. 안전·환경 중심 경영체계 강화&cr;4-2. 국민 소통 확대 및 상생협력관계 구축&cr;4-3. 사회적 책임 이행력 강화,이재오,20230727-20260704,제15·16·17·18·19대 국회의원&cr;특임장관실 장관&cr;국민권익위원회 위원장&cr;,경기도,경기도 의왕시 내손순환로 132,https://www.kdemo.or.kr/,104-82-07602,-
86,부산대학교병원,기타공공기관,교육부,국립대학병원 설치법,19561101,「고등교육법」에 따른 의학 등에 관한 교육ㆍ연구와 진료를 통하여 의학 발전을 도모하고 국민보건 향상에 이바지함을 목적으로 한다.,- 의학계 학생의 임상교육&cr;- 전공의의 수련과 의료요원의 훈련&cr;- 의학계 관련 연구&cr;- 임상연구 및 연구개발&cr;- 진료사업&cr;-「공공보건의료에 관한 법률」 제2조제2호에 따른 공공보건의료사업&cr;- 그 밖에 국민보건 향상에 필요한 사업,1956. 11. 01. 부산대학교 의과대학 부속병원으로 개원&cr;1988. 02. 24. 부산대학교병원으로 명칭 변경&cr;1994. 05. 20. 특수법인 부산대학교병원 설립&cr;2007. 04. 11. 기타공공기관 지정&cr;2008. 11. 24. 양산부산대학교병원  어린이병원 개원&cr;2010. 05. 19. 부산대학교병원한방병원 개원&cr;2015. 11. 09. 권역외상센터 개소&cr;2015. 12. 02. 권역호흡기전문질환센터 개소&cr;2016. 06. 01. 간호 간병 통합서비스병동 개소&cr;2019. 11. 29. 부산대학교병원 인재개발원 개원&cr;2020. 01. 27. 권역별호스피스센터 운영&cr;2020. 07. 28. 2020년 연구중심병원 육성R&D 사업 선정&cr;2020. 07. 31. 양산부산대병원  경남권역 감염병전문병원 사업 선정,한국을 대표하는 스마트 중증종합병원&cr;- SMART 의료환경 구축(차세대 EMR 구축  EDC 스마트 부산대학교병원 추진 등)&cr;- 중증질환 중심 진료특성화 및 전문질환센터 육성,김해영,20260429-20290428,현)부산대학교병원장&cr;전)부산대학교병원 기획조정실장&cr;전)양산부산대학교병원 중앙수술부장&cr;전)부산대학교 입학본부장,부산광역시,부산광역시 서구 구덕로 179,http://www.pnuh.or.kr,603-82-04892,-
87,부산대학교치과병원,기타공공기관,교육부,국립대학치과병원 설치법,20110901,치의학에 관한 교육  연구와 진료를 함으로써 치의학의 발전을 도모하고 국민구강보건 향상에 기여하게 함을 목적으로 한다,1. 국립대학 치의학계 학생의 임상교육&cr;2  전공의의 수련 및 의료요원의 훈련&cr;3  치의학계 관련 연구&cr;4. 임상연구 및 연구개발업&cr;5. 진료사업&cr;6.「공공보건의료에 관한 법률」 제2조제2호에 따른 공공보건의료사업&cr;7. 그 밖에 국민구강보건 향상에 필요한 사업,1957. 부산대학교의과대학부속병원에 치과 개설&cr;1986. 신관(현B동) 완공에 따라 신관 4~5층 치과진료과로 개설&cr;2007. 4. 부산대학교양산캠퍼스 부지에 부산대학교치과병원 착공&cr;2009. 11. 부산대학교치과병원 개원식&cr;2011. 4. 부산대학교치과병원 분리 독립 및 정관 인가&cr;2011. 9. 부산대학교치과병원 법인 설립 등기&cr;2015. 12. 보건복지부 의료기관인증&cr;2019. 12. 보건복지부 2주기 의료기관 인증&cr;2021. 8. 경상남도 장애인구강진료센터 개소&cr;2021. 9. 부산대학교치과병원 독립법인 10주년&cr;2022. 5. 치의학융복합진료센터 준공식&cr;2022. 12. 임상술기센터 개소&cr;2024. 12. 구강암 및 안면외상센터 설치,<중장기 경영목표>&cr;1. 진료 - 연간 환자수 16만명 달성&cr;2. 교육 - 연간 전문인력 770명 양성&cr;3. 연구 - 연구수익 300백만원 달성&cr;4. 공공의료 - 복지부평가 최우수등급&cr;5. 경영 - 의료이익 흑자전환&cr;&cr;<전략방향>&cr;1. 진료 - 환자에게 최적화된 진료를 제공하여 환자 의료 니즈와 기대 충족&cr;2. 교육 - 전문성과 윤리의식을 갖춘 우수한 치의학 인재 양성&cr;3. 연구 - 적극적인 여구와 선제적인 기술발전으로 국가 치의학계 선도적인 역할&cr;4. 공공의료 - 공공보건의료기관으로서 지역사회의 의료적 필요 충족&cr;5. 경영 - 경영혁신을 통한 지속가능 경영 토대 마련,김현철,20231023-20261022,부산대학교치과대학발전재단 이사장&cr;부산대학교치의학전문대학원 원장&cr;부산대학교치과병원 치의학연구소장,경상남도,경상남도 양산시 물금읍 금오로 20,www.pnudh.co.kr,621-82-12309,-
88,부산항만공사,기타공공기관,해양수산부,항만공사법,20040116,부산항만공사는 항만시설의 개발 및 운영에 관한 업무의 전문성과 효율성을 높임으&cr;로써 부산항을 경쟁력 있는 해운ㆍ항만ㆍ물류의 중심기지로 육성하여 국민경제에 이&cr;바지함을 목적으로 함,항만시설의 개발 및 관리ㆍ운영&cr;항만배후단지의 조성 및 관리ㆍ운영&cr;항만재개발 및 마리나항만시설의 조성&cr;외국 항만의 조성 및 관리ㆍ운영&cr;국가 및 지방자치단체 위탁사업,2003.05.29. 항만공사법 제정(법률 제6918호)&cr;2003.11.29. 항만공사법 시행령 제정(대통령령 제18147호)&cr;2004.01.16. 부산항만공사 설립&cr;2023.02.03. 공공기관 유형 중 기타공공기관으로 지정,◇ 미션&cr;- 부산항을 고부가가치 항만으로 육성하여 국가경제에 이바지한다&cr;&cr;◇ 비전&cr;- 초연결시대를 주도하는 글로벌 종합 항만서비스 리더&cr;&cr;◇ 경영목표(2030)&cr;- 컨물동량 2 878만TEU&cr;- 안전관리 최고등급&cr;- ESG경영 최고등급&cr;- 국제 크루즈ㆍ여객 163만명&cr;- 탄소배출저감 37%&cr;- 고객만족도 최우수&cr;&cr;◇ 전략방향&cr;- 미래항만 패러다임 선도&cr;- 항만부가가치 극대화&cr;- 지속가능한 항만혁신 성장&cr;- 국민신뢰 성과경영 실현&cr;&cr;◇ 전략과제&cr;- 스마트항만 인프라 확대&cr;- 항만 운영효율 및 화물유치활동 강화&cr;- 안전항만 구현&cr;- 소통 기반 서비스 개선&cr;- AI 디지털전환 가속화&cr;- 배후단지 경쟁력 고도화&cr;- 탄소중립 항만 도약&cr;- 재무예산관리 책임성 강화&cr;- 물류영토 및 네트워크 확장&cr;- 항만 기능 다양화&cr;- 항만산업 혁신성장 지원&cr;- 투명하고 합리적인 조직관리&cr;,송상근,20250210-20280209,- 해양수산부 차관&cr;- 해양수산부 해양정책실장&cr;- 외교부 주영국대한민국대사관 공사참사관,부산광역시,부산광역시 중구 대교로 122(중앙동 6가),https://busanpa.com,602-81-31628,-
89,북한이탈주민지원재단,기타공공기관,통일부,북한이탈주민 보호 및 정착지원에 관한 법률 제30조,20100927,북한이탈주민에 대한 보호 및 정착지원을 위한 사업을 수행함으로써 북한이탈주민의 자립정착 및 통일환경 조성에 기여,o 북한이탈주민에 대한 보호 및 정착지원을 위한 사업과 정부로부터 위탁받은 업무를 수행&cr;  - 북한이탈주민의 생활안정 및 사회적응 지원사업&cr;  - 북한이탈주민의 취업 및 창업 지원사업&cr;  - 북한이탈주민에 대한 직업훈련에 필요한 사업&cr;  - 북한이탈주민에 대한 장학사업&cr;  - 북한이탈주민에 대한 전문상담인력의 양성과 전문상담사업&cr;  - 북한이탈주민과 관련된 민간단체 협력사업&cr;  - 북한이탈주민 지원을 위한 정책개발 및 조사ㆍ연구사업&cr;  - 북한이탈주민에 관한 실태조사 및 통계구축사업&cr;  - 북한이탈주민에 대한 영농정착지원에 관한 사업&cr;  - 그 밖에 통일부장관이 필요하다고 인정하여 재단에 위탁하는 사업&cr;    ※ &cr;북한이탈주민의 보호 및 정착지원에 관한 법률」제30조 제4항&cr;,o 2010년 3월 '북한이탈주민의 보호 및 정착지원에 관한 법률' 개정  '북한이탈주민지원재단 설립'&cr;o 2010년 9월 재단 설립 및 창립이사회 개최&cr;o 2010년 10월 제1대 이사장 취임&cr;o 2010년 11월 재단 출범(1실 1센터 5부)&cr;o 2011년 1월 기타공공기관으로 지정&cr;o 2013년 11월 제2대 이사장 취임&cr;o 2015년 8월 제3대 이사장 취임&cr;o 2017년 11월 제4대 이사장 취임&cr;o 2020년 3월 제5대 이사장 취임&cr;o 2023년 3월 제6대 이사장 취임,o 경영목표 : 북향민의 자립지원과 남북주민간 사회통합 촉진&cr;o 경영전략&cr;  - 맞춤형 정착지원체계 고도화&cr;  - 사회통합사업의 기반 강화&cr;  - 근거기반 정책 및 사업추진 강화, 공석,-,-,서울특별시,서울특별시 마포구 새창로 7 (서울대총동창회장학빌딩) 4층  5층  14층,www.koreahana.or.kr,105-82-18723,-
90,사립학교교직원연금공단,기타공공기관,교육부,사립학교교직원연금법,19740111,사립학교 교원 및 사무 직원의 퇴직ㆍ사망 및 직무로 인한 질병ㆍ부상ㆍ장해에 대하여 적절한 급여제도를 확립함으로써 교직원 및 그 유족의 경제적 생활안정과 복리향상에 이바지함,1. 부담금의 징수&cr;2. 각종 급여의 결정과 지급&cr;3. 교직원의 후생ㆍ복지증진을 위하여 필요하다고 인정되는 사업&cr;4. 기금증식을 위한 예탁ㆍ신탁ㆍ유가증권 투자 및 안전성이 보장된 수익사업과 소유부동산을 이용하여 직접 운영하는 사업&cr;5. 교직원의 복지증진에 필요한 사업으로써 국가가 공단에 위탁하는 사업&cr;6. 그 밖에 사립학교교직원연금 관리에 부수되는 사업,1973.12.20 사립학교교원연금법 제정 및 공포 &cr;1974.01.11 사립학교교원연금관리공단 설립 &cr;1975.01.01 연금업무 개시&cr;1976.04.05 대여사업 시행&cr;1978.01.01 사무직원 연금법 적용&cr;1981.03.20 국가위탁학자금대여사업 시행&cr;1991.10.01 퇴직수당제도 신설&cr;2000.01.01 법제명 변경(사립학교교직원연금법)&cr;2004.12.31 사학연금 임직원 윤리경영 선포&cr;2006.01.01 군소급 사용자부담금의 국가부담&cr;2009.08.07 국민연금과 직역연금의 연계에 관한 법률 시행&cr;2010.01.01 사립학교교직원연금공단으로 명칭 변경&cr;2011.12.28 TOP+2021 신 중장기종합발전계획 선포&cr;2014.12.15 사학연금본부 광주전남혁신도시 이전&cr;2016.01.01 부담금 및 급여산정기준 변경 등 연금법 개정법률 시행&cr;2016.03.01 국립대병원 사학연금법 적용&cr;2017.05.09 CS 슬로건 변경 "내일의 행복  내일의 연금"&cr;2018.06.07 서울회관 재건축 건립을 위한 사업협약서 체결&cr;2019.07.01 행복나눔 대여 시행&cr;2020.01.01 사학연금 스튜어드십 코드 도입 공표&cr;2020.05.12 급여 청구 절차 간소화 등 연금법 개정 법률 시행&cr;2021.08.31 사학연금 ESG 경영 도입&cr;2022.11.03 사학연금 어린이집 준공&cr;2023.03.01 사학연금 나주 본사 햇살어린이집 개원&cr;2023.09.01 무기계약직 사학연금법 확대 적용 시행&cr;2024.02.27 형벌 등에 따른 급여제한 사무직원 특례 관련 연금법 부칙 정비,<미션>&cr;안정적 연금관리로 교직원 및 가족의 경제적 생활 안정과 복지 향상에 기여합니다.&cr;&cr;<비전>&cr;교직원과 함께하는 연금ㆍ복지 전문기관&cr;&cr;<전략목표 및 과제>&cr;1. 고객만족 연금서비스 구현&cr;  - 안정적 사회보장 제도 기반 마련&cr;  - 가입자 맞춤형 관리체계 고도화&cr;  - 급여 관리 &cr;·지급 효율성 제고&cr;2. 공감기반 복지서비스 확대&cr;  - 생애주기별 복지 지원 강화&cr;  - 고객지향 대여서비스 제공&cr;  - 두터운 고객 보호 지원 강화&cr;3. 기금재정 안정성 &cr;·수익성 증대&cr;  - 자산운용계획 및 인프라 혁신&cr;  - 기금운용 수익률 제고&cr;  - 전사 위험관리체계 강화&cr;4. 경영혁신으로 미래 대응&cr;  - AI &cr;·디지털 기반 미래 혁신 선도&cr;  - ESG &cr;·안전 경영체계 강화&cr;  - 조직 &cr;·인력 운영 내실화&cr;,송하중,20230701-20260630,경희대학교 행정학과 교수&cr;대통령자문 정책기획위원회 위원장&cr;사학연금제도개선협의회 위원장&cr;한국정책학회 학장&cr;행정개혁시민연합 공동대표,전라남도,전라남도 나주시 문화로 245,https://www.tp.or.kr,116-82-01445,-
91,산업연구원,기타공공기관,국무조정실,정부출연연구기관 등의 설립·운영 및 육성에 관한 법률,19760107,산업·기술과 산업별 통상 및 지역산업에 관련된 각종 동향과 정보를 신속히 수집·조사하고 정책연구를 수행함으로써 국가의 정책수립에 이바지하여 기업의 생산성과 국제경쟁력 향상에 기여함,- 산업정책(기술  인력  규제·제도)  중소·벤처기업 및 중견기업에 관한 조사·분석 및 정책 연구&cr;- 주력 제조업  신산업 및 방위산업에 대한 조사·분석 및 정책 연구&cr;- 산업별 통상 전략 및 주요국과의 산업협력에 관한 조사·분석 및 정책 연구&cr;- 산업의 동향 및 통계에 관한 조사·분석 및 정책 연구&cr;- 국가균형발전을 위한 지역산업·입지·투자에 관한 조사·분석 및 정책 연구,- 1976.01. 중동문제연구소 창설&cr;- 1977.01. 국제경제연구원으로 확대 개편&cr;- 1982.01. 한국산업경제기술연구원(KIET) 개원&cr;- 1984.08. 산업연구원(KIET)으로 명칭 변경&cr;- 1999.01.「정부출연연구기관 등의 설립·운영 및 육성에 관한 법률」(법률 제5733호)에 의거  국무총리 산하 소속 변경,- 대내외 도전요인 극복과 경제도약을 선도하는 종합적 산업정책 수립&cr;- 연구환경 개선 및 성과확산을 통한 기관 위상 제고&cr;- 소통과 책임 중심의 경영혁신 추진,권남훈,20240926-20270925,2003 ~ 2004 건국대학교 경제학과 교수&cr;1997 ~ 2003 정보통신정책연구원 연구위원&cr;2022 ~ 2023 산업통상자원부 정책자문위원회 자문위원&cr;2023 ~ 2024 기획재정부 중장기전략위원회 위원,세종특별자치시,세종특별자치시 시청대로 370(반곡동) 세종국책연구단지 경제정책동 8~12F,http://www.kiet.re.kr,205-82-02157,-
92,새만금개발공사,기타공공기관,국토교통부,새만금사업 추진 및 지원에 관한 특별법 제36조의2(설립),20180921,새만금사업의 효율적이고 신속한 추진으로 국토균형발전에 기여,&cr;새만금개발공사는 새만금사업의 효율적이고 신속한 추진을 목적으로 '새만금사업 추진 및 지원에 관한 특별법' 에 의해 설립된 법인으로서  '19.1.30. 공공기관운영위원회에서 지정된 기타공공기관으로  설립목적에 따라 다음의 업무를 수행한다.&cr; ① 공공시설용지 및 도시개발사업&cr; ② 관광ㆍ휴양 등 복합단지개발사업&cr; ③ 간척 및 매립사업&cr; ④ 집단에너지 공급사업&cr; ⑤ 신ㆍ재생에너지사업 &cr; ⑥ 궤도사업&cr; ⑦ 국내외 투자 유치업무와 이를 위한 마케팅&cr; ⑧ 개발사업 또는 신재생에너지사업을 하는 법인에의 출자ㆍ출연 등&cr; ⑨ 토지의 취득ㆍ개발ㆍ관리ㆍ공급 및 임대사업&cr; ⑩ 새만금 사업지역의 공공지원을 위한 건축물의 건축ㆍ임대 및 관리사업&cr;,&cr;○ ('18. 9) 새만금개발공사 설립&cr;○ ('19. 1) 공공기관 지정(유형 : 기타공공기관)&cr;○ ('19. 8) 스마트 수변도시 조성사업 사업시행자 지정&cr;○ ('20.12) 스마트 수변도시 조성사업  육상태양광 1구역 발전사업 착공&cr;○ ('21. 4) 육상태양광 3구역 발전사업 착공&cr;○ ('21.12) 육상태양광 1구역 발전사업 상업운전 개시&cr;○ ('22. 3) 육상태양광 3구역 발전사업 상업운전 개시&cr;○ ('23. 6) 스마트 수변도시 조성사업 매립공사 준공&cr;○ ('23.11) 스마트 수변도시 조성사업 조성공사 본공사 착공&cr;○ ('24.12) 새만금사업법 개정(사업범위 확대)&cr;○ ('25. 3) 새만금 제2산업단지 조성사업 시행자 지정&cr;○ ('25.12) 스마트 수변도시 단독주택ㆍ근린생활시설용지 첫 공급&cr;,&cr;1. 중장기 경영목표&cr; ○ 새만금 책임개발 30.2㎢&cr; ○ 지산지소 재생에너지 발전시설 1 710MW&cr; ○ 지역경제 공존동생 1조 2 448억원&cr; ○ ESG 신뢰경영 Triple-Zero&cr; &cr;2. 중장기 경영전략&cr; ○ [전략1] 직ㆍ주ㆍ락이 융합된 대한민국 핵심거점 마련&cr;   (1-1) 속도감 있는 수변도시 조성 및 판매&cr;   (1-2) 첨단복합산업단지 구축으로 미래 핵심산업 유치&cr;   (1-3) 관광ㆍ스포츠 친환경 복합단지 조성추진&cr;&cr; ○ [전략2] 국내 최대 RE100 생태계 조성&cr;   (2-1) 새만금RE100 태양광발전시설 구축ㆍ운영(230MW)&cr;   (2-2) 수상태양광 발전시설 구축ㆍ운영(1 200MW)&cr;   (2-3) 육상태양광 발전시설 운영(200MW)&cr;&cr; ○ [전략3] 선순환적 재투자와 지역경제ㆍ사회 기여&cr;   (3-1) 선순환적 내부개발 재투자 재원확보&cr;   (3-2) 상생협력의 지역생태계 조성&cr;   (3-3) 지역을 보듬는 공공서비스 강화&cr;&cr; ○ [전략4] 국민 기대를 넘어 국민 신뢰 지속으로&cr;   (4-1) 안전을 경영 제1의 책무로 하는 중대재해 Zero 달성&cr;   (4-2) 의무를 넘어 기본이 되는 진짜 청렴 경영&cr;   (4-3) 'ESG-Thru' 정착으로 지속가능한 경영 실현&cr;,나경균,20240318-20270317, ○ 전북대학교 산학협력단 특임교수&cr; ○ 법무법인 해온 고문&cr; ○ 원광대학교 법학과 초빙교수&cr; ○ 신동아건설 주식회사 고문&cr; ○ GS칼텍스 고문,전라북도,전라북도 군산시 새만금북로 466 새만금개발공사,https://www.sdco.or.kr,535-88-01158,-
93,서민금융진흥원,기타공공기관,금융위원회,서민의 금융생활 지원에 관한 법률 제3조,20160923,서민금융진흥원은 서민의 금융생활을 지원함으로써 서민 생활의 안정과 경제사회의 균형있는 발전에 이바지함,- 서민 금융생활 지원사업(신용 대출ㆍ보증 사업  저소득층의 보험계약 체결ㆍ유지 지원사업  자산형성지원 사업  종합상담  교육  정보제공  취업지원 등)&cr;- 서민의 금융생활 지원을 위한 금융상품 등의 알선&cr;- 서민의 금융생활 관련 조사ㆍ연구 및 대외 교류ㆍ협력&cr;- 서민에 대한 신용보증 및 자금대출&cr;- 서민금융진흥원의 업무수행에 따른 출자 및 투자&cr;- 서민금융 지원을 조건으로 금융회사에 대한 출연과 출자&cr;- 서민금융 지원 실적이 우수한 금융회사에 대한 출연과 출자&cr;- 지방자치단체가 운영하는 서민금융지원센터에 대한 자금 지원&cr;- 사업수행기관에 대한 지원 및 감독&cr;- 서민금융협의회의 운영 사무&cr;- 서민금융통합지원센터 설치ㆍ운영 및 서민금융통합지원센터운영협의회의 운영사무&cr;- 금융회사등이 휴면계정에 출연한 휴면예금등의 관리ㆍ운용&cr;- 휴면예금등 원권리자에 대하여 휴면예금등을 갈음하는 금액의 지급&cr;- 신용회복위원회로부터 위탁받은 사업&cr;- 서민금융 종합정보시스템의 구축ㆍ운영,&cr;O 2016.03 : 「서민의 금융생활 지원에 관한 법률」 공포&cr;O 2016.09 : 서민금융진흥원 출범&cr;O 2016.09 : 개인신용보증(햇살론) 사업 수행&cr;O 2016.12 : 한국이지론(주) 영업양수도&cr;O 2018.02 : 「공공기관 운영에 관한 법률」에 의거 '기타공공기관'으로 지정&cr;O 2018.12 : 휴면예금지급 온라인사이트 '휴면예금 찾아줌' 오픈&cr;O 2020.01 : '햇살론유스' 출시&cr;O 2020.09 : '신용ㆍ부채관리 컨설팅' 사업 개시&cr;O 2021.02 : 기타공공기관에서 '준정부기관'으로 유형변경 지정&cr;O 2021.05 : 서금원 일ㆍ가정 양립 여성가족부 장관상 수상&cr;O 2021.07 : 햇살론뱅크  안전망대출Ⅱ 출시  햇살론17 금리 인하(17.9%→15.9%) 및 명칭 변경(햇살론15)&cr;O 2021.10 : 「서민의 금융생활 지원에 관한 법률」 개정안 시행&cr;O 2021.10 : '햇살론카드' 출시&cr;O 2021.12 : 대한민국 경제교육 대상 부총리상 수상&cr;O 2022.02 : 청년층 저축장려 및 자산형성 지원을 위한 '청년희망적금' 상품 출시&cr;O 2022.04 : 금융교육  모바일어워드 코리아 2022 '공공서비스분야 대상' 수상&cr;O 2022.12 : 교육기부 대상 부총리 겸 교육부장관상 수상&cr;O 2023.02 : '기타공공기관' 으로 기관 유형변경 지정&cr;O 2023.03 : '소액생계비대출' 출시&cr;O 2023.06 : '청년도약계좌' 출시&cr;O 2023.12 : 2023년 디지털정부 발전 유공 '대통령표창' 수상&cr;O 2024.06 : 서민금융 종합플랫폼 '서민금융 잇다' 출시&cr;O 2024.09 : 「서민의 금융생활 지원에 관한 법률 시행령」 개정(출연요율 상향)&cr;O 2024.11 : 적극행정 우수사례 경진대회 대상(대통령상) 수상&cr;O 2024.12 : 대한민국 ESG경영 혁신대상 공공부문 최우수기관 선정&cr;O 2025.03 : '소액생계비대출' 상품을 '불법사금융예방대출'로 명칭 변경&cr;O 2025.04 : '햇살론119' 출시(영세 개인사업자 지원)&cr;O 2026.01 : 햇살론 개편(정책서민금융상품 4개를 햇살론일반ㆍ특례보증 2개로 통합)&cr;,O 미션 : 서민의 금융생활 및 경제적 자립 지원을 통해 경제ㆍ사회의 균형 있는&cr;발전에 기여&cr;O 비전 : 행복한 금융생활을 위한 포용적 서민금융의 든든한 토대&cr;O 전략목표 및 전략과제&cr;1. 포용금융을 통한 사회안전망 강화&cr;- 서민의 금융안전망 강화&cr;- 청년 미래세대 자산형성 지원 확대&cr;- 영세자영업자ㆍ사회연대금융 지원 활성화&cr;2. 경제적 자립과 재기지원 강화&cr;- 취약계층 복합지원을 통한 경제적 자활 지원&cr;- 취약채무자 재기지원 확대&cr;- 서민 맞춤형 금융역량 강화&cr;3. 서민금융 서비스 혁신&cr;- 디지털 기반의 서민금융 서비스 확대&cr;- 맞춤형 상담을 위한 접근성 향상&cr;- 금융소비자 권리보호 적극지원&cr;4. 지속가능경영 내실화&cr;- 재무건전성 및 리스크 대응체계 강화&cr;- 직무 중심의 조직운영 및 행복한 일터 조성&cr;- ESG경영 선도적 이행,김은경,20260101-20281231,O 신용회복위원회 위원장(현)&cr;O 한국외국어대학교 법학전문대학원 교수&cr;O 국정기획위원회 경제1분과 기획의원&cr;O 금융감독원 금융소비자보호처장(부원장)&cr;O 금융위원회 공적자금관리위원회 위원,서울특별시,서울특별시 중구 세종대로 14 그랜드센트럴,www.kinfa.or.kr,711-82-00144,-
94,서울대학교병원,기타공공기관,교육부,서울대학교병원 설치법,19780715,「고등교육법」에 따른 의학  간호학 및 약학 등에 관한 교육  연구와 진료를 통하여 의학 발전을 도모하고 국민보건 향상에 기여함,ㅇ 국립대학법인 서울대학교 의학계 학생의 임상교육&cr;ㅇ 전공의와 전임의의 수련과 기타 의료 요원의 훈련&cr;ㅇ 의학계 관련 연구&cr;  - 의학계와 이공계 등 다른 학문과 융합에 기반을 둔 응용학문의 교육 및 연구&cr;ㅇ 임상연구&cr;ㅇ 진료사업&cr;ㅇ「공공보건의료에 관한 법률」 제2조제2호에 따른 공공보건의료사업&cr;ㅇ「의료 해외진출 및 외국인환자 유치 지원에 관한 법률」 제2조제1호에 따른 의료 해외진출&cr;ㅇ 그 밖에 국민보건 향상에 필요한 사업,ㅇ 1885.04.03. 제중원 개원&cr;ㅇ 1907.03.10. 광제원  의학교 및 부속병원  대한국적십자병원을 통합하여 대한의원설립&cr;ㅇ 1928.11.29. 경성의학전문학교 부속의원 설립&cr;ㅇ 1946.08.22. 서울대학교의과대학출범으로 서울대학교의과대학부속병원 및 서울대학교치과대학부속병원으로 개편&cr;ㅇ 1978.07.15. 서울대학교 의과대학부속병원  치과대학부속병원을 통합하여 특수법인 서울대학교병원 발족&cr;ㅇ 1985.10.15. 어린이병원 개설&cr;ㅇ 1987.10.01. 시립 영등포병원 수탁운영&cr;ㅇ 1991.11.18. 시립 영등포병원에서 보라매병원으로 개칭&cr;ㅇ 1993.05.18. 치과병원 새 건물 준공&cr;ㅇ 1998.05.15. 임상의학연구소 준공&cr;ㅇ 2003.06.25. 분당서울대학교병원 개원&cr;ㅇ 2003.10.15. 헬스케어시스템 강남센터 개원&cr;ㅇ 2004.04.28. 서울권역응급의료센터 개소&cr;ㅇ 2004.09.01. 서울대학교치과병원 분립&cr;ㅇ 2007.04.11. 「공공기관의 운영에 관한 법률」시행에 따른 기타공공기관 지정(기획예산처 고시 제2007-31호)&cr;ㅇ 2011.03.25. 서울대학교암병원 개원&cr;ㅇ 2014.09.25. 서울대학교병원인재원 개원&cr;ㅇ 2015.02.18. 서울대학교병원 위탁운영 UAE 왕립병원 개원&cr;ㅇ 2015.07.16. 의학연구혁신센터(CMI) 개소&cr;ㅇ 2017.11.01. 인권센터 개소&cr;ㅇ 2017.11.14. 정밀의료센터 개소&cr;ㅇ 2019.04.03. 대한외래 개원&cr;ㅇ 2019.08.13. 서울대학교병원 위탁운영 UAE 왕립병원 재계약  2기 출범&cr;ㅇ 2019.10.01. 국립교통재활병원 위탁 운영&cr;ㅇ 2020.07.01. 혁신의료기술연구소 개소&cr;ㅇ 2020.08.01. 융합의학기술원 개원&cr;ㅇ 2022.06.20. 국립소방병원 위탁 운영&cr;ㅇ 2022.06.20. 국립소방병원 위탁 운영&cr;ㅇ 2023.11.01. 넥슨어린이통합케어센터 개소&cr;ㅇ 2024.01.29. 국가전략기술 특화연구소 지정,ㅇ 미션&cr;- 서울대학교병원은 세계 최고수준의 교육  연구  진료를 통하여 인류가 건강하고 행복한 삶을 누릴 수 있도록 한다.&cr;&cr;ㅇ 비전&cr;1. 최상의 진료로 가장 신뢰받는 병원&cr;2. 생명의 미래를 여는 병원&cr;3. 세계 의료의 리더를 양성하는 병원&cr;4. 의료 선진화를 추구하는 정책협력병원&cr;&cr;ㅇ 핵심가치&cr;1. 고객중심&cr;2. 인재존중&cr;3. 혁신추구&cr;4. 사회공헌&cr;5. 상호협력,김영태,20230306-20260305,前】서울대학교병원 폐암센터장&cr;前】서울대학교병원 심폐기계중환자실장,서울특별시,서울특별시  종로구 대학로 101 (연건동),http://snuh.org,202-82-01633,-
95,서울대학교치과병원,기타공공기관,교육부,서울대학교치과병원 설치법 제3조,20040901,치의학(齒醫學)에 관한 교육ㆍ연구와 진료를 함으로써 치의학의 발전을 도모하고 국민의 구강보건(口腔保健) 향상에 기여,&cr;ㅇ국립대학법인 서울대학교 치의학계 학생의 임상교육 &cr;ㅇ전공의의 수련과 의료 요원의 훈련&cr;ㅇ치의학계 관련 연구 &cr;ㅇ임상연구 및 진료사업&cr;ㅇ「공공보건의료에 관한 법률」제2조제2호에 따른 공공보건의료사업&cr;ㅇ「의료 해외진출 및 외국인환자 유치 지원에 관한 법률」제2조제1호에 따른 의료 해외진출&cr;ㅇ그 밖에 국민의 구강보건 향상에 필요한 사업&cr;,&cr;ㅇ1922.04.15. 경성치과의학교 설립&cr;ㅇ1946.10.01. 미군정법령 국립서울대학교 설치령 제정·공포(1946.8.22.)  서울대학교 치과대학부속병원으로 개편&cr;ㅇ1980.08.21. 서울대학교병원 제3진료부문에서 치과진료부로 변경&cr;ㅇ1993.05.18. 치과병원 준공으로 신축병원 이전(병동 5월 1일  외래 5월 18일)&cr;ㅇ2000.05.18. 치과병원 임상교육연구동 준공&cr;ㅇ2004.09.01. 서울대학교치과병원 개원(설립등기 2004.8.30.)&cr;ㅇ2007.03.02. 의료기기임상시험실시기관 선정  &cr;ㅇ2008.04.18. 서울특별시장애인치과병원 수탁운영&cr;ㅇ2011.02.24. 임상치의학연구소를 '치의생명과학연구원'으로 개편&cr;ㅇ2014.04.18. 치과 의료기관인증 획득&cr;ㅇ2015.03.09. 관악서울대학교치과병원 개원&cr;ㅇ2019.08.23. 부설 장애인치과병원 중앙장애인구강진료센터 개소&cr;ㅇ2020.08.28. 치과재료기기평가센터 의료기기 비임상시험실시기관(GLP) 지정&cr;ㅇ2023.04.21. 보건복지부 '첨단재생의료 실시기관' 지정&cr;ㅇ2023.05.25. KOLAS 공인시험기관 인정&cr;ㅇ2024.06.11. 중소기업 혁신바우처 사업 수행기관 선정&cr;,ㅇ미션&cr;&cr; "서울대학교치과병원은 치의학의 새로운 미래를 열고  더 건강한 세상을 만든다."&cr;&cr;ㅇ비전&cr; (교육)따뜻한 인성과 최고의 실력을 겸비한 글로벌 인재를 양성한다.&cr; (연구)최상의 연구 성과로 세계 치의학의 지평을 넓힌다.&cr; (진료)환자를 최우선으로 생각하는 가장 신뢰받는 치과병원이 된다.&cr; (공공)사회적 포용의 실천으로 건강한 변화를 만든다.&cr; (조직)사람 중심의 조직문화로 열린 소통과 협력 문화를 공유한다.&cr;&cr;ㅇ핵심가치&cr; -Innovation(혁신추구) : 새로운 생각과 창의적인 도전으로 더 나은 미래를 만든다.&cr; -Superiority(최고지향) : 최상의 교육·연구·진료로 국내를 넘어 세계 최고를 추구한다.&cr; -Nurture(인재양성) : 인성과 실력을 갖추고 치과계 발전을 선도하는 리더를 양성한다.&cr; -Unity(조직화합) : 소통과 협력으로 존중하고 배려하는 사람 중심 조직문화를 만든다.&cr; -Dedication(헌신적노력) : 주인의식을 바탕으로 국민의 건강과 치과계 발전을 위해 헌신한다.&cr; -Humanity(인류애실현) : 국가와 사회에 책임을 다하고 인류의 건강과 행복을 추구한다.&cr;,이용무,20230424-20260423,&cr;現 서울대학교치과병원장&cr;現 대한치주과학회 부회장&cr;現 한국의료분쟁조정중재원 감정자문위원&cr;前 서울대학교 교무부처장&cr;前 서울대학교평의원회 평의원&cr;,서울특별시,서울특별시 종로구 대학로 101(연건동),http://www.snudh.org,101-82-11655,-
96,서울올림픽기념국민체육진흥공단,준정부기관(기금관리형),문화체육관광부,국민체육진흥법 제36조,19890420,제24회 서울올림픽대회 기념 및 국민체육진흥,ㅇ 제24회 서울올림픽대회 기념사업&cr;ㅇ 국민체육진흥계정의 조성  운용 및 관리와 이에 딸린 사업&cr;ㅇ 체육시설의 설치·관리 및 이에 따른 부동산의 취득·임대 등 운영 사업&cr;ㅇ 체육 과학의 연구&cr;ㅇ 체육분야(체육인을 포함한다) 전반의 복지사업&cr;ㅇ 스포츠산업 진흥과 발전에 필요한 사업&cr;ㅇ 그 밖에 문화체육관광부장관이 인정하는 사업,ㅇ 1989.04. 서울올림픽기념국민체육진흥공단 설립&cr;ㅇ 1990.07. 한국체육산업개발(주) 설립&cr;ㅇ 1990.09. 올림픽유스호스텔 개관&cr;ㅇ 1994.10. 경륜사업 개시&cr;ㅇ 1999.01. 체육과학연구원 통합&cr;ㅇ 2001.10. 체육진흥투표권사업 개시&cr;ㅇ 2002.06. 경정사업 개시&cr;ㅇ 2002.11. 경륜훈련원(경북 영주) 개원&cr;ㅇ 2004.09. 서울올림픽미술관(SOMA) 개관&cr;ㅇ 2006.02. 광명돔경륜장 개장&cr;ㅇ 2007.04. &cr;「공공기관의 운영에 관한 법률」시행에 따른 공공기관 지정(기금관리형 준정부기관)&cr;&cr;ㅇ 2007.09. Tour de Korea 2007 개최&cr;ㅇ 2011.04. 경정훈련원(인천 영종도) 개원&cr;ㅇ 2011.06. 친환경 대중골프장 개장(광산)&cr;- 정선('11.09.)  제천('12.09.)  영광('14.10.)  거창('16.06.)&cr;ㅇ 2011.12. 체육과학연구원 유네스코 석좌기관 선정&cr;ㅇ 2012.11. K-아트홀(태권도공연장) 개관&cr;ㅇ 2012.12. 스포츠용품시험검사소 통합  이전(경기 용인)&cr;ㅇ 2013.09. Tour de Korea 대회등급 승격(2.1 Class)&cr;ㅇ 2013.09. 체육진흥투표권사업 세계복권협회 건전성 평가 최고등급 획득(Level-4)&cr;ㅇ 2016.01. 체육인재육성재단 통합&cr;ㅇ 2018.11. 임시청사(올림픽문화센터) 이전&cr;ㅇ 2021.08. 경륜·경정사업 온라인발매 시행&cr;ㅇ 2023.11. 스포츠가치센터 개관(경남 진주)&cr;ㅇ 2023.11. 체육기관 통합청사(올림픽회관) 재개관 및 이전&cr;ㅇ 2025.07. 체육진흥투표권  공단 자회사(한국스포츠레저(주)) 위탁운영 전환&cr;,ㅇ 미션 : 스포츠로 국민이 건강하고 행복한 삶을 누리는데 이바지&cr;ㅇ 비전 : 국민 모두가 평생 즐기는 K-스포츠 허브&cr;&cr;ㅇ 경영목표(2030년)&cr;- 국민생활체육 참여율 65%&cr;- 스포츠혁신기업 누적 100개 육성&cr;- 스포츠베팅시장 규모 8.5조원&cr;- 올림픽 레거시 향유 연 60만명&cr;- ESG 및 데이터 경영 최우수 기관&cr;&cr;ㅇ 전략방향&cr;- 국민과 함께하는 스포츠복지 허브&cr;- 성장을 가속하는 스포츠산업 허브&cr;- 건전하게 조성하는 스포츠재정 허브&cr;- 세계로 뻗어가는 스포츠컬처 허브&cr;- 성과를 이끄는 실용경영 허브&cr;&cr;ㅇ 전략과제&cr;1. AI로 여는 국민 참여 스포츠 활성화&cr;2. 지역을 살피는 스포츠 인프라·안전 혁신&cr;3. 생애주기별 스포츠 커리어 지원&cr;4. 스포츠 기술혁신을 위한 산업 기반 조성&cr;5. K-스포츠 기업 글로벌 스케일업 지원&cr;6. 지역이 이끄는 스포츠산업 생태계 확산&cr;7. 건전한 스포츠 재정 미래 환경 조성&cr;8. 합법시장 경쟁력 기반의 사업 혁신&cr;9. 굿거버넌스 기반 사업 운영체계 강화&cr;10. 과거와 미래를 잇는 올림픽 레거시 확산&cr;11. 전문성 있는 글로벌 스포츠 인재 육성&cr;12. AI 기반 K-스포츠과학 지원체계 구축&cr;13. 스마트한 지능형 경영혁신 추진&cr;14. 성과·역량 기반 조직운영체계 고도화&cr;15. ESG 기반 전사 리스크·안전경영 강화,하형주,20241118-20271117,ㅇ 동아대학교 체육학과 명예교수&cr;ㅇ '24년 대한민국 스포츠 영웅 헌액&cr;ㅇ 서울올림픽기념국민체육진흥공단 상임감사,서울특별시,서울특별시 송파구 올림픽로 424(방이동),www.kspo.or.kr,215-82-00063,-
97,세종학당재단,기타공공기관,문화체육관광부,국어기본법 제19조의2,20121024,외국어 또는 제2언어로서의 한국어 보급을 효율적으로 수행하기 위해 한국어 교육을 총괄ㆍ지원하는 세종학당재단 설립ㆍ운영,ㅇ 외국어 또는 제2언어로서의 한국어ㆍ한국문화를 교육하는 기관을 대상으로 세종학당 지정 및 지원&cr;ㅇ 온라인으로 외국어 또는 제2언어로서의 한국어ㆍ한국문화 교육 누리집(누리-세종학당) 개발ㆍ운영&cr;ㅇ 세종학당의 한국어 표준 교육과정 및 교재 보급&cr;ㅇ 세종학당의 한국어 교원 양성  교육 및 파견 지원&cr;ㅇ 세종학당을 통한 문화교육 및 홍보사업&cr;ㅇ 그 밖에 외국어 또는 제2언어로서의 한국어보급을 위하여 필요한 사업,ㅇ 2012. 05. 23. 국어기본법 개정 공포&cr;ㅇ 2012. 08. 24. 국어기본법 시행&cr;ㅇ 2012. 10. 11. 세종학당재단 임원 임명식 및 창립총회 개최&cr;ㅇ 2012. 10. 17. 법인 설립 등기&cr;ㅇ 2012. 10. 24. 세종학당재단 출범&cr;ㅇ 2013. 01. 31. 기획재정부로부터 '기타공공기관'으로 지정&cr;ㅇ 2014. 10. 31. 기획재정부로부터 '법정기부금 단체'로 지정&cr;ㅇ 2015. 07. 08. 제1대 이사장(송향근) 취임&cr;ㅇ 2016. 07. 12. 세종학당 브랜드 통합(국무회의)&cr;ㅇ 2018. 09. 28. 제2대 이사장(강현화) 취임&cr;ㅇ 2021. 09. 28. 제3대 이사장(이해영) 취임&cr;ㅇ 2021. 12. 31. 기획재정부로부터 '공익법인' 재지정&cr;ㅇ 2026. 04. 09. 제4대 이사장(전우용) 취임, ㅇ 경영목표&cr;- 한국어ㆍ한국문화 보급을 통한 상호 문화교류 확대로 전 세계 공존공영과 국민행복에 기여&cr;&cr;ㅇ 경영전략&cr;- 세종학당 확대 및 내실화&cr;- 교육 전문성 강화&cr;- 수요자 맞춤형 학습 콘텐츠 다양화&cr;- 재단 운영 혁신 및 인지도 제고,전우용,20260409-20290408,한국학중앙연구원 객원교수&cr;한양대학교 동아시아문화연구소 연구교수&cr;서울대학교병원 병원역사문화센터 교수,서울특별시,서울특별시 서초구 남부순환로 2351,http://www.ksif.or.kr,109-82-07761,-
98,소상공인시장진흥공단,준정부기관(기금관리형),중소벤처기업부,소상공인 보호 및 지원에 관한 법률 제17조제1항,20140101,소상공인 육성  전통시장 상점가 지원 및 상권활성화를 위해 설립,- 소상공인에 대한 교육ㆍ컨설팅 및 협업ㆍ조직화 지원&cr;- 소공인 및 중소소매업 등 업종별 특화 지원&cr;- 전통시장별 특색에 맞는 시설 및 경영 지원&cr;- 소상공인시장진흥기금 운용ㆍ관리 및 융자 지원&cr;- 소상공인ㆍ전통시장 창업 및 경영정보 제공&cr;- 소상공인ㆍ전통시장 현황조사 및 정책 연구 등,1999.02.10. 소상공인지원센터 설립(전국 13개  지방중소기업청)&cr;2005.03.15. 시장경영지원센터 설립(재래시장육성을 위한 특별법)&cr;2006.05.22. 소상공인진흥원 설립(소기업 및 소상공인 지원을 위한 특별조치법)&cr;2010.07.01. 시장경영진흥원 전환("재래시장" 명칭을 "전통시장"으로 변경)&cr;2011.08.25. 소상공인진흥원과 소상공인지원센터 통합&cr;2013.05.28. 소기업 및 소상공인 지원을 위한 특별조치법 개정(공단 설립근거)&cr;2014.01.01. 소상공인시장진흥공단 출범(소상공인진흥원과 시장경영진흥원 통합)&cr;2014.01.24. 공공기관 변경지정(위탁집행형 준정부기관 "소상공인시장진흥공단"),◇ 미션: 소상공인ㆍ전통시장의 지속가능한 성장을 이끌어 국민경제 활성화에 기여&cr;◇ 비전: 소상공인ㆍ전통시장의 도약을 선도하는 든든한 평생파트너&cr;◇ 전략목표 및 전략과제&cr; ○ 소상공인 맞춤형 지원으로 성장촉진&cr;  - 유망 소상공인 발굴 및 지원체계 고도화&cr;  - 혁신기술 기반 스마트 소상공인 육성&cr;  - 맞춤형 자금지원으로 소상공인 성장촉진&cr; ○ 고객중심 상권ㆍ시장 활력제고&cr;  - 지역상권ㆍ시장 활성화 기반 확충&cr;  - 로컬콘텐츠 연계 상권ㆍ시장 소비촉진&cr;  - 안전ㆍ쾌적한 상권ㆍ시장 환경조성&cr; ○ 소상공인 위기극복과 회복ㆍ재도약 지원&cr;  - 소상공인 위기관리 및 지속경영 지원&cr;  - 소상공인 폐업ㆍ재도약 원스톱 지원 강화&cr;  - 통합 소상공인 새출발 지원&cr; ○ 경영혁신 통한 고객서비스 개선&cr;  - AIㆍ데이터 기반 지원사업 접근성 제고&cr;  - 지속가능경영 위한 ESG 체계 고도화&cr;  - 책임경영 강화 및 전사 리스크 통합관리,인태연,20260128-20290127,더불어민주당 민생연석회의 공동의장&cr;청와대 정책실 자영업비서관&cr;더불어민주당 소상공인특별위원회 수석부위원장,대전광역시,대전광역시 유성구 지족로364번길 92  2층,www.semas.or.kr,305-82-21570,-
99,수도권매립지관리공사,기타공공기관,기후에너지환경부,수도권매립지관리공사의 설립 및 운영 등에 관한 법률,20000722,ㅇ 수도권에서 배출되는 폐기물의 적절한 처리와 자원화 촉진&cr;ㅇ 수도권매립지 주변지역 주민의 쾌적한 생활환경 조성, ㅇ 매립지의 기반시설 설치ㆍ관리&cr;ㅇ 반입되는 폐기물의 적정처리&cr;ㅇ 폐기물자원화시설의 설치 및 운영&cr;ㅇ 주민지원기금의 조성 및 주변영향지역의 지원&cr;ㅇ 매립지 및 주변지역의 쾌적한 환경조성&cr;ㅇ 사용종료 매립지의 친환경적인 사후관리,ㅇ 1989. 2. 2 : 수도권매립지 건설 및 운영ㆍ협정 체결(환경청↔3개 시ㆍ도)&cr;ㅇ 1991.11. 7 : 수도권매립지운영관리조합 설립(서울  인천  경기)&cr;ㅇ 1992. 2.10 : 제1매립장 사용개시(폐기물 최초반입)&cr;ㅇ 2000. 7.22 : 수도권매립지관리공사 설립&cr;ㅇ 2000.10.13 : 제2매립장 사용개시&cr;ㅇ 2006.12.12 : 50MW 매립가스 발전시설 준공&cr;ㅇ 2018. 9. 3 : 제3-1매립장 사용개시&cr;ㅇ 2020. 1. 1 : 생활폐기물 반입총량제 시행, ㅇ 경영목표 : 지역과 상생하며 탄소중립 실현과 친환경 에너지를 만드는 자원순환 전문기관&cr;ㅇ 전략&cr;- 지속가능한 폐기물처리환경 구축&cr;- 미래 기관정체성 전환&cr;- SL형 ESG 역량 강화&cr;- 조직혁신 역량 강화,송병억,20230801-20260731,수도권매립지관리공사 감사&cr;인천광역시의회 기획행정위원장&cr;수도권매립지 주민지원협의체 위원&cr;인천광역시 서구의회 의원,인천광역시,인천광역시 서구 자원순환로 170(백석동),http://www.slc.or.kr,137-82-03566,-
100,스포츠윤리센터,기타공공기관,문화체육관광부,국민체육진흥법 제18조의3,20200805,체육의 공정성 확보와 체육인의 인권보호,ㅇ 체육계 인권침해 및 스포 츠비리 등에 대한 신고 접수와 조사&cr;ㅇ 신고자 및 피해자에 대한 보호 및 지원&cr;ㅇ 체육계 현장 상시 점검할 수 있는 인권보호관 운영&cr;ㅇ 스포츠비리 및 체육계 인권침해에 대한 실태조사 및 연구&cr;ㅇ 스포츠비리 및 체육계 인권침해 방지를 위한 예방교육&cr;ㅇ 그 밖에 체육의 공정성 확보 및 체육인 인권보호를 위하여 필요한 사업,&cr;ㅇ 2020. 08. 스포츠윤리센터 설립&cr;ㅇ 2021. 01. 공직유관단체 지정&cr;ㅇ 2021. 12. 지역사무소 개소(경기  경남  대전)&cr;ㅇ 2022. 12. 지역사무소 개소(광주  강원)&cr;ㅇ 2025. 01. 기타공공기관 지정&cr;,&cr;ㅇ 미션 : 체육의 공정성 확보와 체육인의 인권보호&cr;ㅇ 비전 : 국민과 함께 스포츠윤리를 수호하는 체육인 권익보호 기관&cr;ㅇ 경영목표 : 체육인 권리보호지수 90점  스포츠윤리 확산 기여도 100%  고객만족도 95점&cr;ㅇ 전략목표&cr;- 신속하고 공정한 조사로 체육계 자정 기반 확보&cr;- 피해자 지원 및 보호를 통한 체육인 인권 강화&cr;- 예방 강화를 통한 스포츠윤리 인식 제고&cr;- 혁신과 소통으로 기관 전문성 강화&cr;, 공석,-,-,서울특별시,서울특별시  마포구 마포대로 78 (도화동) 자람빌딩,https://www.k-sec.or.kr,239-82-00318,-
101,시청자미디어재단,기타공공기관,방송미디어통신위원회,방송법 제90조의2(시청자미디어재단)&cr;  - 시청자의 방송참여와 권익증진 등을 위하여 시청자미디어재단 설립,20150515,전국민 대상 미디어교육을 통해 미디어 격차를 해소하고 시청자의 방송참여와 권익보호를 도모하여 방송 발전과 공공복리 증진에 기여,o 미디어에 대한 교육  체험 및 홍보&cr;o 시청자의 방송참여 활성화 지원 및 권익증진&cr;o 장애인의 방송 시청 및 방송소외계층의 방송접근 지원&cr;o 국민의 창의적 미디어활용 지원 및 미디어 창작 인력양성&cr;o 방송광고 및 방송시장 모니터링 등 시청자권익보호,o 2005년 11월 25일 : 부산시청자미디어센터 최초 개관&cr;o 2007년 06월 12일 : 광주시청자미디어센터 개관&cr;o 2014년 05월 28일 : 「방송법」개정(방송법 제90조의2)&cr;o 2014년 07월 07일 : 강원시청자미디어센터 개관&cr;o 2014년 07월 16일 : 대전시청자미디어센터 개관&cr;o 2014년 08월 13일 : 인천시청자미디어센터 개관&cr;o 2015년 05월 15일 : 법인 허가 및 재단 설립&cr;o 2015년 06월 30일 : 서울시청자미디어센터 개관&cr;o 2016년 02월 03일 : 위탁집행형 준정부기관 지정&cr;o 2016년 12월 16일 : 울산시청자미디어센터 개관&cr;o 2019년 11월 21일 : 경기시청자미디어센터 개관&cr;o 2020년 12월 01일 : 충북시청자미디어센터 개관&cr;o 2020년 12월 22일 : 세종시청자미디어센터 개관&cr;o 2023년 02월 03일 : 기타공공기관 지정(공공기관 유형 변경)&cr;o 2023년 12월 06일 : 경남시청자미디어센터 개관&cr;o 2023년 12월 22일 : 대구시청자미디어센터 개관,□ 미션 : 미디어 이용자 권익증진&cr;□ 비전 : 미디어 교육의 중심  대한민국 대표 미디어 전문기관&cr;□ 전략목표&cr; o 전국민 미디어 역량 강화&cr; o 미디어 이용자 권익 향상&cr; o 차별없는 미디어 이용 환경 보장&cr; o 지속가능 경영혁신 고도화,최철호,20240801-20270731,o (前) 공정언론국민연대 공동대표&cr;o (前) KBS N 사장&cr;o (前) KBS 인재개발원 원장&cr;o (前) KBS 정책기획본부  콘텐츠 제작본부 국장,서울특별시,서울특별시 영등포구 국회대로 74길 4(여의도동),www.kcmf.or.kr,387-82-00029,-
102,식품안전정보원,기타공공기관,식품의약품안전처,「식품위생법」제67조(식품안전정보원의 설립),20090625,식품안전정보를 수집·분석·제공하고  식품이력추적관리 사업 등을 전문적·체계적으로 수행함으로써 식품안전관리 향상에 기여함,○ 국내외 식품안전정보의 수집·분석·제공&cr;○ 식품안전정책 수립을 지원하기 위한 조사·연구&cr;○ 식품안전정보 수집·분석  식품이력추적관리 등을 위한 정보시스템의 구축·운영&cr;○ 식품이력추적관리의 등록 관리  교육 홍보&cr;○ 식품위해정보의 공동 활용 및 대응을 위한 기관·단체·소비자 단체 등과의 협력 네트워크 구축·운영&cr;○ 소비자 식품안전 관련 신고의 안내·접수·상담 등을 위한 지원&cr;○ 그 밖에 식품안전정보원 및 식품이력추적관리에 관한 사항으로 식약처장이 정하는 사업, ○ 2008.07. 총리실 주관 관계부처 합동 「식품안전 종합대책」마련&cr;* 광우병  GMO 등 모든 식품안전 정보를 종합·제공하는 식품안전정보센터 설립&cr;○ 2008.12. 식품위생법 개정(제67조 식품안전정보센터의 설립)&cr;○ 2009.07. 식품안전정보센터 개소&cr;○ 2012.02. 식품안전정보원으로 명칭 변경&cr;○ 2012.12. 건강기능식품 이상사례 보고기관 지정&cr;○ 2013.07. 불량식품 통합신고센터(1399) 설치&cr;○ 2016.01. 기타공공기관 지정&cr;○ 2016.02. 식품위생법 개정(제68조 정보원의 사업)&cr;* 정보원의 사업에 조사·연구 사업  시스템 구축·운영 사업  소비자 식품안전&cr;신고 안내·상담·접수 등 지원업무 추가&cr;○ 2017.06. 통합식품안전정보망 구축·운영기관 지정&cr;* 「식품안전기본법 시행령」제17조의4 신설&cr;○ 2020.06. 건강기능식품 이상사례보고 접수 및 조사·분석기관 지정&cr;○ 2020.10. 수입식품통합정보시스템 운영 기관 지정&cr;○ 2024.07. 직접구매 해외식품등 안전관리(검사·실태조사)위탁 기관 지정,&cr;○ 미션 : 신뢰할 수 있는 식품안전정보를 제공하여 국민의 삶과 국가경제에 기여&cr;○ 비전 : AI 기반 혁신으로 식품안심 신뢰도와 식품산업발전을 제고하는 식품안전정보 전문기관&cr;○ 전략목표 및 전략과제&cr;&cr;[전략목표 1. 「안전한 K-푸드」 인지도 제고]&cr;- 근거기반 글로벌 정책지원과 국제 안전정보 제공 강화&cr;- 정책 전망을 위한 데이터기반 예측분석 및 규제 정합성 확보&cr;&cr;[전략목표 2. AI 식품위해예측]&cr;- AI 기반 수입·직접구매 식품사전차단체계 구축&cr;- 기후환경·식품정보 기반 AI 식품위해예측&cr;&cr;[전략목표 3. 식품안전관리 생태계 구축]&cr;- 식품안전관리 통합운영 체계 마련&cr;- 사용자 중심 식품정보 제공&cr;&cr;[전략목표 4. 기관 혁신체계 강화]&cr;- 사회적 가치 중심의 경영혁신&cr;- 청렴하고 공정한 경영체계 확립&cr;,이재용,20240401-20270331,식품의약품안전처 식품안전정책국장&cr;식품의약품안전처 식품소비안전국장&cr;보건복지부 사회보장위원회 사무국장,서울특별시,서울특별시 중구 소공로 70  포스트타워 A동 12  13층, http://www.foodinfo.or.kr/,101-82-18279,-
103,신용보증기금,준정부기관(기금관리형),금융위원회,신용보증기금법(법률 제 2695호  1974.12.21. 제정),19760601,담보능력이 미약한 기업의 채무를 보증하여 기업의 자금융통을 원활히 하고  신용정보의 효율적인 관리 및 운용을 통하여 건전한 신용질서를 확립함으로써 균형있는 국민경제의 발전에 이바지함 ,□ 신용보증&cr;ㅇ 일반보증 : 기업이 사업상 필요로 하는 자금의 융통을 원활히 하고 상거래에 따른 기업의 자금부담을 낮추기 위하여 물적담보가 부족한 기업에 대해 신용보증을 지원합니다.&cr;* 대출  제2금융  지급보증  사채  납세  어음보증 등 11종류&cr;&cr;ㅇ 유동화회사보증 : 기업의 자금난 완화 및 자본시장 안정화를 위해 유동화회사가 개별회사의 회사채 등을 매입하여 발행하는 유동화증권에 대한 신용보증을 지원합니다.&cr;&cr;□ 보증연계투자 : 신용보증을 이용하고 있는 기업의 유가증권(주식  전환사채  신주인수권부사채)을 인수하여 기업에 필요한 투자자금을 지원합니다.&cr;&cr;□ 창업기업지원 : 스타트업 성장주기에 맞춰 보증  보험  투자  컨설팅 등 융ㆍ복합 형태의 원스톱 서비스를 제공합니다.&cr;&cr;□ 신용정보 종합관리 : 보증기업의 신용정보를 수집ㆍ분석하여 체계적으로 종합관리합니다.&cr;&cr;□ 신용보험 : 중소기업이 정상적인 상거래에서 취득하게 된 매출채권 및 받을어음을 보험에 가입하고 매출채권을 회수하지 못하게 되거나 어음의 부도발생시 손실을 보상하는 제도입니다.&cr;&cr;□ 산업기반신용보증(SOC보증) : SOC 민간투자사업자가 금융기관으로부터 대출을 받거나 사회기반시설채권을 발행할 경우 신용보증을 지원함으로써 사회기반시설 확충 및 국민생활의 편익을 증진합니다.&cr;&cr;□ 경영지도 : 중소기업의 생산성 향상과 경쟁력 제고를 위한 각종 경영컨설팅 및 기업연수를 지원합니다.&cr;&cr;□ 중소ㆍ중견기업팩토링 : 신용보증기금이 상거래 매출채권을 매입하여 판매기업에 자금을 제공하고 채권 만기일에 구매기업으로부터 대금을 회수하는 제도로  중소ㆍ중견기업의 조기 자금조달을 지원하며 연쇄부도 방지를 위한 안전망을 제공합니다.,- 1961. 07. 01. 신용보증기금 준비금제도 실시&cr;- 1967. 03. 03. 「중소기업신용보증법」시행&cr;- 1972. 08. 03. 「8. 3 긴급명령」에 따라 신용보증제도 확충&cr;전 금융기관에 신용보증기금 설치&cr;- 1974. 12. 21. 「신용보증기금법」제정·공포&cr;- 1975. 03. 01. 「신용보증기금법」시행&cr;- 1976. 06. 01. 신용보증기금 창립&cr;- 1995. 05. 30. 산업기반신용보증기금 설치&cr;- 1996. 12. 30. 「신용보증기금법」개정&cr;정부출연 예산 소관을 중소기업청으로 변경&cr;- 1997. 04. 10. 「소기업 지원을 위한 특별조치법」제정&cr;신용보증기금이 어음보험업무를 취급토록 규정&cr;- 1998. 05. 25. 「근로자의 주거안정과 목돈마련지원에 관한 법률」개정&cr;주택금융신용보증기금의 관리기관으로 지정&cr;- 1999. 01. 01. 산업은행  기술신용보증기금의 산업기반신용보증기금을 신용보증기금의 산업기반신용보증기금에 통합&cr;- 2000. 12. 30. 「신용보증기금법」개정&cr;금융기관 출연시한 폐지&cr;- 2004. 03. 01. 한국주택금융공사로 주택금융신용보증업무 이관&cr;- 2004. 03. 02. 매출채권보험업무 취급 개시&cr;「소기업 및 소상공인지원을 위한 특별조치법 시행령」개정 시행 (2004. 01. 01.)&cr;- 2006. 06. 01. 신용보증기금 NEW CI 선포&cr;- 2007. 01. 11. 「신용보증기금법」개정&cr;중소기업진흥공단에 대한 제한적 출연 근거 마련&cr;- 2007. 12. 27. 「중소기업진흥 및 제품구매촉진에 관한 법률」개정&cr;중소기업매출채권보험계정 설치근거법 이전&cr;- 2009. 02. 06. 「신용보증기금법」개정&cr;유동화회사보증업무 취급 및 성과보증료 수취 근거 마련&cr;- 2009. 05. 21. 「중소기업진흥 및 제품구매촉진에 관한 법률」이 「중소기업의 진흥에 관한 법률」로 개정&cr;- 2013. 05. 28. 「신용보증기금법」개정&cr;보증연계투자업무 취급 및 구상채권 매각 및 회생·파산 추진&cr;기업의 연대보증인에 대한 채무 감면 근거 마련&cr;- 2014. 12. 21. 신용보증기금 본점 대구 이전&cr;- 2016. 03. 29. 중소기업매출채권보험에 관한 주요내용(계정의 재원·용도 및 운용 등)의 위임근거를 「중소기업진흥에 관한 법률」시행령에서 「중소기업진흥에 관한 법률」로 상향 (시행 2016. 09. 30.)&cr;- 2019. 06. 18. 문화산업완성보증계정 업무 수탁&cr;- 2020. 03. 18. 신용정보업 면허 취득&cr;- 2020. 12. 24. 벤처확인 전문 평가기관 지정(연구개발유형)&cr;- 2021. 05. 24. 녹색보증계정 업무 수탁&cr;- 2021. 12. 31. 「신용보증기금법」개정&cr;중소기업팩토링 법제화&cr;- 2022. 06. 30. 녹색 공정전환 보증계정 업무 수탁&cr;- 2023. 12. 29. 「신용보증기금법」개정&cr;팩토링 대상 중견기업으로 확대&cr;- 2025. 04. 01. 「신용보증기금법」개정&cr;유동화증권 직접 발행 근거 마련,□ 미션 : 기업의 미래 성장동력 확충과 국민경제 균형발전에 기여&cr;&cr;□ 비전 : 기업의 도전과 성장에 힘이 되는 동반자(Beyond Guarantee)&cr;&cr;□ 핵심가치 : 고객  성장  혁신  협력&cr;&cr;□ 전략목표&cr;① 미래 성장동력 확충&cr;- 혁신성장분야 일자리 89만개 달성&cr;② 금융서비스 혁신 선도&cr;- 융·복합 금융 142조원 신규 공급&cr;③ 지속가능경영 기반 조성&cr;- 지속가능경영등급 최우수 달성&cr;&cr;□ 전략과제&cr;① 일자리 중심의 생산적 금융 지원&cr;- 일자리 창출 지원 강화&cr;- 스케일업 선도기업 지원 프로세스 구축&cr;- 미래전략산업 지원체계 고도화&cr;② 공공 안전망 지원체계 내실화&cr;- 기후위기 대응 에너지 전환 역량 강화&cr;- 지방 성장지원을 통한 균형발전 구현&cr;- 시장안정기능 수행기반 확충&cr;③ 민간·공공·글로벌 협력 강화&cr;- 민간협력을 통한 기업 지원 활성화&cr;- 혁신성장 지원을 위한 공공허브 조성&cr;- 글로벌 협력을 통한 지원체계 확충&cr;④ AI 전환을 위한 혁신 기반 조성&cr;- AI 기반 종합지원체계 구축&cr;- 데이터 중심 사업역량 확보&cr;- 디지털 혁신을 통한 시스템 고도화&cr;⑤ 데이터·플랫폼 기반 금융서비스 혁신&cr;- 플랫폼 기반 금융지원 강화&cr;- AI 중심 데이터 활용 활성화&cr;- 데이터 유통 및 사업화 지원&cr;⑥ 금융지원 포트폴리오 다각화&cr;- 기업 맞춤형 신용보험지원 강화&cr;- 유동화보증 고도화를 통한 자본시장 활력 제고&cr;- 자본시장 연계 지원 다각화&cr;⑦ 합리적이고 건전한 기금 운영&cr;- 전사적 리스크관리 및 내부통제 고도화&cr;- 지속가능성장을 위한 재정건전성 제고&cr;- 사전·사후 구조조정 역할 강화&cr;⑧ ESG경영 강화 및 기관 효율성 제고&cr;- 고객과 함께하는 ESG경영 선도&cr;- 성과 중심의 기관 운영 효율화&cr;- 지속가능 사업운영체계 고도화&cr;⑨ 국민과 함께하는 행복한 일터 조성&cr;- 일과 가정이 양립하는 일터 조성&cr;- 인권·윤리·고객 소통 역량 강화&cr;- 예방적 재난·안전관리 체계 구축,강승준,20260311-20290310,서울과학기술대학교 교수(대외국제부총장)(2024.10 ~ 2026.3)&cr;한국은행 감사(2021.9 ~ 2024.9)&cr;기획재정부 재정관리관(2020.10 ~ 2021.8),대구광역시,대구광역시 동구 첨단로 7(신서동),http://www.kodit.co.kr,105-82-06004,-
104,신용보증재단중앙회,기타공공기관,중소벤처기업부,지역신용보증재단법 제35조,20000807,신용보증재단과 신용보증재단중앙회를 설립하여 담보력이 부족한 지역 내 소기업  소상공인 등과 개인의 채무를 보증하게 함으로써 자금 융통을 원활하게 하고 아울러 지역경제 활성화와 서민의 복리증진에 이바지,○ 지역신용보증재단에 대한 재보증&cr;○ 지역신용보증재단 통합전산망 구축 및 서비스&cr;○ 지역신용보증재단 임·직원에 대한 교육·연수&cr;○ 신용보증·신용조사기법의 연구·개발 및 보급,1999.9. 지역신용보증재단법 제정&cr;2000.8. 전국신용보증재단연합회 설립&cr;2004.1. 재보증업무 개시&cr;2006.3. 금융기관 출연규정 신설 및 출연개시&cr;2007.4. 기타공공기관으로 지정&cr;2009.1. 신용보증재단중앙회로 명칭변경&cr;2014.6. 통합정보시스템 구축·운영&cr;2021.8. 비대면보증시스템 구축·운영(1차 : 은행 App 기반)&cr;2023.4. 비대면보증시스템 구축·운영(2차 : 자체 App "보증드림"),○ 경영비전 : 소상공인과 서민의 행복을 보증하는 금융파트너&cr;○ 전략목표&cr;- 3高시기의 소상공인 지원&cr;- 비대면 등 일하는 방식 개선&cr;- 리스크관리 및 조사연구 강화&cr;- 재보증의 탄력적 운영 및 제도개선&cr;- 소상공인 재기지원 촉진&cr;- 정책지원 인프라 및 역량강화,원영준,20250319-20280318,現 신용보증재단중앙회 회장&cr;중소벤처기업부 소상공인정책실장&cr;대구경북 중소벤처기업청장,세종특별자치시,세종특별자치시 나성남로 7-12,http://www.koreg.or.kr,314-82-07010,-
105,아시아·태평양경제협력체 기후센터,기타공공기관,기상청,기후·기후변화 감시 및 예측 등에 관한 법률 제20조,20050609,아시아·태평양 지역의 기후·기후변화 감시 및 예측 기술개발과 관련 기후정보 등의 활용 촉진을 위한 협력을 통해 기후변화로 인한 경제적 손실의 경감  인명과 재산의 보호에 기여하여 우리나라를 포함한 아시아·태평양 지역의 번영 실현에 이바지함을 목적으로 함.,○ 아시아·태평양 지역의 기후정보서비스와 기수변화 관련 기술 개발&cr;- 기후·기후변화의 진단  예측 관련 정보의 수집  생산 및 유통&cr;- 기후·기후변화의 진단  예측 기술 및 활용 방안 개발&cr;○ 기후·기후변화 감시 및 예측 정보 등의 활용 촉진을 위한 협력&cr;- 기후·기후변화 예측 및 관련분야 교육·훈련과 역량향상 지원&cr;- 국내외 정부  국제기구  국제협의체  공공기관  대학  연구기관  산업체 등&cr;관련 기관  기구와의 교류·협력  기술제휴 및 수탁·공동연구 추진, ○ 2004.03 제4차 APEC 과학기술장관회의에서 설립 제안&cr;○ 2005.03 제1차 APEC 고위관리회의에서 APCC 설립 인준&cr;○ 2005.09 APEC 기후센터 업무 개시&cr;○ 2005.11 제13차 APEC 정상회의 기간 중 APCC 개소&cr;○ 2015.01 공공기관 지정(기타공공기관)&cr;○ 2019.01 연구개발목적기관 지정&cr;○ 2022.03 신도식 원장 취임&cr;○ 2024.10 기관 설립근거법(기후변화감시예측법 제20조 및 부칙제4조) 시행&cr;○ 2024.10 (재)APEC기후센터 해산 및 아시아·태평양경제협력체 기후센터 변경 설립,목표: 아태지역 기후위기 대응을 위한 기후정보서비스 실용화 및 기후변화 연구개발 강화&cr;- 독창적 기후예측 기술 개발과 실용적 계절내-계절예측 생산·제공 및 활용을 통해 아태지역 기후정보의 허브 역할 강화&cr;- 기후변화 감시 및 예측 관련 연구개발 역량 강화를 통해 신기후체제 대응 과학적 기반 구축 및 기후전망 정보 활용성 증대, 공석,-,-,부산광역시,부산광역시 해운대구 센텀7로 12,www.apcc21.org,607-82-10488,-
106,양육비이행관리원,기타공공기관,성평등가족부,양육비 이행확보 및 지원에 관한 법률(이하 '양육비이행법') 제7조,20240927,미성년 자녀를 직접 양육하는 부모가 자녀를 양육하지 않는 부모로부터 양육비를 원활히 받을 수 있도록 양육비 이행확보 등을 지원하여 안전한 양육환경을 조성,○ 비양육부·모와 양육부·모의 양육비와 관련한 상담&cr;○ 양육비 청구 및 이행확보 등을 위한 법률지원&cr;○ 합의 또는 법원의 판결에 따라 확정된 양육비 채권 추심 지원 및 양육부·모에게 양육비 이전&cr;○ 양육비 채무 불이행자에 대한 제재조치 지원&cr;○ 양육비를 받지 못하는 미성년자녀 대상 양육비 선지급&cr;○ 양육비 이행의 실효성 확보를 위한 제도 등 연구&cr;○ 양육비 이행과 관련한 교육 및 홍보 등,○ 2014.3. 양육비이행법 제정&cr;○ 2015.3. 양육비이행관리원 출범&cr;※ 건강가정기본법 제34조의2 제7항에 따라 한국건강가정진흥원 내 양육비 이행 전담기관 운영&cr;○ 2024.3. 양육비이행관리원 설립근거 법 개정 공포&cr;○ 2024.9. 양육비이행관리원 법인 신설&cr;○ 2025.7. 양육비이행지원금(선지급) 시행&cr;○ 2026.2. 기타공공기관 지정,○ 미션 : 책임 있는 양육비 이행지원으로  안정적인 양육 환경 조성&cr;○ 비전 : 한부모가족이 신뢰하는  양육비 이행관리 전문기관&cr;○ 핵심가치 : 신뢰  협력  책임  전문&cr;○ 전략방향&cr;- 양육비 이행확보 지원 고도화&cr;- 양육비 선지급제 체계화&cr;- 성과효율 중심 혁신 강화,전지현,20250317-20280316,○ 법무법인 시화&cr;○ 한국여성변호사회 비상임이사,서울특별시,서울특별시 중구 퇴계로 173(충무로3가  남산스퀘어) 24층,https://www.childsupport.or.kr,749-82-00606,-
107,에너지경제연구원,기타공공기관,국무조정실, 정부출연연구기관 등의 설립ㆍ운영 및 육성에 관한 법률 제8조,19860901,에너지 시장 및 산업의 국내외 환경 변화를 조사·분석하고 에너지 정책 연구를 포괄적으로 수행함으로써 국가 에너지 정책 수립에 기여하고 국민의 삶의 질 향상에 이바지함,○ 미래 환경 변화에 대응한 에너지산업의 발전 방안 수립&cr;○ 친환경·저탄소 에너지시스템 구축 및 에너지부문 기후변화 대응 정책 연구&cr;○ 에너지의 안정적 수급 및 합리적 이용을 위한 시장·제도 개선 방안 마련&cr;○ 국가 에너지 통계의 조사·작성·관리와 에너지 수급 분석·전망&cr;○ 에너지 안보  산업 경쟁력 등의 강화를 위한 국제 협력&cr;○ 국내외 에너지 시장 및 산업에 관한 각종 동향 및 정보의 조사·분석&cr;○ 상기의 연구 또는 사업에 관련된 조사  교육·연수  연구성과 확산  공동연구  수탁 등에 관한 사항&cr;○ 상기의 부대사업 또는 기타 연구원의 목적 달성을 위하여 필요한 사업, ○ 1986.05.12. 에너지경제연구원법 공포(법률 제3838호)&cr;○ 1986.08.13. 에너지경제연구원법 시행령 공포 (대통령령 제11952호)&cr;○ 1986.09.01. 에너지경제연구원 설립&cr;○ 1999.01.29. 정부출연연구기관등의설립ㆍ운영및육성에관한법률 공포(법률 제5733호)&cr;○ 2014.12.29. 울산광역시 혁신도시 이전,[목표1] 국정과제 이행 지원을 위한 에너지정책 제시&cr;(전략1) 합리적인 에너지믹스 방안 마련&cr;(전략2) 에너지안보 확립을 위한 정책연구 확대&cr;(전략3) 에너지 시장·제도 개선방안 제시&cr;&cr;[목표2] 국가경쟁력 강화를 위한 미래 에너지정책 연구 선도&cr;(전략4) 에너지신산업 창출을 위한 융·복합 연구 확대&cr;(전략5) 효과적인 탄소중립 이행 기반 연구 강화&cr;(전략6) 데이터 기반 에너지정책 수립 체계 강화&cr;&cr;[목표3] 조직의 지속가능성 제고를 위한 경영혁신&cr;(전략7) ESG 경영체계 고도화&cr;(전략8) 안정적 연구기반 구축&cr;(전략9) 성과확산·소통 시스템 개선,김현제,20230622-20260621,APERC(Asia Pacific Energy Research Centre) 자문위원&cr;국회기후변화포럼 부설 기후변화정책연구소 고문&cr;사단법인 울산에너지포럼 이사&cr;산업통상자원부 신재생에너지정책심의회 위원&cr;기획재정부 세제발전심의위원회 위원&cr;에너지경제연구원 연구기획본부장  부원장 등 역임,울산광역시,울산광역시 중구 종가로 405-11(성안동), www.keei.re.kr,138-82-00903,-
108,여수광양항만공사,기타공공기관,해양수산부,항만공사법 제4조 제2항&cr;항만공사법 시행령 제1조의2 제2항,20110819,항만의 개발 및 관리ㆍ운영에 관한 업무의 전문성과 효율성을 높임으로써 여수항과 광양항을 경쟁력 있는 해운물류 중심기지로 육성하여 국민경제 발전에 이바지함,- 항만시설의 개발 및 관리ㆍ운영&cr;- 항만배후단지의 조성 및 관리ㆍ운영&cr;- 항만에 관한 조사ㆍ연구  기술개발 및 인력양성에 관한 사업&cr;- 항만조성 및 관리ㆍ운영 관련 국가 또는 지자체 위탁사업&cr;- 항만구역 외에서 항만이용자의 편의를 위한 근린생활시설 및 복리시설 등의&cr;건설 및 운영에 관한 사업&cr;- 외국 항만의 조성 및 관리ㆍ운영에 관한 사업,- 2009. 8. 25. : "여수광양항만공사 설립위원회" 구성&cr;- 2009. 9. 16. : "「컨」공단법 폐지법률안" 발의(의원입법)&cr;- 2011. 4. 29. : "「컨」공단법 폐지법률안" 국회 의결&cr;- 2011. 8. 11. : 항만공사법 시행령 개정&cr;- 2011. 8. 19. : 여수광양항만공사 출범&cr;- 2012. 2. 6. : 「공공기관의 운영에 관한 법률」시행에 따른 "준시장형 공기업"&cr;변경ㆍ지정&cr;- 2023. 2. 3. : 「공공기관의 운영에 관한 법률」시행에 따른 "기타공공기관" 변&cr;경ㆍ지정&cr;- 2023. 5. 16 :「여수세계박람회 기념 및 사후활용에 관한 특별법」개정에 따른&cr;"2012여수세계박람회재단" 포괄 승계,[미션]&cr;- 여수ㆍ광양항을 경쟁력 있는 해양산업 중심기지로 육성하여 국민경제 및 지역사회 발전에 기여&cr;&cr;[비전]&cr;- 지속가능한 미래 물류를 선도하는 글로벌 종합항만 리더&cr;&cr;[2035 경영목표]&cr;- 항만경쟁력지수 TOP 5&cr;- 여수항ㆍ엑스포 방문객 400만명&cr;- 총물동량 4억톤&cr;- K-ESG S등급&cr;- EBITDA율 60%&cr;&cr;[전략목표 및 전략과제]&cr;1) 미래항만 패러다임 선도&cr;- AI기반 K-스마트항만 구축&cr;- 항만성장 인프라 확대&cr;- 해양관광 거점 육성&cr;2) 고부가가치 항만 구축&cr;- 북극항로 거점항만 구축&cr;- 항만 운영 경쟁력 강화&cr;- 항만 배후단지 활성화&cr;3) ESG 책임경영 강화&cr;- 탄소중립 항만 선도&cr;- 무결점 안전항만 실현&cr;- 투명성 기반 국민신뢰 강화&cr;4) 경영ㆍ혁신 효율화&cr;- 재무 건전성 강화&cr;- 국민체감 서비스 혁신&cr;- 혁신지향 조직문화 확산,최관호,20260410-20290409,- 경찰청 서울경찰청 청장('21년~'22년)&cr;- 경찰청 기획조정관 국장('20년~'21년)&cr;- 경찰청 광주경찰청 청장('20년~20년),전라남도,전라남도 광양시 항만대로 465(여수광양항만공사),www.ygpa.or.kr,604-82-03090,-
109,연구개발특구진흥재단,기타공공기관,과학기술정보통신부,연구개발특구의 육성에 관한 특별법 제46조(설립),20050901,연구개발특구 육성을 위한 사업의 효율적 추진(연구개발특구법 제46조),기술사업화와 창업을 통한 일자리 창출 및 경제활성화&cr;1. 특구육성사업&cr;2. 제도지원&cr;3. 특구개발 관리&cr;4. 특구 인프라 지원,2005.07 「대덕연구개발특구등의 육성에 관한 특별법」시행&cr;2005.09 대덕연구개발특구지원본부 설립 및 특구육성사업 본격 추진&cr;2008.02 정부조직 개편으로 소관업무 부처이관(舊과학기술부 → 지식경제부)&cr;2011.02 광주·대구연구개발특구 추가지정&cr;2012.07 연구개발특구진흥재단으로 기관명칭 변경&cr;2012.11 부산연구개발특구 추가지정&cr;2013.03 정부조직개편으로 소관업무부처 이관(舊지식경제부 → 미래창조과학부)&cr;2015.08 전북연구개발특구 추가지정&cr;2017.07 정부조직개편으로 소관업무부처 이관(미래창조과학부 → 과학기술정보통신부)&cr;2018.02 준정부기관 지정&cr;2019.08 강소특구 6곳(안산  김해  진주  창원  포항  청주) 지정&cr;2020.08 강소특구(구미  홍릉  울주  군산  나주  천안·아산) 지정&cr;2022.06 강소특구(인천 서구  강원 춘천) 지정&cr;2023.02 기타공공기관 변경 지정 ,ㅇ공공기술사업화 활성화(기술이전 5 867건  매출액 27 223억원)&cr;ㅇ혁신생태계 조성(기술창업 3 388건  투자유치 1 556억원)&cr;ㅇ지속가능경영실현(민간일자리 24 186개  종합청렴도 우수등급)&cr;ㅇ경영효율성 제고(조직효율화 개선  예산절감3%)&cr;&cr;전략목표&cr;ㅇ공공기술사업화 성과 제고&cr;ㅇ기술창업  성장의 선순환체계 구축&cr;ㅇ지역 상생협력을 통한 사회적 책임 이행&cr;ㅇ경영혁신을 통한 효율성  신뢰도 제고,정희권,20240703-20270702,現)연구개발특구진흥재단 이사장&cr;과학기술정보통신부 과학기술혁신조정관&cr;과학기술정보통신부 과학기술정책국장&cr;과학기술정보통신부 국제협력관,대전광역시,대전광역시 유성구 엑스포로 123번길 27-5  연구개발특구진흥재단,https://www.innopolis.or.kr,314-82-10460,-
110,영상물등급위원회,기타공공기관,문화체육관광부,영화 및 비디오물의 진흥에 관한 법률 제71조,19990607,영상물등급위원회는 영화  비디오물 및 공연물과 그 광고·선전물에 대한 등급분류 업무와 추천업무 등을 통해  영상물에 적절한 등급을 부여함으로써 영상물의 공공성과 윤리성을 확보하여 국민 문화생활의 질적향상을 도모하는 한편  선정성·폭력성 등을 포함한 유해영상물로부터 청소년을 보호하고자 설립됨,○ 영화·비디오물에 대한 연령별 등급분류&cr;○ 영화·비디오물의 광고·선전물에 대한 청소년 유해성 여부 확인&cr;○ 외국인의 국내 공연 추천에 관한 업무&cr;○ 영상물 등의 등급분류에 따른 제작·유통  시청제공의 실태조사 및 사후관리&cr;○ 등급분류 객관성 확보를 위한 조사·연구·국제협력 및 교육홍보&cr;○ 등급분류·추천불가 등 결정에 대한 이의신청 시 재분류 의결&cr;○ 자체등급분류사업자 지정평가 및 교육  자체등급분류 대상 영상물 사후관리 등,○ 1966.01.27. 한국예술문화윤리위원회&cr;○ 1976.05.12. 한국공연윤리위원회&cr;○ 1986.02.20. 공연윤리위원회&cr;○ 1997.10.11. 한국공연예술진흥협의회&cr;○ 1999.06.07. 영상물등급위원회(공연법 제17조)&cr;○ 2001.09.25. 영상물등급위원회(음반·비디오물 및 게임물에 관한 법률 제5조)&cr;○ 2006.10.29. 영상물등급위원회(영화 및 비디오물의 진흥에 관한 법률 제71조)&cr;○ 2007.04.11. 공공기관의 운영에 관한 법률에 따른 기타공공기관 지정&cr;○ 2013.09.05. 영상물등급위원회 부산 혁신도시 이전,○ 미션: 영상물 등급의 가치확산과 청소년 보호&cr;○ 비전: 영상물 등급분류와 사후관리의 공공성을 높이는 등급정보 컨트롤타워&cr;○ 핵심가치:&cr;- 변화를 위한 전문성&cr;- 신뢰할 수 있는 책임&cr;- 적극적인 소통과 공감&cr;- 상생을 위한 혁신&cr;○ 전략방향&cr;- 등급분류 사업의 체계적 운영&cr;- 사후관리의 효율적 운영&cr;- 데이터 기반의 등급분류 교육 및 정보활용&cr;- 전문성 있는 경영혁신 체계 구축&cr;○ 전략과제&cr;- 등급분류 제도운영 고도화&cr;- 고객 중심 등급분류 제도개선 강화&cr;- 영상물 모니터링 체계 강화&cr;- 사후관리 전문성 강화&cr;- 이용자별 맞춤형 등급분류 교육 운영&cr;- 온·오프라인 등급분류 정보 제공 활성화&cr;- 기관 경영 혁신기반 마련&cr;- ESG 경영 체계 고도화,김병재,20240522-20270425,○ 극작가  영화평론가&cr;○ 前 문화일보 문화부 차장&cr;○ 前 한국영화평론가협회 회장,부산광역시,부산광역시 해운대구 센텀서로 39 영상산업센터 1  3층,www.kmrb.or.kr,209-82-60130,-
111,영화진흥위원회,기타공공기관,문화체육관광부,영화 및 비디오물의 진흥에 관한 법률 제4조,19730403,영화의 질적 향상을 도모하고 한국영화 및 영화산업의 진흥을 위함,○ 영화진흥기본계획 등의 수립·변경에 관한 의견제시&cr;○ 영화진흥위원회 운영계획의 수립·시행&cr;○ 영화진흥위원회 정관 및 규정의 제정·개정 및 폐지&cr;○ 영상제작 관련 시설의 관리·운영&cr;○ 제23조의 규정에 따른 영화발전기금의 관리·운용&cr;○ 한국영화 진흥 및 영화산업 육성 등을 위한 조사·연구·교육·연수&cr;○ 영화의 유통배급 지원&cr;○ 디지털시네마와 관련된 영상기술의 개발과 표준 제정·보급  품질인증 및 영화상영 관 등의 시설 기준 등에 관한 사항&cr;○ 한국영화의 해외진출 및 국제교류&cr;○ 영화 및 비디오물의 진흥에 관한 법률 제27조의 규정에 의한 공동제작영화의 한국영화 인정&cr;○ 영화 및 비디오물의 진흥에 관한 법률 제39조의 규정에 의한 영화상영관입장권 통합전산망의 운영&cr;○ 영화 및 비디오물의 진흥에 관한 법률 제40조의 규정에 의한 한국영화의무상영제도의 운영 및 개선&cr;○ 지역 영상문화 진흥&cr;○ 비디오산업 진흥시책의 추진&cr;○ 그 밖에 영화진흥위원회가 필요하다고 인정하는 사항,○ 1973.04.03. 영화진흥공사 창립 &cr;○ 1984.03.12. 한국영화아카데미 설립 &cr;○ 1997.10.11. 영화진흥금고 설치 &cr;○ 1997.11.05. 남양주종합촬영소 준공 &cr;○ 1999.05.28. 영화진흥위원회 출범 &cr;○ 2000.01. 영상전문투자조합 출자 개시(영화전문투자펀드 결성 지원) &cr;○ 2002.05.28. 제2기 영화진흥위원회 출범 &cr;○ 2005.05.28. 제3기 영화진흥위원회 출범 &cr;○ 2006.12.22. 영화발전기금 운용역할 부여 &cr;○ 2007.07.01. 영화발전기금 조성을 위한 영화상영관 입장료 부과금 모금 게시 &cr;○ 2008.05.28. 제4기 영화진흥위원회 출범 &cr;○ 2011.03.30. 제5기 영화진흥위원회 출범 &cr;○ 2013.10.25. 부산이전(센텀시티 경남정보대 센텀캠퍼스 내 임차청사) &cr;○ 2014.12.31. 제6기 영화진흥위원회 출범 &cr;○ 2016.10.16. 남양주종합촬영소 매각 &cr;○ 2018.01.08. 제7기 영화진흥위원회 출범 &cr;○ 2021.01.12. 제8기 영화진흥위원회 출범 &cr;○ 2022.01.07. 제9기 영화진흥위원회 출범&cr;○ 2024.06.05. 제10기 영화진흥위원회 출범(위원장 : 한상준),○ 미션: 한국영화 진흥으로 국민 문화생활 향상에 기여&cr;○ 비전: K-무비의 변화와 도약을 함께하는 파트너&cr;○ 핵심가치: 성장과 균형 + 도전과 성과 + 공정과 확산 + 책임과 신뢰&cr;○ 2029 경영목표&cr;- K-무비의 지속성장 기반 강화&cr;- K-무비의 국내외 경쟁력 극대화&cr;- 영화산업 선순환 구조 확보&cr;- 책임과 합리적 조직경영 실현&cr;○ 4대 전략방향&cr;- K-무비 기반강화&cr;- K-무비 공급확대&cr;- K-무비 수요창출&cr;- 책임 있는 공공경영&cr;○ 12대 전략과제&cr;- K-무비 창·제작 인력 양성 및 지원 강화&cr;- 독립예술영화 기반 조성 및 지원 강화&cr;- 신기술 기반의 창·제작 환경 조성&cr;- 영화산업 기획개발(R&D) 역량 강화&cr;- 경쟁력 있는 중예산영화 지원 확대&cr;- IP기반 글로벌 경쟁력 육성&cr;- 공정 상생의 산업 환경 조성&cr;- 영화 관람 환경 개선 &cr;- 영화문화 향유 증진과 관객층 확대&cr;- 열린 성과 중심 경영&cr;- 고객 중심 경영&cr;- 지속가능한 혁신 경영,한상준,20240524-20270523,서울예대 출강('09~'23)&cr;前 부천국제판타스틱영화제 집행위원장('07~'09)&cr;前 부산국제영화제 프로그래머('00~'02)&cr;前 중앙대 첨단영상대학원 연구교수('00~'03)&cr;'영화음악의 이해'('17)  '트뤼포(시네필의 영원한 초상)'('22) 등 출간,부산광역시,부산광역시 해운대구 수영강변대로 130,www.kofic.or.kr,205-82-04892,-
112,예금보험공사,준정부기관(기금관리형),금융위원회,예금자보호법 3조,19960601,예금보험제도 등의 효율적 운영을 통한 예금자등 보호 및 금융제도의 안정성 유지,ㅇ 예금보험기금 및 예금보험기금채권상환기금의 조성 및 관리&cr;ㅇ 예금보험료의 수납  예금보험금의 지급 및 부실금융회사의 정리&cr;ㅇ 부보금융회사의 보험사고 예방을 위한 리스크 감시&cr;ㅇ 정리과정에서 취득한 지분매각  파산재단 자산 환가 및 배당 등 지원자금 회수&cr;ㅇ 부실관련자에 대한 부실책임조사  은닉재산조사 및 손해배상청구 &cr;ㅇ 송금인이 실수로 잘못 송금한 금전에 대한 반환 지원,ㅇ 1995.12.29. 「예금자보호법」 제정&cr;ㅇ 1996.06.01. 예금보험공사 설립&cr;ㅇ 1997.01.01. 은행권 대상 예금보험업무 개시 (예금 부분 보장)&cr;ㅇ 1997.11.19. 예금 전액 보장 실시&cr;ㅇ 1998.04.01. 예금보험기금 통합&cr;※ 증권감독원  보험감독원  신용관리기금 등 금융업종별 예금보험기구를 공사로&cr;일원화하고  부보금융회사의 범위에 '은행외에 증권사  보험사  종합금융회사 &cr;상호신용금고 및 신용협동조합'을 추가&cr;ㅇ 2001.01.01. 예금 부분 보장으로 환원&cr;ㅇ 2003.01.01. 예금보험기금과 예금보험기금채권상환기금 분리&cr;※ 금융구조조정을 위하여 투입된 공적자금의 원활한 상환을 위하여 기존 예금보험&cr;기금의 자산과 부채를 인수하여 예금보험기금채권상환기금을 설치하고 &cr;예금보험기금을 별도로 설치&cr;ㅇ 2004.01.01. 신용협동조합을 부보금융회사에서 제외&cr;ㅇ 2007.04.02. 기금관리형 준정부기관 지정&cr;ㅇ 2009.01.01. 목표기금제 시행 (예금보험기금의 적립액 목표규모 설정)&cr;ㅇ 2009.06.09. 퇴직연금 예금자보호 시행&cr;ㅇ 2011.04.01. 상호저축은행 구조조정 특별계정 설치&cr;※ 저축은행의 건전화를 지원하기 위하여 2026년까지 한시적으로 설치&cr;ㅇ 2014.04.01. 차등보험료율제 시행&cr;ㅇ 2015.02.26. 보호대상상품으로 운용되는 퇴직연금(DC  IRP) 적립금에 대한 별도&cr;보호한도 적용&cr;ㅇ 2015.12.22. 예금자보호법 개정(보호대상 범위 확대  예금보험관계 설명 의무화&cr;등)&cr;※ 증권금융회사 예수금 및 변액보험 최저보장 보험금이 예금보호 대상 금융상품&cr;으로 편입&cr;ㅇ 2016.03.11. 예금자보호법 시행령 개정(신탁형 개인종합자산관리계좌(ISA)에&cr;편입된 예ㆍ적금등을 예금보호 대상에 포함)&cr;ㅇ 2016.06.01. 창립 20주년 기념 新 CI 선포&cr;ㅇ 2016.06.23. 예금자보호법 시행령 개정 (변액보험 최저보장보험금 예금보호 대상&cr;에 포함  예금보험관계 설명 확인 제도 시행 등)&cr;ㅇ 2021.06.30. 정상화ㆍ정리계획(RRP) 제도 시행&cr;ㅇ 2021.07.06. 착오송금반환지원 제도 시행 &cr;ㅇ 2022.06.22. 10개 대형금융회사(SIFI) 정상화ㆍ정리계획(RRP) 금융위원회 최종 승인(2022년 4월 최초 수립)&cr;ㅇ 2023.01.01. 착오송금반환지원 제도 지원 대상 금액 상한 5천만원으로 확대&cr;ㅇ 2023.10.17. 별도 보호한도 적용대상을 연금저축  사고보험금 및 중소기업퇴직연금기금(보호상품으로 운용되는 적립금)으로 확대&cr;ㅇ 2024.03.14. 우리금융지주 잔여지분 전량 매각으로 완전 민영화 달성&cr;ㅇ 2024.10.22. 부실책임추궁 관련 자료제공요구 대상에 가상자산사업자 추가&cr;ㅇ 2025.01.01. 착오송금반환지원제도 지원 대상 금액 상한 1억원으로 확대&cr;ㅇ 2025.09.01. 예금보호한도를 종전 5천만원에서 1억원으로 상향,&cr;&cr;&cr;□ 미 션 : 금융계약자 보호 및 금융제도의 안정성 유지&cr;&cr;□ 비 전 : 시장원리에 충실한 금융계약자 보호기구  국민의 KDIC&cr;&cr;□ 2026 ~ 2030년 전략목표&cr;&cr;ㅇ &cr;금융안정을 위한 &cr;예금보험제도 고도화&cr;&cr;ㅇ &cr;환경변화에 대응한 &cr;금융계약자 보호 강화&cr;&cr;ㅇ &cr;국민이 체감하는 성과 중심 경영혁신&cr;&cr;□ 2026 ~ 2030년 전략과제 및 주요내용&cr;&cr;&cr;&cr;&cr;&cr;①&cr; &cr;유인부합적 &cr;사전 부실 예방 강화&cr;&cr; - 건전경영 유도 및 금융계약자 보호 관점의 검사·조사 추진&cr; - 시장·현장 중심 리스크분석 강화&cr; - 차등예금보험료율제도의 안정적 운영 및 고도화&cr; - 금융안정계정 도입을 통한 선제적 부실 예방&cr;&cr;② 기금체계의 지속가능성 제고&cr; - 예보료율  목표규모 등 예금보험제도 개선&cr; - 기금체계 정비 및 기금의 효율적 관리&cr; - 기금운용체계 개선을 통한 안정성 및 수익성 제고&cr;&cr;③ 정리제도 개선 및 선진화&cr; - 대형금융회사 정리제도 고도화&cr; - 신속한 정리체계 구축 및 인프라 개선&cr; - 위기대응역량 강화 및 위기대응체계 고도화&cr; &cr;&cr;&cr;④ 회수관리체계의 효율성 강화&cr;&cr; - 파산재단의 효율적 관리 및 회수 강화&cr; - 엄정한 부실책임추궁 및 재산조사 강화&cr;&cr;⑤ 맞춤형 금융계약자 보호체계 고도화&cr;&cr;&cr; &cr;- 투자자 피해 예방 및 보상체계 구축&cr;&cr; - 상호금융업권 금융계약자 보호 지원 강화&cr; - 채무자보호·재기지원을 위한 채권관리 개선&cr; - 잘못 보낸 돈 되찾기 서비스의 안정적 운영과 활용도 제고&cr;&cr;⑥ 예금보험상품 커버리지 확대&cr; - 원금보장형 금융상품 보호 및 별도 보호 확대&cr; - 실소유주 기준 간접보호방안 마련&cr;&cr;⑦ 금융계약자 보호 인프라 확충&cr; - 예보아카데미의 안정적 운영 및 고도화&cr; - 금융소비자 교육의 안정적 운영 및 질적 개선&cr; - 예금보험관계 표시제도의 효율적 운영 및 지속적 개선&cr;&cr;⑧ AI 기반 금융계약자 보호 강화&cr; - AI 기반 리스크감시체계 고도화&cr; - 디지털 금융상품 보호방안 마련&cr; - AI 기반 금융계약자 보호서비스 개선&cr;&cr;⑨ AI 기반 스마트 KDIC 구현&cr; - AI를 통한 디지털 예보 사업 수행&cr; - 전사 디지털 역량 강화 및 현장 적용 확대&cr;&cr;⑩ 안전·책임 중심의 ESG 경영 강화&cr; - ESG 경영 강화&cr; - 선도적 내부통제시스템 운영 및 윤리경영 내재화&cr; - 보건·안전경영 강화 및 재난 대응체계 강화&cr;&cr;⑪ 성과창출을 위한 핵심역량 강화&cr; - 지식자산의 체계적 관리 및 활용기반 구축&cr; - 변화를 선도하는 인재 양성 및 조직 역량 강화&cr; - 선진 예보제도 전파 및 국제적 협력체계 구축&cr; - 예보제도 연구생태계 활성화&cr;&cr;⑫ 공정·신뢰 중심의 조직혁신&cr; - 직무·성과 중심의 공정하고 투명한 인사관리체계 구축&cr; - 상생의 노사협력 강화&cr; - 근무환경 개선 및 일하는 방식 혁신&cr;,김성식,20260101-20281231,법무법인(유) 원 변호사&cr;법무법인 헤리티지 변호사&cr;법무법인(유) 화우 변호사&cr;법무법인 우방 변호사&cr;대전지방법원 공주지원 판사,서울특별시,서울특별시 중구 청계천로 30,www.kdic.or.kr,120-82-03821,-
113,예술의전당,기타공공기관,문화체육관광부, 문화예술진흥법 제37조(예술의전당),19870107,&cr;문화예술을 창달하고 국민의 문화 향유 기회를 확대하며  그 밖에&cr;문화예술 진흥을 위한 사업을 추진하기 위하여 예술의전당을 둔다.&cr;,&cr;ㅇ 예술의전당 운영&cr;ㅇ 공연 및 작품전시 활동과 그 보급&cr;ㅇ 문화예술 교육사업&cr;ㅇ 문화예술 관계자료 수집관리 및 보급과 조사연구&cr;ㅇ 문화예술의 국내외 교류사업&cr;ㅇ 상주단체 설립과 운영&cr;ㅇ 후원회운영 등을 통한 운영보존자금의 적립사업&cr;ㅇ 기타 기관의 목적달성에 필요한 사업 및 부대사업&cr;,&cr;ㅇ 1987. 1. 재단법인 예술의전당 설립&cr;ㅇ 1988. 2. 예술의전당 개관(음악당  서울서예박물관)&cr;ㅇ 1990. 10. 예술의전당 2차 개관(한가람미술관  예술자료관)&cr;ㅇ 1993. 2. 예술의전당 전관 개관(오페라하우스)&cr;ㅇ 2007. 4. 기타공공기관 지정&cr;ㅇ 2018. 2. 예술의전당 개관 30주년&cr;ㅇ 2023. 2. 예술의전당 전관 개관 30주년(음악당 35주년)&cr;,기초예술의 장르별 전문성 강화 및 활성화&cr;모든 국민의 문화누림 기회 확대&cr;고객 만족도 제고 위한 서비스 강화,장한나,20260424-20290423,&cr;트론헤임 심포니 오케스트라 상임지휘자 및 예술감독&cr;함부르크 심포니 오케스트라 수석 객원 지휘자 &cr;KAIST 문화기술대학원 초빙 특임교수 &cr;카타르 필하모닉 오케스트라 음악감독 &cr;,서울특별시,서울특별시 서초구 남부순환로 2406,www.sac.or.kr,214-82-00264,-
114,오송첨단의료산업진흥재단,기타공공기관,보건복지부,첨단의료복합단지 육성에 관한 특별법 제11조(재단의 설립 및 지원),20101215,(역할) 의료연구개발 활성화 및 연구성과 상품화 촉진&cr;(목적) 세계적 의료연구개발 중심지 육성 및 국내 의료산업 발전에 이바지,&cr;ㅇ 첨단의료복합단지의 연구성과 제고 및 지원&cr;ㅇ 연구개발기관의 제품개발 및 사업화 지원&cr;ㅇ 의료연구개발 전문 인력의 유치ㆍ양성ㆍ활용에 대한 지원&cr;ㅇ 국내ㆍ외 연구기관  학계 및 산업계와의 협력&cr;ㅇ 의료연구개발기관 등과 공동 연구를 통한 기반기술의 확보&cr;ㅇ 국가와 지방자치단체가 지정하거나 위탁하는 사업&cr;ㅇ 그 밖에 첨단의료복합단지 업무를 지원하기 위해 대통령령으로 정하는 사업&cr;,&cr;ㅇ 「첨단의료복합단지 지정 및 육성에 관한 특별법」 제정('08.03.28.)&cr;ㅇ 오송첨단의료산업진흥재단 설립('10.12.15.)&cr;ㅇ 제1대 오송첨단의료산업진흥재단 이사장(윤여표) 임명('11.03.01.)&cr;ㅇ 첨단의료복합단지 제1차 종합계획 수립('11.03.21  제7차 첨복위원회 의결)&cr;ㅇ 첨단의료복합단지 행  재정지원체계 복지부 일원화('12.12.)&cr;ㅇ 핵심연구지원시설 준공('13.11.21.)&cr;ㅇ 첨단의료복합단지 2차 종합계획 수립('13.12.18  제9차 첨복위원회 의결)&cr;ㅇ 제2대 오송첨단의료산업진흥재단 이사장(선경) 임명('14.12.30.)&cr;ㅇ 기타공공기관 지정('15.01.)&cr;ㅇ 첨단의료복합단지 제3차 종합계획 수립('17.05.02  제10차 첨복위원회 의결)&cr;ㅇ 제3대 오송첨단의료산업진흥재단 이사장(박구선) 임명('18.02.20.)&cr;ㅇ 기타공공기관 중 연구개발목적기관으로 별도 구분('19.01.)&cr;ㅇ 「첨단의료복합단지 육성에 관한 특별법」 법명 개정('19.4.30.)&cr;ㅇ 첨단의료복합단지 제4차 종합계획 수립('20.08. 첨복위원회 의결)&cr;ㅇ 제4대 오송첨단의료산업진흥재단 이사장(차상훈) 임명('21.05.03.)&cr;ㅇ 첨단의료복합단지 제5차 종합계획 수립('25.10. 첨복위원회 의결)&cr;ㅇ 제5대 오송첨단의료산업진흥재단 이사장(이명수) 임명('24.10.28.)&cr;,ㅇ 미션 : K-의료산업 도약과 인류 건강에 기여&cr;ㅇ 비전 : K-의료산업 생태계를 선도하는 글로벌 리더&cr;ㅇ 핵심가치 : 기술경쟁력  상생 ㆍ협력  소통 ㆍ혁신  책임  ㆍ신뢰  전문성 ㆍ역량&cr;ㅇ 전략목표&cr; - 글로벌 수준의 첨단의료산업 지원역량 강화&cr; - 제품화서비스 고도화 및 활성화&cr; - 첨단의료산업 생태계 활성화 지원&cr; - 혁신 ㆍ미래지향 ㆍ지속가능 경영환경 구축, 공석,-,-,충청북도,충청북도 청주시 흥덕구 오송읍 오송생명로 123,www.kbiohealth.kr,317-82-03522,-
115,울산항만공사,기타공공기관,해양수산부,항만공사법(법률 제21065호)&cr;항만공사법 시행령(대통령령 제35947호),20070705,항만시설의 개발 및 관리·운영에 관한 업무의 전문성과 효율성을 높임으로써 항만을 경쟁력 있는 해운물류의 중심기지로 육성하여 국민경제 발전에 이바지함을 목적으로 함,○ 항만시설의 신설  개축  유지·보수·준설 등에 관한 공사의 시행 및 항만의 관리·운영&cr;○ 항만시설 공사 및 관리·운영과 관련하여 국가 또는 지방자치단체로부터 위탁받은 사업&cr;○ 위의 사업에 관한 조사·연구  기술개발 및 인력양성&cr;○ 항만이용자의 편의를 위한 생활근린 및 복지사업 등의 건설 및 운영&cr;○ 국가 또는 지방자치단체로부터 위탁받은 사업&cr;○ 외국항만의 조성 및 관리·운영 등,○ 2003.05.29. 항만공사법 제정(법률 제6918호)&cr;○ 2003.11.29. 항만공사법 시행령 제정(대통령령 제18147호)&cr;○ 2007.07.05. 울산항만공사 설립&cr;○ 2008.01.30. 공공기관 중 기타공공기관으로 지정&cr;○ 2013.01.31. 공공기관 중 준시장형 공기업으로 지정&cr;○ 2023.02.03. 공공기관 중 기타공공기관으로 지정 ,○ 미 션 : 우리는 울산항을 경쟁력 있는 해운·물류 중심 기지로 육성하여 국민 경제 발전에 이바지한다.&cr;&cr;○ 비 전: K-해양강국을 견인하는 친환경 에너지 물류허브&cr;&cr;○ 2040 경영목표&cr;1) 국가 녹색성장 견인&cr; ① 총 물동량 2.5억톤&cr; ② 친환경 에너지 물동량 16백만톤&cr; ③ 신사업 매출액 900억원&cr;2) 혁신 기반 책임경영 실현&cr; ① 조직·인사 역량지수 S등급&cr; ② 중대재해 Zero&cr; ③ U-ESG지수 S등급&cr;&cr;○ 4대 전략방향&cr; ① 신성장 패러다임 대전환&cr; ② 고객서비스 가치 창출&cr; ③ 경영혁신 강화&cr; ④ 지속가능경영 실현&cr;&cr;○ 12대 전략과제&cr; ① 친환경 에너지 물류 인프라 구축&cr; ② 친환경 선박연료 공급 거점화&cr; ③ AI 기반 스마트 항만 조성&cr; ④ 항만 운영 서비스 혁신&cr; ⑤ 항만시설 성능 향상&cr; ⑥ 주력산업 연계 항만 수요 확대&cr; ⑦ 미래 대비 조직역량 강화&cr; ⑧ 공정한 인적자원 관리&cr; ⑨ 재무 건전성 확보&cr; ⑩ 예방 중심 안전경영&cr; ⑪ 지역 맞춤형 상생협력&cr; ⑫ 경청과 신뢰 기반 지배구조 내실화,변재영,20241125-20271124,중앙해양안전심판원 심판관&cr;국립해양조사원 원장&cr;해양수산부 정책보좌관&cr;부산지방해양수산청 부산항건설사무소 소장&cr;마산지방해양수산청 청장,울산광역시,울산광역시 남구 장생포고래로 271 울산항마린센터,www.upa.or.kr,610-81-87889,-
116,의료기관평가인증원,기타공공기관,보건복지부,의료법 제58조의11,20200905,의료기관평가인증원 정관&cr;제1조(목적) 이 법인은 의료법에 따른 의료기관 인증 및 의료기관 평가 통합  환자안 전법에 따른 환자안전활동 지원 등과 관련한 업무를 공정하고 효율적으로 수행함으 로써 보건의료기관의 의료서비스 질과 환자 안전 수준 제고를 통하여 국민건강을 유 지· 증진함을 목적으로 한다.,○ 인증 신청· 접수· 현지조사· 평가결과 분석· 인증등급 결정 및 인증기준 개발· 관리 등 의료기관 인증절차 운영&cr;○ 의료기관 대상 컨설팅 제공 등 인증제 운영을 위한 서비스 제공&cr;○ 의료기관 인증제 관련 조사· 연구 및 정책개발 지원&cr;○ 다른 법률에 따라 실시하는 의료기관 대상의 평가업무 통합 수행 등&cr;○ 환자안전보고학습시스템 구축· 운영 등 환자안전 관련 업무,○ 2010.10.26. 의료기관평가인증원 개원&cr;○ 2010.11.16. 의료기관 인증조사 개시&cr;○ 2012.04.24. 국제의료질관리학회(ISQua) 인증기준 부문 국제인증 획득&cr;○ 2013.01.15. 요양· 정신병원 인증조사 시행&cr;○ 2014.01.02. 치과· 한방병원 인증조사 시행&cr;○ 2015.07.16. 국제의료질관리학회(ISQua) 조사위원 교육프로그램 부문 국제인증 획득&cr;○ 2016.07.29. 환자안전 보고학습시스템 운영 업무 위탁기관 선정&cr;○ 2018.02.06. 기타공공기관 지정(기획재정부 고시 제2018-2호)&cr;○ 2019.06.04. 국제의료질관리학회 외부평가협회(IEEA) 인증기준 국제 인증 획득&cr;○ 2019.07.18. 국제의료질관리학회 외부평가협회(IEEA) 조사위원 교육프로그램 국 제 인증 획득&cr;○ 2019.12.03. 재활의료기관 인증조사 최초 실시&cr;○ 2020.07.30. 중앙환자안전센터 지정&cr;○ 2020.09.05. 특수법인 '의료기관평가인증원' 출범, 1. 신뢰받는 인증제 확립&cr;- 의료기관 인증률 제고&cr;- 지속적인 의료질 향상을 위한 사후관리 강화&cr;- 글로벌 인증기준 제시를 위한 인증제도 고도화&cr;2. 수요자 중심 교육 운영 및 신규 과제 발굴&cr;- 조사위원 전문성 제고&cr;- 의료기관 맞춤형 교육 및 컨설팅 강화&cr;- 안전한 의료환경 조성&cr;3. 국민참여형 환자안전문화 선도&cr;- 대국민 환자안전활동 참여 활성화&cr;- 환자안전사고 예방을 위한 보건의료기관 역량 강화&cr;- 환자안전 개선을 위한 지원체계 확충&cr;4. 지속가능 경영을 위한 관리체계 혁신&cr;- ESG 경영고도화&cr;- 업무 효율성 제고를 위한 경영관리 고도화&cr;- 디지털 혁신을 통한 업무 효율성 제고,오태윤,20240422-20270421,○ 대한수술감염학회 부회장(2019 ~ 2023)&cr;○ 강북삼성병원 부원장(2019 ~ 2021)&cr;○ 대한흉부외과학회 이사장(2017 ~ 2019)&cr;○ 강북삼성병원 대외협력실장(2012 ~ 2014),서울특별시,서울특별시 영등포구 국회대로 76길 10(여의도동) 10층,www.koiha.or.kr,101-82-19661,-
117,인천국제공항공사,공기업(시장형),국토교통부,인천국제공항공사법 제1조,19990201,인천국제공항을 효율적으로 건설 및 관리·운영하고  세계적인 공항전문기업으로 육성함으로써 원활한 항공 운송과 국민경제발전에 이바지함,1. 인천국제공항 개발 및 관리·운영&cr;2. 주변지역 개발  부대사업 및 기타 국가 위탁사업&cr;3. 공항건설 및 관리·운영에 관한 연구조사  기타 부대사업 등&cr;4. 공항의 건설·운영 등과 관련한 컨설팅 사업&cr;5. 해외공항 건설 및 관리·운영  그 주변지역의 개발사업,1992.11.12. / 인천국제공항 부지조성공사 착공&cr;1994.09.01. / 수도권신공항건설공단 설립&cr;1999.02.01. / 인천국제공항공사 설립&cr;2000.06.30. / 인천국제공항 기본시설 준공&cr;2001.03.29. / 인천국제공항 개항&cr;2006.03.30. / 인천국제공항 자유무역지역 개장&cr;2008.06.20. / 2단계 건설 완료 및 운영 개시&cr;2009.02.24. / 해외사업 진출&cr;2013.09.26. / 인천공항 3단계 건설(제2터미널) 기공&cr;2017.03.06. / 세계 공항서비스평가(ASQ) 12연패 달성&cr;2018.01.18. / 인천공항 제2여객터미널 개장&cr;2018.05.09. / 쿠웨이트공항 T4 위탁운영사업 수주&cr;2019.11.19. / 4단계 건설 사업 착수&cr;2021.06.17. / 제4활주로 운영 개시&cr;2022.07.28. / ACI 고객경험인증 최고 등급 획득&cr;2024.01.21. / 항행안전시설 무중단 운영 20만 시간 달성&cr;2024.02.16. / 필리핀 마닐라공항 개발운영(PPP) 사업 수주&cr;2024.12.03. / 인천공항 4단계 건설 완료 및 운영 개시, □ 경영목표(2040)&cr;  ㅇ 디지털 대전환 완성&cr;  ㅇ 친환경 공항 완성&cr;  ㅇ 서비스 세계 1위&cr;  ㅇ 항공운송(ATU) 세계 1위&cr;  ㅇ 신성장사업 확대&cr;  ㅇ ROE 밸류업&cr;&cr;□ 경영전략&cr;  ㅇ 미션: 인천국제공항을 효율적으로 건설 및 관리·운영하고  세계적인 공항전문 기업으로 육성함으로써 원활한 항공운송과 국민경제 발전에 이바지&cr;&cr;  ㅇ 비전: Beyond an Airport  Changing the World&cr;                     공항을 넘어  세상을 바꿉니다&cr;&cr;  ㅇ 핵심가치: 도전  협력  창의  윤리&cr;&cr;  ㅇ 전략방향&cr;    1) &cr;[공항인프라] 디지털 공항 혁신: 디지털 전환을 바탕으로 넷제로 등 미래 환경 변화를 반영한 새로운 공항 인프라 완성&cr;    2) &cr;[공항 운영] 초연결 모빌리티 허브 완성: 새로운 서비스  경험으로 여객과 화물이 모이고 연결되는 메가 허브공항 고도화&cr;    3) &cr;[신사업(산업)] 융복합 혁신 생태계 조성: 산업 간 경계를 넘어 창의적 혁신을 촉진하고  이를 바탕으로 글로벌 진출 확대&cr;    4) &cr;[경영 프로세스] 공항전문그룹 도약: 기회와 잠재력을 발굴하고 미래 변화에 효과적으로 대응할 수 있도록 경영체계 혁신&cr;, 공석,-,-,인천광역시,인천광역시 중구 공항로 424번길 47,https://www.airport.kr,121-81-29114,-
118,인천항만공사,기타공공기관,해양수산부,항만공사법,20050711,항만시설의 개발 및 관리·운영에 관한 업무의 전문성과 효율성을 높임으로써 인천항을 경쟁력 있는 해운물류의 중심기지로 육성하여 국민경제의 발전에 이바지함,항만시설의 개발 및 관리·운영&cr;항만재개발사업 및 마리나 항만시설 조성사업&cr;항만의 조성 및 관리·운영 관련 국가 또는 지방자치단체로부터 위탁받은 사업&cr;항만 관련 조사·연구  기술개발 및 인력양성에 관한 사업&cr;항만이용자 편의를 위한 근린생활시설 및 복리시설 등의 건설 및 운영에 관한 사업&cr;남북 간 항만의 조성 및 관리·운영 등을 위한 교류 및 협력사업&cr;외국 항만의 조성 및 관리·운영에 관한 사업&cr;마리나항만시설의 관리·운영에 관한 사업&cr;신·재생에너지 설비의 설치 및 관리·운영에 관한 사업,2003.05.29. 항만공사법 제정(법률 제06918호)&cr;2005.07.11. 인천항만공사 설립&cr;2007.04.05. 항만공사법 개정(수역시설 관리 등 사업범위 확대)&cr;2015.06.01. 인천신항 컨테이너터미널 개장&cr;2019.04.26. 인천항 크루즈터미널 개장&cr;2020.06.15. 인천항 국제여객터미널 개장&cr;2023.02.03. 공공기관 유형 중 기타공공기관으로 지정,□ &cr;미션&cr; - 우리는 인천항을 물류와 해양관광의 중심기지로 육성하여 국민경제발전에 이바지한다.&cr;&cr;□ &cr;비전 &cr; - 물류와 해양관광을 선도하는 지속가능 복합가치항만&cr;&cr;□ &cr;3대 전략목표 및 9대 전략과제&cr;1. 동아시아 물류·해양관광허브&cr;1-1. 신규 항로 및 특화 화물 창출 역량 강화&cr;1-2. 해양관광 거점 기반 강화&cr;1-3. 인천항 부가가치 확대&cr;&cr;2. 미래지향적 항만 혁신&cr;2-1. AI 기반 스마트 항만 전환&cr;2-2. 디지털·혁신역량 내재화&cr;2-3. 탄소중립·RE100 항만 실현&cr;&cr;3. 신뢰의 항만 생태계 구축&cr;3-1. 무결점 안전·보안 항만 구현&cr;3-2. 상생·협력과 소통 중심의 항만운영&cr;3-3. 투명·효율 중심의 경영기반 강화&cr;,이경규,20230515-20260514,- 해양수산부 수산정책실장&cr;- 해양수산부 중앙해양안전심판원장&cr;- 해양수산부 정책기획관 국장&cr;- 해양수산부 수산정책관 국장&cr;- 해양수산부 청와대 농어업비서관실 행정관&cr;- 해양수산부 해수부장관실 비서실장&cr;- 해양수산부 인천지방해양수산청  항만물류기획과  해양영토과  국제협력담당관  유통가공과  창조행정담당관 과장 등,인천광역시,인천광역시 연수구 센트럴로 263  IBS타워 31~35층,https://icpa.or.kr,121-81-73662,-
119,자동차손해배상진흥원,기타공공기관,국토교통부,자동차손해배상 보장법 제39조의3,20180802,자동차공제사업자에 대한 검사업무를 수행함으로써 공제사업의 지속가능하고 건전한 발전을 도모하고  자동차손해배상제도의 연구와 지원을 통한 자동차손해배상정책개선에 기여,&cr;1. 검사 대상 기관의 업무 및 재산 상황 검사&cr;  -「여객자동차 운수사업법」에 따른 인가ㆍ허가를 받아 공제사업을 하는 기관&cr;  -「화물자동차 운수사업법」에 따른 인가ㆍ허가를 받아 공제사업을 하는 기관&cr;  - 그 밖에 국토교통부령으로 정하는 기관&cr;2. 자동차손해배상 및 보상 정책의 수립ㆍ추진 지원&cr;3. 자동차손해배상 및 보상 정책 관련 연구&cr;4. 자동차손해배상 보장법 또는 다른 법령에 따라 위탁받은 업무&cr;5. 그 밖에 국토교통부령으로 정하는 업무&cr;,&cr;ㅇ 2018. 07. 제1대 원장 취임&cr;ㅇ 2018. 09. 재단법인 자동차손해배상진흥원 개원&cr;ㅇ 2018. 12. 자동차공제민원센터 업무 개시&cr;ㅇ 2019. 08. 국토교통부 산하 공공기관 민원처리 실태점검 "탁월" 평가&cr;ㅇ 2020. 03. 정부보장사업 구상업무 개시&cr;ㅇ 2020. 06. 공직유관단체 지정(인사혁신처 고시 제2020-7호)&cr;ㅇ 2021. 07. 공제분쟁조정위원회 의료자문제도 도입 &cr;ㅇ 2021. 07. 국토교통부 산하 공공기관 민원처리 실태점검 "우수" 평가&cr;ㅇ 2022. 01. 제2대 원장 취임&cr;ㅇ 2022. 01. 자동차사고 피해지원기금 운용ㆍ관리업무 개시&cr;ㅇ 2023. 01. 정부보장사업 보상업무 및 채권정리위원회 사무국업무 개시&cr;ㅇ 2023. 05. 배달서비스 공제조합 설립 인가 검토 용역 수행&cr;ㅇ 2024. 02. 손해배상의료심사위원회 신설&cr;ㅇ 2024. 03. 민생침해 자동차 보험사기 근절을 위한 MOU 체결(금감원  렌터카공제)&cr;ㅇ 2024. 03. 국민권익위 국민신문고 민원처리 공공기관 실태평가 "우수기관" 등급&cr;ㅇ 2024. 07. 국토교통부 산하 공공기관 민원처리 실태점검 "우수" 평가&cr;ㅇ 2024. 07. 자동차손해배상보장위원회 신설 및 사무국 담당&cr;ㅇ 2025. 01. 자동차사고 유자녀 등 피해자 지원업무 개시&cr;ㅇ 2025. 01. 자동차 공제사업 감독기준 제정 및 고시&cr;ㅇ 2025. 02. 국토교통부 산하 기타공공기관 지정(기획재정부 고시 제2025-2호)&cr;ㅇ 2025. 05. 제3대 원장 취임&cr;,1. 미션 : 국민이 신뢰하는 공정한 손해배상제도 정립&cr;&cr;2. 비전 : 국민의 안전한 미래를 만들어가는 자동차손해배상 정책 전문기관&cr;&cr;3. 핵심가치 : 공정과 신뢰  역량과 혁신  소통과 협업&cr;&cr;4. 전략목표&cr;    ① 자동차손해배상정책 주도&cr;    ② 자배법상의 위탁사업 선도&cr;    ③ 공제조합 건전경영 유도&cr;    ④ 지속가능한 경영체계 구축,하대성,20250515-20280514, ㅇ 국토교통부 혁신도시발전추진단 부단장 &cr; ㅇ 국토교통부 국토정책관&cr; ㅇ 국토교통부 익산지방국토관리청장,서울특별시,서울특별시 영등포구 선유로52길 11  6층(당산동6가),https://www.tacss.or.kr,104-82-13405,-
120,재단법인 건설기술교육원,기타공공기관,국토교통부,민법 제32조,19780418,국가기간산업의 기술개발을 촉진하고 그에 필요한 인력양성을 위한 교육사업(위탁교육 등 포함)을 대행함으로써 산업발전에 기여,건설기술인 교육사업&cr;기능인력 훈련 및 취업지원 사업&cr;국가기간산업 종사인력 교육사업&cr;정부위탁교육 및 양성훈련사업&cr;교육훈련에 관한 국제협력사업&cr;국가기간산업의 기술 및 기능연구 개발&cr;산학 및 기관협력을 위한 양성  위탁 및 직무능력 향상 등 교육사업,1978.4. 건설직업훈련원 설립허가(건설부)&cr;1980.6. 건설기술자 법정(건설업법) 직무교육 개시&cr;1981.9. 건설기술교육원 개칭&cr;1983.1. 외국인 건설공무원 초청연수 실시&cr;1993.11. 감리원 법정직무교육 실시&cr;1998.12. 서울분원 개설(강남구 역삼동)&cr;2000.3. 지방공무원 훈련성적 평정대상 전문교육훈련과정 지정(행정자치부)&cr;2008.7. 건설기능인력양성센터 개원&cr;2017.9. 고용노동부/직업능력심사평가원 최우수훈련기관 5년인증(본원)&cr;2021.2. 공공기관 지정(유형: 기타공공기관),미션: 건설기술 인재 양성을 통해 건설기술 발전을 촉진함으로서 국가 건설산업 발전과 국민안전에 기여&cr;&cr;비전: 미래 건설기술의 파트너  KICTE&cr;&cr;목표Ⅰ - 건설기술인의 지속적 성장 도모&cr;1. 수요자 맞춤형 교육 선도&cr;2. 건설교육 기반 강화&cr;3. 건설사 역량향상 지원&cr;&cr;목표Ⅱ - 미래가치 중심 인재 양성&cr;4. 스마트건설 전문성 강화&cr;5. 건설기능인력 훈련 활성화&cr;6. 안전관리 교육 강화&cr;&cr;목표Ⅲ - 지속가능한 혁신경영 구현&cr;7. 합리적 경영체계 강화&cr;8. 국민 체감형 나눔경영&cr;9. 성장하는 조직문화 조성,권대철,20230911-20260910,ㅇ 2013.3.~2014.8. 국토교통부 투자심사담당관&cr;ㅇ 2014.8.~2018.3. 국토교통부 토지정책관&cr;ㅇ 2018.2.~2021.2. 외교부 주중화인민공화국대한민국대사관 공사참사관&cr;ㅇ 2021.2.~2022.2. 국토교통부 혁신도시발전추진단 부단장&cr;ㅇ 2022.8.~2023.7. 국토교통부 중앙토지수용위원회 상임위원,인천광역시,인천광역시 남동구 소래로 688,https://www.kicte.or.kr,139-82-01109,-
121,재단법인 대한건설기계안전관리원,기타공공기관,국토교통부,민법 제32조에 의한 재단법인,19971223,「건설기계관리법」에 따라 건설기계에 대한 검사와 성능평가 등 건설기계와 관련한 연구 및 기술지원 업무를 수행하여 건설기계관리 효율화를 도모하고 건설기계의 안전도를 유지함으로써 건설기계 이용자에 대하여 양질의 기술서비스를 제공함은 물론 국민의 생명과 재산보호에 기여,&cr;□ 건설기계 검사(건설기계의 성능 및 안전여부를 정기적으로 검사)&cr;□ 건설기계 형식신고등(제작  조립  수입 건설기계에 대한 서면상 안전도 검토)&cr;□ 타워크레인 검사대행자 총괄기관 업무 및 사고조사&cr;□ 공공분야 건설기계 안전점검 및 건설기계 기술 개발ㆍ연구 및 자료수집&cr;□ 건설기계 성능 및 안전에 관한 표준개발 및 국제협력&cr;,&cr;ㅇ 1997. 12 : (재)대한건설기계안전관리원 설립(민법 제32조)&cr;ㅇ 1998. 1 : 건설기계검사 대행자 지정(건설교통부 공고 1998-1호)&cr;ㅇ 2015. 6 : 공직유관단체 지정(인사혁신처 고시 제2015-5호)&cr;ㅇ 2018. 2 : 국토교통부 산하 기타공공기관 지정(기획재정부 고시 제2018-2호)&cr;ㅇ 2019. 2 : 국토교통부 산하 위탁집행형 준정부기관 지정(기획재정부 고시 제2019-3호)&cr;ㅇ 2019. 8 : 타워크레인 검사 총괄기관 지정(국토교통부 공고 제2019-1158호)&cr;ㅇ 2023. 2 : 국토교통부 산하 기타공공기관 지정(기획재정부 고시 제2023-4호)&cr;ㅇ 2023. 3 : 국책 고위험 건설기계 안전관리 연구용역 수주&cr;,&cr;&cr;&cr;□ 미션&cr; ㅇ 건설기계 안전사고 예방 ·관리의 실효성을 높여 국민의 생명과 재산을 보호한다.&cr;&cr;□ 비전&cr; ㅇ 지속가능한 &cr;건설기계의 안전을 책임지는 국민의 안전 파트너&cr;&cr;&cr;&cr;&cr;□ 핵심가치&cr; ㅇ 안전  전문  협력  혁신&cr;&cr;□ 경영목표&cr; ㅇ 불법 건설기계 운행률 1% 미만&cr; ㅇ 전문역량지수 98점&cr;&cr;&cr; ㅇ ESG경영 수준 S등급&cr; ㅇ 경영개선 지수 100점&cr;&cr;&cr;□ 전략목표 및 전략과제&cr; ㅇ 전략목표1 : 건설기계 안전체계 선도&cr;&cr;    -  건설기계 안전 ·검사기준 글로벌화&cr;    -  데이터 기반 검사서비스 제공&cr;    -  건설기계 안전관리 내실화&cr; ㅇ 전략목표2 : 미래성장동력 확보&cr;    -  미래지향 전문역량 강화&cr;    -  건설기계 안전사각지대 해소 중심 신사업 발굴&cr;    -  건설기계 R&D 기능 강화&cr; ㅇ 전략목표3 : ESG경영 고도화&cr;    -  저탄소 녹색경영 확산&cr;    -  근로자 안전과 지역협력 실현&cr;    -  투명한 지배구조 확립&cr; ㅇ 전략목표4 : 성과중심 경영혁신 실현&cr;    -  효율적인 조직 ·인력운영&cr;    -  지속가능한 재정건전성 제고&cr;    -  현장중심의 혁신문화 조성&cr;,한동민,20241101-20271031,국토교통부 부산지방항공청 청장&cr;국토교통부 국토정보정책과 과장,서울특별시,서울특별시 서초구 서초대로 42길54,www.kcesi.or.kr,220-82-03039,-
122,재단법인 장애인기업종합지원센터,기타공공기관,중소벤처기업부,장애인기업활동촉진법 제13조  동법 시행령 제10조,20080219,장애인의 창업과 기업활동 촉진으로 장애인의 경제적  사회적 지위 제고 및 경제력 향상을 도모하여 국민경제 발전에 기여,1. 장애인의 창업지원&cr;2. 장애인기업의 경영활동 및 판로 지원&cr;3. 장애경제인에 대한 교육  훈련 및 연수&cr;4. 장애인기업에 대한 정보 및 자료 제공&cr;5. 장애인기업의 육성을 위한 연구 및 조사&cr;6. 장애인기업의 육성을 위하여 중소벤처기업부장관  지방자치단체의 장 등이&cr;   위탁하는 사업,2008.02.19 (재)장애인기업종합지원센터 설립(중기청 허가 2008-1호)&cr;2008.02 (초대) 곽태혁 이사장  안대영 센터장 취임&cr;2008.08.05 신순희 이사장 취임(2대)&cr;2008.12 대구/경북  광주/전남지역센터 설치&cr;2009.02 부산지역센터 설치&cr;2009.05 중앙지역센터(서울) 설치&cr;2009.06 대전/충남지역센터 설치&cr;2010.11 경인지역센터 설치&cr;2011.01.03 박기경 이사장 취임(3대)&cr;2011.05.02 이해긍 센터장 취임(2대)&cr;2012.07 울산지역센터 설치&cr;2012.11 경남지역센터 설치&cr;2012.12 인천지역센터 설치&cr;2013.10 제주/강원/전북지역센터 설치&cr;2014.01.28 백규현 이사장 취임(4대)&cr;2014.05.02 이해긍 센터장 연임(3대)&cr;2014.08 전남/충북지역센터 설치&cr;2015.12 충남/경북지역센터 설치&cr;2017.04.18 김수한 센터장 취임(4대)&cr;2018.01.31 기타공공기관 지정&cr;2019.04.03 서기영 이사장 취임(5대)&cr;2020.06.22 이상호 센터장 취임(5대)&cr;2021.12 발달장애인 특화사업장 개소(경상북도 안동시)&cr;2022.09 발달장애인 특화사업장 개소(광주광역시 광산구)&cr;2022.10 발달장애인 특화사업장 개소(충청남도 태안군)&cr;2023.07 발달장애인 특화사업장 개소(제주특별자치도 제주시)&cr;2023.11.01 박마루 이사장 취임(6대)&cr;2023.11 발달장애인 특화사업장 개소(충청남도 공주시)&cr;2023.12 발달장애인 특화사업장 개소(경상남도 진주시)&cr;2024.05 발달장애인 특화사업장 개소(충청남도 아산시) ,&cr;&cr;&cr;(미션)&cr; 장애인 창업 및 장애인기업 지원을 통한 국가 경제성장에 기여&cr;&cr;(비전)&cr; 혁신을 선도하는 장애인 경제진흥 전문기관&cr;&cr;&cr; &cr;&cr;(전략 1) 경영시스템 고도화&cr;&cr;  - 기관 혁신문화 조성  현장중심 경영체계 구축  사회적 책임경영 실현&cr;&cr;&cr; &cr;(전략 2) 성장 단계별 지원 강화&cr;&cr;&cr;  - 장애 맞춤형 창업 기반 강화  장애경제인 성장역량 확보  장애인기업 단계적 지원&cr;    확대&cr;&cr; &cr;&cr;(전략 3) 현장형 지원 인프라 구축&cr;&cr;  - 현장 맞춤 지원 강화  공공·민간 판로확대 지원  수출 판로 확대 지원&cr;&cr; &cr;(전략 4) 장애인기업 친화적 법·제도 조성&cr;&cr;  - 대외 협력체계 활성화  장애인기업 홍보 및 인식 개선  기관 직무전문성 강화 &cr;&cr;,박마루,20231101-20261031,복지TV(공익방송) 사장&cr;(주)비에프코리아 대표이사&cr;서울특별시 장애인분야 명예시장,서울특별시,서울특별시 영등포구 버드나루로 14길 25,http://www.debc.or.kr,105-82-16458,-
123,재단법인 한국공공조직은행,기타공공기관,보건복지부,인체조직안전 및 관리등에 관한 법률 제16조의3,20170627,재단법인 한국공공조직은행은 인체조직의 채취  가공 및 분배 등을 공익적으로 수행하여 조직의 적정한 수급과 안전을 도모함으로써 국민보건의 향상에 이바지함을 목적으로 한다.,인체조직생산&cr;고품질의 안전한 인체조직 공급을 위해 효율적인 인체조직 생산관리체계 구축&cr;인체조직분배&cr;국내 인체조직 수급 안정성 향상을 위한 의료기관 협력 및 분배 네트워크 구축&cr;인체조직 연구&cr;공공조직은행의 지속발전 및 성장동력 확보를 위한 신규 이식재 및 가공기술 개발 강화,2017. 03. 27. (재)한국공공조직은행 설립 허가(보건복지부  제222-1호)&cr;2017. 06. 27. (재)한국공공조직은행 설립 등기 완료&cr;2017. 07. 01. (재)한국공공조직은행 공식 출범&cr;2017. 08. 22. (재)한국공공조직은행 산하 지역조직은행 공공조직은행 지정&cr;(보건복지부  제1호 ~ 제5호)&cr;2018. 09. 03. 이덕형 제1대 은행장 취임&cr;2018. 09. 03. (재)한국공공조직은행 성남조직은행 설립 허가(식약처  제236호)&cr;2018. 10. 19. (재)한국공공조직은행 성남조직은행 공공조직은행 지정&cr;(보건복지부  제6호)&cr;2019. 02. 11. 기타공공기관 지정(기획재정부 고시)&cr;2021. 10. 18. 강청희 제2대 은행장 취임&cr;2023. 09. 26. 서명옥 제3대 은행장 취임&cr;2025. 03. 10. 이형훈 제4대 은행장 취임&cr;2025. 06. 30. (재)한국공공조직은행 충북대조직은행 설립 허가(식약처  제322호)&cr;2025. 07. 15. (재)한국공공조직은행 충북대조직은행 공공조직은행 지정&cr;(보건복지부  제7호),[미션] 인체조직의 공익적 관리를 통한 국민보건 증진 및 삶의 질 향상&cr;[비전] 국민 건강을 잇는 인체조직 허브  한국공공조직은행&cr;[핵심가치] 전문  협력  혁신  신뢰&cr;[경영목표]&cr; ○ 인체조직 자급 강화&cr; ○ 인체조직 관리기술 선도&cr; ○ 지속가능 성장 발전&cr;[ 전략방향 및 전략과제 ]&cr; ○ 인체조직 적정 공급&cr;  - 이식재 생산 역량 강화&cr;  - 이식재 분배 역량 향상&cr; ○ 인체조직 분야 리더십 강화&cr;  - 이식재 품질개선 활동 강화&cr;  - 이식재 연구개발 활동 강화&cr; ○ 지속가능 경영체계 확립&cr;  - 사회적 책임 기반 공공성 강화&cr;  - 조직운영 및 일하는 방식 효율성 제고, 공석,-,-,서울특별시,서울특별시 중구 퇴계로 307,https://kptb.kr,529-82-00152,-
124,재단법인 한국에너지재단,기타공공기관,기후에너지환경부,민법 제32조,20061226, 취약계층 등 사회적 약자에 대한 에너지복지를 지속적으로 확충함으로써 모든 국민에 대한 에너지의 보편적 공급에 이바지하고 에너지관련 분야의 상호협력 증진과 정책홍보  국제협력 등의 사업을 통하여 에너지산업 발전과 진흥에 기여,ㅇ 저소득층 지원을 위한 에너지복지 프로그램 시행&cr;ㅇ 에너지복지 분야 실태조사 및 간이조사(통계작성·분석·관리)&cr;ㅇ 정부  지방자치단체 등의 위탁 또는 용역사업 수행&cr;ㅇ 에너지복지 관련 국내외 협력사업&cr;ㅇ 유관기관과 협력사업 발굴 및 지원&cr;ㅇ 에너지 전문인력 양성 및 에너지기술 확산에 관한 사업과 후원&cr;ㅇ 에너지 정책 및 절약 홍보,2006. 08. 설립허가&cr;2006. 10. 공익성 지정기부금단체 지정&cr;2006. 12. 한국에너지재단 출범&cr;2007. 05. 에너지복지 원년 및 에너지복지 헌장 선포&cr;2007. 05. 저소득층 에너지효율개선사업 개시&cr;2012. 06. 2012 서민정책 유공 대통령기관 표창 수상&cr;2013. 10. 2013 대구세계에너지총회 개최&cr;2014. 07. 주택에너지진단 도입 및 민간자격제도 등록&cr;2017. 03. 에너지효율개선사업 전담기관 지정&cr;2018. 01. 주택에너지효율개선 탄소배출권거래 특허 등록&cr;2018. 02. 기타공공기관 지정(공공기관운영위원회)&cr;2019. 05. 저소득층 에너지효율개선사업 냉방기기 지원 신설&cr;2022. 01. 취약계층 에너지복지사업 실시&cr;2022. 05. 에너지복지 실태조사 예비사업 착수&cr;2023. 03. 정유3사 민간협력 사업 추진,ㅇ 미션 : 선진적 에너지복지 증진으로 국민의 삶의 질 향상&cr;ㅇ 비전&cr;- 사회적 가치의 확실한 성과창출&cr;- 에너지 위기시대를 극복하는 에너지복지 선도기관&cr;- 국민신뢰 제고&cr;- 국내 ·외 에너지네트워크 강화&cr;ㅇ경영목표&cr;- 합리적인 에너지복지 사업수행 기반마련&cr;- 에너지복지 전문성 제고&cr;- 대내외 소통 및 협력강화를 통한 경영기반 조성&cr;ㅇ전략방향&cr;- 투명 경영을 통한 현장중심 에너지복지 확산&cr;- 에너지복지 전담기관의 전문성 강화&cr;- 소통중심의 경영체계 구성, 공석,-,-,서울특별시,서울특별시 용산구 신흥로 152(후암동),www.koref.or.kr,107-82-11478,-
125,재단법인 한국자활복지개발원,기타공공기관,보건복지부,국민기초생활보장법 제15조의2(한국자활복지개발원),20190716,수급자 및 차상위자의 자활촉진에 필요한 사업 수행,1. 자활지원사업의 개발 및 평가&cr;2. 취업ㆍ창업을 위한 자활촉진 프로그램 개발 및 지원&cr;3. 자활 지원을 위한 조사ㆍ연구 및 홍보&cr;4. 지역ㆍ광역자활센터  자활기업의 기술ㆍ경영 지도 및 평가&cr;5. 자활 관련 기관 간의 협력체계 및 정보네트워크 구축ㆍ운영&cr;6. 시ㆍ군ㆍ구의 수급자 및 차상위자에 대한 고용지원서비스연계  해당 가구에 대한&cr;사회복지서비스지원과 대상자 관리&cr;7. 수급자 및 차상위자의 자활촉진을 위한 교육ㆍ훈련  광역자활센터 등 자활 관련 기 관의 종사자 및 참여자에 대한 교육ㆍ훈련 및 지원&cr;8. 기타 국가 또는 지방자체단체로부터 위탁받은 자활 관련 사업&cr;9. 자활촉진에 필요한 사업으로서 보건복지부장관이 정하는 사업 ,2019.01.15. 국민기초생활보장법 개정을 통한 설립근거 마련&cr;2019.07.16. 재단법인 한국자활복지개발원 설립&cr;2020.02.05. 기타공공기관 신규 지정 ,(미션) 자활복지 혁신을 통한 취약계층의 희망이 있는 내일 실현&cr;(비전) 맞춤형 자립지원 고도화를 선도하는 자활복지 동반자&cr;(전락목표)&cr;- 맞춤형 자활복지 사업 지원 강화&cr;- 취약계층 자립기반 고도화&cr;- 자활 지원체계 전문화&cr;- 사회적책임 실현을 위한 ESG 중심 경영,김경환,20260406-20290405,서귀포일터나눔지역자활센터 센터장&cr;제주도의회 복지안전위원회 정책연구위원&cr;사단법인 일하는 사람들 대표이사,서울특별시,서울특별시 서대문구 통일로 135 충정빌딩 9층 10층, https://www.kdissw.or.kr,584-82-00315,-
126,재단법인 한국장기조직기증원,기타공공기관,보건복지부, 민법 제32조&cr;「장기등 이식에 관한 법률」 제17조  제20조&cr;「인체조직안전 및 관리등에 관한 법률」 제16조의2  제27조,20170401,법인은 뇌사 또는 사망자의 숭고한 기증 정신을 바탕으로 윤리적이고 안전한 기증의 관리를 수행함으로써 국민건강증진과 의학 발전에 기여함을 목적으로 한다.,&cr;&cr;&cr;(뇌사 추정자 통보 및 뇌사자 장기 및 사망자 조직 기증 관리) &cr;&cr;뇌사 추정자의 정보를 수집하고 뇌사자 장기기증·사망자 조직 기증 활동을 조정·관리&cr;&cr;  &cr;&cr;&cr;(의료인·전문가 교육·홍보) &cr;의료인·전문가에게 장기·조직 기증 관련 교육을 제공하고  관련 홍보 활동을 통해 기증을 증진&cr;&cr;  &cr;&cr;&cr;(장기·조직 기증자 예우 및 기념사업) &cr;장기·조직 기증자를 존중하고 기리는 예우 및 기념사업을 실시&cr;&cr;  &cr;&cr;&cr;(진단검사의학과의원 사업)&cr;뇌사장기이식을 위한 뇌사기증자검사와 장기이식대기자의 이식 관련 면역검사 실시&cr;&cr;  &cr;&cr;&cr;(시민·청소년 등 교육·홍보) &cr;&cr;대중에게 장기·조직 기증에 대한 교육과 홍보 활동을 통해 인식을 높이고 활성화&cr;&cr;,&cr;&cr; &cr;&cr;(2017년) 한국장기조직기증원 출범  기타공공기관 및 수지차 보전기관 지정  &cr;              장기구득기관 및 인체조직기증지원기관 지정&cr;              제 1대 조원현 원장 취임&cr;&cr; (2018년) 가족친화인증기관 지정 및 본사 충정로 이전&cr; (2020년) 제2대 문인성 원장 취임&cr; (2022년) 안전보건경영방침 선포  윤리 헌장 선포  &cr;               생명나눔 희망우체통 사업 시행&cr; (2023년) 뇌사추정자 신고 수 의료 질지표 사업 시행&cr; (2024년) 제 3대 이삼열 원장 취임&cr;,&cr;[미션] 「생명나눔·생명이음」 가치실현을 통한 국민건강 증진&cr;&cr;[비전] 생명과 생명을 잇는 글로벌 기증관리 전문기관&cr;&cr;[핵심가치]&cr; ○ 생명존중&cr; ○ 최고의 전문성&cr; ○ 소통과 협력&cr; ○ 배려와 존중  윤리의식&cr;&cr;[경영목표]&cr; ○ 생명나눔 2300&cr; ○ 조직기증 300&cr; ○  기관 영향력 강화&cr;&cr;[전략목표 및 전략과제]&cr; ○ 기증관리체계 선진화&cr;  - 잠재기증자 발굴 확대&cr;  - 기증관리 전문성 강화&cr; ○  생명나눔 문화 확산&cr;  - 생명나눔 가치확산 홍보&cr;  - 기증인식개선 교육 강화&cr;  - 기증자 중심 예우 강화&cr; ○ 지속가능 경영 실현&cr;  - ESG 기반 책임경영 강화&cr;  - 소통성장 조직문화 확산&cr;,이삼열,20240507-20270506,한림대 강남성심병원 외과 교수(현)&cr;사단법인 생명잇기 이사장(전)&cr;한림대 강동성심병원 병원장(전)&cr;한림대 강동성심병원 외과 교수(전)&cr;대한이식학회 이사(전)&cr;대한혈관학회 이사 (전),서울특별시,서울특별시 서대문구 충정로 36  5층,www.koda1458.kr,679-82-00175,-
127,재외동포협력센터,기타공공기관,재외동포청,재외동포기본법 제11조 제1항,20230605,재외동포의 한인으로서의 정체성 함양 및 대한민국과의 유대감 강화 정책을 효율적이고 체계적으로 지원,- 재외동포를 대상으로 하는 초청ㆍ연수ㆍ교육ㆍ문화ㆍ홍보 사업&cr;- 재외동포 이주 역사에 대한 조사ㆍ전시 사업,2023. 6. 5. 기관 설립&cr;2023. 6. 9. 김영근 제1대 센터장 취임&cr;2023. 6. 16. 기타공공기관 지정,&cr;[비전] 글로벌 한인 공동체 발전에 기여하는 재외동포협력 전문기관&cr;&cr;&cr;[전략목표]&cr; ㅇ 차세대동포의 한인 정체성 함양&cr;   1. 차세대 동포 모국 초청연수 질적 향상 및 규모 확대&cr;   2. 한글교육 취약지역 차세대동포 정체성 함양&cr;&cr; ㅇ 글로벌 한인 역량 강화&cr;   3. 재외동포 장학사업 체계 개선 및 성과 제고&cr;   4. 중국 및 CIS 지역 한인 교육역량 강화&cr;   5. 세계한인정치인 네트워크 구축 지원&cr;&cr; ㅇ 대한민국과 재외동포사회와의 유대감 강화&cr;&cr;   6. 재외동포교육문화센터 준공 추진&cr;   7. 재외동포 이주 역사 아카이브 구축&cr;   8. 글로벌 한인 유대감 강화 콘텐츠 개발&cr;&cr; ㅇ 미래지향적 경영혁신&cr;   9. ESG 중심 경영체계 구축&cr;   10. 직무·사람 중심 조직문화 구축&cr;   11. 일하는 방식 개선으로 업무 효율성 증진&cr;,김영근,20230609-20260608,세계한인네트워크 대표&cr;재외동포재단 사업이사&cr;워싱턴한인연합회 회장,서울특별시,서울특별시 서초구 남부순환로 2558 4층,www.okocc.or.kr,146-82-00544,-
128,전국재해구호협회,기타공공기관,행정안전부,「재해구호법」,19610713,이재민의 구호에 필요한 의연금품 모집  관리  배분 및 구호활동 등을 수행함으로써 이재민의 보호와 생활안정에 기여,- 의연금품 및 기부금품의 모집  배분 및 관리&cr;- 구호세트의 제작  재해구호물자의 관리  공급  및 보관창고의 설치  운영&cr;- 재해구호에 관한 홍보 및 조사연구 등 재해구호 관련 사업&cr;-「재해구호법」제25조에 따른 배분위원회의 설치  운영&cr;- 재해구호 활동 지원  자원봉사자 및 자원봉사단체 관리  운영지원,&cr;- 1961. 전국수해대책위원회 조직 (1959년 태풍 ‘사라’ 이재민 피해자 30만               명 계기)&cr;- 1961. 전국재해대책위원회 발족 (초대 유진오 회장)&cr;- 1964. 보건사회부 사회단체 등록&cr;- 1964. 전국재해대책협의회로 개칭&cr;- 1968. 사단법인 전국재해구호협회로 개편&cr;- 2001. 재해구호법 개정으로 법정구호기관으로 지정&cr;- 2005. 파주  함양재해구호물류센터 건립&cr;- 2006. 재해구호법 전부 개정으로 의연금 배분의 총괄기관으로 지정&cr;- 2026. 기타공공기관 지정&cr;,[미션] 재난피해자의 최고 파트너&cr;[비전]&cr; - 재해구호모금 대표기관&cr; - 재해구호활동 전문기관&cr; - 재난재해전문 싱크탱크&cr;[경영목표 및 전략]&cr; ○ 모금사업&cr;  - 신뢰받는 재난모금전문기관으로의 도약&cr;  - 고액기부자 예우 강화&cr;  - 기업사회공헌 지정기부모금 확대&cr; ○ 구호관리&cr;  - 대상별 맞춤형 교육 확대&cr;  - 민관협력체계 기반 강화&cr;  - 재해구호 현안의 유연한 대응&cr; ○ 경영지원&cr;  - 총회·이사회 의사결정 지원 고도화&cr;  - ESG 경영 및 회계 투명성 제고 및 경비 절감&cr;  - 공정한 인사관리 및 직무역량 강화&cr; ○ 배분 &cr;  - 배분 전산시스템 선진화&cr;  - 배분 데이터 아카이빙 구축&cr; ○ 커뮤니케이션 &cr;  - 희망브리지 브랜드 파워 확대 및 대중화&cr;  - 대내외 사업확장을 통한 홍보 및 모금 활성화&cr; ○ 기획연구&cr;  - 조직 중장기 비전 수립을 위한 허브 역할 수행&cr;  - 지식 및 아이디어 제공으로 실무 지원&cr; ○ 정보관리&cr;  - 후원자 정보 등 개인정보 보안체계 고도화&cr;  - 협회 사료 아카이빙 및 데이터 활용 체계화&cr;  - 노후 장비 개선 및 효용성 제고&cr; ○ 감사&cr;  - 내부통제와 리스크관리 체계 확립&cr;  - 부패 방지 및 윤리경영 강화를 위한 제도적 장치 마련&cr;  - 감사 역량의 전문화를 통한 감사기법·분석 능력 고도화,임채청,20250813-20280812,현 동아일보 대표이사 사장&cr;전 한국신문협회 회장&cr;전 한국신문방송편집인협회 운영위원장,서울특별시,서울특별시 마포구 신수로 52,https://hopebridge.or.kr,105-82-00427,-
129,전남대학교병원,기타공공기관,교육부,국립대학병원 설치법 제5조,19930327,고등교육법에 의한 의학  치의학 및 간호학 등에 관한 교육·연구와 진료를 통하여 의학 발전을 도모하고 국민 보건 향상에 이바지함을 목적으로 한다.,&cr;1. 전남대학교 의학  치의학  간호학  약학 등(이하 “의학계”라 한다) 학생의 임상교육&cr;2. 전공의의 수련 및 의료요원의 훈련&cr;3. 의학계 관련연구&cr;4. 임상연구&cr;5. 진료사업&cr;6. 보건의료 연구개발업&cr;7. 공공보건의료사업&cr;7-2. 의료 해외진출 및 외국인환자 유치&cr;8. 기타 국민보건 향상에 필요한 사업&cr;,&cr;1910. 09. 26.  전남 광주자혜의원으로 개원&cr;1925. 05. 16.  전남 도립 광주의원으로 개칭&cr;1945. 12. 17.  광주의학전문학교 부속병원으로 개편&cr;1952. 04. 01.  전남대학교 의과대학부속병원으로 개편&cr;1993. 03. 27.  법인 전남대학교병원 설립 &cr;2001. 02. 22.  광주권역응급의료센터 개소&cr;2004. 04. 26.  화순전남대학교병원 개원&cr;2005. 05. 13.  지역임상시험센터 개소&cr;2007. 12. 03.  전남지역암센터 개소&cr;2008. 11. 17.  전남대학교치과병원 개원&cr;2009. 03. 31.  권역심뇌혈관질환센터 개소&cr;2010. 07. 13.  권역어린이병원 지정&cr;2010. 09. 26.  전남대학교병원 개원 100주년&cr;2013. 07. 23.  권역외상센터 지정&cr;2014. 03. 05.  권역류마티스및퇴행성관절염센터 개소&cr;2015. 09. 22.  권역외상센터 개소&cr;&cr;&cr;2017. 09. 26.  권역어린이병원 개원&cr;2017. 11. 24.  고위험산모·신생아 통합 치료센터 개소&cr;2018. 12. 21.  중환자진료센터 설치&cr;2019. 04. 22.  협력병원 600곳 달성&cr;2020. 03. 09.  국민안심병원 지정 및 운영&cr;2020. 07. &cr;&cr;16.  연구중심병원 육성 R&D 사업 선정&cr;2021. 01. 28.  새병원건립추진위원회 발족&cr;2021. 09. 30.  협력병원 800곳 달성&cr;2021. 12. 22.  지방국립대병원 최초 해외환자 원격협의진료 시행&cr;2022. 01. 01.  차세대병원정보시스템 가동&cr;2022. 02. 11.  의생명연구지원센터 개소&cr;2022. 03. 07.  환자용 전남대학교병원(본원) 모바일 앱 오픈&cr;2022. 07. 01.  원장 직속으로 안전총괄실 설치&cr;2022. 11. 28.  병원 발전후원금 누적 합계 100억 달성&cr;2022. 12. 19.  안전보건공단 "안전보건경영시스템(KOSHA-MS)" 인증 획득&cr;2022. 12. 17.  새병원 신축 예비타당성 조사 대상사업 선정&cr;2023. 01. 26.  새병원 건립사업 예비타당성조사 대응단 발족&cr;2023. 02. 06.  보건복지부 4주기 급성기병원 인증 획득&cr;2023. 02. 22.  임상교육훈련센터 건립추진단 발족&cr;2023. 03. 01.  국립대병원 최초 디지털 도서실 구축&cr;2023. 03. 15.  뉴스위크지  '한국 최고의 병원' 선정&cr;2023. 06.       교육부 주관 국립대병원 경영평가 3년 연속 1위&cr;2023. 06. 21.  뉴스위크  아시아태평양지역 최고 암 전문병원 선정&cr;2023. 07. 03.  호남충청권 최초 디지털병리시스템 구축&cr;2023. 07. 07.  발전후원회 후원의 밤 개최&cr;2023. 08. 09.  8동 리모델링 준공&cr;2023. 09.       코로나19 백서 발간&cr;2023. 09. 20.  차세대 통합데이터 플랫폼 'rSMART' 구축&cr;2024. 06. 28.  Re:Branding Vision 2030 비전 선포식 &cr;2024. 11. 14.  장기이식 1 000례 달성&cr;2025. 04. 30.  '미래형 뉴 스마트병원 신축사업' 국립대병원 최초 예비타당성 조사 통과&cr;&cr;,<미래 의료의 가치를 창출하는 국민행복의 든든한 동반자>&cr;1. 최상의 고객중심 전문의료서비스 제공&cr;2. 미래의료를 이끄는 전인전문인력 양성&cr;3. 바이오 메디컬 산업혁신 가치창출&cr;4. 존중과 신뢰기반 지속가능경영 실천,정 신,20240129-20270128,대한신경외과학회 회장(2023.11 ~ 2024.10.)&cr;대한노인신경외과학회 회장(2019.03 ~ 2020.03.)&cr;화순전남대학교병원 제8대 병원장(2017.12 ~ 2019.12.)&cr;대한뇌종양학회 회장(2017.06 ~ 2018.06.)&cr;대한두개저학회 회장(2015.01 ~ 2015.12.)&cr;전남대학교 의과대학 신경외과학교실 주임교수(2013.02 ~ 2015.02.)&cr;대한감마나이프방사선 수술학회 회장(2011.11 ~ 2012.10.)&cr;화순전남대학교병원 교육연구실장  기획실장  진료처장  JCI추진 본부장(2008.03 ~ &cr;2013.12.),광주광역시,광주광역시 동구 제봉로 42,http://www.cnuh.com,408-82-08124,-
130,전북대학교병원,기타공공기관,교육부,국립대학병원설치법,19940704,생명존중의 정신으로 진료  교육  연구  공공보건의료를 통하여 인류의 건강과 행복한 삶에 기여한다.,1. 전북대학교 의학계 학생의 임상교육&cr;2. 전공의의 수련과 의료 요원의 훈련&cr;3. 의학계 관련 연구&cr;4. 임상연구&cr;5. 진료사업&cr;6. 「공공보건의료에 관한 법률」 제2조제2호에 따른 공공보건의료사업&cr;7. 연구개발사업&cr;8. 의료 해외진출 및 외국인 환자유치&cr;9. 그 밖에 국민보건 향상에 필요한 사업,75.02.01. 전북대학교의과대학부속병원 발족(의료원인수) &cr;1987.06.08. 병원 신축이전(지하1층  지상9층) &cr;1988.03.01. 전북대학교병원으로 명칭 변경 &cr;1994.07.04. 전북대학교병원 법인 설립 등기 &cr;1995.07.04. 응급센터 신축 개관 &cr;1998.04.16. 치과병원 신축 이전 &cr;2004.09.13. 전북지역암센터 지정 &cr;2006.10.04. 노인보건의료센터 선정(보건복지부) &cr;2007.08.13. 어린이병원 유치(보건복지가족부 지정) &cr;2008.04.02. 전북지역암센터 개원 &cr;2008.10.31. 호흡기질환전문센터 유치(보건복지가족부 지정) &cr;2008.11.11. 전북권역 사이클로트론연구소 개소 &cr;2008.12.11. 한국인체자원거점은행 개소 &cr;2009.08.28. 의료기기임상시험센터 개소 &cr;2009.12.10. 개원 100주년 기념식 &cr;2010.10.08. New Vision 비전선포식 [대한민국 의료의 또 하나의 중심] &cr;2011.02.11. 노인보건의료센터 개원(보건복지가족부 지정) &cr;2011.03.09. 보건복지부 인증 의료기관 선정 &cr;2013.04.30. 전북장애인구강진료센터 개원 &cr;2013.06.11. 전북대학교 어린이병원 개원 &cr;2013.10.17. 호흡기전문질환센터 개원&cr;2015.03.02. 전북대병원 고객만족도 전국 최고 수준(기획재정부)&cr;2015.05.13. 전북대병원 임상연구지원센터 개소식&cr;2016.11.25. 2016년 가족친화인증기관 선정&cr;2017.04.06. 고객만족도 4년 연속 우수기관 선정(기획재정부)&cr;2017.04.13. 고위험 산모 ·신생아 통합치료센터 개소&cr;2017.08.25. 암생존자통합지지센터 개소&cr;2018.01.16. 국가기반 재난관리 행안부장관 표창 수상&cr;2018.04.07. 고객만족도 5년 연속 우수기관(기획재정부)&cr;2019.02.07. 3주기 의료기관 인증획득(보건복지부) &cr;2019.12.04 전북대병원 충청·호남 최초 로봇수술 1000례 달성 &cr;2019.12.16. 권역응급의료센터지정 [보건복지부]&cr;2020.03.12. '국가재난대응 치료병동' 운영&cr;2020.12.17. 의료질 평가 1등급(보건복지부)&cr;2020.12.30. 감마나이프 수술 1 500례 돌파&cr;2021.02.09. 신장이식 수술 600례 돌파&cr;2021.05.17. 유방암 적정성 평가 7회 연속 1등급(건강보험심사평가원)&cr;2021.05.17. 위암 적정성 평가 5회 연속 1등급(건강보험심사평가원)&cr;2021.05.27. 정신건강 입원영역 제1차 적정성 평가 1등급(건강보험심사평가원)&cr;2021.07.15. 폐렴 4차 적정성 평가 1등급(건강보험심사평가원)&cr;2021.07.30. 법인 제10대 유희철 병원장 취임&cr;2022.04.05. 감염관리센터 준공&cr;2022.05.31. 신생아중환자 적정성평가 1등급&cr;2022.05.31. 마취적정성평가 1등급&cr;2022.06.21. 다학제통합진료 100례 달성&cr;2022.08.04. 급성기뇌졸중 적정성평가 9회 연속 1등급(건강보험심사평가원)&cr;2022.09.08. 수술의예방적항생제 적정성평가 1등급(건강보험심사평가원)&cr;2022.11.29. 관상동맥우회술 적정성평가 1등급(건강보험심사평가원)&cr;2022.11.29. 혈액투석 적정성평가 1등급(건강보험심사평가원)&cr;2023.01.05. 치매적정성평가 1등급&cr;2023.02.10. 4주기 의료기관 인증 획득(보건복지부)&cr;2023.05.25. JBUH 2030 비전선포식&cr;2023.06.13. 만성폐쇄성폐질환 적정성평가 1등급(건강보험심사평가원)&cr;2023.06.14. 정신건강 입원영역 적정성평가 1등급(건강보험심사평가원)&cr;2023.07.03. ESG경영 선포식 개최&cr;2023.07.17. 폐렴적정성평가 1등급(건강보험심사평가원)&cr;2023.12.22. 대동맥판막 삽입술(TAVI) 200례 달성&cr;2024.01.01. 제5기 상급종합병원 지정(보건복지부)&cr;2024.09.23. 법인 제11대 양종철 병원장 취임&cr;2025.02.19. 군산전북대학교병원 기공식&cr;2025.03.24. 권역응급의료센터 비상진료 평가'최우수'(보건복지부),O 경영목표&cr;- 환자중심 첨단의료&cr;- 지덕겸비 인재양성&cr;- 미래의학 연구선도&cr;- 상생실천 공공의료&cr;- 지속가능 혁신경영&cr;O 전략&cr;- 지역 완결형 의료체계 수립&cr;- IT  로봇을 활용한 첨단 수술장 구축&cr;- 신속대응을 위한 운영프로세스 수립&cr;- 전인적 건강관리 시스템 구축&cr;- 산·학·연·병 연계 권역 의료연구 선도&cr;- 선순환 성장을 위한 인사 혁신&cr;- 의료전문가 양성 교육인프라 구축&cr;- 경영선진화를 통한 재무성과 개선,양종철,20240923-20270922,전북대학교병원 기획조정실장&cr;전북대학교병원 비전수립위원장&cr;전북대학교병원 대외협력실장,전라북도,전라북도 전주시 덕진구 건지로 20,https://www.jbuh.co.kr,418-82-03771,-
131,전쟁기념사업회,기타공공기관,국방부,전쟁기념사업회 제3조,19890131,전쟁에 관한 자료를 수집ㆍ보존하고  전쟁의 교훈을 통하여 전쟁예방과 조국의 평화적 통일을 이룩하는 데에 이바지함을 목적으로 한다.,◎ 전쟁기념관 관리 운영&cr;◎ 전쟁자료 수집ㆍ보존ㆍ전시 및 조사ㆍ연구&cr;◎ 전쟁관련 학술 연구 및 문화예술 활동&cr;◎ 참전용사 명예고양 활동,◎ 1964 ~ 1987  건립추진&cr;◎ 1988. 06. 22. 대통령 지시&cr;◎ 1988. 09. 01. 추진위원회 구성&cr;◎ 1988. 12. 31. 전쟁기념사업회법 공포&cr;◎ 1989. 01. 31. 전쟁기념사업회 창립&cr;◎ 1994. 06. 10. 전쟁기념관 개관&cr;◎ 2014. 12. 03. 어린이박물관 개관&cr;◎ 2019. 08. 17. 누적관람객 3천만 명&cr;◎ 2020. 11. 26. 어린이박물관 헬기동산 개장&cr;◎ 2022. 11. 09. 6ㆍ25 전쟁 아카이브센터 개관,◎ 비전: 전쟁의 교훈을 알고  평화통일 여건 조성의 시대정신을 미래세대에 전달하는 스마트한 사업회&cr;◎ 슬로건: 언제나  어디서나  누구나  전쟁기념관&cr;◎ 핵심가치: 전문성  고객 중심  실용과 혁신  열정과 협력&cr;◎ 추진 전략&cr;① 안보의식 함양과 미래세대 교육 강화&cr;② 첨단 전시 ·운영 기술을 활용하는 스마트한 사업회&cr;③ 세계인이 찾는 대표문화공간&cr;④ 글로벌 공공외교의 장, 공석,-,-,서울특별시,서울특별시 용산구 이태원로 29,www.warmemo.or.kr,106-82-30943,-
132,정보통신산업진흥원,기타공공기관,과학기술정보통신부,정보통신산업진흥법 제26조(정보통신산업진흥원 설립 등),20090824,정보통신산업의 효율적 지원과 진흥기반 조성을 통해 정보통신산업의 경쟁력 강화 및 국민경제 발전에 이바지,o 정보통신산업 정책연구 및 정책수립 지원&cr;o 정보통신산업 육성·발전 및 전문인력 양성 등 기반조성&cr;o 정보통신기업의 창업·성장 등의 지원&cr;o 정보통신산업 발전을 위한 유통시장 활성화와 마케팅 지원&cr;o 정보통신기술의 융합·활용 확산&cr;o 정보통신산업 국제교류·협력 및 해외진출 지원,o 2009.08. 정보통신산업진흥원(NIPA) 설립&cr;o 2009.11. 부설 소프트웨어공학센터 개소&cr;o 2010.01. 준정부기관(위탁집행형) 지정&cr;o 2014.03. 부설 소프트웨어정책연구소 개소&cr;o 2014.06. 부설 정보통신기술진흥센터 개소&cr;o 2015.06. 충북혁신도시(진천) 지방이전&cr;o 2016.11. 부설 소프트웨어공학센터 본원(NIPA) 편입 및 폐소&cr;o 2019.01. 부설 정보통신기획평가원(구 정보통신기술진흥센터) 한국연구재단으로 이관&cr;o 2023.01. 기타공공기관 지정,o 미션: AI와 ICT산업 육성으로 국가·경제 혁신성장 선도&cr;o 비전 : AICT(AI+ICT) 융합을 선도하는 디지털 혁신 전문기관&cr;o 경영목표(~'30) : 지원기업 사업화 성과 60% 달성  지원기업 매출성과 연간 6 000억원 달성  지원기업 수출성과 연간 700억원 달성  대외 경영평가 최고등급 달성&cr;o 전략목표 및 과제&cr;1. 국가 AI컴퓨팅 인프라 경쟁력 강화&cr;- 첨단 AI컴퓨팅 인프라 확충  국가 AI반도체 산업역량 확보&cr;2. 산업·지역·사회의 AI대전환&cr;- AI 융합서비스 촉진 및 산업 특화시장 창출  AX 기반 지역디지털 혁신 확산&cr;3. AICT 글로벌 시장 진출 확대&cr;- 글로벌 新시장 개척으로 AICT 수출 확대  디지털 역량강화로 신산업 생태계 혁신 촉진&cr;4. 미래를 선도하는 AICT 전문기관 실현&cr;- 산·학·연·관이 함께하는 지속성장  국민이 공감하는 ESG 경영실천,박윤규,20250329-20280328,o 과학기술정보통신부 제2차관&cr;o 과학기술정보통신부 정보통신정책실 실장&cr;o 4차산업혁명위원회 지원단장,충청북도,충청북도 진천군 덕산읍 정통로 10, www.nipa.kr,220-82-03228,-
133,정보통신정책연구원,기타공공기관,국무조정실,정부출연연구기관 등의 설립·운영 및 육성에 관한 법률,19850204,국내·외의 정보화 및 정보통신·방송분야의 정책·제도·산업 등에 관한 각종 정보를 수집·조사·연구하고 이를 보급·활용하게 함으로써 지식·정보사회의 구현을 위한 국가의 정보통신정책의 수립과 국민경제의 향상에 이바지함을 목적으로 함,- 디지털 경제·사회 발전을 위한 지능정보화 정책연구&cr;- 정보통신 관련 산업의 발전을 위한 정책연구&cr;- 통신  인터넷  방송 및 전파관련 정책연구&cr;- 정보통신 시장에서의 공정경쟁과 규제에 관한 연구&cr;- 정보통신·방송 통계의 기획  조사  평가  분석에 관한 연구&cr;- 정보통신·방송 및 지능정보사회 기반 조성을 위한 국제협력 관련 연구&cr;- 정보통신 관련 산업 및 우정사업의 경영효율화 등에 관한 연구&cr;- 주요 연구 또는 사업에 관련된 조사  교육·연수  심사·평가  연구성과 확산  공동연구  수탁  통계정보 관리·제공 등,1985.02. 통신정책연구소 설립&cr;1987.11. "통신개발연구원법" 공포(법률 제3 952호) : '88.2월 연구원 설립&cr;1997.08. "정보통신정책연구원법" 공포(법률 제5 407호)&cr;1999.01. "정부출연연구기관등의설립·운영및육성에관한법률" 공포(법률 제5 733호)&cr;국무조정실 산하 경제·인문사회연구회로 소속 변경,(비전) 글로벌 AI 혁신을 선도하는 정책연구기관&cr;(경영목표 및 추진전략)&cr;1. AI 시대를 주도하는 포용적 디지털 생태계 창출&cr;  - AI 시대 대응을 위한 디지털 생태계 혁신 촉진&cr;  - AI 기반 포용적 디지털 사회 혁신&cr;2. 초연결 사회를 견인하는 AI·디지털 인프라 고도화 정책·제도 지원&cr;  - AI·디지털 서비스 및 인프라 혁신 기반 마련&cr;  - 디지털 혁신 구현을 위한 데이터 기반 ICT 정책 지원체계 구축&cr;3. K-미디어 도약과 AI·디지털 국제협력을 선도하는 국가전략 수립&cr;  - AI·디지털 초경쟁 시대  미디어 산업의 전략적 도약 기반 조성&cr;  - AI·디지털 시대 글로벌 의제 선도 및 전략적 국제개발협력 강화&cr;4. 성과기반 경영혁신과 지속가능한 조직 역량 강화&cr;  - 미래지향적·전략적 연구기획 및 성과기반 관리 체계 구축&cr;  - 유연하고 투명한 조직문화 구축을 위한 지속가능경영 체계 추진,이상규,20250331-20280330,정보통신정책연구원 연구위원&cr;방송통신융합추진위원회 전문위원&cr;공정거래위원회 경제정책 자문위원&cr;한국자산관리공사 비상임 이사,충청북도,충청북도 진천군 덕산읍 정통로 18,http://www.kisdi.re.kr,138-82-01372,-
134,정부법무공단,기타공공기관,법무부,정부법무공단법,20080215,국가 등의 소송 그 밖의 법률사무를 지원하는 사업을 수행함으로써 국가의 정당한 이익을 보호하고 행정의 합법성을 확보하여 국민을 위한 법치행정의 구현에 이바지,- 국가 등으로부터 위임받은 국가  행정  민사소송  헌법재판 사건 수행&cr;- 국가 등에 대한 법률자문  입법지원 및 계약체결지원&cr;- 국가 등으로부터 의뢰받은 연구용역 수행,- 2006. 12. 20. 정부법무공단법 제정 공포&cr;- 2007. 12. 31. 정부법무공단 설립 등기&cr;- 2008. 02. 15. 정부법무공단 개소&cr;- 2020. 02. 03. 청사 이전(삼성동),목표(비전) : 공익을 수호하는 대한민국 최고의 국가로펌&cr;전략(비전) : &cr;- 행정을 가장 잘 이해하는 로펌&cr;- 최고의 경쟁력과 전문성 확보&cr;- 고객을 위한 최상의 결과 창출,조희진,20230626-20260625,제29회 사법시험 합격(사법연수원 19기)&cr;제주  의정부지방검찰청 검사장&cr;서울동부지방검찰청 검사장,서울특별시,서울특별시 강남구 테헤란로108길 12  하나빌딩,http://www.kgls.or.kr,114-82-09043,-
135,제주국제자유도시개발센터,공기업(준시장형),국토교통부,「제주특별자치도 설치 및 국제자유도시 조성을 위한 특별법」 제166조,20020515,「제주특별자치도 설치 및 국제자유도시 조성을 위한 특별법」에 따라 제주특별자치도를 국제자유도시로 개발함으로써 국가 및 제주특별자치도의 발전에 이바지함,※ 「제주특별자치도 설치 및 국제자유도시 조성을 위한 특별법」 제170조&cr;1. 제171조제1항에 따른 개발센터시행계획의 수립·집행&cr;2. 국제자유도시 개발을 위한 다음 각 목의 사업&cr; 가. 토지의 취득·개발·비축·관리·공급 및 임대&cr; 나. 개발센터에서 개발·관리하는 관광단지·산업단지·영어교육도시의 의료산업·건강산업 육성·지원 및 주택사업&cr; 다. 투자진흥지구의 조성 및 관광단지·산업단지·영어교육도시의 조성·관리&cr; 라. 외국교육기관·국제학교  그 밖에 교육관련 기관의 유치·설립·운영 및 지원&cr; 마. 외국의료기관의 유치와 설립·운영 지원&cr; 바. 국가 또는 제주자치도로부터 위탁받은 가목부터 마목까지의 업무&cr; 사. 그 밖에 도민소득 향상과 국제화를 위한 지원사업 등&cr; 아. 가목부터 사목까지의 사업에 딸린 사업&cr; 자. 다른 법률에 따라 개발센터가 시행할 수 있는 사업&cr;3. 국제자유도시와 관련된 다음 각 목의 투자유치업무&cr; 가. 국내외 투자유치와 이를 위한 마케팅 및 홍보&cr; 나. 국내외 투자자에 대한 상담·안내·홍보·조사와 민원사무의 처리대행 등의&cr;종합적 지원업무&cr; 다. 그 밖에 내·외국인 투자지원을 위하여 필요한 사항&cr;4. 국제자유도시 개발에 필요한 자금조성을 위한 다음 각 목의 수익사업&cr; 가. 대통령령으로 정하는 면세품판매장(이하 "지정면세점"이라 한다) 운영&cr; 나. 옥외광고사업&cr; 다. 그 밖에 국토교통부장관이 승인한 사업,2002.05. 제주국제자유도시개발센터 설립&cr;2002.12. 지정면세점 개점&cr;2004.03. 제1차 제주국제자유도시개발센터 시행계획 승인&cr;2005.04. 본사 제주 이전&cr;2006.07. 「제주특별자치도 설치 및 국제자유도시 조성을 위한 특별법」 시행&cr;2009.09. 서귀포관광미항 1단계 사업 준공&cr;2010.06. 첨단과학기술단지 준공&cr;2011.09. 영어교육도시 내 국제학교 NLCS Jeju 및 KIS Jeju 개교&cr;2012.09. 제2차 제주국제자유도시개발센터 시행계획 승인&cr;2012.10. 헬스케어타운 투자유치(중국 녹지그룹)  영어교육도시 내 국제학교 BHA 개교&cr;2013.09. 신화역사공원 투자유치(홍콩 란딩그룹)&cr;2014.04. 제주항공우주박물관 개관&cr;2015.07. 제주곶자왈도립공원 준공&cr;2017.04. 신화역사공원 복합리조트 1단계 개장&cr;2017.10. 영어교육도시 내 국제학교 SJA Jeju 개교&cr;2018.01. 제2차 제주국제자유도시개발센터 시행계획 수정계획 승인&cr;2020.07. 첨단과학기술단지 내 공공임대주택 준공&cr;2022.12. 제3차 제주국제자유도시개발센터 시행계획 승인&cr;2023.03. 헬스케어타운 내 KMI한국의학연구소 제주검진센터 개원&cr;2024.05. 첨단과학기술단지 제2단지 부지조성공사 착공&cr;2025.01. 영어교육도시 내 신규 국제학교 FSAA 실시계획인가 완료,○ 미션 : 자연을 닮은  미래를 담은  세계로 닿는 국제자유도시 조성&cr;○ 비전 : 지속가능한 제주의 내일을 만드는 Global Partner JDC&cr;○ 전략목표 및 과제&cr;Ⅰ. 국제자유도시 신성장 산업 육성&cr; Ⅰ-1. AI 융복합 제주 첨단 산업 육성&cr; Ⅰ-2. 제주형 바이오·헬스케어 산업 조성&cr; Ⅰ-3. 신규 성장산업 발굴&cr;Ⅱ. 지역특화 글로벌 인프라 조성&cr; Ⅱ-1. 글로벌 교육 인프라 완성&cr; Ⅱ-2. 지역특화 관광 인프라 조성&cr; Ⅱ-3. 국제자유도시 성장 인프라 확충&cr;Ⅲ. 국민 중심 안전·신뢰경영 구현&cr; Ⅲ-1. 고객 맞춤형 면세사업 혁신&cr; Ⅲ-2. 국민 참여 ESG 경영 확산&cr; Ⅲ-3. 전방위적 재난·안전 관리체계 강화&cr;Ⅳ. AI 시대 혁신 역량 강화&cr; Ⅳ-1. AI 시대전환 대응 조직역량 강화&cr; Ⅳ-2. 전면적 경영혁신 이행과 선진 노사문화 정착&cr; Ⅳ-3. 성과중심 경영 시스템 개선,송석언,20260316-20290315,제주대학교 총장&cr;제주대학교 교수회장&cr;제주대학교 법학전문대학원장&cr;제주대학교 법학전문대학원 교수&cr;제주대학교 법학부 교수,제주특별자치도,제주특별자치도 제주시 첨단로 213-4(영평동),https://www.jdcenter.com,220-82-05115,-
136,제주대학교병원,기타공공기관,교육부,국립대학병원 설치법,20011101,병원은 고등교육법에 의한 의학  치의학 및 간호학 등에 관한 교육ㆍ연구와 진료를 통하여 의학발전을  국민보건 향상 및 제주지역의 보건ㆍ의료 사업에 이바지함을 목적으로 한다.,ㅇ 제주대학교 의학  간호학 등 학생의 임상교육&cr;ㅇ 전공의 수련 및 의료요원 훈련&cr;ㅇ 의학계 관련연구&cr;ㅇ 임상연구&cr;ㅇ 진료사업 및 그 부대사업&cr;ㅇ「공공보건의료에 관한 법률」제2조제2호에 따른 공공보건의료사업&cr;ㅇ 제주지역 주민의 진료와 전염병 예방 등 보건ㆍ의료에 필요한 사업&cr;ㅇ 기타 국민보건 향상에 필요한 사업,&cr;ㅇ 1995.10. 제주대학교 의예과 신설&cr;ㅇ 1998.03. 제주대학교 의과대학 신설&cr;ㅇ 2001.10. 초대 병원장 홍강의 의학박사 취임&cr;ㅇ 2001.11. 제주대학교병원 개원&cr;ㅇ 2001.11. 전공의 수련병원 지정&cr;ㅇ 2002.09. 군전공의요원 수련기관 지정&cr;ㅇ 2004.09. 제2대 병원장 김상림 의학박사 취임&cr;ㅇ 2004.11. 신축병원 착공&cr;ㅇ 2006.03. 지역암센터 지정&cr;ㅇ 2007.09. 제3대 병원장 김상림 의학박사 취임&cr;ㅇ 2008.11. 권역심뇌혈관센터 유치&cr;ㅇ 2009.03. 신축병원 진료 시작&cr;ㅇ 2010.07. 류마티스 및 퇴행성관절염 전문질환센터 유치&cr;ㅇ 2010.09. 제4대 병원장 강성하 의학박사 취임&cr;ㅇ 2011.03. 보건복지부 지정 신생아 집중치료 지역센터 개소&cr;ㅇ 2011.05. 국가지정 격리병상 개소  전체 544병상 운영&cr;ㅇ 2012.04. 도내 최초 당일수술센터 개소&cr;ㅇ 2013.07. 호스피스병동 정식 개소(10병상)&cr;ㅇ 2013.09. 제5대 병원장 강성하 의학박사 취임&cr;ㅇ 2013.09. 권역 류마티스 및 퇴행성관절염 전문질환센터 개소&cr;ㅇ 2014.01. 제주특별자치도 광역정신건강증진센터 개소&cr;ㅇ 2014.02. 지역의약품안전센터 개소&cr;ㅇ 2014.10. 제주지역 최초 소아암병동 개소&cr;ㅇ 2015.01. 제주특별자치도 광역정신건강증진센터 개소&cr;ㅇ 2016.04. 제주특별자치도 광역치매센터 개소&cr;ㅇ 2016.09. 제6대 병원장 주승재 의학박사 취임&cr;ㅇ 2017.02. 제주대학교병원 특수건강검진센터 개소&cr;ㅇ 2017.07. 간호 간병통합서비스병동 개소&cr;ㅇ 2017.08. 제주특별자치도 공공보건의료지원단 개소&cr;ㅇ 2017.09. 제주 암생존자통합지지센터 개소&cr;ㅇ 2017.10. 32병동 개방병동 개소&cr;ㅇ 2018.02. 제주권역장애인구강진료센터 개소&cr;ㅇ 2019.08. 종합검진센터 개소&cr;ㅇ 2019.11. 제7대 병원장 송병철 의학박사 취임&cr;ㅇ 2019.11. 국내 최초 스마트랩 자동화 검사실 개소&cr;ㅇ 2020.11. 장애인보건의료센터 개소&cr;ㅇ 2021.02. 희귀질환 제주권역거점센터 선정&cr;ㅇ 2022.01. 임상교육훈련센터 개소&cr;ㅇ 2022.10. 제주 권역정신응급의료센터 개소&cr;ㅇ 2023.05. 제8대 병원장 최국명 의학박사 취임&cr;ㅇ 2023.08. 발달장애인 거점병원·행동발달증진센터 지정&cr;ㅇ 2023.10. 어린이 공공전문진료센터 지정&cr;ㅇ 2024.03. 발달장애인 거점병원·행동발달증진센터 개소&cr;ㅇ 2024.07. 정신응급합동센터 개소&cr;,ㅇ 슬로건: 최상의 의료로  건강한 제주를&cr;&cr;ㅇ 미 션: 제주대학교병원은 세계적 수준의 의료서비스를 제공하여 제주특별자치도  대한민국  나아가 전 세계가 건강한 삶을 누릴 수 있도록 한다.&cr;&cr;ㅇ 비 전: 최상의 서비스로 지역완결적 제주의료를 실현하는 병원&cr;- (진료) 최적의 진료를 적기에 제공하는 환자안전병원&cr;- (교육) 미래 인재를 양성하는 교육혁신병원&cr;- (연구) 창의적 의생명 연구를 선도하는 가치창출병원&cr;- (공공의료) 상생과 협력을 주도하는 권역책임병원&cr;&cr;ㅇ 핵심가치&cr;- 공감&cr;- 신뢰&cr;- 혁신&cr;- 전문성,최국명,20230510-20260509,현]제주대학교병원장&cr;전]제주대학교병원 진료처장&cr;전]제주대학교 교무부처장,제주특별자치도,제주특별자치도 제주시 아란13길 15(아라일동),www.jejunuh.co.kr,616-82-14775,-
137,주식회사 에스알,공기업(준시장형),국토교통부,&cr;철도산업발전방안(2013.06.26.)&cr;수서 發 KTX노선 : 철도공사 출자회사로 운영&cr;&cr;&cr;철도사업법 제5조(면허 등)&cr;철도사업을 경영하려는 자는 제4조1항에 따라 지정·고시된 사업용철도노선을 정하여 국토교통부장관의 면허를 받아야 한다.&cr;,20131227,신규 고속철도 운영사 설립으로 이용자의 고속철도 서비스 선택권 확대와 합리적 경쟁을 통한 철도산업 발전에 기여,철도여객운송사업&cr;철도여객운송사업에 관련되는 부대사업,2013.12.27. 수서고속철도(주) 사업면허취득(법인 설립)&cr;2014.06.11. 주식회사 에스알로 사명 변경 및 비전 선포&cr;2016.12.09. 영업 개시&cr;2018.02.06. 기타공공기관 지정&cr;2019.02.11. 준시장형 공기업 지정&cr;2023.07.21. 자본금 확충 및 지분구조 변경(최대주주 대한민국 정부)&cr;2023.09.01. 경전·동해·전라선 운행 개시(2023.08.01. 면허 획득),- 미션 : 안전하고 편리하며 가치있는 철도서비스 구현&cr;- 비전 : 혁신선도  국민의 철도 플랫폼&cr;- 핵심가치 : 절대안전  국민감동  혁신성장  가치창출&cr;- 경영방침 : 안전한 SR  감동을 드리는 SR  성장하는 SR  신뢰받는 SR&cr;&cr;- 전략목표 및 과제&cr;Ⅰ. 국민안심 무결점 철도안전 실현&cr;  1. 예방중심 안전관리체계 고도화&cr;  2. 위험도 기반 SRT 안전관리 과학화&cr;  3. 직원과 시민이 안전한 일터와 영업장 구현&cr;&cr;Ⅱ. 국민중심 철도서비스 혁신&cr;  1. 수요자 중심 운송서비스 최적화&cr;  2. 고객경험(CX) 기반 이용편의성 제고&cr;  3. 국민 체감형 공공서비스 강화&cr;&cr;Ⅲ. 국민기대 혁신형 플랫폼 완성&cr;  1. SR 플랫폼 &cr;AX·DX 혁신기반 마련&cr;  2. SR 지속성장 동력확보&cr;  3. 조직역량제고 및 데이터기반 경영혁신&cr;&cr;Ⅳ. 국민신뢰 ESG 성과 창출&cr;  1. 기후위기 대응과 친환경경영 활성화 &cr;  2. 민간협력 기반 사회적책임경영 실현&cr;  3. SR거버넌스 및 윤리·인권경영 강화&cr;,정왕국,20260211-20290210,우송대 철도경영학과 조교수&cr;한국철도공사 부사장&cr;한국철도공사 기획조정실 실장&cr;한국철도공사 전남본부 본부장,서울특별시,서울특별시 강남구 광평로56길 12,www.srail.or.kr,305-86-31590,-
138,주택관리공단(주),기타공공기관,국토교통부,한국토지주택공사법 제8조 2항,19980928,정부의 공기업 경영혁신계획에 따라 공공임대주택 임대운영 및 주택관리 업무 수행을 위해 설립,○ 공동주택의 관리  유지 보수 및 운영&cr;○ 공공임대주택 임대업무 수탁&cr;○ 공공임대주택 주거취약계층 주거생활 지원 서비스&cr;○ 공동주택 관리와 관련된 기술개발  교육  진단  자문 등, ○ 1998.09. (주)뉴하우징 법인 설립&cr;○ 2003.11. 주택관리공단으로 사명 변경&cr;○ 2007.04. 기타공공기관 지정&cr;○ 2008.06. 경기도시공사 공공임대 업무 수탁&cr;○ 2010.10. 공익근무요원 수요기관 지정(병역법 시행규칙 제35조)&cr;○ 2014.04. 국토교통부의 공동주택관리 지원서비스 업무 수탁&cr;○ 2014.12. 광주광역시도시공사 임대운영 및 주택관리 업무 수탁&cr;○ 2015.01. 평택미군기지 독신자 숙소 관리업무 수탁&cr;○ 2016.01. 에너지바우처(산업자원부 협력기관)사업 참여&cr;○ 2016.07. 진주혁신도시 이전&cr;○ 2018.01. 국방부 군 주거시설 관리업무 수탁&cr;○ 2019.08. 평택미군기지 난방시설  가족숙소 관리업무 수탁&cr;○ 2020.06. 본사(진주) 신청사 완공&cr;○ 2023.08. 국방부 군 주거시설 수탁기관 지정,&cr;Ⅰ 공공주택 서비스 40만호&cr;<주거관리 혁신으로 선도적 역할 수행>&cr;○ 임대관리업무 효율화를 통한 경쟁력 강화&cr;○ 주택관리시장 주력 사업 다각화&cr;○ 미래지향 조직역량 강화&cr;&cr;Ⅱ 고객만족도 우수 등급&cr;<촘촘하고 든든한 주거복지 가치 창출>&cr;○ 서민 주거권 보장과 정주환경 개선&cr;○ 생활 밀착형 주거생활 서비스 강화&cr;○ 생활인권 보호 주거 공동체 조성&cr;&cr;Ⅲ KOHOM 안전도 S 등급&cr;<친환경 주거관리 및 안전중심 경영강화>&cr;1. 탄소중립 및 친환경주거관리 구현&cr;2. 입주민과 근로자 안전 최우선 경영실현&cr;3. 협력업체 안전 및 보건관리 강화&cr;&cr;Ⅳ 종합 청렴도 1등급&cr;<청렴·공정기반 투명경영 강화>&cr;1. 소통 중심 조직문화 활성화&cr;2. 윤리·투명 경영 실천 및 확산&cr;3. 지역·민간 상생 협력 강화&cr;,방성민,20250430-20280429,한국토지주택공사 주거복지본부 상임이사&cr;한국토지주택공사 경영혁신본부 상임이사&cr;한국토지주택공사 경기지역본부 본부장,경상남도,경상남도 진주시 사들로 137,www.kohom.or.kr, 120-81-83186,-
139,주택도시보증공사,공기업(준시장형),국토교통부,주택도시기금법 제16조,20150701,주택도시보증공사는 주거복지 증진과 도시재생 활성화를 지원하기 위해 각종 보증업무 및 정책사업을 수행하고 주택도시기금을 효율적으로 운용·관리함으로써 국민의 삶의 질 향상에 이바지함을 목적으로 한다.,&cr;ㅇ 주택에 대한 분양보증  임대보증금보증  조합주택시공보증 등 보증업무&cr;ㅇ 전세보증금반환보증  모기지보증 등 정부정책 지원을 위한 보증업무&cr;ㅇ 보증을 이행하기 위한 업무와 구상권 행사를 위한 업무&cr;ㅇ 공유형모기지 수탁 등 국가 및 지방자치단체가 위탁하는 업무&cr;ㅇ 주택도시기금법에 따른 기금의 운용·관리에 관한 업무&cr;,&cr;ㅇ 1993.4. 주택사업공제조합 설립&cr;ㅇ 1999.6. 대한주택보증주식회사 전환·설립&cr;ㅇ 1999.9. 회사 전환 후 보증업무 개편(분양보증 등 6개 보증)&cr;ㅇ 2014.12. 본사 부산 문현혁신도시 이전&cr;&cr;&cr;ㅇ 2015.7. 주택도시보증공사 출범(주택도시기금법)&cr;ㅇ 2021.7. 보증 총액한도 확대(자기자본의 60배 이내)&cr;&cr;ㅇ 2023.6. 보증 총액한도 확대(자기자본의 70배 이내)&cr;&cr;ㅇ 2024.1. &cr;보증 총액한도 확대(자기자본의 90배 이내)&cr; &cr;  &cr;※ 2027.4.1.부터는 자기자본의 70배 이내&cr;&cr;&cr;,&cr;&cr;&cr;□&cr; &cr;미션&cr;&cr;&cr; &cr;ㅇ 주거복지 증진과 도시&cr;정비&cr; 활성화를 위한 금융지원으로 국민 삶의 질 향상에 기&cr;여&cr;&cr;□ &cr;비전&cr;&cr;&cr;&cr; &cr;ㅇ &cr;&cr;&cr;&cr;&cr;국민의 주거안정을 선도하는 주택도시금융 동반자  HUG&cr;&cr;&cr;&cr;□ &cr;&cr;핵&cr;심&cr;가치&cr;&cr; ㅇ &cr;&cr;고객중심  책임과 신뢰  소통과 협업  미래지향&cr;&cr;&cr;&cr;&cr;□ &cr;중장기 경영목표&cr;&cr; ㅇ 서민 주거안정 보증목표 달성률 : 100%&cr; ㅇ 주택공급 활성화 보증목표 달성률 : 100%&cr; ㅇ ESG경영지수: 100점&cr; ㅇ 보증배수 : 60배 이하&cr;&cr;&cr;&cr;□&cr; &cr;4대 전&cr;략방향 및 12대 전략과제&cr;&cr; &cr;① 서민 주거안전망 강화&cr;  - &cr;서민주거안정을 위한 보증제도 고도화&cr;  - &cr;국민체감 맞춤형 금융지원 강화&cr;  - 건전하고 투명한 임대차시장 조성&cr; ② 주택공급 활성화 기반 마련&cr;  - 주택공급 확대 금융지원 강화&cr;  - 노후 주택정비 및 지역활성화사업 지원&cr;  - 주택사업 리스크 관리체계 고도화&cr; ③  ESG 경영 선도&cr;  - 안전 및 재난 관리체계 고도화&cr;  - &cr;공정하고 투명한 경영체계 확립&cr;  - 친환경 경영 및 함께 성장하는 사회 구현&cr; ④  지&cr;속가능 혁신기반 구축&cr;  - AI 기반 업무혁신 및 대국민 서비스 고도화&cr;  - 지속가능경영을 위한 재무건전성 강화&cr;  - 조직문화 혁신 및 인적역량 강화&cr;&cr;,최인호,20260128-20290127,제20대·제21대 국회의원&cr;제21대 국회 국토교통위원회 간사&cr;대통령비서실 부대변인,부산광역시,부산광역시 남구 문현금융로 40(문현동),www.khug.or.kr,116-81-52684,-
140,중소기업기술정보진흥원,기타공공기관,중소벤처기업부,중소기업기술혁신촉진법 제20조,20020122,중소기업의 기술혁신 및 정보화경영을 효율적으로 촉진하여 중소기업 경쟁력 강화에 기여하는 전문기관으로 설립,&cr;1. 중소기업 기술혁신 기반조성 &cr;1의2. 중소기업 기술혁신을 위한 정책연구 및 중장기 기획 &cr;2. 중소기업 기술혁신사업의 수요 발굴 및 조사ㆍ분석 &cr;3. 중소기업 정보화 촉진 관련 정보기술의 보급 및 평가 &cr;4. 정보화경영 표준모델의 개발ㆍ보급ㆍ확산 및 표준모델과의 부합화 지원 &cr;5. 중소기업 정보화 기반조성 및 수준평가 &cr;6. 중소기업 기술혁신 및 정보화경영에 관한 교육 및 전문인력의 양성 &cr;7. 그 밖에 관계중앙행정기관의 장이 위탁하는 사업 &cr;,- 2001년 5월 24일 : 중소기업기술혁신촉진법 제정(법률 6482호)  중소기업정보화경영원 설립 근거(법 제20조)&cr;- 2001년 7월 31일 : 중소기업정보화경영원 설립추진위원회 발족&cr;- 2001년 11월 25일 : 중소기업기술혁신촉진법 발효&cr;- 2002년 1월 22일 : 특수법인 중소기업정보화경영원 개원&cr;- 2002년 6월 21일 : 중소기업기술진흥전문기관 지정(법 제7조)&cr;- 2006년 3월 1일 : 중소기업기술정보진흥원 개명(법 개정)&cr;- 2009년 1월 29일 : 위탁집행형 준정부기관 지정&cr;- 2013년 3월 11일 : 대전광역시로 본원 이전&cr;- 2014년 12월 23일 : 중소기업 R&D사업 일원화에 따른 평가관리 전담기관으로 지정&cr;- 2019년 5월 3일 : 부설기관 스마트제조혁신추진단 설립&cr;- 2021년 5월 3일 : 세종특별자치시로 본원 이전&cr;- 2023년 1월 30일 : 기타 공공기관 지정,[경영목표]&cr;1. R&D지원 후 150개(누적) 기업 상장&cr;2. R&D 신규일자리 10만개(누적) 창출&cr;3. 스마트공장 선도모델 130개(누적) 조성&cr;4. 고객중심 경영지수 '탁월' 등급 달성&cr;[전략]&cr;1. 글로벌 미래신기술 주도권 확보&cr;2. 지역성장 견인 R&D 협력생태계 조성&cr;3. AI 기반 제조혁신기술 경쟁력 강화&cr;4. 국민체감 행정 및 서비스 혁신,김영신,20230901-20260831,- 국민의힘 정책위원회 수석전문위원&cr;- 중소벤처기업부 서울지방청장&cr;- 교육부 창원대학교 사무국장&cr;- 중소벤처기업부 대변인&cr;- 중소벤처기업부 경기지방청장,세종특별자치시,세종특별자치시 집현중앙로 79,www.tipa.or.kr,107-82-08181,-
141,중소기업은행,기타공공기관,금융위원회,중소기업은행법,19610801,중소기업자에 대한 효율적인 신용제도를 확립함으로써 중소기업자의 자주적인 경제 활동을 원활하게 하고 그 경제적 지위의 향상을 도모(중소기업은행법 제1조),ㅇ 중소기업자에 대한 자금의 대출과 어음의 할인&cr;ㅇ 예적금의 수입 및 유가증권 등의 발행&cr;ㅇ 내외국환과 보호예수/국고대리점/지급승락&cr;ㅇ 정부  한국은행 및 기타 금융기관으로부터의 자금 차입&cr;ㅇ 설립목적 달성을 위한 업무로 금융위원회의 승인을 얻은 업무 등&cr;(중소기업은행법 제33조),ㅇ 1961.08.01. : 중소기업은행 설립&cr;ㅇ 1962.03. : 중소기업 상담업무 개시&cr;ㅇ 1967.03. : 중소기업 신용보증업무 개시&cr;ㅇ 1967.06. : 외국환업무 개시&cr;ㅇ 1982.09. : 중소기업금융채권 발행업무 개시&cr;ㅇ 1987.12. : 영문명칭 IBK(Industrial Bank of Korea)로 변경&cr;ㅇ 1987.12. : 본점 신축 이전(서울 중구 을지로2가 50)&cr;ㅇ 1994.11. : KOSDAQ 등록&cr;ㅇ 2003.12. : KOSPI 이전 상장&cr;ㅇ 2007.04. : 기타공공기관 지정&cr;ㅇ 2009.06. : 중국 현지법인 출범&cr;ㅇ 2012.01. : 기타공공기관 지정 해제&cr;ㅇ 2014.01. : 기타공공기관 재지정&cr;ㅇ 2015.06. : 통합플랫폼 'i-ONE뱅크(앱)' 서비스 실시&cr;ㅇ 2016.11. : 제2본점 IBK파이낸스타워 신축(서울 중구 을지로2가 206)&cr;ㅇ 2017.12. : 창업육성플랫폼 'IBK창공 마포' 개소&cr;ㅇ 2018.07. : The Banker誌 선정  설립 후 최초 글로벌 100대 은행 진입&cr;ㅇ 2018.10. : 'IBK창공 구로' 개소&cr;ㅇ 2019.05. : 'IBK창공 부산' 개소&cr;ㅇ 2019.08. : 중소기업 경영지원 디지털 플랫폼 '박스(BOX)' 출시&cr;ㅇ 2019.09. : IBK인도네시아은행 출범&cr;ㅇ 2020.02. : 코로나19 피해기업 특별금융지원 시행&cr;ㅇ 2021.01. : IBK미얀마은행 출범&cr;ㅇ 2021.06. : 이사회 內 ESG위원회 신설&cr;ㅇ 2021.09. : 사우디아라비아 SME Bank 설립 지원 업무협약 체결&cr;ㅇ 2021.11. : '금융주치의 프로그램' 시행&cr;ㅇ 2022.01. : 'IBK창공 대전' 개소&cr;ㅇ 2022.02. : OECD 지속가능 중기금융 플랫폼 공동의장기관 선임&cr;ㅇ 2022.07. : 금융권 최초 '기업여신 자동심사 시스템' 도입&cr;ㅇ 2023.05. : 폴란드 브로츠와프 사무소 개소&cr;ㅇ 2023.07. : 규범준수  부패방지경영시스템 국제표준(ISO) 인증 획득&cr;ㅇ 2023.12. : 자회사 IBK벤처투자 설립&cr;ㅇ 2024.01. : '2023 대한민국 최우수 중소기업금융 은행상' 2관왕 수상&cr;(글로벌파이낸스  아시아머니誌 주관)&cr;ㅇ 2024.03. : '대출통로BOX' 출시&cr;ㅇ 2024.03. : 글로벌파이낸스誌 주관 지속가능금융 賞 수상&cr;ㅇ 2024.03. : 아시안뱅커誌 주관 대한민국 최우수 중소기업 은행상 수상&cr;ㅇ 2024.04. : 日 미즈호은행과 원화 3천억원 규모 상호 커미티드라인 계약 체결&cr;ㅇ 2024.05. : 18년 연속 KSQI(한국산업 서비스 품질지수) 우수 콜센터 선정&cr;ㅇ 2024.06. : 핀란드 정책금융기관 핀베라(Finnvera)와 중기지원 업무협약 체결&cr;ㅇ 2024.06. : 총자산 500조원 돌파 (연결기준  신탁포함)&cr;ㅇ 2024.08. : 금융위원회 금융감독원 주관 2024년 지역재투자 최우수등급 획득&cr;ㅇ 2024.09. : 'IBK창공 광주' 개소&cr;ㅇ 2024.10. : 독일 잘란트주에 'IBK창공 유럽데스크' 개소&cr;ㅇ 2024.11. : IBK 하남데이터 센터 준공 완료&cr;ㅇ 2024.11. : 국내 은행 최초 폴란드 법인 설립인가 취득&cr;ㅇ 2024.12. : 디지털 카드관리 플랫폼 'IBK 카드앱' 출시&cr;ㅇ 2025.01. : 'CES 2025' 中  IBK홍보관 및 창공관 운영&cr;ㅇ 2025.02. : 2024 CDP(Carbon Disclosure Project) 최고등급 'Leadership A' 획득&cr;ㅇ 2025.03. : 독일 코메르츠방크와 중소기업 지원을 위한 업무협약 체결&cr;ㅇ 2025.04. : 방송통신위원회로부터 본인확인기관 신규 지정&cr;ㅇ 2025.04. : 2024년 공공기관 고객만족도 조사 최고등급 '우수' 달성&cr;ㅇ 2025.04. : 나라사랑카드 3기 금융사업자 선정&cr;ㅇ 2025.05. : 디지털뱅커 주관 '글로벌 최우수 중기대출 디지털 솔루션상' 수상&cr;ㅇ 2025.05. : 19년 연속 '한국의 우수콜센터' 선정&cr;ㅇ 2025.05. : 베트남 현지법인 인가접수증 수령&cr;ㅇ 2025.06. : 'IBK창공 실리콘밸리' Scale-up 프로그램 실시&cr;ㅇ 2025.06. : 경기도 부천시 2금고 선정&cr;ㅇ 2025.07. : IBK기업은행  국제금융협회(IIF) 가입&cr;ㅇ 2025.07. : 행정안전부 모바일 신분증 민간개방 참여기업 최종 선정&cr;ㅇ 2025.08. : 창립 64주년 기념 역사관 '이음스퀘어' 개관&cr;ㅇ 2025.09. : 'I-ONE BANK 개인' 앱 전면 개편&cr;ㅇ 2025.09. : 아이 성장 맞춤형 플랫폼 '아이 봄' 서비스 출시&cr;ㅇ 2025.09. : 유로머니 선정 최우수 디지털 은행상 및 최우수  ESG 은행상 수상&cr;ㅇ 2025.09. : IBK기업은행 행복나눔재단 대통령 표창 수상&cr;ㅇ 2025.09. : 금융위 주관 '2025년 상반기 기술금융 테크평가' 1위 달성&cr;ㅇ 2025.10. : 'IBK창공 대구센터' 개소&cr;ㅇ 2025.10. : '한국능률협회컨설팅 주관 '2025 한국의 경영대상' 수상&cr;ㅇ 2025.11. : 'IBK창공 실리콘밸리 센터' 개소&cr;ㅇ 2025.11. : 폴란드법인 영업인가 취득&cr;ㅇ 2025.12. : 중소기업 해외 진출 위해 룩셈부르크와 국제협력 네트워크 구축&cr;ㅇ 2026.01. : 제28대 장민영 은행장 취임&cr;ㅇ 2026.02. : 'IBK국민성장펀드 추진단' 운영,ㅇ 2026년 경영 슬로건 '함께하는 성장  신뢰받는 IBK'&cr;ㅇ 3대 전략방향 및 12대 추진과제&cr; - (튼튼한 성장) 中企 동반성장  모험자본 선도  균형성장 도모  건전성 관리 강화&cr; - (과감한 혁신) 디지털 역량 강화  글로벌 대약진  新성장동력 확보  &cr;ESG 선도적 지위 확립&cr; - (확고한 신뢰) 무결점 고객보호 체계 정립  빈틈없는 내부통제 구현  &cr;IBK型 포용금융 확대  조직 자긍심 강화,장민영,20260123-20290122,2026. 01. 중소기업은행 제28대 은행장&cr;2024. 06. IBK자산운용 대표이사&cr;2023. 05. IBK자산운용 부사장&cr;2020. 07. 중소기업은행 리스크관리그룹장&cr;1989. 07. 중소기업은행 입행,서울특별시,서울특별시 중구 을지로 79(을지로 2가  기업은행),http://www.ibk.co.kr,202-81-00978,-
142,중소벤처기업연구원,기타공공기관,중소벤처기업부,중소기업기본법 제25조의2(중소벤처기업연구원의 설립),20040701,"중소기업기본법 제25조의2"의 규정에 의하여 국내외 중소벤처기업 전반에 대한 &cr;종합적인 조사  연구  평가를 통해 이와 관련된 국가의 정책 수립에 이바지하고  &cr;이를 널리 보급활용하게 함으로써 중소벤처기업의 건전한 발전과 &cr;국제경쟁력 향상에 기여함을 목적으로 한다.,&cr;1. 중소기업·벤처기업의 육성·발전을 위한 조사  연구 및 정책건의&cr;2. 중소기업·벤처기업 지원정책의 분석  평가 및 교육&cr;3. 국내외 연구기관  국제기구  민간단체와의 교류 및 연구협력사업&cr;4. 정부·지자체·국내외 공공기관 및 민간단체 등으로부터 연구용역의 수탁&cr;4의2. 규제의 신설·강화가 중소기업에 미치는 영향에 대한 분석 및 연구&cr;5. 중소기업·벤처기업 관련 정책정보 및 통계의 생산·분석&cr;6. 조사·연구결과의 출판 및 홍보&cr;7. 중소기업·벤처기업 경영 등에 관한 상담  자문 및 정보 제공&cr;8. 그 밖에 제1호부터 제7호까지의 사업에 따른 부대사업 및 연구원의 설립 목적을 달성하는 데    필요한 사업&cr;,&cr;1993. 07. 13.   (재)중소기업진흥재단의 부설연구원으로 설립&cr;2004. 07. 01.   (재)중소기업연구원으로 재창립(김인호 원장 취임)&cr;2007. 09. 03.   최홍건 원장 취임&cr;2009. 04. 27.   장지종 원장 취임&cr;2012. 02. 15.   중소기업 전문연구기관 지정(중소기업청)&cr;2012. 05. 02.   김동선 원장 취임&cr;2012. 07. 23.   상암동 사옥(중소기업 DMC 센터) 이전&cr;2013. 10. 31.   중소기업연구원 창립 20주년 기념식 개최&cr;2014. 08. 11.   김세종 원장 취임&cr;2015. 01. 29.   기타공공기관 지정&cr;2016. 04. 08.   신대방동 사옥 이전&cr;2017. 11. 01.   김동열 원장 취임&cr;2020. 04. 01.   이병헌 원장 취임&cr;2021. 06. 01.   오동윤 원장 취임&cr;2021. 06. 09.   법정기관 중소벤처기업연구원 창립&cr;2024. 09. 06.   조주현 원장 취임&cr;,ㅇ 목표①  : 정부와 현장의 정책수요에 대응하는 중소벤처기업 연구지원&cr;ㅇ 전략방향①  : 정책기여도와 실행력을 높이는 中企 연구·지원 기반 확립&cr;ㅇ 전략과제&cr;   - 국정과제에 기반한 데이터 중심 정책연구 선도&cr;   - 중소벤처기업 지원 효율성 강화&cr;&cr;ㅇ 목표②  : 연구성과 확산으로 중소기업 정책 공감대 확장&cr;ㅇ 전략방향②  : 국민소통과 외부협력을 통한 환류체계 고도화&cr;ㅇ 전략과제&cr;   - 연구성과의 대국민 접근성 제고와 확산 강화&cr;   - 외부협력 기반 연구생태계 확장과 품질 제고&cr;&cr;ㅇ 목표③  : 미래지향적 경영·조직 역량 구축&cr;ㅇ 전략방향③  : 공공성과 지속가능성을 갖춘 조직경영 구현&cr;ㅇ 전략과제&cr;   - ESG와 재정건정성 기반의 조직 운영체계 확립&cr;   - 소통하며 성장하는 활기찬 조직문화 조성,조주현,20240906-20270905,서울시립대학교 자유융합대 초빙교수&cr;중소벤처기업부 차관&cr;중소벤처기업부 소상공인정책실장&cr;중소벤처기업부 중기정책실 창업벤처실 국장&cr;대통령 중기비서관실 행정관,서울특별시,서울특별시 동작구 신대방1가길 77 (신대방동 686-70),www.kosi.re.kr,116-82-04592,-
143,중소벤처기업진흥공단,준정부기관(기금관리형),중소벤처기업부,중소기업진흥에 관한 법률 제68조,19790130,중소벤처기업 진흥을 위한 사업을 효율적으로 추진함으로써 중소벤처기업 경쟁력 강화 및 국민경제의 균형있는 발전에 기여,&cr;○ (재정융자) 우수 중소기업의 역동성 회복을 위한 성장단계별 자금공급&cr; - (창업기) 벤처ㆍ스타트업 집중육성 및 밸류업 지원&cr; - (성장기) 중소기업의 혁신성장동력 창출 및 경쟁력 강화&cr; - (재도약기) 재기지원 및 유동성 공급으로 中企 지속성장체계 구축 &cr;○ (수출지원) 수요자 중심의 맞춤형 지원으로 글로벌화 촉진&cr; - 내수ㆍ수출 중소기업의 해외진출 지원&cr; - 온라인 중심의 판매망 구축으로 中企 수출 자생력 강화&cr; - 수출 저변확대 및 글로벌화를 위한 현지 협력 지원&cr;○ (인력양성) 중소기업 일자리 선순환 지원체계로 인력난 해소&cr; - 산업계 수요를 반영한 창업 및 인력 공급체계 구축&cr; - 미래유망ㆍ신산업 분야의 인력양성 확대&cr; - 중소기업 핵심인력의 장기재직 촉진&cr;○ (지역혁신) 주력산업 육성으로 지역경제 활성화  혁신성장생태계 조성&cr; - 지역 주력산업 육성체계 고도화로 중소기업 활력 제고&cr; - 혁신성장 유망기업 패키지 지원으로 신사업 전환 촉진&cr; - 글로벌 탄소규제 대응력 확보 및 중소벤처기업 ESG 역량 강화&cr;,&cr;○ 1978.12. 중소기업진흥법 제정  공포&cr;○ 1979.01. 중소기업진흥공단 설립(7부 3실  195명으로 발족)&cr;○ 1979.09. 해외사무소 설치(독일  미국  일본  중국)&cr;○ 1980.07. 한국농가공산품 개발본부 업무 인수&cr;○ 1982.10. 중소기업연수원(안산) 개원&cr;○ 1982.12. 한국생산기술사업단 업무 인수&cr;○ 1985.02. 국내 지역본ㆍ지부 설치(현 34개)&cr;○ 1989.09. 중소기업 구조조정사업 개시&cr;○ 1991.08. 중소기업 입지지원사업단 개소&cr;○ 1992.01. 자금지원사업기본요령 개정&cr;○ 1992.11. 창업보육센터 착공&cr;○ 1993.04. 중소기업구조개선사업 추진&cr;○ 1994.10. 소프트웨어창업보육센터 개소&cr;○ 1995.01. 중소기업진흥 및 제품구매촉진에 관한 법률 제정으로 중소기업 구조고도화자금  창업지원자금  지방중소기업 육성 자금을 통한 운영/관리&cr;○ 1995.07. 자회사로 (주)중소기업인증센터 설립(현 (주)중소벤처기업인증원)&cr;○ 1995.12. 자회사로 (주)중소기업유통센터 설립(현 (주)한국중소벤처기업유통원)&cr;○ 1998.09. 중소기업 수출지원 강화를 위해 수출인큐베이터 설치&cr; - 시카고('98)  프랑크푸르트  베이징('02)  LA  광저우('93)  워싱턴  도쿄  호치민  상파울로('04)  뉴욕  상하이  싱가포르  모스크바  두바이  뉴델리('06)  청두('07)  멕시코시티('08)&cr;○ 1999.12. 행복한백화점 개점&cr;○ 2000.03. 자회사로 다산벤처(주) 설립 (현 한국벤처투자(주))&cr;○ 2000.06. 중소기업 남북협력지원센터 개소&cr;○ 2000.07. 지역본부에 이동상담실 개소(10개 지역 17개소)&cr;○ 2000.10. 코리아벤처지원센터(미국) 개소&cr;○ 2001.02. 한국IT벤처센터(일본) 개소&cr;○ 2001.09. 호남연수원 개원&cr;○ 2002.03. 기금관리기본법 개정으로 산업기반기금 인수하여 기금명칭을 중소기업진흥 및 산업기반기금으로 변경&cr;○ 2003.09. 충남북부지부 신설&cr;○ 2003.11. 대구경북연수원 개원&cr;○ 2004.10. 부산경남연수원 개원&cr;○ 2005.03. 중국 청도 중소기업지원센터 개소&cr;○ 2005.10. 현장 밀착형 서비스 Biz-Mate 결연식&cr;○ 2006.08. 경북동부지부  경기서부지부  전남서부지부  전남동부지부 개소&cr;○ 2006.09. 노보시비르스크 기술협력센터  경북중서부지부 개소&cr;○ 2007.04. 무역조정지원센터 개소&cr;○ 2007.11. 글로벌 아웃소싱센터 개소  안산 중소기업연수원 생활관 증축 개소&cr;○ 2007.12. 사업전환지원센터 공식 설치&cr;○ 2008.01. 서울동남부지부 개소&cr;○ 2008.06. 정책자금 및 해외마케팅 지원기관 일원화에 따라 산업기반자금 및 국내 수출지원 업무 인수&cr;○ 2009.01. 중소기업창업 및 진흥기금으로 기금명칭 변경&cr;○ 2009.01. 기금관리형 준정부기관 지정&cr;○ 2009.01. 경남서부지부 개소&cr;○ 2011.03. 청년창업사관학교 개교&cr;○ 2012.01. 청년창업센터 개소&cr;○ 2012.12. 금융형 준정부기관 지정&cr;○ 2013.12. 해외유통망진출지원센터 설치(미국 뉴저지)&cr;○ 2014.07. 본사 지방이전 완료(경상남도 진주시)&cr;○ 2014.08. 중소기업 핵심인력 성과보상기금 출범&cr;○ 2014.10. 글로벌리더십연수원 개원&cr;○ 2014.11. 글로벌BI(하노이  시안  알마티) 개소&cr;○ 2015.04. 중소기업기술정보진흥원의 인력양성 및 중소기업컨설팅 사업 인수&cr;○ 2017.03. 기업인력애로센터 개소&cr;○ 2018.06. 자회사로 중진공파트너스(주) 설립&cr;○ 2018.09. 청년창업사관학교 전국 17개 지역 확대 운영&cr;○ 2019.04. 중소벤처기업진흥공단으로 기관명 변경&cr;○ 2019.09. KSC 2개소(미국 시애틀  인도 뉴델리) 개소&cr;○ 2019.12. 재도전종합지원센터 전국 18개 지역 확대 운영&cr;○ 2020.11. 규제자유특구 전담기관 지정&cr;○ 2021.04. 청년창업사관학교 확대(17개→18개  세종)&cr;○ 2022.02. 구조혁신지원센터 설치(10개 지역본ㆍ지부)  세종지역본부 개소&cr;○ 2022.06. KSC 파리 개소&cr;○ 2023.01. 기존 수출BI를 글로벌비즈니스센터(GBC)로 전면 개편&cr;○ 2023.09. KSC 하노이 개소&cr;○ 2023.10. GBC 리야드 개소&cr;○ 2024.05. KSC 도쿄 개소&cr;○ 2024.07. 구조혁신지원센터 전국 13개 지역 확대운영(13개 지역본ㆍ지부)&cr;,&cr;□ 미션&cr;○ 중소벤처기업의 경쟁력을 강화하고 경영기반을 확충하여 국민경제 주역으로 육성&cr;□ 비전&cr;○ 중소벤처기업의 성장과 글로벌 도약을 함께하는 '신뢰받는 동반자'&cr;□ 전략&cr;○ 기업 경쟁력 강화와 성장동력 확충&cr; - 정책금융 기반 연계지원을 통해 성장사다리 강화&cr; - AI·신기술 분야 미래인재 및 유망 스타트업 집중 육성&cr; - 지역주도 산업 혁신 및 동반성장 강화&cr;○ 수출 확대와 글로벌 도약 선도&cr; - 수출역량 강화로 무역 활로 개척&cr; - 해외진출 촉진으로 글로벌화 지원&cr; - 탄소·규제혁신으로 국제경쟁력 제고&cr;○ 체질 개선과 경영안정화 지원&cr; - 산업수요 대응 인력구조 재편&cr; - 기업 혁신 촉진 및 재도약 지원&cr; - 일시 위기기업 경영애로 해소&cr;○ 국민신뢰 제고와 경영성과 향상&cr; - 청렴·안전 등 책임경영 강화&cr; - ESG경영 선도적 이행&cr; - AX로 고객서비스 전면 혁신&cr; - 효율적 조직 운영 및 건전한 재정 운용&cr;,강석진,20230901-20260831,제20대 국회의원&cr;기술보증기금 이사ㆍ전무이사,경상남도,경상남도 진주시 동진로 430 (충무공동),https://www.kosmes.or.kr,116-82-01561,-
144,중앙사회서비스원,기타공공기관,보건복지부,&cr;사회서비스 지원 및 사회서비스원 설립ㆍ운영에 관한 법률 제31조(중앙 사회서비스원의 설립 등)&cr;,20220325,사회서비스 품질제고  시도 사회서비스원 지원을 위해 설립되었으며 정책지원  이용자ㆍ종사자 지원  사회서비스 공급생태계 조성 등 추진,&cr;1. 사회서비스 품질향상을 위한 지원ㆍ관리 및 평가 등에 관한 사무&cr;2. 기본계획의 수립 지원&cr;3. 사회서비스 수급계획 및 사회서비스 관련 정책의 연구ㆍ조사ㆍ개발&cr;4. 사회서비스 종사자 처우 개선 등을 위한 사업&cr;5. 사회서비스 이용자의 권익 보호를 위한 사업&cr;6. 시ㆍ도 서비스원 설립 및 운영에 필요한 상담ㆍ자문 및 지원&cr;7. 중앙 및 시ㆍ도 서비스원의 정책홍보  시ㆍ도 서비스원 직원 교육 제공 및 지원&cr;8. 사회서비스와 관련하여 이 법 또는 다른 법률에서 위탁하는 사업&cr;9. 그 밖에 보건복지부장관이 사회서비스의 공공성 제고를 위하여 필요하다고 인정하는 사업&cr;,&cr;○ 2021. 9. 24. 설립 근거법 제정(「사회서비스원법」)&cr;○ 2022. 3. 25. 중앙사회서비스원 설립(설립근거법 시행) &cr;○ 2022. 3. 25. 사회서비스 품질평가  사회복지시설 평가 사업 이관 &cr;○ 2022. 8. 2. 조상미 초대원장 취임&cr;○ 2022. 9. 1. 사회서비스 품질인증제 시범사업('22~'24년)시행&cr;○ 2023. 1. 1. 지역자율형 사회서비스 투자사업 보수교육 수탁&cr;○ 2024. 1. 1. 사회복지시설 종사자 대체인력지원사업 중앙대체인력지원센터 수탁&cr;○ 2025. 9. 9. 제1회 대한민국 사회서비스 박람회 개최&cr;○ 2026. 2. 4. 통합돌봄 전문기관 지정(「돌봄통합지원법」 제25조) &cr;○ 2026. 2. 12. 기타 공공기관 지정 고시&cr;,&cr;○ (비전) 사회서비스에 가치를 더하는 돌봄 생태계 파트너&cr;○ (미션) 사회서비스 공공성 강화를 통한 국민 돌봄 기본권 실현&cr;○ (전략과제)&cr;1. 통합돌봄 생태계 조성&cr;2. 시도 사회서비스원 육성ㆍ지원&cr;3. 사회서비스 품질제고&cr;4. 사회서비스 이용자ㆍ종사자 지원&cr;5. 사회서비스 정책지원&cr;,강혜규,20260406-20290405,한국보건사회연구원 부원장&cr;한국사회복지행정학회 회장&cr;통합돌봄정책위원회 위원,서울특별시,서울특별시 중구 삼일대로 340  9층(중앙사회서비스원),https://www.kcpass.or.kr,645-82-00420,-
145,차세대수치예보모델개발사업단,기타공공기관,기상청,「민법」 제32조(비영리법인의 설립과 허가)&cr;「환경부 및 기상청 소관 비영리법인의 설립과 감독에 관한 규칙」제4조(설립허가),20200901,시·공간 통합형수치예보모델을 개발함으로써 기상재해 및 기후변화로부터 국민의 생명과 재산을 보호하고 공공복리 증진에 기여,통합형수치예보모델 개발  평가  보급&cr;통합형수치예보모델 현업운영을 위한 제반 기술의 개발과 보급&cr;통합형수치예보모델 국제공동연구 등 관련 제반 연구개발&cr;통합형수치예보모델 개발과 응용역량 배양을 위한 교육·훈련&cr;수치예보모델 전문가 교환 방문연구  초청·방문과학자 프로그램 운영 등 국제협력,2019. 6. 28. '기상재해 사전대비 중심의 시·공간 통합형수치예보기술 개발사업’ 시행 확정&cr;2020. 9. 1. 재단법인 차세대수치예보모델개발사업단 설립&cr;2021. 2. 4. 기타공공기관 지정&cr;2021. 2. 15. 이우진 초대 단장 취임&cr;2024. 2. 14. 이우진 단장 임기 만료&cr;2024. 12. 6. 박훈 단장 취임,<경영목표>&cr;가. (보다 정확한) 한국형 전지구예보모델을 기반으로 한 통합형수치예보기술&cr;     확보로 특보 운영 효율성 제고 등 예보업무를 지원하고 유관기관과 국민에게&cr;     보다 정확한 강수 여부와 온도 예측정보 제공&cr;나. (보다 신속한) 집중호우와 같은 기상재해 사전대비를 위한 최소한의 물리적 대비&cr;     시간을 확보하기 위해 예측 선행시간을 확대&cr;다. (보다 가치 있는) 국민 편의 증대 및 날씨 기반 의사결정 지원을 위해 수치예보&cr;     기간을 30일까지 연장&cr;&cr;<추진전략>&cr;가. 4차원 고품질 기상 분석을 위한 최신 자료동화기술 개발&cr;  - 관측자료 활용·확대기술 개발&cr;  - 앙상블 기반 자료동화기술 개발&cr;나. 가변격자체계 기반 통합형수치예보모델 개발&cr;  - 상세예측정보 생산을 위한 역학코어 개발&cr;  - 예측성 향상을 위한 물리과정 개발&cr;  - 예측기간 연장을 위한 결합모델 개발&cr;다. 거대 수치예측자료의 효율적 처리와 수요맞춤 활용기술 개발&cr;  - 개발환경을 고려한 자료처리기술 개발&cr;  - 앙상블 기반 확률예측체계 개발&cr;  - 자율형 공동활용체계 구축을 위한 범용 수치예보모델개발,박훈,20241206-20241206,전) 강원지방기상청 청장&cr;전) 대전지방기상청 청장&cr;전) 기상청 기획조정관실 기획재정담당&cr;전) 기상청 국가기상위성센터 센터장,서울특별시,서울특별시 동작구 보라매로5길 35  4층(신대방동  보라매파크스퀘어),https://www.kiaps.org,271-82-00326,-
146,창업진흥원,기타공공기관,중소벤처기업부,중소기업창업 지원법 제51조,20191024,「중소기업창업 지원법」 제51조의 규정에 의하여 기업가정신을 함양하고 중소·벤&cr;처기업의 창업을 촉진하며  예비창업자와 창업기업의 경쟁력 강화를 지원함으로써&cr;우리나라 기술·서비스혁신 및 일자리 창출을 통한 국가경쟁력 강화에 이바지함을&cr;그 주된 목적으로 한다.,1. 창업활성화를 위한 정책의 조사연구&cr;2. 창업기업에 대한 자금(정책자금 융자 제외)  인력  판로 및 입지 등에 관한 정보제공 및 지원&cr;3. 창업촉진을 위한 교육모델 개발 및 운영·보급&cr;4. 창업실태조사 및 분석&cr;5. 창업기업 및 창업생태계와 관련한 데이터의 수집  가공  분석  활용 및 제공 등에 관한 사항&cr;6. 국제기구 및 외국과의 창업 관련 교류 및 협력&cr;7. 창업기업의 해외진출 지원 및 외국인의 국내창업 지원&cr;8 .우수 예비창업자의 발굴 및 지원&cr;9. 재창업기업의 교육 및 지원&cr;10. 청년창업기업 및 중장년창업기업 교육 및 사업화 지원&cr;11. 청소년 및 예비창업자 등에 대한 창업교육 등 기업가정신 제고&cr;12. 대학 및 연구기관 등의 창업촉진 활동 지원&cr;13. 창업분야 전문인력 육성 및 지원&cr;14. 창업저변 확대 및 창업문화 조성을 위한 지원&cr;15. 창업촉진을 위한 지원시설 등 창업기반 조성  운영 및 지원&cr;16. 중소기업창업 지원법 제61조 제2항에 따라 창업진흥원에 위탁한 업무&cr;17. 그 밖에 중소벤처기업부장관 및 관계 중앙행정기관의 장이 위탁하는 사업 및 업무,▷2000.03.10. 사단법인 한국창업보육협회 설립(중기청 허가 제2000-14호)&cr;▷2006.05.04. 중소기업 창업진흥전담조직 지정(중소기업창업 지원법 제39조)&cr;▷2008.12.24. 사단법인 창업진흥원(IKED)으로 개편 승인&cr;▷2011.01.24. 기타공공기관 지정&cr;▷2011.02.10. 기관 영문명칭변경(IKED→KISED)&cr;▷2019.02.11. 위탁집행형 준정부기관 지정&cr;▷2019.10.24. 법정법인 창업진흥원으로 전환(중소기업창업 지원법 제39조)&cr;▷2023.02.03. 기타공공기관 지정,(미션) 창업을 촉진하고 창업기업의 성장을 지원하여 국가 경쟁력 강화에 이바지&cr;(비전) 국민의 성공적 창업을 실현하는 글로벌 K-창업리더&cr;(핵심가치) 소통  혁신  성장  전문성&cr;(전략방향) 지속가능한 창업생태계 혁신/기술기반 혁신창업 활성화/지속성장 스케일업 가속화/신뢰 받는 창업전문기관 실현&cr;(전략방향/전략과제)&cr;Ⅰ 지속가능한 창업생태계 혁신&cr;① 혁신창업 인프라 강화&cr;② 창업 정책기능 강화 및 규제 혁신&cr;③ 대국민 기업가정신 역량 강화&cr;Ⅱ 기술기반 혁신창업 활성화&cr;① 성장단계별 맞춤형 창업 사업화 지원&cr;② 지역 및 기술특화 창업 촉진&cr;③ 기후테크 선도 창업기업 육성 가속화&cr;Ⅲ 지속성장 스케일업 가속화&cr;① 민관협력 기반 개방형 혁신 촉진&cr;② 스타트업 글로벌 경쟁력 제고&cr;③ 신기술 스타트업 집중 육성&cr;Ⅳ 신뢰 받는 창업전문기관 실현&cr;① 성과중심의 경영혁신&cr;② AX/DX 기반 내외부 서비스 강화&cr;③ 이해관계자 협력 및 사회적 책임 강화,유종필,20250228-20280227,관악구청 구청장&cr;국회도서관 관장&cr;대통령실 비서관,세종특별자치시,세종특별자치시 집현중앙7로 16(집현동),https://www.kised.or.kr/,312-82-07294,-
147,축산물품질평가원,준정부기관(위탁집행형),농림축산식품부,축산법 제36조,20010727,1. 축산물의 품질향상과 원활한 유통&cr;2. 가축개량 촉진을 통한 국내산 축산물의 국제 경쟁력 제고&cr;3. 축산농가의 소득증대와 소비자의 이익에 기여,1. 축산물 등급판정&cr;2. 축산물 등급에 관한 교육 및 홍보&cr;3. 축산물 등급판정 기술의 개발&cr;4. 축산물품질평가사의 양성&cr;5. 축산물 등급판정·품질평가 및 유통에 관한 조사·연구·교육·홍보사업&cr;6. 가축 및 축산물 이력제에 관한 업무&cr;7. 제1호부터 제6호까지의 사항과 관련한 국제협력사업 및 품질평가원의 목적을 달성하기 위해 필요한 사업&cr;8. 다른 법령에서 품질평가원의 사업으로 정하거나 국가·지방자치단체 또는 그 밖의 자가 품질평가원에 위탁하거나 대행 받은 사업 및 부대사업,○ 1989. 4. 축산물등급판정사업 착수(한국종축개량협회 소속)&cr;○ 1994.12. 축협중앙회로 소속 변경&cr;○ 2000. 7. 농협중앙회로 소속 변경&cr;○ 2001. 7. 축산물등급판정소 별도법인으로 독립&cr;○ 2004. 4. 정부산하기관관리기본법 상 공공기관으로 지정&cr;○ 2007. 4. 공공기관 운영에 관한 법률에 의거 준정부기관으로 지정&cr;○ 2010. 1. 축산물품질평가원으로 개편(축산법 개정)&cr;○ 2015. 8. 축산물품질평가원 본원 이전(세종시),○ 미션 : 축산유통의 발전을 통해 국민 행복에 기여한다.&cr;○ 비전 : 축산의 미래를 선도하는 축산유통 전문기관&cr;○ 핵심가치 : 안전  경청  공정  실용&cr;○ 전략목표 및 전략과제&cr;- (전략목표 1) 축산물 품질정보 유용성 향상&cr;·품질정보 생산체계 고도화&cr;·품질정보 활용 유통·소비 활성화&cr;·품질정보 기반 축산업 성장 지원&cr;- (전략목표 2) 국내산 축산물 안심소비 환경 조성&cr;·이력정보 정확성 향상&cr;·이력정보 활용성 향상&cr;·이력제도 운영체계 강화&cr;- (전략목표 3) AI 기반 축산유통 효율화&cr;·스마트축산 기반 생산성 향상&cr;·디지털 기반 유통환경 조성&cr;·유통정보 활용 확대&cr;- (전략목표 4) 신뢰 기반 안전·책임경영 실현&cr;·혁신·실용적 조직 운영&cr;·지속가능경영 확립&cr;·이해관계자 소통기반 투명 경영,박수진,20260330-20290329,농림축산식품부 기획조정실장&cr;농림축산식품부 식량정책실장,세종특별자치시,세종특별자치시 아름서길 21,www.ekape.or.kr,123-82-10049,-
148,충남대학교병원,기타공공기관,교육부,국립대학병원 설치법 제5조,19720701,고등교육법에 따른 의학 등에 관한 교육·연구와 진료를 통하여 의학 발전을 도모하고 국민보건 향상에 이바지함을 목적으로 한다.,&cr;1. 충남대학교 의학·간호학·약학 등의 학생 임상교육&cr;2. 전공의의 수련 및 의료요원의 교육훈련&cr;3. 의학계 관련 연구&cr;4. 임상연구&cr;5. 진료사업&cr;6. 연구개발업&cr;7. 「공공보건의료에 관한 법률」제2조 제2호에 따른 공공보건의료사업&cr;8. 기타 국민보건향상에 필요한 사업&cr;,&cr;- 1972.07.01. 충남대학교 의과대학 부속병원 개원 &cr;- 1984.10.15. 충남대학교병원 신축 이전 개원&cr;- 1988.03.01. 충남대학교병원으로 명칭변경&cr;- 1995.08.21. 법인 충남대학교병원으로 전환&cr;- 2001.05.17. 대전ㆍ충청 권역응급의료센터 개원 &cr;- 2007.09.04. 대전지역암센터 준공&cr;- 2010.04.20. 대전지역 노인보건의료센터 개소&cr;- 2011.12.16. 대전유일 상급종합병원 지정&cr;- 2013.03.18. 충남대학교병원 세종의원 개원&cr;- 2013.04.10. 권역재활센터  권역류마티스 및 퇴행성관절염센터 개원&cr;- 2016.10.12. 간호·간병 통합서비스 병동 개소&cr;- 2016.12.06. 최첨단 로봇수술기 다빈치 Xi 가동&cr;- 2017.02.14. 충남대학교병원-세종특별자치시 응급의료체계구축 협약식 &cr;- 2017.04.25. 세종충남대학교병원 기공식&cr;- 2017.05.30. 충남대학교병원 직장어린이집 “ 아이행복지기” 개원&cr;- 2020.07.16. 세종충남대학교병원 개원&cr;- 2021.05.06. 국립대병원 최초 ‘임상교육훈련센터’선정&cr;- 2022.03.15. 의학연구윤리심의위원회(IRB) 기관생명윤리위원회 평가 인증 / 보건복지부&cr;- 2022.04.04. 권역심뇌혈관센터 재관류치료 뇌졸중센터 인증 / 대한뇌졸중학회&cr;- 2022.05.17. 대전·충남 공공어린이재활병원 위탁운영 업무협약 체결&cr;- 2022.09.05. 권역응급의료센터 재지정(2023년~ 2025년) / 보건복지부&cr;- 2022.10.07. 고위험 병원체자원 BL3 공용연구시설 준공식&cr;- 2023.02.07. 4주기급성기병원의료기관인증(2023.02.07.~2027.02.06.)&cr;- 2023.05.30. 대전세종충남넥슨공공어린이재활병원개원식&cr;- 2023.11.23. 권역정신응급의료센터개소&cr;- 2023.12.29. 제5기상급종합병원지정&cr;- 2024.02.05. 로봇수술센터 개소&cr;- 2024.06.24. 국립대병원 경영평가 1위 및 최소 6년 연속 최고등급&cr;- 2024.11.02. 상급종합병원 구조전환 시범사업 병원 지정&cr;- 2024.12.18. 중부권 최초 임상교육시뮬레이션센터 개소&cr;- 2024.12.19. 공공보건의료계획 시행결과 평가 최우수기관 선정&cr;- 2025.04.15. 24년 공공기관 고객만족도 조사에서 최고 등급인 우수기관 선정&cr;- 2025.07.01. 보건복기부 지역의료 연구역량 강화사업 수행기관 선정&cr;- 2025.09.16. 공공부문 인적자원개발 우수기관 인증 &cr;,&cr;1. 미래의료 경쟁우위 확보&cr;2. 글로벌 전문인재 양성&cr;3. 바이오 헬스케어 연구 및 산업화 선도&cr;4. 사회적 가치 기반 공공의료 실현&cr;5. 지속성장 경영체계 확립&cr;,조강희,20230420-20260419,&cr;현) 충남대학교병원장&cr;전) 충남대학교병원 대전충청권역의료재활센터장&cr;전) 충남대학교병원 재활의학과장&cr;,대전광역시,대전광역시 중구 문화로 282(대사동),www.cnuh.co.kr,305-82-08811,-
149,충북대학교병원,기타공공기관,교육부,국립대학병원 설치법 제5조(설립),19910720,고등교육법에 의한 의학  치의학  간호학  약학 등에 관한 교육  연구와 진료를 통하여 의학발전을 도모하고 국민보건 향상에 이바지함을 목적으로 함.,충북대학교 의학계 학생의 임상교육&cr;전공의의 수련 및 의료요원의 훈련&cr;의학계 관련 연구&cr;임상연구&cr;진료사업 및 그 부대사업&cr;공공보건의료사업&cr;기타 국민보건향상에 필요한 사업,&cr;1984. 10. 04. 자연과학대학 의예과 설치 인가&cr;1990. 11. 23. 전공의 수련병원 지정&cr;1991. 05. 31. 의료기관 개설허가(9개과 80병상)&cr;1991. 07. 20. 충북대학교 의과대학 부속병원 개원&cr;1995. 08. 21. 법인 충북대학교병원으로 전환&cr;1997. 08. 11. 임상의학연구동 완공&cr;2002. 05. 03. 종합건강검진센터 운영&cr;2004. 11. 30. 권역응급의료센터 개원&cr;2006. 03. 16. 충북지역암센터 지정&cr;2007. 01. 08. 장례식장 완공&cr;2007. 02. 23. 암예방검진센터 개소&cr;2010. 12. 14. 권역심뇌혈관질환센터 개소&cr;2013. 10. 20. 충청북도 광역정신건강증진센터 개소&cr;2013. 12. 26. 충청북도 광역치매센터 개소&cr;2014. 09. 17. 국제진료센터 개소&cr;2015. 07. 15. 충청권역호흡기전문질환센터 개소&cr;2016. 05. 12. 고위험산모신생아통합치료센터 개소&cr;2017. 12. 28. 권역외상센터 개소&cr;2018. 01. 12. 감마나이프센터 개소&cr;2019. 08. 05. 발달장애인 거점병원 및 행동발달증진센터 선정&cr;2019. 09. 04. 충북권역 희귀질환 거점센터 개소&cr;2021. 03. 24. 교육인재관 준공&cr;2021. 06. 01. 충북 공공보건의료지원단 출범&cr;2022. 02. 22. 충북지역장애인보건의료센터 개소&cr;2023. 02. 24. 중증환자 긴급치료병상 개소&cr;2023. 09. 05. 오송첨단임상시험센터 개소&cr;2023. 10. 20. 어린이 공공전문진료센터 지정&cr;2023. 12. 29. 제5기 상급종합병원 지정&cr;2024. 01. 24. 보건복지부 공공보건의료평가‘최우수기관’선정&cr;2024. 03. 18. 충북대병원 새로운 정문 오픈&cr;2024. 04. 05. 건강증진센터 이전 개소&cr;2024. 04. 17. 고객만족도 국립대병원 유일 최고등급‘우수기관’선정&cr;2024. 07. 17. 제16대 김원섭 원장 취임&cr;2024. 11. 27. 암병원(의생명진료연구동) 개원식 성료&cr;2025. 07. 15. 충북대학교병원‘충북대조직은행’ 지정&cr;2025. 08. 14. 의료기관개설 허가사항 변경허가(201실 777병상)&cr;2025. 12. 29. 2024년 공공보건의료계획 시행결과 평가 ‘최우수’등급 획득&cr;2026. 02. 10. 어린이 공공전문진료센터 개소&cr;, ◆ 전략과제&cr;- (교육) 임상교육과정 고도화  최적의 수련 환경  지역기반 공공보건인력 양성  중증 필수의료인력 양성&cr;- (연구) 연구중심병원 지정  임상연구 지원시스템 강화  신약 임상시험 유치  우수연구 활성 및 지원&cr;- (진료) 중증환자 진료 지원  환자중심 의료질평가  진료지원 및 환경개선  병상 운영 효율화&cr;- (공공보건의료) 권역공공보건의료협력체계 구축  감염병 대응역량 강화  권역책임 의료기관 역할  지역 환경평가 및 질병예방&cr;- (경영) ESG경영 실천  재정건전성 강화  안전한 병원  투명한 경영, 김원섭,20240717-20270716,충북대학교 의과대학장&cr;충북대학교병원 의료혁신실장&cr;충북대학교병원 공공보건의료사업실장&cr;충북대학교 보건진료원장,충청북도,충청북도 청주시 서원구 1순환로 776(개신동),http://www.cbnuh.or.kr,315-82-03375,-
150,코레일관광개발(주),기타공공기관,국토교통부,국유철도의 운영에 관한 특례법(現 한국철도공사법),20040811,철도 인프라와 민간 관광 전문경영 노하우 접목을 통한 고품격 서비스 제공,코레일관광개발(주)는 한국철도공사 주요 계열사로 철도 인프라 활용을 통하여 관광여행상품을 만들고  고품격 서비스를 제공하며  정부 또는 지자체와의 연계 사업을 통해 지역경제 활성화와 사회 발전에 이바지하는 철도 서비스 전문 기타 공공기관입니다.,2004. 08. 11. KTX 관광레저주식회사 법인설립 &cr;2005. 06. 30. 정선레일바이크 개장 &cr;2006. 04. 01. KTX 승무서비스 사업 개시 &cr;2007. 01. 01. 새마을 승무서비스 사업 개시 &cr;2007. 03. 30. 코레일투어서비스(주) 사명 변경 &cr;2007. 06. 01. 열차 내 판매사업 개시 &cr;2008. 11. 07. 고품격 호텔식 명품열차 레일크루즈 '해랑' 상품 출시 &cr;2008. 12. 01. 곡성 섬진강기차마을 사업 개시 &cr;2010. 01. 05. 코레일관광개발(주) 사명 변경 &cr;2011. 11. 28. 화천 철도테마파크 개장 &cr;2013. 04. 01. 코레일 낙산연수원 위탁운영사업 개시 &cr;2013. 04. 12. 중부내륙관광열차(O-V train) 승무서비스 및 판매사업 개시 &cr;2013. 05. 13. 중소기업명품마루 매장운영 및 판매사업 개시 &cr;2013. 06. 18. 서울역 도시락매장 운영 및 판매사업 개시 &cr;2013. 09. 27. 남도해양관광열차(S-train) 승무서비스 및 판매사업 개시 &cr;2014. 05. 04. 평화생명벨트(DMZ-train) 승무서비스 및 판매사업 개시 &cr;2015. 01. 15. 서해금빛열차(G-train) 승무서비스 개시 &cr;2015. 01. 29. 정선아리랑열차(A-train) 승무서비스 개시 &cr;2015. 03. 11. 정동진레일바이크 개장 &cr;2016. 07. 01. 청도레일바이크 개장 &cr;2017. 01. 01. 교육전용열차(E-train) 총판사업 개시 &cr;2017. 04. 01. 5대벨트 관광열차 총판사업 개시 &cr;2017. 12. 22. 경강선 KTX 승무서비스 개시 &cr;2018. 02. 22. 충북영동국악와인열차(W-train) 총판사업 개시 &cr;2018. 07. 01. 승무원 숙사 관리 사업 개시&cr;2019. 08. 01. SRT 고속열차 객실승무서비스 사업 개시&cr;2021. 01. 05. 중앙선 KTX 승무서비스 사업개시,□ 경영목표 &cr;- 매출액 1 000억 원 달성 &cr;- 철도서비스 No.1 &cr;- 사업장 안전사고 제로화 &cr;- 無분규  無파업 함께하는 노사 &cr;□ 4대 전략 &cr;- 공공가치 기반 지속 경영&cr;- 안전·청렴 고도화 &cr;- 상생·협력 생태계 구축&cr;- 서비스·디지털 혁신, 공석,-,-,서울특별시,서울특별시 용산구 청파로 378(동자동 43-229),www.korailtravel.com,104-81-89311,-
151,코레일네트웍스(주),기타공공기관,국토교통부,한국철도공사법(舊국유철도의운영에관한특례법 제6조  제21조),20040921,철도인프라를 활용한 부대수익 창출 및 사업다각화로 철도 경영개선에 기여,○ 철도주차장 운영  개발&cr;○ 광역철도  여객철도 역무운영 광역철도기동팀 운영&cr;○ 철도고객센터(한국철도공사) 운영&cr;○ 교통카드  VAN  포인트 사업,&cr;○ 2004.09. (주)코레일서비스넷 설립&cr;○ 2004.10. KTX패밀리카드 출시&cr;○ 2005.03. 철도고객센터 운영&cr;○ 2005.10. 큐비 포털 서비스 개시(www.qubi.com)&cr;○ 2006.10 (주) IP&C 흡수합병&cr;○ 2007.01. 코레일네트웍스(주)로 사명 변경&cr;○ 2009.01. 코레일개발(주) 흡수합병&cr;○ 2014.10. 레일플러스 교통카드 출시&cr;○ 2015.09. KTX특송 국제물류서비스 개시&cr;○ 2017.01. 광명역↔사당역 KTX셔틀버스 운송사업 개시&cr;○ 2017.06. 소비자중심경영(CCM) 인증 및 우수기관 선정&cr;○ 2018.01. 광명역 도심공항터미널 및 KTX공항버스 위탁 운영&cr;○ 2020.01. 질서지킴이 위탁 운영&cr;○ 2021.06. CU편의점 연계 레일플러스 교통카드 서비스 시행&cr;&cr;○ 2021.12. 해외 간편결제 철도승차권 예매서비스 개시&cr;,○ 미션: 안전하고 편리한 철도서비스 실현&cr;○ 비전: 철도를 더 가치있게  국민을 더 편리하게&cr;○ 핵심가치: 고객감동  국민안전  지속성장  동반상생&cr;○ 전략방향&cr;  - 국민의 교통편의 향상을 위한 인프라 확대 및 안전관리 고도화&cr;  - 지속가능한 발전을 위한 사업 다각화 및 성장사업 발굴&cr;  - 고객경험 혁신을 통한 고객중심 경영 실현&cr;  - 상생 기반 경영전략체계 확립,전찬호,20231201-20251130,○ 한국철도공사 광역철도본부 본부장&cr;○ 한국철도공사 경영기획본부 본부장&cr;○ 한국철도공사 감사실 실장,서울특별시,서울특별시 용산구 한강대로 69 용산푸르지오써밋 13 14층(한강로2가 391),www.korailnetworks.com,104-81-89776,-
152,코레일로지스(주),기타공공기관,국토교통부,국유철도의 운영에 관한 특례법(現 한국철도공사법),20031231,&cr;ㅇ&cr; 철도수송의 약점인 일관수송(Door-to-Door) 서비스 구축으로 고객 편의 및 철도수송량 증대&cr;&cr;ㅇ 화물연대 집단 운송 거부 등 국가 물류 장애 발생 시 적극적 대응 조치를 통한 물류대란 최소화&cr;,&cr;ㅇ 철도일관수송체계 구축으로 철도물류운송 서비스 역할 증대&cr;&cr;ㅇ 남북철도 국제화를 대비한 국제철도화물운송 체계 구축 운영&cr;&cr;ㅇ 국가물류대란에 따른 수송장애 발생 시 대응&cr;,&cr;ㅇ 2003.12.31. 코레일로지스㈜ 설립&cr;&cr;ㅇ 2004.10.01. 부산-의왕 간 Block Train 운영 개시&cr;&cr;ㅇ 2006.06.01. 국제복합운송사업 영업 개시&cr;&cr;&cr;ㅇ &cr;&cr;2007.04.11. 기타공공기관 지정(공공기관 운영에 관한 법률)&cr;&cr;ㅇ &cr;&cr;&cr;&cr;2007.11.28. 부산진 CFS 준공 및 영업 개시&cr;&cr;ㅇ &cr;&cr;&cr;2009.11.02. "2009 한국물류대상" 국무총리상 수상&cr;&cr;ㅇ &cr;&cr;&cr;2012.11.01. 부산신항역 CY/CFS(20 730㎡) 영업 개시&cr;&cr;ㅇ &cr;&cr;&cr;2016.08.16. 코레일 스토리지 서비스 개시&cr;&cr;ㅇ &cr;&cr;&cr;2017.02.06. 물류역 입환업무 수탁운영 개시&cr;&cr;&cr;ㅇ &cr;2020.01.01. 철도수송지원사업 수탁운영 개시&cr;&cr;,&cr;ㅇ &cr;미      션 : 철&cr;도 물류&cr;·&cr;운영 &cr;서비스로 고객 편의와 국가 물류안정&cr;&cr;ㅇ &cr;비      전 : &cr;안&cr;전과 혁신을 지향하는 철도 물류·수송 플랫폼&cr;&cr;&cr;ㅇ &cr;핵심가치 : 신뢰  안전  혁신  협력&cr;&cr;&cr;ㅇ &cr;경영목표&cr;  - 매&cr;출액 증대&cr;  - 운영지원 안정화&cr;  - 고객만족도 향상&cr;&cr;&cr;&cr;ㅇ &cr;전략방향&cr;  - 물&cr;류&cr;사업 경쟁력 강화&cr;  - 철도운영서비스 안정화&cr;  - 수익구조 다각화&cr;  - 경영혁신 고도화&cr;,한상덕,20241120-20261119,한국철도공사 인재개발원 정책협력관&cr;한국철도공사 수도권동부지역관리단장&cr;한국철도공사 회계통합센터장&cr;한국철도공사 광역철도본부 광역계획처장,서울특별시,서울특별시 중구 중림로 49(중림동)  실로암빌딩 2층,https://www.koraillogis.com/,123-81-94853,-
153,코레일유통(주),기타공공기관,국토교통부,한국철도공사법,20041202,ㅇ 코레일유통㈜는 철도이용 고객에게 가치 있는 상품과 편안한 서비스를 가장 따뜻하게 제공하는 신뢰 받는 생활서비스 기업을 지향하며 철도부대사업의 체계적이고 효율적 개발로 철도 고객 Needs충족과 수익극대화 실현을 위하여 2004년 12월 2일 설립&cr;&cr;ㅇ 주요 사업으로 철도역 구내 매장  자판기 운영  철도광고영업  자원유통사업  상생물류 지원사업  임대사업 등 운영,ㅇ 유통  용역 사업&cr;ㅇ 소 운송업  항만운송 사업&cr;ㅇ 식품제조  가공업&cr;ㅇ 부동산 임대 및 시장개설 운영사업&cr;ㅇ 프랜차이즈사업&cr;ㅇ 철도용지 또는 철도시설물 이용 광고대행업&cr;ㅇ 정보서비스 기획 및 컨설팅&cr;ㅇ 자동판매기 운영업&cr;ㅇ 먹는샘물 유통전문판매업&cr;ㅇ 위 각호의 부대사업,ㅇ 2004.12.02. 주식회사 한국철도유통 설립&cr;ㅇ 2005.01.01. 영업개시&cr;ㅇ 2007.03.30. 코레일유통(주)로 사명(社名) 변경&cr;ㅇ 2007.04.11. 기타공공기관 지정&cr;ㅇ 2008.11.01. 광고업무사업 개시&cr;ㅇ 2013.06.11. 상생물류지원사업 개시&cr;ㅇ 2016.12.01. 당산동 본사 신사옥 준공 및 업무 개시&cr;ㅇ 2019.01.01. 중소기업 명품마루 운영&cr;ㅇ 2021.05.27. ESG경영 선포 및 도입,&cr;ㅇ미션: 철도자산을 활용하여 국민의 편익 증진에 기여한다.&cr;ㅇ비전: 누구나 찾고 싶은 즐거운 공간을 만드는 기업&cr;ㅇ핵심가치: 고객중심  상생협력  혁신성장  창의열정&cr;ㅇ경영방침&cr;- 미래성장 선도경영&cr;√AI 기술 접목 사업 포트폴리오 고도화&cr;√신수종 사업 중심 지속가능 생태계 조성&cr;√콘텐츠 ·공간 융합 차별화된 고객경험 혁신&cr;- 균형발전 상생경영&cr;√공익형 정책사업 참여 공공가치 확산&cr;√로컬 연계 플랫폼 확대 지역경제 활력 제고&cr;√공정한 기회 보장 신뢰 기반 파트너십 구축&cr;- 체질전환 효율경영&cr;√ 데이터 중심 합리적 의사결정 체계 정착&cr;√ 스마트 행정 구현 업무 생산성 극대화&cr;√ 직무 ·역량 중심 유연하고 강한 조직문화 확립,박정현,20250206-20270205,前 한국수자원공사 상임감사&cr;前 국무총리실 공보실장&cr;前 서울신문 경영기획실장/논설위원,서울특별시,서울특별시  영등포구 국회대로 612, www.korailretail.com,107-86-57147,-
154,코레일테크(주),기타공공기관,국토교통부,한국철도공사법 제9조제3항,20041209,안정적인 철도시설물 유지관리 및 KTX 차량 등 정비 외주화 위탁업무 등 수행으로 한국철도 인력효율화와 경영개선,ㅇ (차량사업) 철도차량정비&cr;ㅇ (전기사업) 전철전력  신호제어  정보통신 등의 유지보수 및 설비 시공&cr;ㅇ (시설사업) 궤도 구조물 설치 공사  전국 철도 주요 역 및 기타 시설물 유지관리&cr;ㅇ (경비사업) 철도 건널목 및 철도기관 안전 관리&cr;ㅇ (역환경사업) 역사 및 선로전환기 청소사업&cr;ㅇ (차량환경사업) 철도차량 청소 및 객차비품 취급사업  철도차량 정비단 청소,ㅇ 2004.12.09. 한국철도시설산업(주) 설립&cr;ㅇ 2007.03.30. 상호변경(코레일트랙(주))&cr;ㅇ 2007.04.11. 기타공공기관 지정&cr;ㅇ 2009.01.20. 코레일전기(주)  코레일엔지니어링(주)와 합병&cr;ㅇ 2009.03.02. 상호변경(코레일테크(주))&cr;ㅇ 2018.07.01. 공공부문 근로자 비정규직 정규직 전환(역·차량청소 외)&cr;ㅇ 2019.06.20. SR수서역 유지보수 및 청소업무 이관&cr;ㅇ 2020.10.13. 철도차량 정비조직 국가 인증 획득&cr;ㅇ 2021.03.01. 조직개편(지역조직 출범),ㅇ 미션 : 국민이 안심할 수 있는 철도서비스 제공&cr;ㅇ 비전 : 국민에게 신뢰받는 철도서비스 책임기관&cr;ㅇ 핵심가치&cr;- 안전 책임&cr;- 고객 중심&cr;- 혁신 지향&cr;- 존중 상생&cr;ㅇ 경영목표&cr;- 산업재해율 50% 감축&cr;- 무결점 철도서비스 품질&cr;- 매출총이익률 10% 이상&cr;- K-ESG 이행률 90%&cr;ㅇ 전략방향&cr;- 모두가 안전한 철도시설관리 고도화&cr;- 고객체감형 철도서비스 향상&cr;- 미래성장을 위한 조직 경쟁력 확보&cr;- 소통·협력 기반 경영관리체계 구축,류영수,20250131-20270130,ㅇ 한국철도공사 기술안전본부장&cr;ㅇ 한국철도공사 수도권철도차량정비단장&cr;ㅇ 한국철도공사 부산철도차량정비단장,대전광역시,대전광역시 중구 대종로 476(은행동),www.korailtech.com,305-81-73178,-
155,태권도진흥재단,기타공공기관,문화체육관광부,태권도 진흥 및 태권도공원 조성 등에 관한 법률 제20조,20050710,태권도원 조성 운영 및 태권도 진흥,ㅇ 태권도원 조성 및 운영에 관한 사업&cr;ㅇ 태권도 진흥을 위한 조사  연구사업&cr;ㅇ 태권도 보존  보급  홍보에 관한 사업&cr;ㅇ 태권도 진흥을 위한 각종 지원 사업&cr;ㅇ 태권도원 시설 임대에 관한 사업&cr;ㅇ 태권도 용품  콘텐츠 개발 등 관련 산업 육성 지원, ㅇ 2005. 07. 재단법인 태권도진흥재단 설립 허가(문화관광부)&cr;ㅇ 2007. 12. [태권도 진흥 및 태권도공원 조성 등에 관한 법률] 제정&cr;ㅇ 2008. 06. 상기 태권도법에 의한 법정법인화&cr;ㅇ 2009. 08. 태권도공원 조성 기본계획 승인(문화체육관광부장관)&cr;ㅇ 2009. 09. 태권도공원 기공식&cr;ㅇ 2010. 01. 공공기관 지정(기획재정부 고시 제2010-3호)&cr;ㅇ 2012. 02. 명칭 변경(태권도공원 → 태권도원)&cr;ㅇ 2013. 08. 태권도원 준공&cr;ㅇ 2014. 04. 태권도원 개원(개원식: 2014. 9.), ㅇ 설립목적&cr;- 태권도원 조성 및 효율적인 관리·운영&cr;- 태권도 진흥사업 수행을 통한 태권도의 발전과 국제적 위상제고&cr;&cr;ㅇ 미션&cr;- 태권도 진흥 및 태권도원 성지화&cr;&cr;ㅇ 비전&cr;- 세계와의 소통을 통한 지속가능한 태권도 문화의 미래 거점&cr;&cr;ㅇ 3대 전략&cr;- 공공가치를 실현하는 일상 속 태권도 확산&cr;- 세계와 연결하는 태권도 거점화&cr;- 차별화된 고품질 콘텐츠의 태권도 성지화,김중헌,20240819-20270818,용인대학교 무도대학 태권도학과장&cr;태권도진흥재단 사무총장&cr;아시아태권도연맹 수석부회장&cr;세계태권도연맹 품새위원장,전라북도,전라북도 무주군 설천면 무설로1482,https://www.tpf.or.kr,106-82-12718,-
156,통일연구원,기타공공기관,국무조정실,정부출연(연)등의 설립 운영 및 육성에 관한 법률(법률제5733호),19910222,민족공동체의 실현을 위한 국민적 역량을 축적하고 통일환경 변화에 적극적 주도적으로 대응할 수 있도록 통일문제에 관한 제반 사항을 전문적 체계적으로 연구 분석하여 국가의 통일정책 수립 지원에 이바지함,o 통일·북한 및 한반도 평화에 관한 연구와 정책 개발·지원&cr;o 한반도 통일 및 평화에 대한 국내외 공감대 확산 및 통일공공외교 강화를 위한 연구&cr;o 북한의 정치·군사·외교·경제·사회·문화 등에 관한 연구 &cr;o 남북 교류협력의 활성화 및 제도화를 위한 연구&cr;o 북한 인권·인도주의 사안 및 북한이탈주민 정착 지원 연구 &cr;o 통일·북한 및 한반도 평화에 관한 자료의 수집·관리·분석 및 대국민 서비스,o 1990.08.01 민족통일연구원법(법률 제4241호) 제정 공포&cr;o 1991.02.02 법인설립등기&cr;o 1991.04.09 민족통일연구원 개원&cr;o 1999.01.29 정부출연(연)등의설립 운영 및 육성에관한법률(법률 제5733호)에 의거 통일연구원으로 기관명칭 변경,o 자유민주 통일기반 조성을 위한 정책연구 강화&cr; - 남북관계 정상화 및 통일환경 구축 방안 연구&cr; - 한반도를 둘러싼 정세분석 및 통일외교전략 수립&cr;&cr;o 북한 실태 종합 연구 강화 및 국내외 확산&cr; - 북한 실태 연구 강화 및 북한 동향 분석 제공&cr; - 북한인권 실태 연구 및 중장기 인권 개선 전략 수립&cr;&cr;o 국민과 공감하고 국제사회와 함께하는 연구성과 창출&cr; - 국가정책 기여 제고를 위한 연구 기능 강화&cr; - 국민 체감형 연구 서비스 고도화&cr; - 국내외 연구 협력 체계 확충&cr;&cr;o 소통과 협력을 통한 경영혁신 추진&cr; - 소통과 협력을 통한 상호존중의 문화 정착&cr; - 성과 기반의 조직운영 및 ESG 경영 추진,김천식,20230720-20260719,ㅇ통일부 정책총괄과장  대통령비서실 행정관  교류협력국장  통일정책실장 등(1985∼2011)&cr;ㅇ통일부 차관(2011~2013)ㅇ서울대학교 통일평화연구원 특임연구원(2013~2016)&cr;ㅇ민족화해협력범국민협의회 통일공감 포럼 대표(2016~2018)&cr;ㅇ(사) 통일을 생각하는 사람들의 모임 이사장(2017~2023)ㅇ이화여자대학교 초빙교수(2019~2020)&cr;ㅇ세한대학교 석좌교수(2022~2023),서울특별시,서울특별시 서초구 반포대로 217,www.kinu.or.kr,203-82-31132,-
157,학교법인한국폴리텍,기타공공기관,고용노동부,국민 평생 직업능력 개발법(법률 제19174호  1997. 12. 24.),19980205,기업이 필요로 하는 융합형 기술 및 기능 인력을 양성하고 근로자의 평생직업능력개발 빛 산학협력사업을 실시, ○ 민간부문에서 담당하기 어려운 국가기간산업과 신성장산업분야의 다기능기술자  기능장 등 핵심기술 인력 양성&cr;○ 취업을 원하는 학업중단 청소년  고학력 미취업자  실직자  취업취약계층 등 을 대상으로 기능인력 양성&cr;○ 재직근로자 직업능력 개발  중소기업 기술지도  창업보육센터 운영 등 향상훈련과 산학협력사업 교육&cr;○ 일학습병행제 및 NCS확산  지역산업 맞춤형 인력양성  지역 교육훈련기관 혁신 지원,○ 1998.02.05. 학교법인 기능대학 설립&cr;○ 1998.12.29. 고창·거창·홍성기능대학 분교화&cr;○ 1999.05.01. 서울정수기능대학 강서분교 설립인가(구 서울시립기능대학)&cr;○ 2000.01.01. 울산기능대학 설립&cr;○ 2001.01.20. 4개 분교 기능대학 환원(강서  홍성  고창  거창)&cr;○ 2001.03.01. 항공기능대학 설립·개교&cr;○ 2002.03.01. 아산정보기능대학 설립·개교&cr;○ 2005.12.30. 기능대학법 개정&cr;○ 2006.03.01. 직업전문학교와 통합하고 11개 대학으로 통폐합  한국폴리텍대학으로 명칭변경&cr; ※ 기능대학(24)  직업전문학교(21) → 11개 대학 43개 캠퍼스(충남  충북직교 미인수)&cr;○ 2006.03.02. 바이오대학 설립·개교&cr;○ 2006.09.01. 3개 캠퍼스를 인근 캠퍼스와 통합&cr; ※ 11개 대학 40개 캠퍼스(강원  전남  한백창원 → 춘천  광주  창원에 통합)&cr;○ 2008.03.06. 법인 명칭 변경 : 학교법인 한국폴리텍&cr;○ 2009.02.28. 정선  남원 캠퍼스(지자체 협약기관) 폐지&cr; ※ 11개 대학 38개 캠퍼스&cr;○ 2009.09.10. 남원연수원 개원(연수원 설립 등기는 6월1일)&cr; ※ 11개 대학 38개 캠퍼스 1연수원&cr;○ 2010.02.28. 제천  김천  거창캠퍼스(지자체 협약기관) 폐지&cr; ※ 11개 대학 35개 캠퍼스 1연수원&cr;○ 2010.09.01. 기능대학법 폐지 및 근로자직업능력개발법 개정&cr; ※ 기능대학 관련 내용을 근로자직업능력개발법으로 통합&cr;○ 2011.02.28. 고창캠퍼스(지자체 협약기관) 폐지&cr; ※ 11개 대학(34개 캠퍼스) 1연수원&cr;○ 2012.03.01. 특성화 대학 체제 개편&cr; ※ 11개 → 8개 대학 개편&cr;○ 2012.03.02. 한국폴리텍 다솜학교 개교&cr;○ 2013.01.29. 한국폴리텍대학신기술연수센터 직제개편&cr;○ 2016.03.01. 한국폴리텍대학융합기술교육원 개원&cr;○ 2016.11.10. 한국폴리텍 다솜학교 교명 변경(→한국폴리텍 다솜고등학교)&cr;○ 2017.01.01. 한국폴리텍대학 남원연수원 기능조정(→한국폴리텍대학 인재원)&cr;○ 2019.04.30. 한국폴리텍대학 신기술교육원 직제변경(특성화대학 캠퍼스 → 법인 부설기관)&cr;○ 2020.03.01. 안성캠퍼스 명칭(→ 한국폴리텍대학 반도체융합캠퍼스) 변경 및&cr;권역대학(Ⅱ→특성화)조정&cr;○ 2020.03.01. 섬유패션캠퍼스 명칭(→ 한국폴리텍대학 영남융합기술캠퍼스) 변경 및 권역대학(특성화→Ⅵ) 조정&cr;○ 2020.03.01. 한국폴리텍대학 광명융합기술교육원 개원&cr;○ 2020.03.01. 융합기술교육원 명칭 변경(→ 한국폴리텍대학 분당융합기술교육원)&cr;○ 2020.06.01. 한국폴리텍대학 석유화학공정기술교육원 개원&cr;○ 2021.03.01. 한국폴리텍대학 로봇캠퍼스 개교&cr;○ 2021.03.01. 김제캠퍼스 명칭(→ 한국폴리텍대학 전북캠퍼스) 변경&cr;○ 2021.03.01. 목포캠퍼스 명칭(→ 한국폴리텍대학 전남캠퍼스) 변경&cr;○ 2021.03.01. 달성캠퍼스 명칭(→ 한국폴리텍대학 남대구캠퍼스) 변경&cr;○ 2022.02.18. 근로자직업능력 개발법이 국민 평생 직업능력 개발법으로 제명 변경&cr;○ 2024.03.01. 홍성캠퍼스 명칭(→ 한국폴리텍대학 충남캠퍼스) 변경,&cr;◇ 미래 적합형 인재양성으로 혁신성장과 함께하는 국민의 일자리 특화대학&cr; ○ 혁신산업·현장적합 인재 양성체계 구축&cr; ○ 생애주기별 직업교육훈련 강화&cr; ○ 교육훈련 현장성 강화를 통한 창의인재육성&cr; ○ 기술에 인성을 더하는 능동적 조직혁신&cr;,이철수,20240429-20270428,&cr;○ 前) 서울대학교 법과대학·법학전문대학원 교수&cr;○ 前) 한국고용노사관계학회 회장&cr;○ 前) 한국노동법학회 회장&cr;○ 前) 규제개혁위원회 민간위원&cr;○ 現) 학교법인 한국폴리텍 이사장 (2024. 4.~)&cr;&cr;&cr;,인천광역시,인천광역시 부평구 무네미로 478,http://www.kopo.ac.kr,105-82-10925,-
158,한국가스공사,공기업(시장형),산업통상부,한국가스공사법,19830818,한국가스공사를 설립하여 가스를 장기적으로 안정되게 공급할 수 있는 기반을 &cr;마련함으로써 국민생활의 편익 증진과 공공복리의 향상에 이바지하게 함을 목&cr;적으로 한다.,1. 도시가스의 제조/공급과 부산물의 정제/판매&cr;2. 천연가스의 인수기지 및 공급망의 건설/운영&cr;3. 천연가스의 개발 및 수출입&cr;4. 액화석유가스의 개발 및 수출입&cr;4의2. 수소에너지의 제조/공급 및 공급망의 건설/운영&cr;4의3. 수소에너지의 개발 및 수출입&cr;5. 제1호부터 제4호까지  제4호의2 및 제4호의3 관련 사업에 대한 연구/기술개발&cr;6. 제1호부터 제4호까지  제4호의2  제4호의3 및 제5호의 사업에 딸린 사업&cr;7. 그 밖에 국가 또는 지방자치단체로부터 위탁받은 사업&cr;8. 석유자원의 탐사/게발 사업과 관련 사업&cr;9. 제1~7호 관련 해외사업,1983.08 : 한국가스공사 설립&cr;1986.10 : 국내 최초 액화천연가스(LNG) 도입&cr;1986.11 : 발전용 천연가스 공급개시&cr;1987.02 : 수도권 도시가스용 천연가스 공급개시&cr;1987.04 : 평택생산기지 및 공급설비 준공&cr;1993.05 : 한국가스기술공업(주) 설립&cr;1993.07 : 중부권 천연가스 공급개시&cr;1995.11 : 영남권  호남권 천연가스 공급개시&cr;1996.03 : 제2창업 선언&cr;1996.12 : 부산지역 천연가스 공급개시&cr;1997.10 : 인천생산기지 준공&cr;1999.10 : 서해권 천연가스 공급개시&cr;1999.12 : 증권거래소 상장&cr;1999.12 : 남부권 천연가스 공급개시&cr;2002.10 : 통영생산기지 준공&cr;2002.11 : 강원권 천연가스 공급개시&cr;2007.04 : 공공기관의 운영에 관한 법률에 따라 시장형 공기업 지정&cr;2011.03 : 목적사업에 석유자원의 탐사/개발 사업 추가&cr;2014.07 : 삼척생산기지 상업운전 개시&cr;2014.10 : 대구신사옥 개청 및 대구혁신도시 이전&cr;2018.12 : 목적사업에 수소에너지 제조/공급 사업 추가&cr;2019.10 : 제주LNG기지 천연가스 공급 개시&cr;2020.07 : 수소유통전담기관 지정&cr;2021.09 : 수소 및 신사업 비전 선포&cr;2021.09 : 프로농구단 '페가수스' 창단&cr;2023.08 : 창립 40주년&cr;2024.10 : 본사 대구 이전 10주년,&cr;□  비전 : KOGAS  The Leader of Energy Innovation&cr;&cr;□ 전략방향 및 전략과제&cr;&cr;○ Secure : 공공성 강화&cr;- 수급관리 체계의 고도화&cr;- AI 기반 설비경쟁력 강화&cr;- AI 안전관리 체계 확립 &cr;&cr;○ Sustainable : 신성장동력 확충&cr;- 해외사업 성과 극대화&cr;- 탄소중립 신성장 동력 육성&cr;- 수소사업 기반 조성&cr;&cr;○ Smart : 글로벌 역량 확보&cr;- AX 기반 경영 대혁신&cr;- 재무건전성 강화 &cr;- 고객만족 에너지 공급&cr;&cr;○ Social : ESG 경영선도&cr;- 환경 중시 경영강화(E)&cr;- 대국민 서비스 향상(S)&cr;- 공정/소통의 기업문화 정착(G)&cr;,최연혜,20221209-20251208,한국철도공사 총장&cr;한국철도공사 사장&cr;제20대 국회의원,대구광역시,대구광역시 동구 첨단로 120,www.kogas.or.kr,120-82-00557,-
159,한국가스안전공사,준정부기관(위탁집행형),산업통상부,고압가스 안전관리법 제28조,19740111,고압가스로 인한 위해를 방지하고 가스안전 기술의 개발 및 가스안전관리 사업을 효율적이고 체계적으로 추진하기 위함,1. 전문교육 및 홍보사업&cr;2. 조사ㆍ연구사업&cr;3. 기술 및 기기의 개발보급사업&cr;4. 정보 및 통계의 수집ㆍ제공사업&cr;5. 자율검사 및 다른 검사시관의 검사에 대한 지도ㆍ확인&cr;6. 용역사업&cr;7. 검사ㆍ교육ㆍ시공감리ㆍ점검ㆍ평가 등 행정관청이 위탁하는 업무&cr;8. 국제기술협력사업&cr;9. 기기의 무료설치 및 시설의 개선사업&cr;10. 시범사업&cr;11. 인증사업&cr;12. 가스기술기준위원회 지원업무&cr;13. 굴착공사정보지원 업무&cr;14. 평생교육사업&cr;15. 기후위기 대응을 위한 탄소중립ㆍ녹색성장 기본법 등의 법령에 따른 온실가스 목표관리제와 배출권거래제 등 온실가스 검증업무&cr;16. 가스 관련 법령에 의한 업무 및 다른 법령의 규정에 의하여 위탁받은 업무&cr;17. 해외사업&cr;18. 독성가스 중화처리 및 잔가스처리사업&cr;19. 가스안전관리 확보를 위한 자산(청사 및 장비) 임대사업&cr;20. 제품시험&cr;21. 실증사업&cr;22. 기타 산업통상자원부장관이 필요하다고 인정하는 사업&cr;23. 기타 전 각 호의 부대사업,○ '74. 1. 고압가스보안협회 설립&cr;○ '79. 2. 한국가스안전공사로 개편발족&cr;○ '95. 8. 가스안전연구원 설립(부설기관)&cr;○ '02. 3. 가스안전교육원 설립(부설기관)&cr;○ '03.12. 국가공인검사기관(KOLAS) 인정&cr;○ '07. 4. 정부출연기관 전환&cr;○ '13.12. 본사 지방이전(충북혁신도시)&cr;○ '20. 7. 수소안전 전담기관 지정,[경영목표]&cr;1. 가스사고지수 최저수준(1.5) 달성&cr;2. AI 재난·가스안전 플랫폼 가동률 100%&cr;3. 국가 수소안전관리체계 완성&cr;4. 경영혁신 및 안전·ESG경영 최우수 기관&cr;&cr;[전략과제] 16개&cr;1. 국민생활 주변 가스안전사고 예방체계 강화&cr;2. 국가 기간산업 혁신 지원 및 안전관리 고도화&cr;3. 민간 자율 가스안전 확대 및 통합관리 체계화&cr;4. AI기반 가스안전관리체계 구축 및 전환 촉진&cr;5. 전방위 가스안전 및 재난 예방·대응체계 고도화&cr;6. 안전 사각지대 해소 및 소외계층 안전망 강화&cr;7. 국민참여 기반 가스안전문화 정착과 확산&cr;8. 국가 AI 재난안전관리 신속지원체계 구축&cr;9. 수소산업 성장 지원 및 수소안전관리 고도화&cr;10. 에너지안전 및 산업 탄소중립 전환 지원 확대&cr;11. 가스안전 기술개발 및 민간 동반성장 지원 강화&cr;12. AI기반 수소·신에너지 안전관리체계 개발 및 구축&cr;13. 디지털·AI 기반 경영혁신 및 효율성 제고&cr;14. 인본(人本)경영 기반 안전경영 및 조직문화 혁신&cr;15. 기관 ESG경영 고도화 및 산업 ESG경영 확산&cr;16. 구성원 AI리터러시 및 활용역량 강화,박경국,20231229-20261228,○ 국무총리 소속 사행산업통합감독위원회 위원장&cr;○ 안전행정부 제1차관&cr;○ 안전행정부 국가기록원장,충청북도,충청북도 음성군 맹동면 원중로 1390, www.kgs.or.kr,133-82-02018,-
160,한국개발연구원,기타공공기관,국무조정실,정부출연연구기관 등의 설립ㆍ운영 및 육성에 관한 법률,19710311,경제사회 현상에 관한 종합적 연구를 수행하고 국민의 이해 증진  재정사업에 대한 공공투자관리와 사회기반시설에 대한 민간투자 관련 사업 및 연구  국제화를 위한 전문인력 양성을 수행함으로써 국가의 경제정책의 수립과 경제발전에 이바지,ㅇ 경제사회 현상에 관한 종합적인 연구&cr;ㅇ 경제정책 및 정책수단에 관한 연구&cr;ㅇ 경제정보 분석 제공 및 경제교육 연수 등 경제에 대한 국민의 이해 증진사업 및 연구&cr;ㅇ 재정 및 공공기관 사업에 대한 공공투자관리와 사회기반시설에 대한 민간투자사업 종합지원 및 연구&cr;ㅇ 한국의 경제발전경험 공유 등 국제개발협력 관련 사업 및 연구&cr;ㅇ 개발 및 공공정책  공공관리 분야 국내외 전문인력 양성 및 관련 연구 자문과 국내외 기관과의 교육 연구 협력사업,ㅇ 1970.12 : 한국개발연구원법 제정 공포&cr;ㅇ 1971.03 : 한국개발연구원 설립&cr;ㅇ 1991.12 : 국민경제제도연구원 흡수ㆍ통합  부설 국민경제연구소 발족&cr;ㅇ 1997.12 : 국제대학원대학 설립인가&cr;ㅇ 1998.09 : 부설기관 명칭변경(국민경제교육연구소→경제정보센터)&cr;ㅇ 1999.01 : 연구원 설립근거법 변경(정부출연연구기관 등의 설립ㆍ운영 및 육성에 관한 법률)&cr;ㅇ 2005.01 : 국토연구원 민간투자지원센터 흡수ㆍ통합  부설 사회기반시설에 대한 공공투자관리센터 발족&cr;ㅇ 2007.04 : 공공기관의 운영에 관한 법률 시행에 따른 기타공공기관 지정 (기획예산처 고시 제2007-31호)&cr;ㅇ 2009.09 : 국제개발협력센터 발족&cr;ㅇ 2013.12 : 지방이전(세종특별자치시)&cr;ㅇ 2016.02 : 종합교육연수원 발족,ㅇ 민생과 경제 안정을 기반으로 장기 성장을 반전시키는 진짜성장 정책 연구&cr;- 장기 성장 반전을 위한 진짜성장 및 제도개혁 연구ㆍ개발&cr;- 민생이슈 및 대내외 충격 대응을 위한 정부정책 보완ㆍ발전ㆍ정밀화 연구&cr;ㅇ 혁신적 정책개발 인프라 구축으로 세계 최고 싱크탱크 도약&cr;- 혁신적ㆍ과학적 정책개발 인프라 구축&cr;- 정책현안 대응체계 구축 및 연구성과 확산&cr;ㅇ 세계 최고 수준의 창조적 정책연구자 그룹 구축&cr;- 창의적 정책연구 인력 유치 및 육성&cr;- 최고 인력 유치를 위한 보상 시스템 구축,김세직,20260209-20290208,ㅇ 서울대학교 경제학부 교수&cr;ㅇ 국제통화기금(IMF) 리서치국 선임 이코노미스트&cr;ㅇ 금융위원회 금융발전심의위원회 위원,세종특별자치시,세종특별자치시 남세종로 263(반곡동),https://www.kdi.re.kr/,205-82-02180,-
161,한국건강가정진흥원,기타공공기관,성평등가족부,○ 건강가정기본법 제34조의2(한국건강가정진흥원의 설립 등) ① 다양한 가족의 삶의 질 제고 및 가족역량 강화를 위한 가족정책을 효율적이고 체계적으로 지원하기 위하여 한국건강가정진흥원(이하 “진흥원”이라 한다)을 설립한다.,20150101,○ 다양한 가족의 삶의 질 제고 및 가족역량 강화를 위해 가족정책을 효율적이고 체계적으로 지원하기 위해 설립,○ 가족사업 개발·시범운영 및 보급&cr;○ 가족서비스 전달체계 지원 및 총괄 관리&cr;○ 가족서비스 지원인력 양성 및 역량강화 교육&cr;○ 다양한가족 포용 인식 확산 및 정보제공&cr;○ 가족친화 인증 컨설팅 및 가족친화문화 조성&cr;○ 아이돌봄사 자격관리 운영&cr;○ 성평등가족부 가족정책사업 수탁·지원,○ 2005.1. 중앙건강가정지원센터 개소&cr;○ 2009.1. 전국다문화가족사업지원단 수탁&cr;○ 2011.8. (재)한국건강가정진흥원 개원&cr;○ 2014.1. 기타공공기관 지정&cr;○ 2015.1. 한국건강가정진흥원 법정법인 개원&cr;○ 2015.3. 양육비 이행지원 서비스 개시&cr;○ 2020.2. 준정부기관 지정&cr;○ 2023.2. 기타공공기관 재지정(유형변경)&cr;   &cr;※ 2024. 9. 27. 양육비이행관리원 법인 분리&cr;,○ 미션 : 다양한 가족의 삶의 질 제고 및 가족 역량 강화&cr;○ 비전 : 가족의 일상에 닿는 행복 파트너&cr;○ 핵심가치 : 혁신  소통  포용  책임&cr;○ 전략방향&cr;  - 국민체감 가족서비스 제공&cr;  - 저출생 극복 양육친화 환경 조성&cr;  - 다양한 가족 사회안전망 강화&cr;  - 지속가능한 경영 혁신 실현,박구연,20241018-20271017,○ 국무조정실 국무1차장실 국무1차장&cr;○ 국무조정실 국정운영실 국정운영실장&cr;○ 국무조정실 총무기획관실 총무기획관,서울특별시,서울특별시 중구 퇴계로 173(충무로3가  남산스퀘어) 21층,http://www.kihf.or.kr,348-82-00136,-
162,한국건강증진개발원,기타공공기관,보건복지부,국민건강증진법 제5조의3(한국건강증진개발원의 설립 및 운영),20140729,국민 건강증진기금의 효율적인 운영과 건강증진사업의 원활한 추진을 통해 국민건강증진에의 기여,○ 국민건강증진 정책수립을 위한 자료개발 및 정책분석&cr;○ 국민건강증진종합계획 수립의 지원&cr;○ 국민건강증진정책심의위원회의 운영지원&cr;○ 국민건강증진법 제24조에 따른 국민건강증진기금의 관리·운용의 지원 업무&cr;○ 국민건강증진법 제25조제1항제1호부터 제9호까지의 사업에 관한 업무&cr;○ 국민건강증진사업의 관리  기술 지원 및 평가&cr;○ 지역보건법 제7조부터 제9조까지에 따른 지역보건의료계획에 대한 기술 지원&cr;○ 지역보건법 제24조에 따른 보건소의 설치와 운영에 필요한 비용의 보조&cr;○ 국민건강증진과 관련된 연구과제의 기획 및 평가&cr;○ 농어촌 등 보건의료를 위한 특별조치법 제2조의 공중보건의사의 효율적 활용을 위한 지원&cr;○ 지역보건사업의 원활한 추진을 위한 지원&cr;○ 그 밖에 국민건강증진과 관련하여 보건복지부장관이 필요하다고 인정한 업무,○ 2023. 11. 제5대 김헌주 원장 취임&cr;○ 2023. 1. 기타공공기관 유형변경&cr;○ 2021. 8. 제4대 조현장 원장 취임&cr;○ 2019. 1. 위탁집행형 준정부기관 지정&cr;○ 2018. 7. 제3대 조인성 원장 취임&cr;○ 2016. 4. 제2대 정기혜 원장 취임&cr;○ 2014. 12. 제1대 장석일 원장 취임&cr;○ 2014. 7. 한국건강증진개발원 출범,○ 미션 : 국민 중심의 혁신적 건강증진사업 추진으로 모두가 건강한 사회 실현&cr;○ 비전 : 온 국민의 평생 건강을 책임지는 건강증진 전문기관&cr;○ 핵심가치 : 책임  혁신  전문  소통&cr;○ 전략 목표 및 전략과제&cr;- 국민공감 정책개발 및 연구 강화&cr;1) 국민건강증진 종합계획(HP2030) 실행력 강화&cr;2) 디지털플랫폼 기반 스마트 헬스케어 활성화&cr;3) 미래환경 대비 건강증진 연구 인프라혁신&cr;- 국민 체감 건강관리서비스 고도화&cr;1) 지속가능한 지역중심 건강관리체계 구축&cr;2) 맞춤형 건강증진서비스 강화&cr;3) 미래세대·취약계층 건강관리서비스 확대&cr;- 국민안전 건강생활실천 환경 확대&cr;1) 금연실천환경 강화&cr;2) 절주실천환경 조성&cr;3) 건강친화적 사회환경 구축&cr;- 국민신뢰 책임경영체계 확립&cr;1) 투명하고 청렴한 윤리경영 실현&cr;2) 안전·친환경 및 상생협력 강화&cr;3) 경영효율성 및 전문성 강화,김헌주,20231127-20261126,○ 보건복지부 기획조정실장&cr;○ 질병관리처 차장&cr;○ 보건복지부 건강보험정책국장,서울특별시,서울특별시 광진구 능동로 400 보건복지행정타운 8~10F,https://www.khepi.or.kr,107-82-14965,-
163,한국고용노동교육원,기타공공기관,고용노동부,한국고용노동교육원법(법률 제 18930호),20201005,노사관계 당사자  고용노동 관련업무 종사자  국민에 대한 고용노동교육을 실시함으로써 노동인권에 대한 인식을 폭넓게 하고 고용노동 관련업무 종사자의 전문성 및 노동관계 문제에 대한 해결능력을 제고하여 노사갈등을 예방하고 건전한 노사관계를 정립하는데 기여하는 것을 목적으로 함.,1. 근로자 및 사업주에 대한 고용노동교육&cr;2. 고용노동행정에 종사하는 공무원 등 고용노동 관련업무 종사자에 대한 직무교육&cr;3. 청소년  청년 등 국민에 대한 노동인권 및 노동자 권리보호 관련 교육&cr;4. 교육원 외의 자가 수행하는 고용노동교육 사업에 대한 지원&cr;5. 고용노동교육 프로그램 연구개발·보급 및 관리&cr;6. 고용노동 분야 전문가의 양성 및 관리&cr;7. 고용노동교육 관련 홍보 및 상담&cr;8. 국내외 고용노동교육 관련 자료수집  통계작성 및 간행물 발간&cr;9. 고용노동교육 관련 국제협력&cr;10. 제1호부터 제9호까지의 사업 관련 부대사업&cr;11. 고용노동부장관  그 밖의 중앙행정기관 및 지방자치단체의 장이 필요하다고 인정하여 위탁하는 사업,2018. 11. 22. 한국고용노동교육원법 발의&cr;2020. 3. 31. 한국고용노동교육원법 공포(법률 제17189호)&cr;2020. 10 . 1.한국고용노동교육원법 시행&cr;2020. 10. 5. 한국고용노동교육원 출범&cr;2021. 2. 4. 기타공공기관 지정&cr;2022. 6. 10. 한국고용노동교육원법 일부개정(법률 제18930호),○ 미션 : 고용노동 인재양성을 통해 지속가능한 고용노동문화를 촉진함으로써 고용안정 및 공정한 노사관계 구축에 기여&cr;○ 비전 : 미래 고용노동문화를 선도하는 전문기관 KELI&cr;○ 전략방향&cr;- 건강한 고용노동 인식 확대&cr;- 미래 고용노동문화 기반 구축&cr;- 고용노동 네트워크 구축 및 활성화&cr;- 고용노동 미래를 위한 교육원 혁신,이종선,20260330-20290329,고려대학교 노동대학원 교수&cr;대통령비서실 사회정책비서관실(행정관),경기도,경기도 광주시 오포읍 봉골길 229(문형동  한국고용노동교육원), https://www.keli.kr,720-82-00342,-
164,한국고용정보원,준정부기관(위탁집행형),고용노동부,고용정책 기본법 제18조,20060331,고용정보의 수집 제공  직업에 관한 조사 연구  고용관련 전산 시스템의 개발 및 운영 등에 관한 업무를 효율적으로 수행함으로써 합리적인 고용정책 수립 및 국가 고용서비스 선진화에 이바지함을 목적으로 설립,○ 고용 동향  직업의 현황 및 전망에 관한 정보의 수집ㆍ관리&cr;○ 인력 수급의 동향 및 전망에 관한 정보의 제공&cr;○ 고용정보시스템 구축 및 운영&cr;&cr;○ 직업지도  직업심리검사 및 직업상담에 관한 기법(技法)의 연구ㆍ개발 및 보급&cr;&cr;○ 고용서비스의 평가 및 지원&cr;○ 상기 사업에 관한 국제협력과 그 밖의 부대사업&cr;○ 그 밖에 고용노동부장관  다른 중앙행정기관의 장 또는 지방자치단체로부터 위탁받은 사업&cr;,○ 2024. 12 : 제8대 이창수 원장 취임&cr;○ 2024. 03 : 맞춤형 디지털 고용서비스 플랫폼 '고용24' 오픈&cr;○ 2023. 12 : 국가고용정보화개발센터 완공&cr;○ 2023. 10 : 행정안전부 주관 데이터 기반 행정 분야 행정안전부 장관 표창 수상&cr;○ 2023. 05 : 제7대 김영중 원장 취임&cr;○ 2022. 11 : 행정안전부 '2022년 정부혁신 우수사례 경진대회’ 민원제도 분야 국무총리상 수상&cr;○ 2022. 08 : 국제표준 부패방지경영시스템(ISO37001) 3년 연속 인증 획득&cr;○ 2021. 12 : 정보공개 종합평가 '최우수기관' 선정&cr;○ 2021. 11 : 지역문제 해결 플랫폼 분야 행정안전부장관 표창 수상&cr;○ 2020. 11 : 안전보건경영시스템(KOSHA-MS) 인증 획득&cr;○ 2020. 03 : 제6대 나영돈 원장 취임&cr;○ 2020. 02 : 국제표준 부패방지경영시스템(ISO 37001) 인증 획득&cr;○ 2019. 12 : 과학기술정보통신부 공공소프트웨어 사업발주ㆍ관리 모범기관 선정&cr;○ 2018. 12 : 일자리포털(빅데이터 기반으로 워크넷 개편) 서비스 개시&cr;○ 2018. 10 : 온라인청년센터 오픈&cr;○ 2017. 04 : 고용보험서비스 PIMS 인증 획득&cr;○ 2017. 01 : 한국고용정보원 재난·재해 위기관리 국제표준 ISO22301 인증 획득&cr;○ 2016. 12 : 제5대 이재흥 원장 취임  가족친화인증 획득&cr;○ 2015. 03 : 프랑스 고용서비스공단과 업무 협약  WAPES 국제 컨퍼런스 개최&cr;○ 2014. 09 : 충북혁신도시 본원 이전&cr;○ 2014. 04 : 제2개원 및 비전선포식  고용행정DB통계 비주얼서비스 오픈&cr;○ 2013. 12 : 제4대 유길상 원장 취임&cr;○ 2012. 02 : 통합 HRD-Net 서비스 시작&cr;○ 2012. 01 : 차세대 워크넷 서비스 시작&cr;○ 2011. 08 : 제3대 정철균 원장 취임&cr;○ 2011. 03 : 워크넷-민간취업포털 일자리정보공유 MOU 체결&cr;○ 2010. 01 : 차세대 종합고용서비스 기반 구축&cr;○ 2009. 06 : 국가인력수급전망의 공급 및 수요전망 전담기관&cr;○ 2008. 07 : 제2대 정인수 원장 취임&cr;○ 2007. 07 : 고용지원서비스우수기관 인증업무 위탁기관으로 지정&cr;○ 2006. 03 : 한국고용정보원 개원  권재철 초대원장 취임&cr;○ 2001. 01 : 한국산업인력공단 중앙고용정보원 개원&cr;○ 1995. 05 : 노동부 중앙고용정보관리소 직제 개정&cr;○ 1979. 07 : 노동청 국립중앙직업안정소 개소,&cr;○ 미션 : 지속가능하고 미래지향적인 고용정보 제공과 고용정책 지원&cr;○ 비전 : 미래의 고용정보와 고용서비스를 선도하는 기관&cr;○ 핵심가치 : 개방(Openness)  혁신(Innovation)  공헌(Contribution)&cr;○ 2030 경영목표&cr;&cr;- AI 고용서비스 활용 건수 : 3 812 357건&cr;- 고용정보망 품질수준 : 95점&cr;- 고용정책 지원 및 활용 건수 : 4 236 595건&cr;- 국민 신뢰지수 : 262점&cr;&cr;○ 전략목표&cr;- AI 고용서비스 확산&cr;- 국가고용정보망 품질 및 보안 강화&cr;- 사회통합적 고용서비스 활용성 강화&cr;- 경영효율화 및 지속가능경영 실천&cr;,이창수,20241211-20271210,&cr;○ 한국교통안전공단 비상임감사(전)&cr;○ 국민의힘 중앙당 인권위원장(전)&cr;○ 대통령 소속 지방자치발전위원회 실무위원(전)&cr;,충청북도,충청북도 음성군 맹동면 태정로 6,https://keis.or.kr/,107-82-11255,-
165,한국고전번역원,기타공공기관,교육부,한국고전번역원법(법률 제17954호),20071123,고전문헌을 수집·정리·번역함으로써 한국학 연구의 기반을 구축하고 전통문화를 계승·발전시키는데 이바지함,○ 고전 문헌의 수집ㆍ정리 및 연구&cr;○ 고전 문헌의 편찬ㆍ번역 및 보급&cr;○ 고전 문헌의 정리ㆍ번역을 위한 인재 양성&cr;○ 고전 문헌과 관련된 대민 업무&cr;○ 고전 문헌에 관한 국내외 교류 및 협력,○ 2007. 08. 한국고전번역원법 제정·공포&cr;○ 2007. 11. 한국고전번역원 및 부설 고전번역교육원 설립/ 박석무 초대 원장 취임&cr;○ 2009. 07. 부설 고전번역교육원 전주분원 청사 건립&cr;○ 2010. 11. 제2대 이동환 원장 취임&cr;○ 2012. 01. 부설 고전번역교육원 밀양분원 설립&cr;○ 2014. 04. 제3대 이명학 원장 취임&cr;○ 2016. 11. 신청사 신축 기공식&cr;○ 2017. 02. 제4대 신승운 원장 취임&cr;○ 2018. 08. 한국고전번역원 신청사 개관식&cr;○ 2020. 02. 부설 고전번역교육원 대전분원 설립&cr;○ 2020. 03. 제5대 신승운 원장 취임&cr;○ 2023. 06. 제6대 김언종 원장 취임,○ 미      션 : 문화의 보고를 열고  전통과 미래를 이어가는 고전번역&cr;○ 비      전 : 고전문헌 현대화를 통한 국가의 문화적 위상 및 브랜드 가치 선도&cr;○ 핵심가치 : 전문  상생  책임&cr;○ 전략방향&cr;  -  국가고전번역 패러다임 선도&cr;  -  전통문화 가치확산 고도화&cr;  -  번역고도화를 선도하는 전문인재양성&cr;  -  ESG 실천 및 경영혁신,김언종,20230601-20260531,○ 고려대학교 한문학과 명예교수&cr;○ 한국고전번역학회 회장,서울특별시,서울특별시 은평구 진관1로 85, www.itkc.or.kr,101-82-16039,-
166,한국공예디자인문화진흥원,기타공공기관,문화체육관광부,민법 제32조(비영리법인의 설립과 허가),20100401,창의적인 공예문화  디자인문화  전통생활문화의 확산과 진흥을 통하여 한국 문화의 정체성을 확립하고 경쟁력을 강화하여 국민의 삶의 질 향상에 기여함을 목적으로 설립된 비영리 재단법인,ㅇ 공예·디자인·전통생활문화의 확산과 진흥,ㅇ 2000년 04월 : 재단법인 한국공예문화진흥원 설립&cr;ㅇ 2006년 11월 : 공예종합유통지원센터(현 KCDF갤러리) 건립&cr;ㅇ 2008년 03월 : 한국디자인문화재단 설립&cr;ㅇ 2010년 04월 : 한국공예·디자인문화진흥원 통합법인 설립&cr;ㅇ 2011년 01월 : 기타공공기관 지정&cr;ㅇ 2011년 08월 : 복합문화공간 문화역서울284 개관&cr;ㅇ 2014년 06월 : 부설기관 한복진흥센터 출범&cr;ㅇ 2015년 12월 : 공예문화산업 진흥 전담기관 지정&cr;ㅇ 2019년 04월 : 공공디자인 진흥 전담기관 지정&cr;ㅇ 2020년 05월 : 한지문화산업센터 개관&cr;ㅇ 2020년 08월 : 전통생활문화본부 신설&cr;ㅇ 2025년 01월 : 전통문화산업 진흥 전담기관 지정,&cr;ㅇ 미션 : 공예  디자인  전통생활문화의 진흥을 통하여 한국문화의 미래 지평을 모색하고 새로운 방향성을 제시하여 국민 삶의 질 향상에 기여&cr;ㅇ 비전 : 전통과 현대를 아우르는 일상 속 생활문화 동반자&cr;ㅇ 전략 목표&cr;가. 전통문화시장 생태계 조성&cr;나. 한국공예 성장기반 고도화&cr;다. 공공디자인을 통한 국민편익 실현&cr;라. 지속가능한 책임경영&cr;ㅇ 핵심가치 : 창의·융합  상생·협력  인권·존중&cr;,김경배,20260430-20290429,&cr;ㅇ 1993~1996 ㈜대우전자 사원&cr;ㅇ 1999~2000 ㈜세올디자인 실장 &cr;ㅇ 2001~2003 경희대학교 강의전임교수 &cr;ㅇ 2003~2011 디자인아이콘 대표 &cr;ㅇ 2011~2015 ㈜이노디자인 부사장 &cr;ㅇ 2015~2017 Easepal Group 디자인센터장&cr;ㅇ 2017~2018 ㈜세올디자인컨설팅 부대표 &cr;ㅇ 2018~2019 ㈜퓨처로봇 상무(부문장)&cr;ㅇ 2019~2020 디자인하우스큐 대표&cr;ㅇ 2020~        경기대학교 한류문화대학원 교수&cr;,서울특별시,서울특별시 종로구 율곡로 53  해영회관 5층,www.kcdf.or.kr,101-82-07511,-
167,한국공정거래조정원,기타공공기관,공정거래위원회,&cr;독점규제 및 공정거래에 관한 법률 제72조(한국공정거래조정원의 설립 등)&cr;① 다음 각호의 업무를 수행하기 위하여 한국공정거래조정원(이하 "조정원"이라 한다)을 설립한다.&cr;1. 제45조제1항을 위반한 혐의가 있는 행위와 관련된 분쟁의 조정&cr;2. 다른 법률에서 조정원으로 하여금 담당하게 하는 분쟁의 조정&cr;3. 시장 또는 산업의 동향과 공정경쟁에 관한 조사 및 분석&cr;4. 사업자의 거래 관행과 행태의 조사 및 분석&cr;5. 제90조제7항에 따라 공정거래위원회로부터 위탁받은 제89조제3항에 따른 동의의결의 이행관리&cr;6. 제97조의2제2항에 따라 공정거래위원회로부터 위탁받은 시정조치의 이행관리&cr;7. 공정거래와 관련된 제도와 정책의 연구 및 건의&cr;8. 그 밖에 공정거래위원회로부터 위탁받은 사업&cr;② 조정원은 법인으로 한다.&cr;③ 조정원의 장은 제57조제2항 각 호의 어느 하나에 해당하는 자 중에서 공정거래위원회 위원장이 임명한다.&cr;④ 정부는 조정원의 설립과 운영에 필요한 경비를 예산의 범위 안에서 출연하거나 보조할 수 있다.&cr;⑤ 조정원에 관하여 이 법에서 규정한 것 외에는 「민법」 중 재단법인에 관한 규정을 준용한다.&cr;,20071203,불공정거래행위로 인한 중소기업의 피해를 당사자간의 자율적인 조정을 통해서 신속하게 해결하고 새로이 발생하는 산업분야 및 거래행태에 대한 조사연구를 통해 법집행의 효율성을 지원하고 경쟁문화 확산을 위해 교육기능을 수행할 기구의 필요성이 제기되어 본 기관을 설립함,&cr;□ 분쟁조정을 통한 중소사업자 피해구제&cr; ㅇ 일반 불공정거래  가맹  하도급  대규모유통업  대리점 등 사업자 간 분쟁을 무료로 조정&cr;□ 맞춤형 공정거래 지원 및 피해 예방&cr; ㅇ 가맹  대리점종합지원 서비스 제공  공정거래 전문교육 진행&cr;□ 공정거래 문화 정착 및 피해 예방&cr; ㅇ 공정거래협약이행평가  공정거래 자율준수프로그램(CP) 등급평가  동의의결 이행관리  시정조치 이행관리  정보공개서 등록 수행&cr;□ 공정거래 제도 발전을 위한 연구&cr; ㅇ 주요 산업별 경쟁 제한성 분석 및 업종별 거래행태 등에 대한 조사 및 연구&cr;,&cr;&cr;&cr; 2007. 08. 03. 한국공정거래조정원 설립근거 마련(공정거래법 제72조)&cr; 2007. 12. 03. 공정거래법에 의거 한국공정거래조정원 설립&cr; 2008. 02. 04. 한국공정거래조정원 업무 개시&cr; 2009. 01. 13. 민원상담 및 신속한 피해구제를 위한 1490 콜센터 운영 개시&cr; 2010. 03. 09. 중소기업  소상공인 대상 무료 법률상담서비스 실시&cr; 2010. 06. 10. 공정거래자율준수프로그램(CP) 등급평가 위탁사업 실시&cr; 2011. 02. 10. 공정거래 전문교육 위탁사업 운영&cr; 2011. 06. 30. 하도급 분쟁조정 업무 개시&cr; 2012. 01. 01. 대규모유통업거래 분쟁조정 업무 개시&cr; 2012. 08. 18. 약관 분쟁조정 업무 개시&cr; 2013. 02. 21. 청사 이전(상공회의소 회관)&cr; 2014. 02. 07. 기타 공공기관 지정&cr; 2017. 01. 02. 대리점 분쟁조정 업무 개시&cr; 2020. 01. 02. 공정거래 협약이행평가 업무 개시&cr; 2020. 09. 22. 가맹종합지원센터 업무 개시&cr; 2021. 05. 20. 동의의결이행관리 업무 개시&cr;&cr; 2022. 06. 21. 중소기업 기술자료 비밀보호 컨설팅 업무 개시&cr; 2022. 09. 26. 대리점종합지원센터 업무 개시&cr; 2023. 11. 27. 하도금대금 연동 확산 지원본부 업무 개시&cr; 2023. 12. 22. 시정조치 이행관리 업무 개시&cr; 2026. 04. 01. 공정거래종합지원센터 개소&cr;,&cr;□ 미션: 불공정거래 행위로부터 중소사업자의 권익을 보호하여 국민경제의 균형발전에 기여한다.&cr;□ 비전: 중소사업자의 신속한 피해구제와 공정거래 문화 확산에 앞장서는 전문기관&cr;□ 전략목표Ⅰ: 분쟁조정을 통한 불공정거래 피해구제&cr;  ㅇ 전략과제:&cr;    - 합리적인 조정안 제시&cr;    - 공정하고 객관적인 조정절차 진행&cr;    - 직원교육과 노하우 공유를 통한 전문성 확보&cr;□ 전략목표Ⅱ: 중소사업자 고충 해소와 피해 예방&cr;  ㅇ 전략과제:&cr;   - 중소사업자 대상 피해예방 교육과 분쟁조정 홍보&cr;   - 맞춤형 구제방안을 제시하는 민원상담&cr;   - 피해 가맹점사업자들에 대한 소송지원 등 법률조력&cr;□ 전략목표Ⅲ: 상생협력 문화 확산&cr;  ㅇ 전략과제:&cr;   - CP등급평가 수행을 통한 자율준수 문화 조성&cr;   - 대중소기업간 상생 촉진을 위한 협약이행평가 수행&cr;   - 내실있는 동의의결 및 시정조치 이행 점검으로 제도 신뢰성 제고&cr;□ 전략목표Ⅳ: 공정거래 제도 혁신을 위한 연구&cr;  ㅇ 전략과제:&cr;   - 시의성있는 연구주제 발굴&cr;   - 공정위 등 유관기관과의 연구협력 강화&cr;   - 연구성과의 적극적인 확산 및 공유&cr;,최영근,20230704-20260703,공정거래위원회 카르텔조사국장&cr;공정거래위원회 서울지방공정거래사무소장&cr;공정거래위원회 기획조정관,서울특별시,서울특별시 중구 세종대로 39(남대문로4가) 서울상공회의소회관 9층,www.kofair.or.kr,114-82-09005,-
168,한국공항공사,공기업(시장형),국토교통부,한국공항공사법 제1조,20020302,공항을 효율적으로 건설ㆍ관리ㆍ운영하고  항공산업의 육성ㆍ지원에 관한 사업을 수행하도록 함으로써 항공수송을 원활하게 하고  나아가 국가경제 발전과 국민복지 증진에 이바지함,ㅇ공항의 관리ㆍ운영사업 및 이에 필요한 주변지역 개발 &cr;ㅇ항공종사자 양성을 위한 교육훈련사업 및 이에 필요한 훈련시설의 설치운영 &cr;ㅇ공항시설 및 비행장시설의 관리ㆍ운영사업 &cr;ㅇ공항개발사업 중 항공기  여객 화물처리시설 및 공항운영에 필요한 시설 등의 신설ㆍ증설ㆍ개량 &cr;ㅇ항공기취급업 및 항공기정비업 &cr;ㅇ비행장개발사업 중 비행장시설의 신설ㆍ증설ㆍ개량 &cr;ㅇ항공교통과 육상ㆍ해상교통의 연계를 위한 터미널 등 복합 교통시설의 설치 및 운영사업 &cr;ㅇ공항 및 공항시설의 건설ㆍ관리ㆍ운영과 관련된 조사ㆍ연구 및 기술개발 &cr;ㅇ위 조사연구 및 기술개발사업으로 개발된 장비의 제작판매 및 수출 &cr;ㅇ공항소음방지 및 소음대책지역 지원에 관한 법률에 따른 공항소음대책사업 및 주민지원사업 &cr;ㅇ공항ㆍ비행장의 건설 및 관리ㆍ운영과 관련하여 국가 또는 지방자치단체가 위탁하는 사업 &cr;ㅇ위 사업들의 국외에서의 시행과 국내외 시행사업 및 그와 관련된 사업에 대한 투자,ㅇ1979.12.28. 국제공항관리공단법 공포(법률 제3219호) &cr;ㅇ1980.5.30. 국제공항관리공단 설립(1980.7.1 김포국제공항 인수운영) &cr;ㅇ1983.~1990. 부산ㆍ제주ㆍ대구 등 11개 지사 설립 &cr;ㅇ1990.4.7. 한국공항관리공단으로 명칭변경(법률 제4235호) &cr;ㅇ1991.12.14. 한국공항공단으로 명칭변경 및 수도권 신공항건설사업 추가 (법률 제4436호) &cr;ㅇ1992.5.~11. 목포  군산지사 설립 &cr;ㅇ1994.9.1. 신공항건설본부 폐지 (수도권신공항건설공단법 제정 법률 제 4779호) &cr;ㅇ1994.12.31. 항로시설본부 설립(1995.3.1 인수운영) &cr;ㅇ1997.1.15. 청주  원주지사 설립 &cr;ㅇ1999.1.15. 항공무선표지소 인수운영(안양 등 8개소) &cr;ㅇ2001.3.29. 김포공항 국제선 인천공항으로 이전 &cr;ㅇ2002.3.2. 한국공항공사 설립 &cr;ㅇ2002.4.3. 속초지사 폐지 및 양양지사 설립 &cr;ㅇ2002.12.3. 강릉지사 폐지 &cr;ㅇ2005.1.25. 예천지사 폐지 &cr;ㅇ2007.10.23. 목포지사 폐지 및 무안지사  항공무선표지소(부안 외 1개소) 설립 &cr;ㅇ2008.3.28. 연구개발장비의 제작ㆍ판매 및 해외공항사업 추가(법률 제9067호 ) &cr;ㅇ2010.7. 8. 울진 비행교육훈련원 인수ㆍ운영 &cr;ㅇ2014.3.18. 설립목적 확대 및 항공종사자 양성사업 추가(법률 제12474호) &cr;ㅇ2014.11.22. 항공기취급업 및 항공기정비업 추가(법률 제12650호) &cr;ㅇ2016.6.16. 서울김포비즈니스항공센터 설립ㆍ운영&cr;ㅇ2017.6.13. 항공훈련센터 설립ㆍ운영 &cr;ㅇ2022.7.14. 포항공항 명칭변경 (포항공항 → 포항경주공항),ㅇ 비&cr;전 : &cr;안전과 신뢰로 미래를 여는 공항&cr;&cr;&cr;ㅇ 핵심가치 : &cr;안전 우선  성장 지향  혁신 주도  소통 상생&cr;&cr;&cr;ㅇ&cr; 경영목&cr;표&cr;&cr;- &cr;안&cr;전 최우선 친환경 공항 &cr;- 고객 중심 지속가능경영 &cr;- AIㆍ디지털 공항 대전환 &cr;- 국민신뢰 최고수준 &cr;&cr;&cr;&cr;&cr;ㅇ 4대 전략방향&cr;&cr;1. &cr;안전책&cr;임 균형발전 공항 조성&cr;2. 공항 비즈니스모델 혁신&cr;3. 차세대 미래공항 구현&cr;4. 내부경쟁력 기반 책임경영 실현&cr;&cr;&cr;ㅇ 12대 전략과제 &cr;&cr;1. 국민이 신뢰하는 안전/보안 실현&cr;2. 친환경 미래 공항 가치 구현 &cr;3. 공항 중심의 균형성장 지원 &cr;4. 고객 중심 공항기능 최적화 &cr;5. 핵심사업 중심 수익구조 고도화 &cr;6. 항공산업 부가가치 창출 &cr;7. 스마트 여객 서비스 구현 &cr;8. AI 공항운영 시스템 전환 &cr;9. 디지&cr;털 생태계 기반 마련 &cr;10. 경영 안정성 확보 역량 제고&cr;11. 조직문화 및 인재 혁신&cr;12. 상생과 신뢰 기반&cr; 사회적 책임 강화&cr;&cr;, 공석,-,-,서울특별시,서울특별시 강서구 하늘길 78,http://www.airport.co.kr,109-81-76596,-
169,한국과학기술기획평가원,기타공공기관,과학기술정보통신부,과학기술기본법 제20조,19990201,한국과학기술기획평가원은 과학기술 관련 정책 및 계획의 수립·조정  국가연구개발사업의 체계적인 조사·분석·평가와 예산의 배분·조정  과학기술 국제협력 등에 관한 연구 및 지원 관련 업무를 효율적으로 수행함으로써 과학기술진흥에 기여함을 목적으로 한다.,&cr;○ 과학기술 예측 및 전략수립 지원&cr;- 과학기술 중장기 발전전략 수립 및 미래 이슈 발굴·분석&cr;- 과학기술예측  기술영향평가  기술수준평가 등 기술기획&cr;○ 과학기술 정책·계획 수립 지원&cr;- 과학기술기본계획 수립 및 과학기술정책 총괄 기획·조정&cr;- 과학기술인력 및 지방과학기술 정책 기획·기반 연구&cr;- 국가R&D 사업 관리제도 기획·운영 및 R&D제도 개선&cr;- 국가 과학기술외교·국제협력 전략 수립 연구 및 네트워크 구축&cr;○ 국가연구개발사업 예산배분·조정 지원&cr;- 국가R&D 투자방향·기준·우선순위 설정 지원&cr;- 국가R&D 예산배분·조정 지원 및 관련 이슈 발굴·분석&cr;○ 국가연구개발사업 조사·분석·평가 및 성과확산 지원&cr;- 국가R&D 조사·분석 및 연구개발활동조사&cr;- 국가R&D 자체·상위 및 특정평가 지원 및 제도 기획&cr;- 국가 R&D 성과발굴·활용 및 확산&cr;○ 국가연구개발사업 예비타당성조사&cr;- 대형 국가연구개발사업 예비타당성조사 수행&cr;- 국가연구개발사업 예비타당성조사 제도개선 및 기반연구&cr;,&cr;○ 1999.02.01 : 한국과학기술평가원 설립&cr;- '과학기술혁신을위한특별법' 제6조의2에 근거 과학기술정책관리연구소로부터 분리 신설&cr;○ 2001.07 : 한국과학기술기획평가원으로 확대 개편&cr;- '과학기술기본법' 제20조에 근거&cr;- 국가연구개발사업의 효율적 추진을 위한 기획 기능 강화&cr;○ 2005.02 : 기획·조정·평가 전문기관으로 기능 재정립&cr;- 한국과학재단(現한국연구재단)으로 연구관리 사업 및 인력 이관&cr;- 과학기술혁신본부 전담지원 및 정책기능 강화&cr;○ 2007.11 : 부설 연구개발인력교육원설립&cr;○ 2011.03 : 상설 국가과학기술위원회 전담지원 및 기능 강화&cr;- 교육과학기술부에서 국가과학기술위원회로 소관 변경&cr;- 한국연구재단으로 부설 연구개발인력교육원 이관&cr;○ 2013.03 : 국가과학기술위원회에서 미래창조과학부(現과학기술정보통신부)로 소관 변경&cr;○ 2014.01 : 한국연구재단에서 부설 연구개발인력교육원 재이관&cr;- 국가과학기술인력개발원으로 명칭 변경&cr;○ 2019.12. : 충북혁신도시로 기관 이전&cr;,○ 미션&cr;- 과학기술혁신전략 전문성 강화로 투자 효과성 제고와 기술선도 성장에 기여&cr;○ 비전&cr;- 지속가능한 미래 성장동력을 창출하는 과학기술 혁신전략 선도 기관&cr;○ 전략목표&cr;- 과학기술혁신 전략기획 Think-Tank 위상 제고&cr;- 글로벌 기술안보 관점의 전략 허브 역할 강화&cr;- 전략적 R&D예산 배분 및 투자시스템 구축&cr;- R&D사업 사전점검·분석 및 평가체계 고도화&cr;- 혁신기반 및 정보 플랫폼 구축을 통한 성과 창출 역량 강화&cr;- ESG 경영을 통한 지속가능 성장 및 인적 역량 고도화&cr;- AI 기반 업무 혁신 및 임무 중심 운영체계 확립, 공석,-,-,충청북도,충청북도 음성군 맹동면 원중로 1339,https://www.kistep.re.kr/,229-82-01678,-
170,한국과학창의재단,기타공공기관,과학기술정보통신부,과학기술기본법 제30조의2,19671221,과학기술에 대한 국민의 이해와 지식수준을 높이고 국민생활 및 사회전반에 과학기술이 널리 보급·이용될 수 있도록 과학기술문화를 창달하며  국민의 창의성을 함양하고 창의적 인재를 육성하여 국가 발전에 기여함,- 과학기술문화 창달 및 창의적 인재육성 지원을 위한 조사 연구 및 정책 개발&cr;- 청소년 및 일반국민의 과학기술 이해 증진 및 확산 사업&cr;- 과학기술문화활동  창의적 인재육성 사업 및 관련 단체의 육성·지원&cr;- 과학기술홍보  과학기술문화확산 및 창의적 인재육성을 위한 대중매체사업 운영 및 지원&cr;- 과학기술창달 및 창의적 인재육성과 관련된 과학문화·예술 등 융합 프로그램 개발 지원&cr;- 과학기술문화 및 창의적 인재육성 관련 국제교류 및 협력&cr;- 과학기술문화확산 및 과학교육을 위한 방송채널 사용사업&cr;- 과학·수학·정보 교육과정  창의적 인재육성 및 융합교육(STEAM) 프로그램 개발&cr;- 고등학교 이하 각 급 학교 과학·수학·정보 교육과정의 연구 및 개발&cr;- 과학·수학·정보 교과서 개발 및 지원&cr;- 과학·수학·정보 교육과정 발전방안 연구&cr;- 과학·수학·정보 교육과정에 관한 정보제공 및 자료 발간&cr;- 과학·수학·정보 교육과정에 관한 교육·연수·홍보 및 운영지원&cr;- 교원 등 창의적 인재 교육 전문가 육성·연수 지원 및 교육연수원 운영&cr;- 과학·수학·정보 분야 영재의 발굴·육성 및 지원 등 과학영재 관련 사업&cr;- 소프트웨어 및 인공지능 인재 양성과 문화 확산을 위한 정책 기획 및 조사·연구  교육과정 연구개발과 관련 사업 개발·운영,1967.12. 한국과학기술후원회 설립&cr;1972.01. 한국과학기술진흥재단으로 개편&cr;1996.03. 한국과학문화재단으로 개편&cr;1997.04. 「과학기술혁신을위한특별법」제정으로 기관 설립의 근거 명확화(제19조)&cr;2001.01. 「과학기술기본법」제정으로 사업영역 명확화(제30조)&cr;2004.04. 「정부산하기관관리기본법」제정으로 정부산하기관 지정&cr;2007.04. 「공공기관의 운영에 관한 법률」제정으로 준정부기관(위탁집행형) 지정&cr;2008.09. 한국과학창의재단으로 확대 개편&cr;2011.07. 「특정연구기관 육성법」개정에 따른 특정연구기관 지정(시행령 3조)&cr;2023.01. 기획재정부 공공기관운영위원회 의결에 따른 기타공공기관 변경지정,ㅇ 미션&cr; - 과학기술문화 창달 및 창의적 인재육성 체제 구축&cr;ㅇ 경영목표&cr; - 과학기술문화 조성 및 미래 과학기술인재 양성의 국내 최고 수준의 현장 정책 전문기관&cr;ㅇ 전략목표&cr; - 과학기술과 사회 소통 활성화 &cr; - 이공계 우수 인재 유입 확대&cr; - 미래세대의 디지털 역량 강화&cr;ㅇ 성과목표&cr; - 지역의 자생적 과학기술문화 확산 지원&cr; - 모두가 참여하는 과학기술 소통 확대&cr; - 과학기술문화 확산 인프라 활성화&cr; - 과학영재 발굴·육성 혁신과 도약&cr; - 기초 역량 강화를 위한 과학·수학 교육 추진&cr; - 융합인재 양성을 위한 체계 강화&cr; - 양질의 디지털· AI 학습 기회 확대&cr; - 학교 디지털 교육 지원체계 구축&cr; - 데이터 기반 인재 양성 시스템 혁신&cr; - 과학기술 문화확산 및 인재양성 정책 전문성 체계 확립&cr; - 직무 중심 HR체계 기반 현장 정책 전문가 육성&cr; - 현장 정책 전문성 확보를 위한 일하는 방식·문화·시스템 혁신,정우성,20241105-20271104,포항공과대학교 교수&cr;미래인재특별위원회 위원&cr;국가과학기술자문회의 자문위원&cr;국립대구과학관 이사,서울특별시,서울특별시 강남구 테헤란로7길 22  과학기술회관 2관 4~5층, www.kosac.re.kr,120-82-00464,-
171,한국관광공사,준정부기관(위탁집행형),문화체육관광부,한국관광공사법,19620626,관광진흥  관광자원개발  관광산업 연구·개발 및 관광 관련 전문인력 양성·훈련에 관한 사업을 수행함으로써 국가경제 발전과 국민복지 증진에 이바지함,○ 국제관광 진흥&cr;○ 국민관광 진흥&cr;○ 관광자원 개발&cr;○ 관광산업의 연구· 개발&cr;○ 관광 관련 전문인력의 양성· 훈련&cr;○ 기타 부대사업,○ (1962) 국제관광공사 설립&cr;○ (1982) 한국관광공사로 명칭 변경&cr;○ (2005) 그랜드코리아레저(주) 설립&cr;○ (2014) 본사 원주 이전&cr;○ (2018) 기관 유형변경 ※공기업(준시장형) → 준정부기관(위탁집행형),○ (설립목적) 관광을 통해 국가경제 발전을 선도하고 국민복지 증진에 기여한다&cr;○ (미래상) 세계인을 한국으로  국민을 행복으로 이끄는 관광 선도기관&cr;&cr;○ 중장기 경영목표(~'30년까지)&cr;1. 방한 외래관광객 수 3 000만 명&cr;2. 비수도권 집중마케팅 지점 방문객 수 3 580만 명&cr;3. 관광 서비스·인프라 혁신 달성도 100% 달성&cr;4. AI친화적 관광데이터 개방건수 69.2만 건&cr;5. 지속가능경영 활동 성과 최고수준 유지&cr;&cr;○ 전략방향 및 10대 과제&cr;1. 방한관광 수요의 질적·양적 성장 촉진&cr;(1) 시장 맞춤형 마케팅 및 브랜딩 강화&cr;(2) 고부가가치 외래 관광 시장 육성&cr;2. 관광을 통한 지역발전 선도&cr;(1) 국민 관광수요 및 지원 확대&cr;(2) 지역관광 균형성장 지원&cr;3. 관광산업 확장과 경쟁력 강화&cr;(1) 관광 수용태세 개선&cr;(2) 관광기업 및 전문 인력 육성&cr;4. AI·데이터 기반 관광혁신&cr;(1) AX·DX 기반 관광 서비스 고도화&cr;(2) 관광 데이터 개방 및 활용 확대&cr;5. 지속가능한 경영체계 확립&cr;(1) 관광 ESG 선도&cr;(2) 직무 중심 경영 강화,박성혁,20251231-20281230,(전) 제일기획 글로벌부문장(부사장)&cr;(전) 제일기획 유럽총괄장  북미총괄장(전무)&cr;(전) 제일기획 글로벌본부장(상무),강원도,강원도 원주시 세계로10  한국관광공사,http://knto.or.kr,202-81-50707,-
172,한국관세정보원,기타공공기관,관세청,관세법 제327조의2(한국관세정보원의 설립),20240701,「관세법」 제327조2에 따라 관세정보시스템을 안정적으로 운영·관리하고  관세정보시스템의 지능정보화를 촉진하여 통상환경을 개선함으로써 국민경제의 발전에 이바지함을 목적으로 설립,·관세정보의 운영 및 관리&cr;&cr;·관세정보시스템 운영 및 관리&cr;&cr;·관세정보시스템의 지능정보화 촉진을 위한 기획·조사·컨설팅·연구·교육·홍보,· 2023년 10월 관세법 일부개정법률안 발의&cr;· 2023년 12월 관세법 일부개정법률안 공포&cr;· 2024년 1월 특수법인 한국관세정보원 설립위원회 구성&cr;· 2024년 7월 한국관세정보원 설립,&cr;&cr;[미션]&cr;안정적 관세정보시스템 운영과 효율적 무역환경 조성으로 지속적 국가경제 성장에 기여&cr;[비전]&cr;언제나  어디서나 편리하고 안전한 무역환경을 제공하는 국가관세종합정보시스템 운영기관&cr;[목표]&cr; ·높은 전문성과 데이터 기반의 혁신을 통해 지능형 관세정보시스템의 안정적 운영&cr;·투명한 소통과 청렴한 경영으로 국민에게 신뢰받는 관세행정 서비스를 제공&cr;,김종덕,20240701-20270630,·관세청 광주세관장&cr;·관세청 인천공항세관 통관감시국장&cr;·관세청 부산세관 신항통관감시국장,대전광역시,대전광역시 서구 대덕대로 220번길 35 5층,https://kcits.or.kr,356-82-00554,-
173,한국광해광업공단,공기업(준시장형),산업통상부,한국광해광업공단법,20210910,체계적인 광해관리와 광물자원산업의 육성·지원으로 지역 및 국민경제 활성화와 자원안보에 기여,ㅇ 광해광업 전주기 민간지원&cr;  - 탐사~광해 복구까지 전주기 지원체계 효율화를 통해 민간 자원개발 및 광해 관리 활동을 적극적으로 지원&cr;ㅇ 광산 및 폐광지역 발전&cr;  - 광산지역 주거환경 개선 및 지역경제 활성화 지원으로 사회적가치 창출을 통한 국민 경제발전 및 행복 증진 도모&cr;ㅇ 자원안보 기여&cr;  - 산업원료 광물의 안정적 생산 및 공급을 위한 기반 확충  개발 가능한 원료광물의 확보 및 개발 지원  희소금속 비축관리 효율화를 통한 안정적 확보,ㅇ 2021. 9. 10. 한국광해광업공단 출범&cr;  - 종전 한국광해관리공단과 한국광물자원공사를 통합하여 신규 기관으로 출범&cr;ㅇ 2021. 12. 14. 공공기관 변경지정 (준시장형 공기업),ㅇ 핵심광물 공급망 안정화&cr;  - 양·다자 협력 및 도입 체계 강화&cr;  - 핵심광물 비축 확대 및 효율적 운용&cr;  - 핵심광물 재자원화 및 생산기반 구축&cr;ㅇ 친환경 광해관리 고도화&cr;  - 광해방지사업 효과 ·효율성 제고&cr;  - 현장중심 안전관리 체계 확립 및 지원&cr;  - 탄소중립 지원순환 시스템 구축&cr;ㅇ 지역 경제·산업 활성화&cr;  - 폐광지역 경제진흥사업 선도&cr;  - 광산지역 상생협력 생태계 조성&cr;  - AI 기술 기반 자원산업 전문화&cr;ㅇ 책임경영 거버넌스 강화&cr;  - AX 기반 경영혁신 및 핵심역량 확보&cr;  - 지속가능성을 위한 ESG 경영 강화&cr;  - 경영 효율화를 통한 재무구조 개선,황영식,20250415-20280414,한국광해광업공단 사장&cr;한국광해광업공단 비상임이사&cr;한국광해관리공단 비상임이사&cr;한국일보사 주필  이사,강원도,강원도 원주시 혁신로 199 (본관)&cr;원주시 세계로 2    (별관),www.komir.or.kr,846-82-00509,-
174,한국교육개발원,기타공공기관,국무조정실,정부출연연구기관등의 설립·운영및 육성에 관한 법률 제8조(연구기관의 설립),19720830,한국 교육이 당면한 제반 문제 해결과 미래 교육을 위한 종합적·과학적 연구를 수행하고 혁신적 교육체제를 개발함으로써 교육을 통한 국민의 삶의 질 제고와 국가 발전에 기여함,ㅇ유·초·중등교육  고등교육  평생교육 정책에 관한 종합적인 연구·개발&cr;ㅇ교원  교육재정  교육시설·환경에 관한 연구·개발&cr;ㅇ원격교육에 관한 연구·개발&cr;ㅇ글로벌 교육협력에 관한 연구·개발&cr;ㅇ영재교육에 관한 연구·개발&cr;ㅇ교육조사·통계에 관한 연구·개발&cr;ㅇ연구 및 사업과 관련한 조사  교육·연수  연구 성과 확산  공동 연구  수탁  진단·컨설팅 등의 운영,ㅇ1999.01 : 「정부출연연구기관설립·운영및육성에관한법률」의 제정·공포로 국무총리실 산하 인문사회연구회로 소관 변경&cr;ㅇ2000.02 : 평생교육센터 주관기관으로 지정&cr;ㅇ2001.12 : 한국바로알리기사업 주무기관으로 지정&cr;ㅇ2002.04 : 영재교육연구원 주관기관으로 지정&cr;ㅇ2003.03 : 한국바로알리기사업「한국정신문화연구원」으로 이관&cr;ㅇ2005.07 : 인문사회연구회에서 경제·인문사회연구회로 소관 변경&cr;ㅇ2006.05 : 교육시설민간투자지원센터 주관기관으로 지정&cr;ㅇ2006.09 : 교육안전망지원센터 주관기관으로 지정&cr;ㅇ2007.04 : 「공공기관의 운영에 관한 법률」 제정 및 기획재정부 공공기관 지정 고시에 따른 "기타공공기관" 지정&cr;ㅇ2008.01 : 대학정보공시제 총괄기관으로 지정&cr;ㅇ2008.02 : 평생교육센터 및 학점은행 운영 기능 「평생교육진흥원」으로 이관&cr;ㅇ2009.03 : 사교육없는학교 지원 사업 주관기관으로 지정&cr;ㅇ2009.08 : 탈북청소년교육지원센터 및 교과교실제지원센터 주관기관으로 지정&cr;ㅇ2010.01 : 교원양성기관평가센터 주관기관으로 지정&cr;ㅇ2010.05 : 교육분야 FTA 협상지원 전문연구기관으로 지정&cr;ㅇ2010.05 : 고교 교육력 제고 지원사업 및 지방교육재정연구센터 주관기관으로 지정&cr;ㅇ2010.07 : Wee프로젝트 연구센터 주관기관으로 지정&cr;ㅇ2010.12 : 대학정보공시제 운영사업 「한국대학교육협의회」로 이관&cr;ㅇ2011.01 : 자기주도 학습전형 지원센터 주관기관으로 지정&cr;ㅇ2011.02 : 창의경영학교 지원사업 주관기관으로 지정&cr;ㅇ2011.03 : 교원노사관계 지원센터 주관기관으로 지정&cr;ㅇ2012.01 : 제5차 APEC 교육장관회의 전문기관 지정&cr;ㅇ2012.02 : 국제협력 선도대학 육성·지원사업 전문기관 지정&cr;ㅇ2012.07 : 학교폭력예방연구·지원 전문기관 지정&cr;ㅇ2012.11 : 방송통신중학교 설치·운영&cr;ㅇ2012.11 : UNESCO 교육통계 협력기관 지정&cr;ㅇ2012.11 : 통계청 주관 통계개선 최우수기관 선정&cr;ㅇ2013.04 : 자유학기제 지원센터 지정&cr;ㅇ2014.01 : 2015 세계교육회의 개최 준비를 위한 전문기관 지정&cr;ㅇ2014.05 : 미래부 소관 민간투자사업 재무모델 검토 전문기관 지정&cr;ㅇ2014.06 : 대학 구조개혁 평가기관 위탁 지정&cr;ㅇ2015.03 : 한국폴리텍대학 및 한국기술교육대학교 임대형 민자사업(BTL)재무모델 검토 전문기관 지정&cr;ㅇ2017.02 : 충북혁신도시 진천청사 이전 완료&cr;ㅇ2017.06 : 국가교육통계센터 지정(교육통계센터 기능 1997년부터 수임)&cr;ㅇ2019.07 : 민간투자사업 제안서 검토 전문기관 지정&cr;ㅇ2023.03 : 디지털교육지원센터 위탁 기관 지정&cr;ㅇ2023.08 : 국가교육발전연구센터 지정&cr;ㅇ2024.02 : 늘봄중앙지원센터 지정&cr;ㅇ2024.04 : 제 20대 고영선 원장 취임,Ⅰ. 미래 인재 양성을 위한 창의적 교육 혁신 선도&cr;Ⅰ-1. 학습자의 미래역량 강화를 위한 교육체제 혁신&cr;Ⅰ-2. 국민이 공감하는 교육정책 현안 대응&cr;Ⅰ-3. 중장기 교육정책 설계를 위한 합리적 정책 방향 제시&cr;Ⅱ. 연구 수월성 확보를 위한 연구체계 확립&cr;Ⅱ-1. 연구수월성 확보를 위한 창발적 기획 및 성과확산 체계 마련&cr;Ⅱ-2. 융합적 정책네트워크 기반 정책 기여 강화&cr;Ⅱ-3. 실증적 교육정책 연구를 위한 데이터 기반 구축&cr;Ⅲ. 국민 신뢰성 제고를 위한 경영혁신&cr;Ⅲ-1. 유연하고 창의적인 조직 체계 구축&cr;Ⅲ-2. 상호 존중 및 협력적 조직 문화 안착&cr;Ⅲ-3. 지속가능한 책임경영 실현,고영선,20240425-20270424,ㅇ교육부 교육발전특구위원회 위원장&cr;ㅇ한국개발연구원 연구위원&cr;ㅇ고용노동부 차관&cr;ㅇ국무조정실 국무2차장,충청북도,충청북도 진천군 덕산읍 교학로7,www.kedi.re.kr,229-82-00719,-
175,한국교육과정평가원,기타공공기관,국무조정실,정부출연연구기관등의설립·운영및육성에관한법률 제8조제1항,19980101,한국교육과정평가원은 고등학교 이하 각급 학교의 교육과정을 연구·개발하며 각종 교육평가를 연구·시행함으로써 학교 교육의 질적 향상 및 국가 교육 발전에 이바지함을 목적으로 한다.,&cr;o 교육과정 연구·개발&cr;- 교육과정 연구·개발 및 중장기 발전 방안 연구&cr;- 미래교육과정  교수학습  교육평가  교과교육 관련 연구&cr;- 고교학점제 현장 안착을 위한 지원 및 연구&cr;o 교육평가 연구·개발&cr;- 초·중·고등학교 학생평가 지원 및 관리&cr;- 학생평가 방법 고도화 연구 및 교사의 평가 전문성 함양 지원&cr;- 국가수준 학업성취도 평가의 안정화 및 현대화&cr;- 국제 학업성취도 평가 연구 및 국제 협력 강화&cr;o 교실수업 혁신 연구·개발&cr;- 국가수준 기초학력 향상 지원 및 연구&cr;- 초·중·고등학교 교실 수업 혁신 방안 및 지원 연구&cr;- 공교육정상화법 시행 지원을 위한 연구&cr;o 교과용도서 연구 및 검정 수행&cr;- 초·중·고 교과용도서 및 AI 디지털 교육 자료 관련 연구&cr;- 초·중·고 교과용도서 검정 수행&cr;o 각종 국가고사 출제·관리&cr;- 각종 국가고사 출제·관리 &cr;- 대학수학능력시험&cr;- 대학수학능력시험모의평가(연2회)&cr;- 중입·고입·고졸검정고시(연2회)&cr;- 초등학교·유치원·특수학교교사 신규임용후보자 선정 경쟁시험&cr;- 중등학교교사 신규임용후보자 선정 경쟁시험&cr;- 시·도교육청 연합학력평가 채점 및 결과 분석(수시)&cr;,&cr;o 95.05.31. 교육개혁안 발표(대통령자문 교육개혁위원회)&cr;- 「교육과정평가원」 설치 방침 발표&cr;o 97.08.22. 「한국교육과정평가원법」 공포 (법률 제5344호)&cr;o 97.12.16. 「한국교육과정평가원」 정관 인가 및 설립 등기&cr;- 「한국교육과정평가원」 임원 선임&cr;o 98.01.01. 한국교육과정평가원 개원&cr;- 초대 원장 박도순 박사 취임&cr;o 99.01.29. 「정부출연연구기관등의설립·운영및육성에관한법률」 공포 (법률제5733호)&cr;- 한국교육과정평가원법 및 동법 시행령  시행규칙 폐지&cr;- 지도감독기관이 교육부에서 국무총리실 산하 인문사회연구회로 변경&cr;o 99.06.14. 청사 이전 (서울시 강남구 청담동 → 서울시 종로구 삼청동)&cr;o 01.01.01. 제2대 김성동 원장 취임&cr;o 02.09.14. 제3대 이종승 원장 취임&cr;o 03.12.24. 제4대 정강정 원장 취임&cr;o 05.05.31. 「정부출연연구기관등의설립·운영및육성에관한법률」(법률 제7573호)&cr;- 국무총리실산하 경제·인문사회연구회로 소관 변경&cr;o 06.12.24. 제5대 정강정 원장 취임&cr;o 08.05.16. 제6대 김성열 원장 취임&cr;o 10.04.01. 청사 이전 (서울시 종로구 삼청동 → 서울시 중구 정동)&cr;o 11.03.16. 제7대 성태제 원장 취임&cr;o 14.04.11. 제8대 김성훈 원장 취임&cr;o 15.04.10. 제9대 김영수 원장 취임&cr;o 17.10.31. 제10대 성기선 원장 취임&cr;o 18.02.05. 청사 이전 (서울시 중구 정동 → 충북 진천군)&cr;o 21.02.22. 제11대 강태중 원장 취임&cr;o 22.02.28. 제12대 이규민 원장 취임&cr;o 23.08.03. 제13대 오승걸 원장 취임&cr;o 26.03.30. 제14대 김문희 원장 취임&cr;,&cr;o 국가 교육평가 사업의 신뢰도 제고&cr;- 대학수학능력시험의 공정성과 안정성 강화&cr;- 학업성취도 평가의 정교화 및 고도화&cr;- 교과용도서 및 AI 디지털교과서 검정의 안정적 수행&cr;o 학교교육 연구의 선도성 및 실효성 강화&cr;- 학교교육 혁신 지원을 위한 연구·사업 강화&cr;- 학생 맞춤형 교육 실현 지원 연구·사업 강화&cr;- 미래 학교교육 방향에 대한 선도적 연구 강화&cr;- 교육현장 친화적 연구협력 체계 구축 및 성과 확산&cr;o 역량 신장과 협업을 통한 경영 혁신&cr;- 업무 프로세스 개선을 통한 조직 역량 강화&cr;- 사회적 책임을 다하는 지속가능 경영 체제 구축&cr;,김문희,20260330-20290329,o 한경국립대학교 부교수&cr;o 교육부 기획조정실장&cr;o 대통령직속 국가교육회의 기획조정관&cr;o 외교부 주OECD한국대표부 공사&cr;o 교육부 대변인,충청북도,충청북도 진천군 덕산읍 교학로 8,www.kice.re.kr,120-82-04494,-
176,한국교육학술정보원,기타공공기관,교육부,한국교육학술정보원법(법률 제17954호  1999.1.21. 제정  2021.3.23. 개정),19990422,교육 및 학술연구에 필요한 정보를 제작  조사  수집하고  교육정보 제공 체제를 구축  운영함으로써 교육 및 학술연구의 질적 수준을 높여 국가 교육의 발전에 이바지함,1. 교육 및 학술연구에 필요한 정보자료의 제작·조사·수집 및 관리와 이의 활용을 위한 연구&cr;2. 교육정보제공체제의 구축 및 관리·운영&cr;3. 교육 및 학술정보의 개발·유통에 필요한 정보의 체계화·표준화 및 품질관리&cr;4. 멀티미디어를 이용한 교육용 정보·자료의 연구·개발·발굴 및 보급&cr;5. 디지털교과서 제공 체제 구축·운영 및 품질관리 지원&cr;6. 정보 교육과정 연구·운영 및 활성화 지원&cr;7. 각급 학교 및 교육(행정)기관의 건전한 사이버 문화 조성 지원&cr;8. 각 급 학교의 도서관 정보화 및 전자도서관의 구축 지원&cr;9. 각 급 학교의 교육 및 교육행·재정의 정보화 지원&cr;10. 교육관련기관의 정보공개·개방 체제 구축 및 관리&cr;11. 지역교육정보센터 설치 및 운영&cr;12. 집합·원격 교육과 연수 및 이에 대한 지원&cr;13. 교육정보산업의 육성·지원&cr;14. 교육 및 학술정보 관련 국제교류·협력 및 공적개발원조(ODA)&cr;15. 국가인적자원개발을 위한 정보화 사업 지원&cr;16. 국가 차원의 지식생산물 수집·관리·유통·서비스&cr;17. 교육(행정)기관의 정보보안 및 개인정보보호 기술 지원&cr;18. 교육(행정)기관의 행정전자서명 인증업무 및 인증체계 구축 지원&cr;19. 신기술을 활용한 정보통신기술과 교육의 융복합에 관한 연구 및 개발&cr;20. 학교  교육기관 및 교육지원기관(저작권법 제25조 제2항의 규정에 따름)의 교육목적 등에서 저작권 이용 지원 사업&cr;21. 교육학술 분야의 빅데이터 수집·분석·개방·활용에 관한 연구 및 개발&cr;22. 제1호 내지 제21호의 사업에 부대되는 사업 및 그밖에 국가·지방자치단체가 위탁하는 사업,ㅇ 1999.01.21 : 한국교육학술정보원법 제정&cr;ㅇ 1999.04.22 : 한국교육학술정보원 설립  초대 서삼영 원장 취임&cr;ㅇ 2001.03.23 :「교육학술분야 종합정보센터」지정(정보통신부)&cr;ㅇ 2001.06.21 : 제2대 김영찬 원장 취임&cr;ㅇ 2002.04.18 :「전국단위 교육행정정보시스템」중앙총괄센터 지정&cr;ㅇ 2004.07.09 :「사이버가정학습 중앙센터」지정&cr;ㅇ 2004.07.16 : 제3대 황대준 원장 취임&cr;ㅇ 2007.07.26 : 제4대 황대준 원장 취임&cr;ㅇ 2008.01.01 : 에듀파인(지방교육 행재정 통합시스템) 개통&cr;ㅇ 2008.02.01 : 교육사이버안전센터(ECSC  Education Cyber Security Center) 개소&cr;ㅇ 2008.04.    : 교육기관 전자서명인증센터 구축&cr;ㅇ 2008.06.24 : 제5대 곽덕훈 원장 취임&cr;ㅇ 2009.12.01 : 제6대 천세영 원장 취임&cr;ㅇ 2011.03.01 : 차세대 교육행정정보시스템(NEIS) 개통&cr;ㅇ 2011.07.01 : 이러닝 진흥 전담기관 지정&cr;ㅇ 2011.10.11 : 제7대 김철균 원장 취임&cr;ㅇ 2012.11.29 : 제8대 임승빈 원장 취임&cr;ㅇ 2013.06.18 : 공공기관 경영실적평가 우수기관 선정(기획재정부)&cr;ㅇ 2013.10.14 : 한국교육학술정보원 대구 이전 완료&cr;ㅇ 2014.02.07 : 교육행정정보시스템 주요정보통신기반시설 지정(교육부)&cr;ㅇ 2014.06.18 : 공공기관 경영평가 우수기관 선정(기획재정부)&cr;ㅇ 2015.12.24 : 정보보호관리체계(ISMS) 인증 획득&cr;ㅇ 2016.01.27 : 제9대 한석수 원장 취임&cr;ㅇ 2016.11.01 : 유치원 입학관리시스템 '처음학교로' 서비스 개통&cr;ㅇ 2016.12.09 : 교육·학술 서비스 분야 개인정보 비식별 조치 전문기관 지정&cr;ㅇ 2017.07.21 : 한국교육학술정보원 종합교육연수원 인가(교육부)&cr;ㅇ 2017.09.06 : 교육저작권지원센터 지정(교육부)&cr;ㅇ 2018.11.21 : 사이버폭력 예방교육 지원센터 지정(교육부)&cr;ㅇ 2019.04.15 : 제10대 박혜자 원장 취임&cr;ㅇ 2019.04.21 : 한국교육학술정보원 창립20주년 기념식 및 심포지움 개최&cr;ㅇ 2020.01.02 : K-에듀파인 개통(사립유치원 K-에듀파인 개통  2020.3.2.)&cr;ㅇ 2020.04.09 : 온라인 개학 지원을 위한 원격교육 플랫폼 운영&cr;ㅇ 2020.09.15 : K-에듀파인  국제표준 SW 품질관리 인증 CMMI 레벨3 인증 획득&cr;ㅇ 2021.05.04 : 교육 콘텐츠 전담기관 지정(교육부)&cr;ㅇ 2021.06.01 : 교육분야 결합 전문기관 지정(교육부)&cr;ㅇ 2021.09.06 : 교육 디지털 인프라 품질진단중점연구소 지정(교육부)&cr;ㅇ 2022.02.28 : 제11대 서유미 원장 취임&cr;ㅇ 2022.06.21 : 기획재정부 공공기관 경영평가 결과 2년 연속 'A' 등급 달성&cr;ㅇ 2023.01.30 : 기타공공기관으로 유형변경(준정부기관 → 기타공공기관)&cr;ㅇ 2023.06.21 : 4세대 교육행정정보시스템(NEIS) 개통&cr;ㅇ 2024.05.10 : 제12대 정제영 원장 취임&cr;ㅇ 2024.11.01 : 유보통합포털(입소입학통합신청사이트) 개통&cr;ㅇ 2025.05.07 : 교육데이터플랫폼 서비스 개시&cr;ㅇ 2025.06.23 : 교육부 기타공공기관 경영실적평가 '우수(A)' 등급 달성&cr;ㅇ 2025.10.30 : 개인정보 이노베이션 존 운영기관 지정(개인정보보호위원회),&cr;ㅇ 기관 사명 : 교육과 학술연구 정보화를 통해 국가 미래교육 발전에 기여&cr;ㅇ 기관 비전 :모두의 성장을 이끄는 AI·디지털교육 동반자&cr;ㅇ 핵심가치: 참여적 학습  디지털 혁신  함께 이루는 성장&cr;ㅇ 전략목표&cr;- AI·디지털 기반 미래인재 양성&cr;- 모두를 지원하는 교육연구체계 강화&cr;- 안전한 교육 행·재정 지원 환경 조성&cr;- 지속가능한 ESG 경영체계 실현&cr;,정제영,20240510-20270509,이화여자대학교 교육학과 교수&cr;이화여자대학교 미래교육연구소 소장&cr;이화여자대학교 기획처 처장&cr;교육과학기술부 서기관,대구광역시,대구광역시 대구광역시 동구 동내로 64(동내동) (우)41061,www.keris.or.kr,214-82-05589,-
177,한국교통안전공단,준정부기관(위탁집행형),국토교통부,「한국교통안전공단법」제1조(목적)&cr;이 법은 한국교통안전공단을 설립하여 교통사고 예방을 위한 사업 및 교통체계 운영·관리 지원을 위한 사업을 수행하게 함으로써 안전한 교통환경을 조성하고  교통안전 관리의 효율화를 도모하며  국민의 생명·신체 및 재산의 보호에 이바지함을 목적으로 한다.,19810701,교통사고 예방을 위한 사업 및 교통체계 운영  관리 지원을 통해 안전한 교통환경과 효율화를 도모하여 국민의 생명과 신체 및 재산의 보호,<교통사고 감소를 위한 교통안전관리 및 연구>&cr; ㅇ 운수회사 안전관리  운수종사자 자격관리 등 사업용 자동차 안전관리&cr; ㅇ 교통안전 교육  교통안전 연구 및 정보체계 운영  물류지원 사업 등&cr;&cr;<운행자동차 안전검사  검사연구 등 안전관리>&cr; ㅇ 운행자동차 안전도 및 배출가스검사(정기  종합)  튜닝승인 및 검사&cr; ㅇ CNG자동차 내압용기 재검사  기계식주차장 검사  삭도 및 궤도 검사&cr;&cr;<자동차 안전도 향상을 위한 시험  연구>&cr; ㅇ 자율주행자동차 등 첨단 미래형 자동차 안전성 평가기술 연구 및 제도화&cr; ㅇ 제작결함조사  자동차 안전도평가  자동차 안전기준 국제화&cr;&cr;<철도 항공 안전관리>&cr; ㅇ 철도안전관리체계(승인  검사)  안전정보 및 자격관리  설계진단 및 개통 전 점검&cr; ㅇ 드론 등 항공종사자 자격관리  항공안전 교육 및 항공장애표시등 안전관리&cr;&cr;<모빌리티 혁신 및 활성화를 위한 지원>&cr; ㅇ 규제샌드박스 운영  첨단모빌리티 현황조사  모빌리티 개선계획 평가 등,ㅇ 1979.12. 교통안전진흥공단법 제정 공포 (법률 제3185호) &cr;ㅇ 1981.01. 교통안전진흥공단법시행령 공포 (대통령령 10151호) &cr;ㅇ 1981.07. 교통안전진흥공단 설립 &cr;ㅇ 1987.05. 자동차성능시험연구소 설립&cr;ㅇ 1993.11. 자동차성능시험연구소 1단계 건설공사 준공 &cr;ㅇ 1995.04. 교통안전공단으로 명칭 변경 &cr;ㅇ 2000.01. 자동차사고 유자녀 등 피해자 지원업무 개시 &cr;ㅇ 2002.04. 자동차 제작결함조사 업무개시 &cr;ㅇ 2002.05. 운행차배출가스 정밀검사 시행 &cr;ㅇ 2002.06. 공단 본사 이전(경기도 안산 소재) &cr;ㅇ 2003.01. 자동차이륜차 구조변경승인 업무 개시 &cr;ㅇ 2003.12. 자동차 주행시험장 준공 &cr;ㅇ 2004.07. 화물운송종사자 자격시험 및 교육 업무개시 &cr;ㅇ 2005.11. 철도종합안전심사  철도차량 운전면허시험 시행 &cr;ㅇ 2006.01. 대중교통 현황조사 및 경영·서비스 평가사업 시행&cr;ㅇ 2007.04. 공공기관의 운영에 관한 법률 시행에 따른 준정부기관 지정(기획예산처 고시 제2007-28호)&cr;ㅇ 2009.03. 안전운전체험연구교육센터 개소&cr;ㅇ 2009.03. 자동차종합검사제도 도입 &cr;ㅇ 2011.11. CNG 내압용기 재검사 업무개시 &cr;ㅇ 2012.08. 버스운송종사자 자격시험 업무 개시 &cr;ㅇ 2013.12. 첨단주행시험로 완공 &cr;ㅇ 2014.04. 이륜자동차 배출가스 정기검사 시행 &cr;ㅇ 2014.04. 공단 본사 경북혁신도시 이전(경북 김천시 소재) &cr;ㅇ 2015.09. 항공장애 표시등 및 주간표지 점검업무 용역 수탁 &cr;ㅇ 2015.11. 김천시 어린이 통학버스 실시간 위치알림 서비스 추진 &cr;ㅇ 2016.03. 버스 고령운전자 자격유지검사 시행 &cr;ㅇ 2017.03. 화성 교통안전체험교육센터 개소 &cr;ㅇ 2018.01. 한국교통안전공단으로 명칭 변경 &cr;ㅇ 2018.11. 위험물질 운송안전 관리센터 운영 &cr;ㅇ 2018.12. 자율주행자동차 테스트베드(K-City) 준공 &cr;ㅇ 2019.01. 자동차안전연구원을 부설기관으로 운영  &cr;ㅇ 2020.08. 철도역사의 안전 및 이동편의 수준평가 시행 &cr;ㅇ 2020.09. 화성 드론자격연구센터 개소 &cr;ㅇ 2020.11. 시흥 드론교육훈련센터 개소&cr;ㅇ 2020.11. 첨단자동차검사연구센터(KAVIC) 출범&cr;ㅇ 2021.05. 자동차안전연구원 건설기계부품시험동 준공&cr;ㅇ 2021.07. 창립 40주년 新비전 선포&cr;ㅇ 2022.2. 친환경차부품센터 배터리 시험동 개소&cr;ㅇ 2022.12. 드론 사용사업체 등록 및 안전관리 업무 개시&cr;ㅇ 2023.07. 울산 수소전기차검사센터 개소&cr;ㅇ 2023.10. 모빌리티지원센터 개소&cr;ㅇ 2023.11. 자동차부품인증지원센터 개소&cr;ㅇ 2023.11. 친환경자동차부품인증센터 개소&cr;ㅇ 2024.01. 튜닝안전기술원 개소&cr;ㅇ 2024.04. 김천드론자격센터 개소&cr;ㅇ 2026.01. 특장차검사지원센터 개소,1. 기관 가치체계&cr;<미션> 안전하고 편리한 교통환경 조성으로 국민이 행복한 세상을 만든다&cr;<비전> 모두의 일상을 지키는 안전한 모빌리티 파트너&cr;<핵심가치> 안전  혁신  균형  공정&cr;<경영방침>&cr;ㅇ 안전우선 경영&cr;ㅇ 미래선도 경영&cr;ㅇ 통합성장 경영&cr;ㅇ 실용성과 경영&cr;&cr;2. 기관 전략체계&cr;<경영목표>&cr;ㅇ 교통안전 글로벌 TOP10 진입&cr;ㅇ 차세대 모빌리티 준비지수 세계 5위&cr;ㅇ 공공기관 고객만족도 최고등급&cr;ㅇ 지속가능경영지수 최고등급&cr;&cr;<전략방향>&cr;ㅇ 무결점 교통안전체계 조성&cr;ㅇ 지능형 미래 모빌리티 혁신&cr;ㅇ 국민행복 맞춤형 서비스 실현&cr;ㅇ 지속가능 책임경영 이행,정용식,20241005-20271004,ㅇ2020. 국토교통부 기술안전정책관&cr;ㅇ2021. 국토교통부 항공정책관&cr;ㅇ2022. 국토교통부 항공안전정책관&cr;ㅇ2023. 국토교통부 종합교통정책관&cr;ㅇ2023. 국토교통부 항공정책실장,경상북도,경상북도 김천시 혁신6로 17 (율곡동) 한국교통안전공단,www.kotsa.or.kr,113-82-02014,-
178,한국교통연구원,기타공공기관,국무조정실,정부출연연구기관 등의 설립 운영 및 운영에 관한 법률,19870825,교통ㆍ물류 정책과 기술에 관한 종합적 연구ㆍ개발을 수행하고  교통 정보 및 데이터를 수집ㆍ분석ㆍ제공함으로써  국민의 삶의 질 향상과 경제발전에 기여함,ㅇ 교통ㆍ물류 정책 및 기술에 관한 연구ㆍ개발&cr;ㅇ 도로  철도  공항  물류시설 등 교통 관련 사회간접자본의 투자정책  계획 및 운영에 관한 연구&cr;ㅇ 교통 정보 및 데이터의 체계적 수집  분석  제공&cr;ㅇ 여객ㆍ화물 운송 등 교통ㆍ물류ㆍ항공산업에 관한 연구&cr;ㅇ 자율차  친환경차  드론  공유교통 등 미래 교통에 관한 융복합 연구&cr;ㅇ 국민의 이동권  교통안전  친환경교통 등 교통복지 및 교통환경에 관한 연구&cr;ㅇ 도시ㆍ광역ㆍ지역교통  한반도ㆍ동북아교통  국제교통 등에 관한 연구&cr;ㅇ 연구 또는 사업에 관련된 조사  교육ㆍ연수  연구성과 확산  공동연구  위ㆍ수탁  글로벌협력 등에 관한 사항,ㅇ 1985.11 : 민법 제32조에 의거 재단법인 교통개발연구원 설립 허가&cr;ㅇ 1987.08 : 도시교통정비촉진법 제24조에 의거 정부출연연구기관으로 출범&cr;ㅇ 1999.01 : 정부출연연구기관 등의 설립  운영 및 육성에 관한 법률 제8조에 의거&cr;경제사회연구회 소관 정부출연 연구기관 교통개발연구원으로 발족&cr;ㅇ 2005.07 : 정부출연연구기관 등의 설립  운영 및 육성에 관한 법률에 의거 경제ㆍ&cr;인문사회연구회 소관 정부출연연구기관 한국교통연구원으로 발족&cr;ㅇ 2014.12 : 세종특별자치시로 청사 이전&cr;ㅇ 2024.05 : 제16대 김영찬 원장 취임,ㅇ 사람중심 교통과 포용적 혁신성장을 선도하는 국가교통 싱크탱크&cr;- 정책혁신: 사람중심 교통체계 연구 및 모빌리티 전환 선도&cr;- 연구혁신: 연구수월성 및 정책기여 제고를 위한 연구체계 혁신&cr;- 경영혁신: 연구역량 강화 및 연구환경 조성,김영찬,20240530-20270529,&cr;ㅇ서울시립대학교 교통공학과 교수(전)&cr;ㅇ대한교통학회 회장(전)&cr;ㅇ한국ITS학회 회장(전)&cr;ㅇ국토교통부 국가교통위원회 위원(전)&cr;ㅇ경찰청 교통안전시설심의위원회 위원(전)&cr;,세종특별자치시,세종특별자치시 시청대로 370 세종국책연구단지 과학인프라동(반곡동), https://www.koti.re.kr,120-82-01804,-
179,한국국방연구원,기타공공기관,국방부,한국국방연구원법(법률 제3861호),19870302,군사전략  군사력 건설 및 자원관리 등 국방정책 전반을 체계적으로 연구·분석함으로써 합리적인 국방정책을 수립하는 데에 이바지함.,○ 안보환경 및 국방기본정책에 관한 연구와 대안의 개발&cr;○ 군사전략  군사력 건설  무기체계의 선정 및 획득정책에 관한 연구&cr;○ 국방인력·자원관리 및 국방과학기술관리정책에 관한 연구&cr;○ 군 내 인권침해 방지 및 군인의 인권보호 관련 정책에 관한 연구와 대안의 개발&cr;○ 국방정보화 정책연구  국방정보화 관련 사업의 개발지원 및 기술자문  국방정보체계 유지보수&cr;○ 국방에 필요한 관련 자료의 수집  분석 및 정보 서비스의 제공&cr;○ 국내외 연구기관·개인에 대한 연구용역의 위탁 및 정부·민간단체 등으로부터의&cr;연구용역의 수탁,○ 1979. 01. 10 : 국방관리연구소 발족(국방과학연구소 부설)&cr;○ 1987. 03. 02 : 한국국방연구원 설립&cr;○ 1991. 01. 01 : 무기체계연구센터 신설&cr;○ 2002. 04. 07 : 7개 연구센터로 연구조직 정비&cr;○ 2007. 01. 01 : 북한군사연구센터 신설(총 8개 연구센터 운영)&cr;○ 2008. 07. 01 : 지원조직 4개부 -> 2개부 2실 축소&cr;○ 2009. 01. 01 : 연구부서 8개연구센터 → 4개연구센터  지원부서 2개부 2개실  검사역 → 2개부  3실(감사실)&cr;○ 2011. 01. 01 : 신규 연구기능 신설(전력소요분석단 및 획득사업분석단 설치)&cr;○ 2015. 01. 01 : 국방정보체계관리단 공식 직제화&cr;○ 2018. 01. 16 : 연구조직 개편(4개 연구센터  1개 분석센터  1개 관리단)&cr;○ 2022. 01. 01 : 지원부서 2개부  3개실 → 3개부  2개실(지식정보부 개편)&cr;○ 2022. 10 .26 : 연구조직 개편(1개 위원회  4개 연구센터  1개 분석센터  2개 단)&cr;○ 2023. 01. 01 : 연구조직 개편(국방데이터연구단 신설), □ 비전&cr; ○ 미래를 여는 국방지식의 산실  KIDA&cr;&cr;□ 목표&cr; ○ 튼튼한 국방을 견인하는 KIDA&cr; ○ 글로벌 질서를 선도하는 KIDA&cr; ○ 보편적 가치를 구현하는 KIDA&cr;&cr;□ 추진전략&cr; ○ 전문성에 기반한 국방선도&cr;  - 군사적·정치적·경제적·기술적 요소 등을 종합적으로 고려한 미래 안보환경 전망&cr;  - 변화하는 안보환경과 기술 발전에 맞춰 국방 정책연구 역량 강화&cr;  - 안보·국방 정책의 긴요 이슈 사전 식별 및 합리적 대안 제시&cr; ○ 창의성에 기반한 연구혁신&cr;  - 기존 관행을 탈피하여 능동적으로 국방변화를 선도하는 연구 수행 체계 정립&cr;  - 상상·도전·혁신의 정책연구 수행과 전문적 분석평가 연구&cr;  - 변화와 혁신을 통해 미래를 선도하는 연구기관으로 변화&cr; ○ 통찰력에 기반한 제도발전&cr;  - 미래 환경변화에 선제적으로 대응하여 혁신을 지속할 수 있는 기틀 마련&cr;  - 변화를 간파한 적시적 의사결정과 구성원의 공감에 기초한 제도 개선&cr;  - 본연의 임무에 부합한 효율적 조직운영과 능력중심 인재 관리 구현&cr; ○ 자정력에 기반한 조직문화&cr;  - 존중과 배려의 조직문화 조성으로 자발적이고 창의적인 연구활동 보장&cr;  - 상생과 포용의 리더십을 바탕으로 엄정한 조직기강 확립&cr;  - 일·가정 양립을 위한 가족친화제도 적극 시행으로 구성원 자긍심 고취,김정수,20240726-20270725,○ 2020.12. ~ 2021.12. 육군사관학교장&cr;○ 2018.11. ~ 2020.12. 육군 특수전사령관&cr;○ 2018.06. ~ 2018.11. 육군본부 정보작전참모부장&cr;○ 2016.05. ~ 2018.06. 제22보병사단장&cr;○ 2015.04. ~ 2016.05. 국가안보실 위기관리센터장,서울특별시,서울특별시 동대문구 회기로37,https://www.kida.re.kr,205-82-02521,-
180,한국국제교류재단,기타공공기관,외교부,한국국제교류재단법,19911230,대한민국과 외국간의 각종 교류사업을 통해 국제사회에서 한국에 대한 올바른 인식과 이해를 도모하고 국제적 우호친선을 증진하는 데에 이바지함. (한국국제교류재단법 제1조),1. 국제교류를 목적으로 하는 각종 행사의 주관·지원 및 참가&cr;2. 국제교류를 목적으로 하는 인사의 파견 및 초청&cr;3. 국외 한국 연구의 지원 및 연구 결과의 보급&cr;4. 국제사회에서의 한국에 대한 올바른 인식과 이해를 도모하기 위한 모든 활동&cr;5. 외국의 주요 국제교류기관과의 교류·협력을 통한 국제적 우호 친선의 증진&cr;6. 그 밖에 한국국제교류재단법의 목적을 달성하기 위하여 필요한 사업,&cr;1991  한국국제교류재단 설립(한국국제교류재단법 의거)&cr;2005  해외사무소 5개처 개소(워싱턴DC  베이징  베를린  모스크바  호치민)  KF 문화센터 신설&cr;2007  도쿄사무소 개소&cr;2008  호치민사무소를 하노이사무소로 이전&cr;2010  LA사무소 개소&cr;2017  공공외교 추진기관으로 지정(공공외교법 시행령에 의거)  한-중앙아협력포럼사무국 출범  아세안문화원 개원&cr;2018  재단 본부 제주 서귀포 이전&cr;2019  자카르타사무소 개소&cr;2021  한미미래센터 개소(워싱턴DC사무소 확대개편)&cr;2023  KF아세안문화원 아세안 디지털문화체험존 및 KF XR갤러리 개관&cr;  &cr;*상세 연혁은 재단 홈페이지(www.kf.or.kr) 참조&cr;,&cr; 1. 미션: 대한민국의 대표 공공외교기관으로서 외국과의 교류사업을 통해 한국에 대한 이해를 제고하고 국제적 우호친선을 증진&cr;&cr;2. 비전: 글로벌 가치 실현에 기여하는 대한민국 대표 공공외교 플랫폼&cr;&cr;3. 2030 경영목표&cr;가. 공공외교 성과지수 8 600건&cr;나. 공공외교서비스 이용자 수 1 600만명&cr;다. 고객만족도(PCSI) 97점&cr;라. 국민인지도 40%&cr;&cr;4. 4대 전략방향 및 12대 전략과제&cr;가. 글로벌 한국학 성장기반 확대&cr;- 해외 한국학 균형 발전 도모&cr;- 차세대 한국 전문가 전략적 양성체계 강화&cr;- 온·오프 연계 한국학 사업 활성화&cr;나. 글로벌 협력 네트워크 고도화&cr;- 전략적 인적 네트워크 강화&cr;- 외교전략지역 정책 플랫폼 활성화&cr;- 글로벌 대화·협력 채널 확장&cr;다. 문화·공감 기반 공공외교 활성화&cr;- 글로벌 문화공공외교 인프라·역량 확대&cr;- 외교전략 연계 쌍방향 문화교류 고도화&cr;- 국민 참여·체감형 공공외교 확대&cr;라. 공공외교 지속가능 추진체계 구축&cr;- 경영·사업·조직 효과·효율성 강화&cr;- 신뢰와 협력 중심 책임경영 강화&cr;- 전환기 맞춤형 미래 대응 역량 확보&cr;,송기도,20251103-20281102,제16대 대통령직인수위원회 자문위원&cr;한국지역혁신교육원장&cr;주콜롬비아대사&cr;한국라틴아메리카학회 회장(현 명예회장)&cr;(현) 전북대 정치외교학과 명예교수,제주특별자치도,제주특별자치도 서귀포시 신중로55 (법환동  서귀포시청 2청사), www.kf.or.kr, 104-82-04473,-
181,한국국제보건의료재단,기타공공기관,보건복지부, 한국국제보건의료재단법(법률 제19717호),20060818, 개발도상국가를 비롯한 외국  북한  재외동포 및 외국인근로자 등에 대한 보건의료지원사업을 수행함으로써 국제협력 증진과 인도주의 실현에 기여함,ㅇ 개발도상국가를 비롯한 외국 및 북한  재외동포  외국인근로자 등의 보건의료수준의 향상&cr;ㅇ 보건의료분야의 국제협력을 위한 사업&cr;ㅇ 정부로부터 위탁받은 사업&cr;ㅇ 인류의 건강증진과 질병퇴치에 크게 공헌한 자에 관한 기념사업&cr;ㅇ 보건의료수준의 향상을 위한 교육  홍보 및 그 밖의 사업,ㅇ2004. 3. (재)국제보건의료발전재단 설립&cr;ㅇ2005. 12. 한국국제보건의료재단법 제정&cr;ㅇ2006. 8. 한국국제보건의료재단 출범(초대총재 박종화)&cr;ㅇ2009. 1. 기타공공기관 지정&cr;ㅇ2009. 6. 제2대 한광수 총재 취임&cr;ㅇ2012. 6. 제3대 이수구 총재 취임&cr;ㅇ2015. 6. 제4대 인요한 총재 취임&cr;ㅇ2016. 8. 기관장 명칭 변경(총재→이사장)&cr;ㅇ2018. 9. 제5대 추무진 이사장 취임&cr;ㅇ2021. 11. 제6대 김창엽 이사장 취임&cr;ㅇ2024. 1. 제7대 하일수 이사장 취임, ㅇ 미션&cr;"글로벌 보건의료지원 사업을 통한 국제협력 증진 및 인도주의 실현 기여"&cr;&cr;ㅇ 비전&cr;"글로벌 건강불평등 해소에 기여하는 보건협력 파트너"&cr;&cr;ㅇ 핵심가치&cr;신뢰와 책임  연대와 협력  배움과 성장  소통과 혁신&cr;&cr;ㅇ전략방향 및 과제&cr;- 협력국 건강하고 질 좋은 삶(SDGs3) 증진&cr;(1) 국제보건 ODA 관리체계 강화&cr;(2) 보건의료 정책 및  인프라 고도화&cr;(3) 필수 보건 의료분야 서비스 확대&cr;&cr;- 의료취약계층 건강 형평성 제고&cr;(4) 글로벌 협력 강화를 통한 취약계층 의료접근성 개선&cr;(5) 북한지원 토대 마련 및 해외긴급구호 역량강화&cr;(6) 재외동포 및 외국인근로자 이주민보건지원 강화&cr;&cr;- 협력국 보건의료 전문인력 양성 및 성과확산&cr;(7) 연수프로그램 질적 개선&cr;(8) AI 등 첨단교육 방식 도입 및 현지교육 확대&cr;(9) 이종욱 펠로우십 성과확산&cr;&cr;- 혁신경영 및 지속가능성장 구현&cr;(10) AI 및 경영관리체계 효율성 제고&cr;(11) 윤리·안전·책임경영 강화&cr;(12) 소통 및 상생협력 조직문화 구축,하일수,20240129-20270128,서울대학교 의과대학 명예교수(현)&cr;우즈벡 아동국립병원 의료인력 역량강화 사업단장(전)&cr;국제소아신장학회 평의원(전),서울특별시,서울특별시 광진구 능동로 400 보건복지행정타운 6~7층,www.kofih.org,110-82-11891,-
182,한국국제협력단,준정부기관(위탁집행형),외교부,한국국제협력단법,19910401,대한민국과 개발도상국가와의 우호협력관계 및 상호교류를 증진시키고 개발도상국의 빈곤감소 및 삶의 질 향상  지속가능한 발전 및 인도주의를 실현하기 위하여 한국국제협력단을 설립하여 각종 국제개발협력사업을 하게 함으로써 국제협력 증진에 이바지함(한국국제협력단법 제1조),□ 개발도상국가를 위한 사업&cr;ㅇ 자금·시설 및 기술 지원 등이 결합된 국제개발협력사업&cr;ㅇ 개발컨설팅 사업&cr;ㅇ 연수 사업&cr;ㅇ 전문 인력 파견 사업&cr;ㅇ 해외봉사단 파견 및 글로벌 인재양성 사업&cr;ㅇ 재난구호 등 인도적 지원 사업&cr;□ 국제협력을 위한 사업&cr;ㅇ 국내외 민간단체와의 협력사업&cr;ㅇ 외국의 원조기관 및 국제기구와의 협력&cr;ㅇ 국제협력에 관한 이념 및 정책의 수립 등을 위한 조사  연구&cr;ㅇ 그 밖에 국제협력의 증진을 위하여 필요한 사업&cr;□ 정부가 위탁하는 사업&cr;□ 상위 사업에 따른 교육훈련  홍보와 그 밖의 부대사업&cr;□ 그 밖에 국제개발협력을 위하여 필요한 사업,□ 1991. 4. 1.&cr;ㅇ 한국국제협력단 설립&cr;□ 1995&cr;ㅇ 민간단체(NGO) 지원사업 실시&cr;□ 2002&cr;ㅇ 평화구축지원사업 시행 (아프가니스탄)&cr;□ 2003&cr;ㅇ 평화구축지원사업 시행 (이라크)&cr;□ 2004&cr;ㅇ 남아시아 쓰나미 피해 복구지원&cr;□ 2007&cr;ㅇ 해외긴급구호에 관한 법률 제정에 따른 국제빈곤퇴치기여금 제도 시행&cr;□ 2008&cr;ㅇ 동아시아 기후파트너십사업 시행&cr;□ 2009&cr;ㅇ 대한민국 정부파견 해외봉사단 단일브랜드 'World Friends Korea' 출범&cr;□ 2010&cr;ㅇ 지구촌체험관 및 ODA교육원 개원&cr;ㅇ 제1회 개발협력의 날 기념식 개최&cr;□ 2011&cr;ㅇ 부처별 WKF사업 KOICA로 통합&cr;ㅇ ODA 청년인턴사업 시작&cr;□ 2012&cr;ㅇ 대학과의 파트너십을 통한 개발협력사업 시행&cr;ㅇ KOICA 개발컨설팅(DEEP) 신설&cr;□ 2013&cr;ㅇ 글로벌 청년인재 양성사업 실시&cr;ㅇ KOICA 다자협력전문가(KMCO) 파견&cr;□ 2014&cr;ㅇ 공공협력제도 도입 및 시행&cr;□ 2015&cr;ㅇ개발행동프로그램(DAP  Development Action Program) 도입&cr;ㅇ월드프렌즈 영월교육원 개원&cr;□ 2016&cr;ㅇ 기타공공기관에서 준정부기관으로 지위 전환&cr;ㅇ 글로벌협력의료진 파견&cr;□ 2017&cr;ㅇ 국제질병퇴치기금 도입&cr;ㅇ 혁신적개발협력사업(Development Innovation Program) 추진&cr;□ 2018&cr;ㅇ 혁신계획에 따른 신경영체계 도입&cr;ㅇ 코이카 일자리 전략로드맵 수립을 통한 일자리 창출 도모&cr;ㅇ 국제개발협력사업협의회 발족 (40여개 공공기관 참여)&cr;□ 2019&cr;ㅇ 한-아세안 미래공동체이행계획 수립&cr;ㅇ 한-아세안 특별정상회의 계기  아세안 5개국과 개발협력 MOU 체결&cr;ㅇ SDG 5·13·16 중기이행계획 수립&cr;ㅇ 코이카 자회사 '코웍스’설립&cr;□ 2020&cr;ㅇ 코로나19 긴급대응 프로그램(ABC 프로그램) 수립&cr;ㅇ 프로그램 운영위원회 발족&cr;ㅇ KOICA 인권기반 개발협력 이행계획 수립&cr;□ 2021&cr;ㅇ 녹색기후기금(GCF) 이행기구 인증&cr;□ 2022&cr;ㅇ 국제원조투명성 지수(ATI) 양자기관 글로벌 Top3 선정&cr;ㅇ 대한민국 해외긴급구호대 WHO 긴급의료팀(EMT) Type 1 Fixed 인증 획득&cr;□ 2023&cr;ㅇ 튀르키예 지진피해 긴급 지원&cr;□ 2024&cr;ㅇ KOICA 청년 이니셔티브 선포,□ 미션&cr;ㅇ 포용과 상생의 개발협력으로 인류공영과 세계평화 증진에 기여&cr;&cr;□ 비전&cr;ㅇ 보편적 가치와 상생의 국익을 추구하는 선도적 글로벌 개발협력기관&cr;&cr;□ 핵심가치&cr;ㅇ 사람(People)&cr;ㅇ 평화(Peace)&cr;ㅇ 번영(Prosperity)&cr;ㅇ 환경(Planet)&cr;ㅇ 파트너십(Partnership)&cr;&cr;□ 전략목표 및 전략과제&cr;ㅇ SDG 달성기여도 공여국 중 6위&cr;- 신남방/신북방 전략적 개발협력 강화&cr;- 취약국 대상 포용적 개발협력 지원&cr;- 복합 위기 대응 글로벌 연대 강화 &cr;&cr;ㅇ 개발협력 파트너십 재원 누적 14억불 조성&cr;- 개발재원 다변화&cr;- 기업 동반성장 플랫폼 지원 &cr;- 협력국 시민사회 발전 지원 &cr;&cr;ㅇ 글로벌 개발협력인재 누적 13만명 육성&cr;- 개발협력 인재양성 및 일자리 창출&cr;- 공공외교 기여를 통한 국민체감 확대&cr;- 지역 균형발전 연계 개발협력 확대 &cr;&cr;ㅇ ESG 경영지수 공공부문 최우수 수준 달성&cr;- 윤리ㆍ소통ㆍ책임경영 강화&cr;- 글로벌 안전보건 및 환경경영 선도&cr;- AIㆍ데이터 기반 지속가능경영 혁신 ,장 원 삼,20230710-20260709,2014 주스리랑카공화국 대사&cr;2017 한미방위비분담금협상 정부대표&cr;2019 주뉴욕총영사&cr;2021 동북아역사재단 사무총장,경기도,경기도 성남시 수정구 대왕판교로 825,www.koica.go.kr,208-82-03816,-
183,한국국토정보공사,준정부기관(위탁집행형),국토교통부,&cr;한국국토정보공사법&cr;,19770701,한국국토정보공사를 설립하여 공간정보체계의 구축 지원  지적측량  공간정보·지적제도의 연구·기술개발  그 밖에 이와 관련된 사업을 수행하게 함으로써 국민의 권리 보호와 국가경제발전에 기여하는 것을 목적으로 한다. ,&cr;ㅇ 공간정보사업&cr;국가공간정보기본법에 따른 국가공간정보체계의 구축 및 활용에 관한 계획수립의 지원  국가공간정보체계 구축 및 활용의 지원&cr;  &cr;ㅇ 지적측량사업&cr;공간정보의 구축 및 관리 등에 관한 법률에 따른 지적측량&cr;  &cr;ㅇ 지적재조사사업&cr;지적재조사에 관한 특별법에 의한 지적재조사 사업&cr;&cr;ㅇ 해외사업&cr;공간정보  지적제도에 관한 외국기술의 도입  국제교류 및 협력  국외진출사업&cr;&cr;ㅇ 교육사업&cr;공간정보 지적제도발전에 관한 교육 등 지원사업&cr;&cr;ㅇ 연구사업&cr;공간정보  지적제도 발전에 관한 핵심기술 개발과 표준화  연구 사업 등&cr;,&cr;ㅇ 1977. 7. 재단법인 대한지적공사 창사 &cr;ㅇ 2004. 1. 특수법인 대한지적공사로 법인성격 전환 &cr;ㅇ 2008. 2. 행정자치부에서 국토해양부로 주무부 이관 &cr;ㅇ 2013. 11. 전북전주완주 혁신도시 본사 이전&cr;ㅇ 2015. 6. 한국국토정보공사로 사명변경&cr;ㅇ 2025. 2. 한국국토정보공사법 시행&cr;,&cr;[더 나은 미래  스마트한 국토  디지털 국토리더 LX]&cr;  &cr;ㅇ국토공간 디지털전환 선도&cr;국민안심 디지털 국토공간 구현 / 디지털 기반 국토관리 촉진 / 공간정보 선순환 생태계 조성&cr;  &cr;ㅇ국민체감 지적서비스 실현&cr;지적측량 첨단화·스마트화 / 민간협력 지적재조사 확대 / 지능형 지적품질 서비스 혁신&cr;  &cr;ㅇ미래사업 이니셔티브 확보&cr;지적·공간 융복합 新수요 창출 / AI·플랫폼 성장사업 확대 / AI 활용역량 및 인프라 강화&cr;&cr;ㅇ지속가능한 경영혁신 강화&cr;직무·성과 중심 조직인사 정착 / 데이터 기반 경영관리 개선 / 안전 우선 ESG 책임경영 선도&cr;,어명소,20231113-20261112,&cr;ㅇ국토교통부 제2차관&cr;ㅇ국토교통부 교통물류실장&cr;ㅇ국토교통부 종합교통정책관&cr;ㅇ국토교통부 항공정책관&cr;,전라북도,전라북도 전주시 덕진구 기지로120(중동),www.lx.or.kr,116-82-01237,-
184,한국기상산업기술원,기타공공기관,기상청,「기상산업진흥법」제17조(한국기상산업기술원의 설립),20091230,기상산업의 지원ㆍ육성  기상기술의 개발ㆍ지원과 기상정보의 활용 촉진,&cr;- 기상산업ㆍ기상기술 육성 및 기상정보의 활용 촉진을 위한 정책 및 기술에 대한 조사ㆍ연구&cr;- 기상산업 시장의 조사ㆍ분석 및 수집정보의 이용&cr;- 기상산업분야의 창업 및 경영 지원&cr;- 기상산업 및 기상기술의 해외시장 진출 지원 및 국제협력 사업&cr;- 기상산업  기상기술 및 기상정보 활용 활성화를 위한 지원시설의 설치 등 기반조성에 관한 사업&cr;- 기상청 소관 연구개발사업에 대한 기획ㆍ관리ㆍ평가 및 성과 보급ㆍ실용화 촉진&cr;- 기상정보 및 「기상법」 제23조제3항에 따른 융합특화기상정보의 수집ㆍ관리ㆍ분석ㆍ제공 및 활용 촉진&cr;- 기상산업  기상기술 및 기상정보 활용 전문인력의 양성 및 교육훈련&cr;- 기상산업ㆍ기상기술 및 기상정보에 대한 이해와 활용ㆍ확산을 위한 홍보ㆍ전시ㆍ교육&cr;- 기상 및 지진관측장비의 검정  형식승인 및 이와 관련된 사업&cr;- 기상 및 지진관측장비의 설치ㆍ점검ㆍ운영 및 장비 관련 기술지원&cr;- 국가나 지방자치단체 또는 그 밖의 자로부터 위탁받은 사업이나 다른 법령에 따라 기술원의 업무로 정한사업&cr;,2009. 12. 10. 기상산업진흥법 시행&cr;2009. 12. 30. 한국기상산업진흥원 법정법인 설립&cr;2013. 01. 31. 공공기관 지정(위탁집행형 준정부기관)&cr;2016. 12. 27.「기상산업진흥법」개정(명칭변경)&cr;2017. 06. 28. 한국기상산업기술원 출범&cr;2023. 02. 03. 공공기관 변경 지정(기타공공기관)&cr;2023. 12. 11. 지방이전에 따른 본사 소재지 변경(대전광역시),&cr;미션: 기상산업 육성  기상기술 개발과 기상정보 활용 촉진&cr;비전: 기후위기 시대의 기상산업 혁신을 창출하는 기상기술 전문기관&cr;경영목표 2030&cr;(1) 기상사업자 매출액 9 000억원&cr;(2) 기상R&D 영향력 지수 78.613&cr;(3) 자동기상관측소 종합관측률 75.5%&cr;(4) 고객만족도 A등급&cr;전략목표&cr;(1) 기상산업 혁신성장 선도&cr;(2) 기상기후 미래기술 실현&cr;(3) 기후위기 적응력 강화&cr;(4) 국민체감 지속가능경영 활성화&cr;,황명균,20241223-20271222,- 한국기상산업기술원 기상지원본부장&cr;- 한국기상산업기술원 경영지원실장&cr;- 한국기상산업기술원 산업진흥실장&cr;- 공군기상단 작전사령부 기상대대장&cr;- 공군기상단 계획과장&cr;- 공군기상단 평가과장,대전광역시,대전광역시 동구 우암로273(가양동),https://www.kmiti.or.kr,101-82-13288,-
185,한국기술교육대학교,기타공공기관,고용노동부,국민평생직업능력개발법 제52조의2(기술교육대학의 설립ㆍ운영),19911102,대한민국 교육의 근본이념에 입각하여 인격을 도야하고 기술을 연마하여  「국민평생직업능력개발법」 및「한국산업인력공단법」에 의한 직업능력개발훈련교사  인력개발담당자 및 고도 지식산업이 요구하는 실천공학기술자의 양성  고용서비스 전문인력 양성 및 재향상  재직자평생능력개발 교육ㆍ훈련  직업능력심사평가  국제개발협력사업 등 인적자원 관련 교육과 연구를 목적으로 함,○ 직업능력개발훈련교사ㆍ실천공학기술자ㆍ인력개발담당자의 양성 및 직무능력향상훈련사업&cr;○ 직업능력개발훈련 및 공학교육에 관한 선도모형의 개발ㆍ운영 및 보급사업&cr;○ 근로자 등에 대한 원격훈련사업&cr;○ 중소기업기술지도 및 창업보육센터 운영 등 산학협력사업&cr;○ 직업능력개발훈련사업 심사평가(훈련과정  기관인증  타 부처평가  모니터링 등) ,○ 1991.11. 한국산업기술대학 개교(설립 인가)&cr;○ 1992.03. 제1회 신입생 입학(8개 학과  240명)&cr;○ 1995.09. 한국기술교육대학교로 교명 변경&cr;○ 1997.03. 일반대학원 석사과정 신설(2개 학과  30명)&cr;○ 1998.09. 능력개발교육원 개원&cr;○ 2003.11. 산학협력단 설립&cr;○ 2014.03. 온라인평생교육원 개원&cr;○ 2015.04. 직업능력심사평가원 개원&cr;○ 2016.02. 일학습병행대학 설치&cr;○ 2019.10. 스마트직업훈련플랫폼'STEP' 오픈&cr;○ 2021.11. 개교 30주년 및 비전 2030 선포&cr;○ 2023.11. 중앙일보 대학평가 '학생교육 우수대학' 전국 1위(49개교)&cr;○ 2024.04. 기획재정부 공공기관 고객만족도 조사 2년 연속 '우수',[미션]&cr;  실천공학기술자 및 직업능력개발전문가 양성을 통한 국가인적자원개발 선도&cr;[비전]&cr;  '좋은 대학'을 넘어 '위대한 대학'으로&cr;[핵심가치]&cr;  도전  소통  협력  존중  공헌&cr;[전략방향]&cr;  1. 실천공학 교육모델 초일류화&cr;  2. 학생성장지원 학생감동대학 실현&cr;  3. 평생직업능력개발 허브 역할 강화&cr;  4. 지역사회 및 글로벌 협력 활성화 &cr;  5. 지속가능 경영혁신 내재화,유길상,20230601-20270531,한국노동연구원 부원장&cr;한국고용정보원 원장&cr;한국기술교육대학교 교수,충청남도,충청남도 천안시 동남구 병천면 충절로 1600,www.koreatech.ac.kr,312-82-03357,-
186,한국나노기술원,기타공공기관,과학기술정보통신부,나노기술개발촉진법 제11조,20031223,나노소자  화합물반도체분야의 연구개발 및 지원을 목적으로 하는 국가 나노인프라로써  산학연 이용자에 연구개발 및 첨단장비 지원 등을 통해 나노기술의 경쟁력 제고 및 관련 산업발전에 기여,산업계ㆍ학계 및 연구계의 나노기술 관련 연구개발 시설ㆍ장비의 공동활용&cr;전문인력의 양성&cr;연구성과의 실용화 및 기업의 창업 지원 등,2003.12. : 재단법인 설립 및 등록&cr;2004. 7. : 나노기술개발촉진법 제11조 연구시설 지정&cr;2008.12. : 나노소자특화팹센터 구축사업 완료&cr;2012. 5. : 한국나노기술원으로 기관명칭 변경&cr;2016. 2. : 기획재정부 기타공공기관 지정&cr;2019. 2. : 기획재정부 연구개발목적기관 지정&cr;2019. 12. : 국가연구시설(N-Facility) 지정,미션 : 차세대 나노소자 및 반도체 분야 연구개발 지원 확대로 나노기술 산업발전 및 사회적 가치 실현에 기여&cr;전략과제 : 나노기술 관련 시설·장비의 공동활용 확대  지역 기반 국가나노인프라 역할 수행  차세대 나노소자 및 화합물반도체 분야 기술개발  전주기 지원 시스템 구축(설계∼공정∼시험/분석)  연구성과 이전 및 창업지원  전문인력 양성 및 취업지원  청소년 진로지도 등 사회공헌활동 확대, 공석,-,-,경기도,경기도 수원시,https://www.kanc.re.kr,135-82-10611,-
187,한국남동발전(주),공기업(시장형),기후에너지환경부,전력산업구조개편촉진에관한법률,20010402,깨끗하고 안전한 에너지를 안정적으로 공급하고  지속가능한 미래성장을 선도하여 국가발전과 국민복지에 기여한다,1. 전력자원의 개발 &cr;2. 발전 및 이와 관련되는 사업 &cr;3. 상기 1 2호에 관련되는 사업에 관한 연구  기술개발  감리 및 건설사업관리 &cr;4. 상기 1 2 3호에 관련되는 해외사업&cr;5. 상기 1호부터 4호까지의 사업에 관련되는 사업에 대한 투자 또는 출연 &cr;6. 상기 1호부터 5호까지의 사업에 관련되는 부대사업,ㅇ 1915. 09. 경성전기 주식회사&cr;ㅇ 1943. 08. 조선전업 주식회사&cr;ㅇ 1946. 05. 남선전기 주식회사&cr;ㅇ 1961. 07. 한국전력 주식회사(3사 통합)&cr;ㅇ 1982. 01. 한국전력공사(개편)&cr;ㅇ 2001. 04. 한국남동발전 주식회사(6개발전회사 분리)&cr;ㅇ 2011. 01. 무주양수  예천양수 한수원 이관&cr;ㅇ 2014. 03. 경남혁신도시로 본사 이전,ㅇ 2040 전략방향&cr; ―[신작로] 친환경 에너지 전환&cr; ―[신항로] 글로벌 기업화&cr; ―[신경로] 스마트팩토리 완성&cr; ―[상생로] 함께하는 성장&cr; ―[경영 시스템 고도화] 혁신적 기업문화  전략적 재무관리&cr;&cr;ㅇ 2040 경영목표&cr; ―온실가스 감축 76%&cr; ―무탄소발전량 38TWh&cr; ―해외사업매출 2조원&cr; ―해외설비용량 5GW&cr; ―스마트 안전관리 1등급&cr; ―AI 업무 전환율 100%&cr; ―햇빛 ·바람연금 3 800억원&cr; ―동반성장평가 최우수&cr; ―종합청렴도 1등급&cr; ―EBITDA 마진율 15%&cr;&cr;ㅇ 중장기 전략과제&cr; ―해상풍력 중심 재생에너지 선도&cr; ―청정수소 분산전원 신사업 추진&cr; ―저탄소 전환으로 온실가스 조기 감축&cr; ―글로벌 재생에너지 사업모델 다각화&cr; ―신규거점 LNG 사업 확대&cr; ―해외 청정수소 밸류체인 확대&cr; ―AI 활용 업무혁신 확산&cr; ―디지털 기반 설비운전 ·정비 효율화&cr; ―스마트한 현장안전 확립&cr; ―정의로운 석탄전환 완성&cr; ―국민 공감형 지역경제 활성화&cr; ―글로벌 강소기업 육성 ·지원&cr; ―경청과 소통으로 주인의식 제고&cr; ―창의적 사고기반의 전문성 강화&cr; ―재무 컨트롤타워 기능 강화로 수익성 제고&cr; ―출자사업 개선과 투자 최적화, 공석,-,-,경상남도,경상남도 진주시 사들로 123번길 32(충무공동),https://www.koenergy.kr,120-86-19151,-
188,한국남부발전(주),공기업(시장형),기후에너지환경부,전력산업구조개편촉진에 관한 법률,20010402,안전하고 깨끗한 에너지로 지속가능한 미래를 창출하여 국민 삶의 질 향상에 기여한다.,한국남부발전주식회사 정관&cr;제2조(목적)&cr;1. 전력자원의 개발&cr;2. 발전 및 이와 관련되는 사업&cr;3. 상기 1 2호에 관련되는 사업에 관한 연구 및 기술개발&cr;4. 제1호부터 제3호까지의 사업에 관련되는 해외사업&cr;5. 제1호부터 제4호까지의 사업에 관련되는 사업에 대한 투자 또는 출연&cr;6. 제1호부터 제5호까지의 사업에 관련되는 부대사업,ㅇ 1999.01.21. “전력산업 구조개편 기본계획 ” 발표(산업자원부)&cr;ㅇ 2000.12.23. 전력산업 구조개편 관련 법률 공포&cr;ㅇ 2001.04.02. 한국남부발전주식회사 설립 등기. 사업개시&cr;ㅇ 2007.04.11. 기타공공기관으로 지정(공공기관의 운영에 관한 법률)&cr;ㅇ 2011.01.24. 시장형공기업으로 공공기관 유형 변경(공공기관의 운영에 관한 법률)&cr;ㅇ 2014.11.05. 부산혁신도시로 본사 이전,&cr;ㅇ 2035 중장기 경영목표&cr;- 무탄소 발전량 &cr;20TWh&cr;  신성장매출액 &cr;3.8조원&cr;&cr;- 에너지 전환용량 3 000MW  온실가스 감축률 &cr;62%&cr;&cr;- 중대재해사고 ZERO  동반성장평가 최우수 등급  청렴도 1등급&cr;- &cr;AX생태계 달성도 5단계 &cr; 부채비율 180% 미만  EBITDA 마진율 22%&cr;&cr;ㅇ 연도별 경영목표&cr;(26~30년)&cr;&cr;- 무탄소발전량&cr;(&cr;TWh&cr;)&cr; : &cr;1.10&cr;&cr;&cr;(26년)&cr;  1.15&cr;(27년)&cr;  1.41&cr;(28년)&cr;  3.84&cr;(29년)&cr;  5.52&cr;(30년)&cr;&cr;&cr;- 신성장매출액&cr;(조원)&cr; : &cr;1.06&cr;(26년)&cr;  1.24&cr;(27년)&cr;  1.47&cr;(28년)&cr;  1.91&cr;(29년)&cr;  2.38&cr;(30년)&cr;&cr;&cr;- 에너지전환용량&cr;(MW)&cr; : &cr;2 400&cr;(26년)&cr;  &cr;&cr;2 600&cr;(27년)&cr;  2 800&cr;&cr;(28년)&cr;  3 000&cr;(29년)&cr;  3 000&cr;(30년)&cr;&cr;&cr;- 온실가스감축률&cr;(%)&cr; : &cr;42&cr;(26년)&cr;  43&cr;(27년)&cr;  44&cr;(28년)&cr;  45&cr;(29년)&cr;  50&cr;(30년)&cr;&cr;&cr;- 중대재해사고&cr;(건)&cr; : 0&cr;(&cr;26년&cr;&cr;&cr;&cr;~30년)&cr;&cr;- 동반성장평가&cr;(등급)&cr; : 최우수&cr;(26년~30년&cr;)&cr;&cr;&cr;- 청렴도&cr;(등급)&cr; : 1&cr;(26년~&cr;30년)&cr;&cr;&cr;- AX 생태계 달성도&cr;(단계)&cr; : &cr;1&cr;(26년)&cr;  2&cr;(27년)&cr;  2&cr;(28년)&cr;  3&cr;(29년)&cr;  3&cr;(30년)&cr;&cr;-&cr; 부채비율&cr;(%)&cr; : &cr;124.0&cr;(26년)&cr;  129.1&cr;(27년)&cr;  147.9&cr;(28년)&cr;  155.3&cr;(29년)&cr;  168.8&cr;(30년)&cr;&cr;- &cr;&cr;EBITDA 마진율&cr;(%)&cr; : &cr;20.47&cr;(26년)&cr;  &cr;&cr;21.74&cr;(27년)&cr;  19.05&cr;(28년)&cr;  &cr;&cr;&cr;18.22&cr;&cr;(29년)&cr;  17.32&cr;(30년)&cr;&cr;&cr;&cr;ㅇ 전략방향&cr;- 지속성장 지향의 미래에너지 실현&cr;-&cr; 에너지전환 기반 탄소중립 선도&cr;&cr;- &cr;공공성 중심의 ESG 경영 실현&cr;&cr;- 성과효율 중심의 경영혁신 강화&cr;,김준동,20241104-20271103,ㅇ 대한상공회의소 상근부회장&cr;ㅇ 산업통상자원부 기획조정실장&cr;ㅇ 산업통상자원부 에너지자원실장&cr;ㅇ 지식경제부 기후변화에너지자원개발정책관,부산광역시,부산광역시 남구 문현금융로 40 부산국제금융센터,www.kospo.co.kr,120-86-19165,-
189,한국노동연구원,기타공공기관,국무조정실,정부출연연구기관 등의 설립ㆍ운영 및 육성에 관한 법률,19880825,고용ㆍ노동과 관련한 사회경제적 문제를 연구ㆍ분석하고  이와 함께 고용ㆍ노동ㆍ사회정책을 개발하며  국민인식을 제고함으로써 공정하고 지속가능한 경제ㆍ사회를 지향함을 목적으로 한다.,ㅇ 노동시장 및 고용정책 분야의 연구 및 사업&cr;ㅇ 고용노사관계 및 노동법 분야의 연구 및 사업&cr;ㅇ 노동복지  사회복지  산업안전 등 사회정책 분야의 연구 및 사업&cr;ㅇ 인사관리를 통한 일터혁신 및 혁신역량 강화 연구 및 사업&cr;ㅇ 고용ㆍ노동 분야 기초통계 생산 및 활용&cr;ㅇ 제1호부터 제5호까지의 연구 또는 사업에 관련된 조사  교육ㆍ연수  연구성과 확산  공동연구  수탁 등에 관한 사항&cr;ㅇ 제1호부터 제6호까지의 부대사업 또는 기타 연구원의 목적 달성을 위하여 필요한 사업,ㅇ 1988.08. : 한국노동연구원 개원&cr;ㅇ 1999.01. : 정부출연연구기관 등의 설립ㆍ운영 및 육성에 관한법률 공포  국무총리실로 소속 이관&cr;ㅇ 2004.03. : 부설 뉴패러다임센터 개소(고성과작업장혁신센터로 명칭 변경 '09.01.)&cr;ㅇ 2005.10. : 노사관계연구본부  노동시장연구본부 신설&cr;ㅇ 2010.06. : 부설 고성과작업장혁신센터 폐쇄&cr;ㅇ 2011.02. : 노사정책연구본부  사회정책연구본부  고용정책연구본부  노동정책분석실  노동통계연구실 신설&cr;ㅇ 2011.07. : 노사정책연구본부와 사회정책연구본부를 노사ㆍ사회정책연구본부로 통합&cr;ㅇ 2013.05. : 고용영향평가센터  노동시장분석센터 개소&cr;ㅇ 2013.06. : 고용보험평가센터  임금직무혁신센터 개소&cr;ㅇ 2014.12. : 세종특별자치시로 이전&cr;ㅇ 2015.07. : 노사ㆍ사회정책연구본부를 노사관계연구본부와 사회정책연구본부로 분리&cr;ㅇ 2016.04. : 부원장실  동향분석실  인적자원연구실  지역고용연구실  패널데이터연구실 신설&cr;ㅇ 2016.05 : 기획전략실  경영지원실 신설&cr;ㅇ 2018.04 : 고용보험평가센터를 고용안전망연구센터로 개편  인적자원연구실 및 노동시장분석센터 폐쇄  기획전략실을 기획조정실로 명칭 변경&cr;ㅇ 2023.02 : 허재준 제14대 원장 취임&cr;ㅇ 2023.06 : 홍보전략팀을 기획조정팀으로 통합&cr;ㅇ 2025.06 : 지역고용연구실 폐지,ㅇ [연구] 새로운 고용노동 환경에 대응하는 융합적 연구역량 강화&cr;- 혁신과 패러다임 전환후의 시대를 준비하는 정책과제 발굴ㆍ수행&cr;- 연구의 현장 및 데이터 기반성 강화와 융합 연구 활성화&cr;ㅇ [서비스] 정책 혁신과 일하는 방식 혁신에 기여하는 정보ㆍ지식 제공&cr;- 소통에 충실하며 수요자 지향적 정책 콘텐츠 제공&cr;- 연구 성과물의 확산을 통한 대국민 서비스 활동 강화 및 수범사례 제공&cr;ㅇ [조직] 존중과 책무성에 기반한 행복한 조직 문화조성과 외부창달&cr;- 연구수월성과 서비스 질 제고를 통한 조직 경쟁력 향상&cr;- 일하는 방식개선과 문화활동을 결합하여 행복한 일터 조성, 공석,-,-,세종특별자치시,세종특별자치시 시청대로 370 세종국책연구단지 경제정책동 5~7층,www.kli.re.kr,116-82-03235,-
190,한국노인인력개발원,기타공공기관,보건복지부,노인 일자리 및 사회활동 지원에 관한 법률 제24조(한국노인인력개발원의 설립 등),20051227,노인의 능력과 적성에 맞는 노인 일자리 및 사회활동 지원을 전문적·체계적으로  수행하기 위함,&cr;노인 일자리 및 사회활동의 개발 및 보급&cr;노인 일자리 및 사회활동 지원사업에 대한 지원 및 평가&cr;노인일자리전담기관 종사자의 양성 및 연수&cr;노인 일자리 및 사회활동 지원사업 참여자에 대한 교육ㆍ훈련&cr;노인 일자리 및 사회활동에 관한 상담 및 연계  정보 제공&cr;노인 일자리 및 사회활동 지원사업 참여자 보호를 위한 상담 및 법률적 지원&cr;노인 일자리 및 사회활동 지원사업 참여자 등에 대한 안전사고 예방 및 보상&cr;노인 일자리 및 사회활동에 관한 조사 및 연구&cr;노인일자리 정보시스템 및 노인인력 데이터베이스의 구축 및 운영&cr;공동체사업단의 설립 및 운영&cr;노인사회활동 중 노인자원봉사 활성화 지원사업&cr;노인 일자리 및 사회활동 지원사업을 통한 지역사회 돌봄 지원&cr;보건복지부장관 또는 중앙행정기관의 장이 위탁하는 사업&cr;그 밖에 노인 일자리 및 사회활동 지원을 위하여 필요한 사업&cr;,2005. 12. 재단법인 한국노인인력개발원 설립&cr;2008. 03. 지역본부 3개소 개원(부산  광주  대전)&cr;2009. 01. 기타공공기관 지정&cr;2009. 05. 지역본부 2개소 개원(대구  인천)&cr;2010. 01. 준정부기관 지정&cr;2012. 04. 지역본부 1개소 개원(서울)&cr;2015. 09. 한국노인인력개발원 본원 이전(소재지 : 경기도 고양시)&cr;2020. 07. 지역본부 3개소 개원(강원  전북  경남)&cr;2021. 10. 지역본부 1개소 개원(경기)&cr;2022. 09. 지역본부 1개소 개원(충북)&cr;2023. 01. 기타공공기관 지정&cr;2023. 10. 「노인 일자리 및 사회활동 지원에 관한 법률」제정&cr;2024. 11. 한국노인인력개발원 설립(특수법인),&cr;[경영목표]&cr;&cr;- 일자리 창출 성과 확대 (노인일자리 정책대상 수요 충족 100%)&cr;- 일자리 만족도 향상 (노인일자리 참여 만족도 94점)&cr;- 기관 인지도 강화 (기관 인지도 40.6%)&cr;&cr;[&cr;전략목표1] 노&cr;인의 사회참여 확대와 공익가치 창출&cr;- 양질의 신규  돌봄일자리 발굴 확대&cr;- 노인역량활용 선도모델 차별화&cr;- 수요대응형 공익일자리 발굴&cr;- 취약 저소득 노인 일자리 및 소득보장 강화&cr;&cr;[전략목표2] 노인고용 확대 및 취·창업 촉진&cr;- 다양한 민간형 일자리 공급 활성화&cr;- 구인처·구직자 수요 맞춤형 취업지원 강화&cr;- 창업형 일자리의 시장 경쟁력 확보&cr;- 노인친화기업·기관 육성 및 품질 향상&cr;[전략목표3] 노인일자리 안전 및 전달체계 혁신&cr;- 안전하고 보호받는 일자리 환경 조성&cr;- AX/DX기반의 전달체계 및 모니터링 고도화&cr;- 노인일자리 직무전문 역량 및 수행여건 개선&cr;- 현장중심의 일자리 정책을 위한 연구역량 강화&cr;[잔략목표4] ESG 및 경영성과 내실화&cr;- 직무중심의 조직인력운영 강화&cr;- 일·가정 양립을 위한 가족친화경영 확산&cr;- ESG기반의 책임경영 확립&cr;- 참여와 소통  홍보강화로 공감대 제고&cr;,김수영,20260202-20290201,- (2014~2022) 양천구청장&cr;- (2019~2021) 대통령 직속 일자리위원회 위원&cr;- (2017~2018) 전국사회연대경제 지방정부협의회 회장&cr;- (2006~2008) 여성가족부 여성희망일터지원본부 본부장,경기도,경기도 고양시 일산동구 하늘마을로106(중산동 1701),https://www.kordi.or.kr,506-82-21042,-
191,한국농수산식품유통공사,준정부기관(위탁집행형),농림축산식품부,한국농수산식품유통공사법(법률 제17037호  2020.02.18.  타법개정),19671201,농수산식품의 가격안정 및 유통개선사업을 통하여 수급을 안정시키고 &cr;식품산업을 육성하여 농어업인의 소득 증진과 국민경제의 균형있는 발전에 이바지함,○ 수급안정 : 국민 식생활과 밀접한 주요 농산물 수매·수입  비축 및 적기 방출&cr;등을 통해 농산물의 수급과 가격안정 유도 및 자급기반 강화&cr;○ 유통개선 : 농산물 유통 디지털 전환  직거래 활성화 및 지역먹거리 선순환 기반&cr;조성  공공먹거리 지원  생산유통 통합조직 육성 등 농산물 유통체계 개선&cr;○ 수출진흥 : 수출품목 조직화 및 차세대 유망품목 육성  수출물류지원체계 구축 &cr;신시장 개척  온·오프라인 해외 마케팅 지원 등을 통한 농수산식품 수출 확대&cr;○ 식품산업육성 : 식품·외식기업 판로개척 및 국산 원료 농산물 수요 확대 &cr;식품외식 정보·인력 인프라 강화  전통발효식품 육성,○ 1967.12 농공(農工)간의 격차 완화를 위해 「농어촌개발공사」로 발족&cr;* 한국냉장 등 24개 자회사 육성 후 민영화로 농수산업 근대화 선도&cr;○ 1978.08 고추파동을 계기로 농수산물 가격안정사업 수행&cr;○ 1985.04 유통교육원 설립&cr;○ 1986.12 「농수산물유통공사」로 명칭 변경&cr;* 도매시장 육성  유통 교육·정보  금융지원 등 유통조성사업 강화&cr;○ 1991.06 화훼공판장 개장&cr;○ 1992.01 개방에 대응한 수출진흥사업 본격 참여&cr;○ 2002.10 농식품 전문 전시·컨벤션 시설인 'aT센터' 개장&cr;○ 2009.10 농수산물 사이버거래소 개장&cr;○ 2012.01 「한국농수산식품유통공사」로 명칭 변경&cr;* 식품산업 육성  해외식량자원 확보  사이버거래 등 사업영역 확대 반영&cr;○ 2014.09 광주·전남 공동혁신도시 이전을 계기로 현장경영 강화&cr;○ 2017.01 수급기능 강화를 위한 수급본부 신설&cr;○ 2018.05 지속가능농업 실현을 위한 新경영비전 선포&cr;○ 2020.07 온라인 유통채널 강화를 위한 농식품거래소 신설&cr;○ 2021.04 지속가능한 농어업 실현을 위한 ESG 경영 선포&cr;○ 2023.11 농산물 온라인도매시장 출범,○ 미션 : 농수산식품산업 진흥을 통해&cr;국민의 안정적인 먹거리 확보와 삶의 질 향상에 기여&cr;&cr;○ 비전 : 농어촌·농어민 성장을 위한 생산·유통 혁신으로 농수산식품 강국 실현&cr;&cr;○ 핵심가치 : RISE&cr; - 책임감(Responsibility) / 혁신(Innovation) / 지속가능(Sustainability) / 전문성(Expertise)&cr;&cr;○ 경영목표&cr;1. 농수산식품산업 선도를 위한 ESG 및 기관혁신 강화&cr;2. 기후변화대응 농산물 수급안정을 통한 국민편익 증대&cr;3. 유통구조 개선을 통한 국산 농산물 안정 공급체계 구축&cr;4. 지속가능한 수출 농어업 육성&cr;5. 중소식품·외식기업 성장 지원을 통한 농식품산업 육성&cr;&cr;○ 경영전략&cr;1. 저탄소 친환경 경영 확산&cr;2. 상생 및 사회적 책임 경영 강화&cr;3. 윤리경영 및 거버넌스 체계 강화&cr;4. 디지털전환 및 기관혁신을 통한 전문성 확립&cr;5. 기후변화 대응 선제적 수급관리&cr;6. 핵심 식량작물의 수급체계 강화&cr;7. 농산물 수급관리 인프라 확충 및 고도화&cr;8. 농산물 디지털 유통체계 구축&cr;9. 유통주체 경쟁력 제고&cr;10. 공공먹거리 선순환 체계 구축&cr;11. 수출경영체 경쟁력 강화&cr;12. K-FOOD 수출 유망품목 육성&cr;13. K-FOOD 수출영토 확장&cr;14. 국산농산물 기반의 식품기업 경쟁력 강화&cr;15. 식품외식기업 혁신적 성장 촉진&cr;16. 전통식품산업 경쟁력 제고,홍문표,20240820-20270819,○ 17  19  20  21대 국회의원&cr;○ 국회 예결위 위원장  교육위 위원장&cr;○ 국회 농림축산식품해양수산위원회 위원&cr;○ 한국농어촌공사 사장,전라남도,전라남도 나주시 문화로 227(빛가람동),www.at.or.kr,106-82-00944,-
192,한국농어촌공사,준정부기관(위탁집행형),농림축산식품부,한국농어촌공사 및 농지관리기금법 제3조 ,20000101,농어촌정비사업과 농지은행사업을 시행하고 농업기반시설을 종합 관리하며  &cr;농업인의 영농규모 적정화를 촉진함으로써 농업생산성의 증대 및 &cr;농어촌의 경제·사회적 발전에 이바지함 ,□ 안정적 곡물 공급기반 구축 및 농지 이용가치 제고 &cr;  ○ 국민의 안정적인 먹거리 생산 및 재해에 안전한 영농기반 조성&cr;  ○ 쌀중심에서 복합영농기반 확대를 통한 곡물자급률 제고 기여&cr;□ 지속가능한 농어촌 용수관리 및 재난·재해 예방&cr;   ○ 계측과 분석기반의 과학화된 물관리 및 수량·수질의 종합 용수 서비스 제공 &cr;   ○ 재난·재해 대비 수리시설물 안전관리 강화 및 유지관리 기능 고도화 &cr;□ 농어가 소득증대  경쟁력 제고 및 경영안정 지원 강화  &cr;  ○ 농업의 지속가능성 확보를 위한 미래 영농주체 육성 및 영농 규모화 촉진&cr;  ○ 부채농가 경영회생  고령농 농지연금 지원 등을 통한 사회안전망 확대 &cr;□ 농어촌 지역자원 가치 증진 및 융복합산업 활성화  &cr;  ○ 농어촌의 유무형 자원을 활용한 특화된 지역개발 정책지원 강화 &cr;  ○ 융복합산업 지원 전문기관 역할 강화를 통한 농어가 소득원 확대&cr;□ 지역경제 활성화 및 해외시장 개척&cr;  ○ 공사 보유자원 활용 지역 주도의 자체사업 모델 개발 및 친환경 &cr;      재생에너지 사업 육성&cr;  ○ 우리 농산업과 민간의 해외진출 촉진으로 고용창출 및 미래 성장동력 확장 ,&cr;&cr;□농지개량조합 &cr;  ○ 전북옥구수리조합(1908.12.8.)→ 토지개량조합(1962.1.21.)→&cr;      농지개량조합(1970.2.7.)→ 농지개량조합(1995.12.29.)&cr;□ 농지개량조합연합회&cr;  ○ 농지개량조합협회(1971.9.28.)→ 농지개량조합연합회(1978.4.24.)→&cr;      농지개량조합연합회(1995.12.29.)&cr;□ 농어촌진흥공사 &cr;  ○ 조선토지개량협회(1938.5.30.)→ 조선수리조합연합회(1940.7.13.)→&cr;      대한수리조합연합회(1949.6.18.)→ 토지개량조합연합회(1962.1.21.)→&cr;      농업진흥공사(1970.2.7.)→ 농어촌진흥공사(1990.7.2.)&cr;□ 3개 기관 통합 :  농업기반공사 출범(2000.1.1.)&cr;□ 한국농촌공사(2005.12.29.) &cr; *社名변경&cr;□ 위탁집행형 준정부기관 지정(2007.4.2.) &cr;□ 한국농어촌공사(2008.12.29.) &cr; *社名변경&cr;□ 한국농어촌공사 신청사 입주(2014.10.14.) &cr; *전남 나주 빛가람혁신도시&cr;&cr;,□ 경영목표&cr;  ○ 튼튼한 식량주권 기반 강화 &cr;  ○ 신뢰받는 물 서비스 구현 &cr;  ○ 고객중심 농지플랫폼 구축&cr;  ○ 활기찬 농어촌 공간 조성&cr;  ○ 국민공감경영을 통한 지속가능성 제고&cr;□ 경영전략 &cr;  ○ 식량위기 대응 생산체계 전환&cr;  ○ 기후대응 농업 안전 인프라 구축  &cr;  ○ 민간과 함께하는 해외농업협력 &cr;  ○ AI 활용 용수관리 과학화&cr;  ○ 재해·재난 예방 및 대응능력 강화&cr;  ○ 친환경 농업환경 조성&cr;  ○ 청년농 중심 세대전환 촉진 &cr;  ○ 농업인 소득보장 및 경영안정 &cr;  ○ 디지털 기반 농지은행 서비스 혁신 &cr;  ○ 농촌공간 재구조화 &cr;  ○ 어촌 소득 및 생활 기반 구축 &cr;  ○ 농촌 경제·사회 활성화 &cr;  ○ KRC AX 혁신 &cr;  ○ 경영 효율성 강화 &cr;  ○ ESG 경영 성과 확산,김인중,20250514-20280513,○ 농림축산식품부 차관 &cr;○ 농림축산식품부 차관보&cr;○ 농림축산식품부 식품산업정책실장,전라남도,전라남도 나주시 그린로 20,www.ekr.or.kr,123-82-08470,-
193,한국농업기술진흥원,기타공공기관,농촌진흥청,농촌진흥법 제33조,20090907,정부  정부출연 연구기관과 민간 등의 농업과학기술 분야 연구개발 성과의 산업적 진흥,&cr;○ 연구개발성과의 실용화를 위한 중개 및 알선&cr;&cr;&cr;○ 연구개발성과의 실용화를 위한 조사 및 연구&cr;&cr;&cr;○ 영농 현장에서의 연구개발 성과 활용 지원&cr;○ 연구개발성과의 사업화&cr;○ 특허 등 지식재산권의 위탁관리업무&cr;&cr;&cr;○ &cr;농가와 &cr;농업생산자 단체 등의 연구개발성과 사업화 지원&cr;&cr;○ 농식품 벤처ㆍ창&cr;업 활성화 지원&cr;&cr;&cr;○ 농식품 온실가스 감축 관련 정책ㆍ사업 지원&cr;&cr;&cr;&cr;○ 연구개발성과의 실용화 촉진을 위하여 국가 또는 지방자치단체가 위탁하거나 대행하게 하는 사업&cr;&cr;&cr;&cr;&cr;○ 농촌진흥청과 그 소속기관의 장 및 민원인이 의뢰하는 시험&cr;ㆍ&cr;분석ㆍ측정대행업 및 농업용 &cr;기자재의 검정&cr;&cr;&cr;&cr;○ 국가 또는 지방자치단체가 육성하여 긴급하게 보급하고자 하는 종자ㆍ종묘의 증식&cr;ㆍ&cr;보급&cr;&cr;&cr;○ 종자산업의 효율적인 육성 및 지원을 위한 사업&cr;&cr;&cr;&cr;○ 연구개발성과의 권리화 지원&cr;&cr;&cr;○ 농식품 기술 실용화  기술금융 등을 위한 기술평가&cr;○ 농식품 우수기술의 해외 이전 및 수출사업화 촉진&cr;○ 치유농업 관련 기술의 사업화 및 창업의 지원&cr;&cr;&cr;○ 치유농업사 자격시험의 시&cr;행 및 관&cr;리&cr;&cr;○ 스마트농&cr;업 육성 및 지원&cr;&cr;○ 그&cr;린바이오산업 육성 및 지원&cr;&cr;○ 연구개발성과의 실용화 촉진을 위한 정보화&cr;○ 연구개발성과의 실용화 촉진을 위한 자본 및 기술 출자&cr;○ 연구개발성과의 사업화를 위한 전시 및 홍보 지원 업무&cr;○ 연구개발성과의 실용화 촉진을 위한 시설 등 임대&cr;○ 직장어린이집 설치ㆍ운영&cr;○ 위 각호와 관련한 출판 등 부대사업&cr;,&cr;○ '09. 09. 07. 농업기술실용화재단 설립 출범&cr;○ '10. 01. 29. 위탁집행형 준정부기관 지정&cr;○ '14. 10. 30. 종자산업진흥센터 신설&cr;&cr;&cr;○ '15. 07. ~ 현재. 농식품벤처창업센터 설치&cr;(6개소:서울  경기  강원  충청  호남  영남)&cr;&cr;○ '18. 06. 28. 지방이전(경기 수원 → 전북 익산)&cr;&cr;&cr;○ '18. 12. 01. 스마트농업본부 신설&cr;&cr;○ '22. 03. 01. 한국농업기술진흥원으로 기관명칭 변경&cr;&cr;&cr;&cr;○ '&cr;23. 02. 03. 기타 공공기관 변경지정&cr;&cr;○ '&cr;25&cr;. 02. 14. 그린바이오산업 육성 전담기관 지정(농림축산식품부)&cr;&cr;&cr;○ '&cr;25. 06. 17. 스마트농업 지원센터 지정(농림축산식품부)&cr;&cr;,&cr;Ⅰ. 미션 : &cr;농업과학기술 분야 연구개발성과의 실용화 촉진을 통한 농산업 진흥&cr;Ⅱ. 비전 : 혁신기술 기반 미래 농산업 선도기관&cr;Ⅲ. 전략목표&cr;1. 미래 전략산업 집중 육성&cr;2. AI&cr;ㆍ첨단기술 융합 농산업 경쟁력 강화&cr;3. 농산업 지속가능성 제고&cr;4. 국민체감형 혁신성과 확산&cr;,이석형,20260401-20290331,산림조합중앙회 회장&cr;한국곤충산업협회 회장&cr;밀알중앙회 총재&cr;전라남도 함평군 군수,전라북도,전라북도 익산시 평동로 457,https://www.koat.or.kr/,124-82-18476,-
194,한국농촌경제연구원,기타공공기관,국무조정실,정부출연연구기관 등의 설립운영 및 육성에 관한 법률,19780401,농촌 경제 및 사회 발전에 관한 종합적인 조사 및 연구를 수행함으로써 국민 삶의 질 향상에 이바지,1. 농림업 및 식품산업 정책에 관한 조사 및 연구&cr;2. 농촌 지역발전 및 삶의 질 향상에 관한 조사 및 연구&cr;3. 농림업·농촌 환경보전 및 자원관리에 관한 조사 및 연구&cr;4. 국민 먹거리 공급체계 및 농식품 수급 안정에 관한 조사 및 연구&cr;5. 농림식품 분야 통상  국제농업협력에 관한 조사 및 연구&cr;6. 제1호부터 제5호까지의 연구 또는 사업에 관련된 조사  교육·연수  연구성과 확산  공동연구  수탁 등에 관한 사항&cr;7. 제1호부터 제6호까지의 부대사업 및 기타 연구원의 목적 달성을 위해 필요한 사업,1978. 4. 1 재단법인 한국농촌경제연구원 설립&cr;1978.12. 5 한국농촌경제연구원 육성법 제정 공포&cr;1999. 1.29 연구원설립근거법 변경(한국농촌경제연구원 육성법 → 정부출연기관법)&cr;2015. 8. 3 주사무소 이전(서울 동대문구 → 전라남도 나주시)&cr;2024. 4. 12 제16대 한두봉 원장 취임,경영목표 1: 신속한 국정과제 지원  미래 핵심 아젠다에 대한 선도적 연구&cr;- 국정과제에 대한 연구 지원 체계 강화&cr;- 국정과제에 대한 적시 연구와 실행 방안 제시&cr;- 선도적 미래 핵심 아젠다 발굴 및 연구 추진&cr;경영목표 2: 정책 실효성 및 국민 체감도 제고를 위한 체계 구축&cr;- 정책실효성 제고를 위한 현장 중심 연구기반 구축&cr;- 국민 체감도 제고를 위한 창의적 성과확산 체계 확립&cr;경영목표 3: 글로벌 싱크탱크로서의 역량 및 위상 제고&cr;- 전문성 강화와 연구품질 제고&cr;- 글로벌 네트워크 강화를 통한 세계적 위상 제고&cr;경영목표 4: 혁신경영을 통한 투명하고 유연한 업무환경 조성&cr;- 연구원의 사회적 책임 이행 및 조직 문화 개선&cr;- 프로세스 혁신을 통한 효율적 업무시스템 운영,한두봉,20230412-20260411,한국농업경제학회 회장&cr;한국연구재단  한국사회과학연구사업단(SSK) 단장&cr;한국농식품정책학회 회장&cr;고려대학교 교수학습개발원 원장&cr;고려대학교 식품자원경제학과 교수&cr;한국농촌경제연구원 동향분석실장&cr;EU-Korea Agriculture Food and Resource Economics Experts Building Program 책임자&cr;American Economic Association 회원(현)&cr;LG연암문화재단  해외연구교수(미국 University of Illinois  Urbana-Champaign)&cr;Agricultural and Applied Economics Association 회원(현)&cr;&cr;※ 정책지원 활동&cr;농어업ㆍ농어촌특별위원회 위원(현)&cr;농림식품과학기술위원회 위원(현)&cr;대통령직인수위원회 경제2분과위원회 자문위원&cr;제주특별자치도 글로벌환경자문단 위원&cr;농림축산식품부 농정개혁위원회 위원&cr;농림수산식품부 농어업선진화위원회 위원&cr;대한민국 국회  국회입법지원 위원&cr;외교통상부 한-ASEAN 현인그룹 전문위원&cr;농림수산식품부 갈등관리심의위원회 위원장&cr;농림축산식품부 농축산물무역정책심의회 위원&cr;기획예산처 기금평가단 위원&cr;농림부 양곡정책심의위원회 위원&cr;외교통상부 한미 FTA 전문가 위원회 자문위원&cr;농림부 식량자급률 자문위원회 위원&cr;농림부 농림업무심사평가위원회 위원&cr;농림부 농협중앙회 신·경분리추진협의회 위원&cr;외교통상부 농수산물부문 통상교섭민간자문그룹 전문위원&cr;농림부 WTO 차기농산물협상 대비 자문단 위원&cr;외교통상부 농·수산물부문 통상교섭 민간자문그룹 전문위원,전라남도,전라남도 나주시 빛가람로 601,www.krei.re.kr,205-82-02481,-
195,한국데이터산업진흥원,기타공공기관,과학기술정보통신부,민법 제32조,19930204,데이터 산업 성장과 데이터의 사회적 활용 증대를 통해 사회·혁신에 기여,ㅇ 데이터 유통 ·거래 활성화 기반 마련&cr;ㅇ 마이데이터 활용 활성화 기반 마련&cr;ㅇ 데이터 안심구역 운영 및 이용 활성화 지원&cr;ㅇ 데이터 활용을 통한 혁신사례 성과 창출 강화&cr;ㅇ 데이터 비즈니스 특화 지원으로 기업 경쟁력 강화&cr;ㅇ 데이터 전문인력 양성 및 국가공인 데이터 자격검정 활성화,ㅇ 1993.2 (재)한국데이터베이스진흥센터 설립&cr;ㅇ 1998.6 데이터베이스산업육성지원사업 착수&cr;ㅇ 2008.12 문화체육관광부로 주무부처 이전&cr;ㅇ 2009.6 (재)한국데이터베이스진흥원으로 기관명 변경&cr;ㅇ 2013.6 미래창조과학부로 주무부처 이전&cr;ㅇ 2015.1 기타공공기관 지정&cr;ㅇ 2016.8 (재)한국데이터진흥원으로 기관명 변경&cr;ㅇ 2019.1 (재)한국데이터산업진흥원으로 기관명 변경,ㅇ 목표(설립목적) : 데이터 산업 성장과 데이터의 사회적 활용 증대를 통해 사회·경제 혁신에 기여&cr;ㅇ 비전 : 디지털 대한민국을 실현하는 데이터 전문기관&cr;ㅇ 전략과제 및 중점추진사항&cr; (1) 데이터 보호·활용 기반 조성&cr;  1) 기업의 데이터 활용 디지털 전환 촉진&cr;  2) 정보 주체의 데이터 주권 확대&cr;  3) 데이터 보호·활용 인프라 강화&cr; (2) 데이터 유통·거래 생태계 조성&cr;  1) 데이터 가치평가 제도 활성화&cr;  2) 데이터 품질관리 운영 및 확산&cr;  3) 데이터 표준계약서 보급&cr; (3) 데이터 산업 활성화&cr;  1) 세계적 수준의 데이터 기업 육성&cr;  2) 산업 수요에 맞춘 데이터 인력양성&cr;주요사업에 대해서는 공시항목 <38. 주요사업>을 참고하시기 바랍니다.,양재수,20250327-20280326,한국데이터산업진흥원 원장(현)&cr;안양대학교 산학부총장(전)&cr;KT 수도권강북본부 사업지원담당 상무(전),서울특별시,서울특별시 중구 세종대로9길 42  7~8층(서소문동  부영빌딩),https://www.kdata.or.kr/, 102-82-08963,-
196,한국도로공사,공기업(시장형),국토교통부,한국도로공사법,19690215,도로의 설치 및 관리와 이에 관련된 사업을 통해 도로의 정비를 촉진하고 도로교통의&cr;발달에 이바지,ㅇ 고속도로 신설 및 확장&cr;ㅇ 고속도로 유지관리&cr;ㅇ 휴게 및 편의시설 설치ㆍ관리&cr;ㅇ 관련업무 연구 및 기술개발,ㅇ 1969. 2.15. 한국도로공사 창립(한국도로공사법)&cr;ㅇ 1973. 11. 고속도로 1 000km 구축&cr;ㅇ 1994. 8. 통행료 수납 기계화 전면 시행&cr;ㅇ 2005. 10. 전자지불 및 하이패스 도입&cr;ㅇ 2007. 4. 준시장형 공기업 지정&cr;ㅇ 2007. 12. 고속도로 3 000km 및 하이패스 전국 구축&cr;ㅇ 2012. 4. 고속도로 4 000km 시대 돌입&cr;ㅇ 2014. 11. 한국도로공사 본사 김천혁신도시 이전&cr;ㅇ 2016. 11. 재정ㆍ민자 고속도로 무정차통행료시스템 실시&cr;ㅇ 2019. 2. 한국도로공사 창립 50주년&cr;ㅇ 2020. 7. 경부고속도로 개통 50주년&cr;ㅇ 2024. 2. 시장형 공기업 지정 &cr;ㅇ 2024. 2. 고속도로 5 000km 시대 돌입,1. 안전 최우선의 고품질 스마트 고속도로 건설&cr; 1) 모두가 안전한  튼튼한 고속도로 건설&cr; 2) 미래도로 건설 선도&cr; 3) 민간협력 생태계 확산&cr;&cr;2. 원활한 교통소통 및 교통안전 선진화&cr; 1) 국민안심 교통안전 강화&cr; 2) 미래 모빌리티 인프라 구축 &cr; 3) 막힘없는 고속도로 운영&cr;&cr;3. 유지관리 최적화로 쾌적한 주행환경 제공&cr; 1) 예방적 재난ㆍ안전관리&cr; 2) 스마트 시설물 관리&cr; 3) 친환경의 쾌적한 고속도로 조성&cr;&cr;4. 고객사업 서비스 혁신&cr; 1) 고객사업 지속성 제고&cr; 2) 인프라 기반 서비스 확대&cr; 3) 고객 안심 편의 서비스 제공&cr;&cr;5. AI 중심의 전사 혁신 및 지속성장&cr; 1) AIㆍ디지털 기반 경영혁신&cr; 2) 신사업 육성&cr; 3) 지속가능한 책임 경영, 공석,-,-,경상북도,경상북도 김천시 혁신8로 77(율곡동),https://www.ex.co.kr/,129-82-00103,-
197,한국도로공사서비스(주),기타공공기관,국토교통부,상법 제169조  제170조  제172조  제288조  제317조,20190509,유료도로 이용료 수납 및 이에 관련된 콜센터와 교통방송 제공 등을 통해 이용고객의 편의 증진에 기여,ㅇ 유료도로 및 관련시설 이용료의 수납&cr;ㅇ 콜센터 운영&cr;ㅇ 교통방송 제작 및 운영&cr;ㅇ 유료도로 및 관련시설 이용 고객응대 및 서비스 제공,2019. 05. 법인설립 등기&cr;2019. 07. 영업소 영업개시&cr;2019. 09. 콜센터 인수&cr;2020. 06. 교통방송센터 인수&cr;2021. 01. 기타공공기관 지정,ㅇ 경영목표&cr; - 도로서비스 품질 1등급&cr; - 고객만족도조사 최고등급&cr; - 정부경영평가 A등급&cr;&cr;ㅇ 전략목표&cr;1. 미래교통을 위한 사업혁신&cr;2. 고객과 현장을 연결하는 교통서비스 추진&cr;3. 지속가능 경영체계 실현&cr;&cr;ㅇ 전략과제&cr;1-1. 통행료 수납 프로세스 강화 및 확장&cr;1-2. 미래사업 성과창출&cr;1-3. 미래지향형 AX DX 혁신&cr;&cr;2-1. 교통종합방송 역할강화&cr;2-2. 고객맞춤 상담 서비스 추진&cr;2-3. 공공책임형 도로 근로자 안전관리&cr;&cr;3-1. 조직운영기반 안정화&cr;3-2. 전략적 홍보 및 협력 네트워크 확립&cr;3-3. ESG 경영 확산&cr;, 공석,-,-,경기도,경기도 성남시 수정구 창업로57번길 11(시흥동)  2층, www.exservice.co.kr,734-88-01357,-
198,한국도로교통공단,준정부기관(위탁집행형),경찰청,한국도로교통공단법 제1조,19540212,교통안전에 관한 교육ㆍ홍보ㆍ연구ㆍ기술개발과 운전면허시험의 관리 등을 통하여 교통질서를 확립하고 교통의 안전성을 높임으로써 도로에서 일어나는 교통상의 위험과 장해를 예방,ㅇ도로교통안전 대책에 관한 조사 및 연구&cr;ㅇ도로교통안전 기술의 연구ㆍ개발ㆍ보급 및 기술용역&cr;ㅇ도로교통 및 재난 등의 안전에 관한 방송 및 홍보&cr;ㅇ도로교통안전에 관한 교육ㆍ훈련 및 자격증의 발급ㆍ관리 대행&cr;ㅇ교통안전시설 및 교통단속용 장비의 시험ㆍ검사ㆍ교정(矯正)ㆍ운영ㆍ관리 및 기술지원&cr;ㅇ도로교통안전에 관한 자료의 수집과 출판 및 배포&cr;ㅇ도로교통 관계 법령의 시행상 문제점에 대한 개선방안 등의 건의&cr;ㅇ도로교통안전에 관한 외국의 기술도입 및 교통안전 관계 단체와의 국제협력&cr;ㅇ도로교통안전 행정업무에 관한 기술지원 및 교통행정 관계 공무원에 대한 교육훈련 지원&cr;ㅇ도로교통사고의 조사ㆍ분석과 사고 잦은 곳의 개선 및 그 지원에 관한 업무&cr;ㅇ운전면허시험의 관리&cr;ㅇ운전면허를 받은 사람에 대한 정기 적성검사 및 수시 적성검사&cr;ㅇ국가나 지방자치단체가 위탁하는 도로교통안전에 관한 업무&cr;ㅇ자율주행자동차 관련 교육  기술 연구ㆍ개발 등과 관련되는 업무,ㅇ 1954.02.12. [대한교통안전협회 중앙연합회] 창립&cr;ㅇ 1980.05.22. [도로교통안전협회]로 명칭 변경&cr;ㅇ 1984.01.09. 도로교통문제연구소 신설&cr;ㅇ 1985.04.18. 서울시 중구 신당동 본부 청사 준공ㆍ이전&cr;ㅇ 1986.09.01. 문제연구소를 [도로교통안전연구소]로 개편&cr;ㅇ 1994.12.03. 안전연구소를 [교통과학연구원]으로 개편&cr;ㅇ 1997.01.01. 교통방송본부 신설&cr;ㅇ 1997.12.20. 광주교통방송국 개국&cr;ㅇ 1997.12.23. 부산교통방송국 개국&cr;ㅇ 1998.12.19. 교통사고종합분석센터 신설&cr;ㅇ 1999.01.29. [도로교통안전관리공단]으로 명칭 변경&cr;ㅇ 1999.07.14. 대전교통방송국 개국&cr;ㅇ 1999.07.30. 대구교통방송국 개국&cr;ㅇ 2001.11.13. 강원교통방송국 개국&cr;ㅇ 2001.11.30. 인천교통방송국 개국&cr;ㅇ 2002.05.15. 전주교통방송국 개국&cr;ㅇ 2005.10.31. 교통방송을 [TBN한국교통방송]으로 개칭&cr;ㅇ 2006.02.06. 중앙교통정보센터 설립&cr;ㅇ 2007.04.02. 공공기관(위탁집행형 준정부기관)으로 지정&cr;ㅇ 2008.06.22. [도로교통공단]으로 명칭 변경&cr;ㅇ 2011.01.01. 운전면허시험관리단과 기관 통합&cr;ㅇ 2012.07.23. TBN울산교통방송 개국&cr;ㅇ 2013.08.26. TBN창원교통방송 개국&cr;ㅇ 2014.07.09. TBN경북교통방송 개국&cr;ㅇ 2015.11.27. 강원도 강원(원주)혁신도시로 본부 이전&cr;ㅇ 2016.08.18. TBN제주교통방송 개국&cr;ㅇ 2017.02.17. 광양운전면허시험장 개장&cr;ㅇ 2018.01.01. [인천  전주  창원 교통방송]을 [경인  전북  경남 교통방송]으로 명칭 변경&cr;ㅇ 2020.11.24. TBN충북교통방송 개국&cr;ㅇ 2024.07.31. [한국도로교통공단]으로 명칭 변경,<미션>&cr;ㅇ 우리는 도로교통사고로부터 국민이 안전하고 행복한 세상을 만든다&cr;<비전>&cr;ㅇ 이동하는 모든 순간  안전과 편리를 더하는 국민의 KoROAD&cr;<경영목표>&cr;ㅇ 교통사고 사망자수 50% 감축&cr;ㅇ 교통안전 중심 지속가능 경영체계 구축&cr;<핵심가치>&cr;ㅇ 안전  소통  책임  열정&cr;<경영방침>&cr;ㅇ 화합  안심  미래  참여&cr;<4대 전략방향>&cr;ㅇ 국민이 체감하는 소통ㆍ참여기반 교통안전문화 확산&cr;ㅇ 과학적 관리기반의 교통안전체계 확립&cr;ㅇ 미래 모빌리티 환경 변화대응 교통안전 혁신기술 확보  &cr;ㅇ 공정ㆍ투명ㆍ상생으로 ESG를 실현하는 지속가능 경영,김희중,20241111-20271110,인천광역시경찰청장&cr;행정안전부 경찰국장,강원도,강원도 원주시 혁신로 2(반곡동),www.koroad.or.kr,203-82-32086,-
199,한국도박문제예방치유원,기타공공기관,문화체육관광부,사행산업통합감독위원회법 제14조,20130828,사행산업 또는 불법사행산업으로 인한 중독 및 도박문제와 관련한 예방 및 치유 사업과 활동을 하여 사행산업으로 인한 부작용을 최소화하고 건전한 사회에 기여함을 목적으로 한다.,1. 예방·치유를 위한 상담·교육·홍보 및 관련 프로그램의 개발·보급&cr;2. 조사·연구·분석 및 평가&cr;3. 예방·치유를 위한 전문인력 양성&cr;4. 전문 의료기관 등과의 연계·협력&cr;5. 예방사업 및 중독자 치유·재활 사업 지원&cr;6. 예방·치유 관련 국제 교류 및 협력&cr;7. 청소년의 도박 중독에 관한 조사 및 연구&cr;8. 정부 또는 위원회가 위탁하는 사업&cr;9. 그 밖에 사행산업이나 불법사행산업으로 인한 중독 및 도박 문제의 예방·치유를 위하여 필요한 사업 또는 활동,ㅇ 2012. 5. 23. 사행산업통합감독위원회법 개정('12.11.24. 시행)&cr;ㅇ 2013. 8. 28. 한국도박문제관리센터 개원&cr;ㅇ 2014. 3. 31. Help-Line 상담전화 개통&cr;ㅇ 2015. 1. 30. 공공기관 지정(기획재정부 고시 제2015-3호 기타공공기관)&cr;ㅇ 2018. 1. 1. 국민체육진흥기금 사행산업중독예방치유계정 수탁 운영&cr;ㅇ 2019. 4. 1. 충무로 청사 이전&cr;ㅇ 2021. 2. 1. 정선도박문제회복센터 개소&cr;ㅇ 2022. 7. 19. 한국도박문제예방치유원 명칭 변경&cr;ㅇ 2024. 3. 20. 통계작성기관 지정 승인(통계청),ㅇ 미션 : 도박 폐해 안전망 구축을 통한 국민 건강권 보호에 기여&cr;ㅇ 비전 : 국민을 도박문제 없는 삶으로 이끄는 최고의 전문기관&cr;ㅇ 전략&cr;　- 도박문제 인식확산&cr;　- 사업 확대 및 다각화&cr;　- 사업 공고화 기반 구축&cr;　- 지속 가능한 경영체계 혁신,신미경,20240502-20270501,ㅇ 국민의힘 보건복지 수석전문위원&cr;ㅇ 국회 정책연구위원(1급)&cr;ㅇ 새누리당 여성국장&cr;ㅇ 민주통합당 홍보국 부장,서울특별시,서울특별시 중구 퇴계로 173  남산스퀘어 8층,https://www.kcgp.or.kr, 101-82-22899,-
200,한국동서발전(주),공기업(시장형),기후에너지환경부,전력산업구조개편 촉진에 관한 법률 제1조,20010402,전력자원의 개발과 발전 및 이와 관련되는 사업 영위,1. 전력자원의 개발&cr;2. 발전 및 이와 관계되는 사업&cr;3. 상기 1~2호에 관련되는 사업에 관한 연구 및 기술개발&cr;4. 제1호부터 제3호까지의 사업에 관련되는 해외사업&cr;5. 제1호부터 제4호까지의 사업에 관련되는 사업에 대한 투자 또는 출연&cr;6. 제1호부터 제5호까지의 사업에 관련되는 부대사업,○ 1915.09. 경성전기 주식회사 &cr;○ 1943.08. 조선전업 주식회사 &cr;○ 1946.05. 남선전기 주식회사 &cr;○ 1961.07. 한국전력 주식회사(3사 통합) &cr;○ 1982.01. 한국전력공사(개칭) &cr;○ 2001.04. 한국동서발전 주식회사(발전부문 분리 : 6개 발전회사)&cr;○ 2007.04. 기타공공기관 지정(공운법 제정)&cr;○ 2011.01. 시장형 공기업 지정&cr;○ 2014.06. 본사 이전(서울 → 울산 혁신도시),1. 전략방향 및 경영목표&cr;(1) 지속 가능한 탄소중립 기반 구축&cr;- 무탄소·저탄소 발전량 17TWh&cr;- 신재생에너지 발전비중 44%&cr;- 설비 신뢰도 99.99%&cr;(2) 성과 창출 향상으로 신성장 사업 확장&cr;- 해외사업 매출액 1.3조원&cr;- 에너지신사업 매출액 2 300억원&cr;(3) AI 기반 역량강화로 경영체계 혁신&cr;- 부채비율 180% 미만&cr;- AI 혁신 달성률 100%&cr;(4) 국민 신뢰의 책임경영 실현&cr;- 온실가스 감축률 76%&cr;- 중대재해 ZERO&cr;- 종합청렴도 1등급&cr;&cr;2. 전략과제&cr;(1) 무탄소·저탄소 전원 확보&cr;(2) 신재생에너지 경쟁우위 확보 및 O&M 역량 강화&cr;(3) 전력계통 변화 대응 최적 발전 운영&cr;(4) 청정에너지 밸류체인 확장&cr;(5) 에너지신사업 개발 및 해외사업 확장&cr;(6) AX 기반 사업개발 및 미래기술 R&D 선도&cr;(7) 에너지전환 투자여력 확보&cr;(8) 미래 선도 조직문화 구축 및 인재양성&cr;(9) AI 기반 업무·서비스 혁신&cr;(10) 친환경 발전 선도&cr;(11) 안전보건관리체계 강화&cr;(12) 공정·상생 사회 구현,권명호,20241104-20271103,(전) 제21대 국회의원(울산 동구)&cr;(전) 울산광역시 동구 구청장&cr;(전) 울산광역시의회 의원,울산광역시,울산광역시 중구 종가로 395,https://www.ewp.co.kr,120-86-19199,-
201,한국등산·트레킹지원센터,기타공공기관,산림청,산림문화휴양에 관한 법률,20080721,건전한 등산ㆍ트레킹 문화의 확산과 국민의 등산ㆍ트레킹활동 지원,1. 등산트레킹교육 및 국제협력 사업&cr;2. 전문산악인 양성 및 지원 사업&cr;3. 등산ㆍ트레킹학교 간의 협력체계 및 정보네트워크 구축ㆍ운영 사업&cr;4. 숲길 및 그 안내시설 등 등산ㆍ트레킹 관련 시설의 조성ㆍ정비 또는 운영ㆍ관리 사업&cr;5. 등산ㆍ트레킹기술의 개발 및 등산·트레킹시설의 표준화 사업&cr;6. 조난 등산객의 구조 기술개발 및 교육·훈련 사업&cr;7. 건전한 등산ㆍ트레킹문화의 확산과 발전을 위한 조사ㆍ연구 및 홍보 사업&cr;8. 등산ㆍ트레킹과 관련하여 국가 또는 지방자치단체가 위탁하는 사업&cr;9. 등산ㆍ트레킹 관련 정보의 수집ㆍ공유 및 활용 촉진  그 밖에 건전한 등산ㆍ트레킹문화의 확산에 필요한 사업으로서 농림축산식품부령으로 정하는 사업,2008.07.21. :「한국등산지원센터」 법인 설립&cr;2011.03.23. :「한국등산ㆍ트레킹지원센터」 법인 명칭 변경&cr;2014.11.08. :「국립산악박물관」개관&cr;2018.12.05. :「국립등산학교」개교(속초)&cr;2020.02.05. :「공공기관의 운영에 관한 법률」에 따른 기타공공기관 지정&cr;2021.06.25. :「국립등산학교 인공암벽장」개장&cr;&cr;&cr;2025.05.21. :「국립밀양등산학교」개교&cr;,&cr;&cr;&cr;&cr;○&cr; &cr;(미션) 지속가능한 숲길ㆍ등산ㆍ레포츠 생태계 구축을 통하여 국민 행복 실현에 기여&cr;&cr;&cr;○&cr; &cr;&cr;&cr;(비전)&cr; 숲길의 무한가치를 창출하여 국민 행복을 실현하는 &cr;숲길ㆍ등산ㆍ레포츠 전문기관&cr;&cr;&cr;○&cr; &cr;경영목표&cr;- 숲길 이용객 390만명&cr;- 숲길 유해ㆍ위험요인 개선률 100%&cr;- 고객만족도(PCSI) "우수" 등급 달성&cr;- 경영평가 '우수' 등급 달성&cr;&cr;&cr;&cr;○ &cr;4대 전략 목표 및 12개 전략 과제&cr;&cr;&cr;- 통합적 숲길 운영 및 활성화&cr;&cr;ㆍ숲길 운영ㆍ관리 활성화&cr;ㆍ지역 균형ㆍ상생형 숲길 네트워크 구축&cr;ㆍ숲길 기반 정책 지원 강화&cr;&cr;-  안전 중심의 숲길 이용 환경 조성&cr;ㆍ숲길 안전관리체계 고도화&cr;ㆍ등산ㆍ트레킹 안전문화 확산&cr;ㆍAIㆍ디지털 기술 기반 안전 대응 역량 강화&cr;&cr;- 산악문화 및 등산 교육 융합 발전 촉진&cr;ㆍ산악문화 가치 확산 및 융복합 전시 콘텐츠 확대&cr;ㆍ국민 맞춤형 등산 교육 서비스 확대&cr;ㆍ숲길 전문가 양성 및 산림레포츠 운영 기반 마련&cr;&cr;- 지속가능한 조직 운영체계 구축&cr;ㆍ조직ㆍ경영 혁신 추진&cr;ㆍ윤리ㆍ안전 경영체계 강화&cr;ㆍ상생형 국민 소통 강화&cr;,서경덕,20241119-20271118,前 국립자연휴양림관리소장&cr;前 민주평화통일자문회의 상임위원,대전광역시,대전광역시  대덕구 신상로 67,https://komount.or.kr/,210-82-09905,-
202,한국디자인진흥원,기타공공기관,산업통상부,산업디자인진흥법 제11조(한국디자인진흥원 설립 등),19700519,산업디자인의 개발촉진 및 진흥을 위한 사업을 효율적이고 체계적으로 추진하기 위함,ㅇ 디자인개발사업 및 산업기술기반조성사업&cr;ㅇ 전시사업&cr;ㅇ 출판 및 홍보사업&cr;ㅇ 정보화사업&cr;ㅇ 교육ㆍ연수사업&cr;ㅇ 지방의 디자인 진흥을 위한 사업&cr;ㅇ 국제교류ㆍ협력사업&cr;ㅇ 정부의 위탁사업&cr;ㅇ 조사ㆍ연구사업&cr;ㅇ 디자인의 보호 및 통계조사사업&cr;ㅇ 브랜드 육성 지원사업&cr;ㅇ 임대사업&cr;ㅇ 디자인이 적용된 생활용품 등의 제작ㆍ유통 활성화  창업ㆍ경영지원  마케팅ㆍ해외진출 지원 등 생활산업 육성에 관한 사업&cr;ㅇ 용역 등 수익사업과 디자인 진흥을 목적으로 하는 사업&cr;ㅇ그 밖에 산업통상자원부장관이 필요하다고 인정하는 시범사업,ㅇ 1970.05. 한국디자인포장센터 설립(디자인ㆍ포장진흥법)&cr;ㅇ 1991.07. 산업디자인포장개발원으로 개편(산업디자인ㆍ포장진흥법)&cr;ㅇ 1997.01. 한국산업디자인진흥원으로 개편(산업디자인진흥법)&cr;ㅇ 2001.04. 한국디자인진흥원 출범&cr;ㅇ 2001.09. 코리아디자인센터 완공 및 입주(경기도 성남시)&cr;ㅇ 2013.04. KIDP China 설립(중국 베이징)&cr;ㅇ 2015.02. 미래디자인융합센터 완공 및 입주(경상남도 양산시)&cr;ㅇ 2019~22. 디자인주도 제조혁신센터 구축(7개소)&cr;ㅇ 2023.01. 공공기관 유형변경 (준정부기관 -> 기타공공기관),ㅁ 미션: 디자인혁신을 통한 산업 경쟁력 강화 및 국민의 삶의 질 향상&cr;&cr;ㅁ 비전: 산업전환과 사회혁신을 선도하는 미래 디자인 혁신기관&cr;&cr;ㅁ 경영목표: 디자인 산업 외연 확대  능동적 산업전환 대응  K-디자인 글로벌 확산  성과중심 책임경영 구현&cr;&cr;ㅁ 전략목표 및 전략과제&cr;ㅇ 디자인으로 도약하는 산업 르네상스&cr;- 디자인 혁신으로 주력산업 고도화&cr;- 디자인 주도 국민 체감형 서비스 제공&cr;- 지역 디자인기반 균형성장 선도&cr;ㅇ 디자인분야 AI대전환 기반조성&cr;- 디자인 AI 핵심 인프라 구축&cr;- 디자인 AI 솔루션 실증 및 확산지원&cr;- 디자인 AI 전문 인력 양성 확보&cr;ㅇ 성장촉진형 디자인 지원체계 강화&cr;- 디자인기업 혁신성장 기반 확충&cr;- 지속가능한 디자인 시장 생태계 조성&cr;- 글로벌 K-디자인 확산 지원&cr;ㅇ 국민소통 및 책임경영 강화&cr;- 경영자율성 및 책임성 강화&cr;- ESG 기반 지속가능 경영 구현&cr;- 국민중심 소통 활성화,강ㅇㅇ,20260126-20290125,(2024) 계원예술대학교 광고브랜드디자인과 교수&cr;(2009) 계원예술대학교 기획조정처 처장&cr;(2004) 계원예술대학교 계원미디어센터 센터장,경기도,경기도 성남시 분당구 양현로 322(야탑동),www.kidp.or.kr,208-82-00065,-
203,한국로봇산업진흥원,기타공공기관,산업통상부,지능형 로봇 개발 및 보급 촉진법 제41조,20100624,ㅇ 지능형 로봇 산업 진흥을 위한 사업을 효율적이고 체계적으로 추진&cr;ㅇ 지능형 로봇 산업 관련 정책개발을 추진,「지능형로봇 개발 및 보급 촉진법」제41조&cr;1. 로봇산업진흥을 위한 정책의 수립 및 개발&cr;2. 로봇산업 동향조사 및 출판/전시/홍보사업&cr;3. 로봇산업 통계작성 및 실태조사&cr;4. 로봇 윤리헌장의 실행  홍보에 관한 사업&cr;5. 로봇 시장창출을 위한 시범사업 및 보급/확산&cr;6. 국제협력 및 해외진출 지원&cr;7. 로봇 제조에 대한 지원&cr;8. KS인증(로봇)사업&cr;9. 표준 연구개발/보급 및 국제표준화 활동&cr;10. 지능형 로봇산업 육성/발전 및 지원시설 등 기반조성사업&cr;11. 로봇기업의 창업/성장 등의 지원&cr;12. 산업기술개발사업&cr;13. 로봇 전문인력 양성사업&cr;14. 기타 산업통상자원부장관이 인정하는 사업,ㅇ ('10.6월) 한국로봇산업진흥원 설립&cr;ㅇ ('11.1월) 기타 공공기관 지정(기획재정부)&cr;ㅇ ('11.7월)「지능형로봇 개발 및 보급 촉진법」개정으로 정부출연 근거 마련&cr;ㅇ ('12.7월)「로봇산업클러스터조성사업」기반조성 주관기관 선정&cr;ㅇ ('14.11월) 한국로봇산업진흥원 청사 준공&cr;ㅇ ('15.5월) 로봇산업클러스터(로봇혁신센터  로봇협동화팩토리) 준공&cr;ㅇ ('16.7월) KS인증기관 지정(국가기술표준원)&cr;ㅇ ('17.8월) 로봇산업클러스터 조성사업 완료&cr;ㅇ ('17.12월) KOLAS 인증범위 확대(전자기적합성  환경 및 신뢰성)&cr;ㅇ ('18.6월)「지능형로봇 개발 및 보급 촉진법」개정(연장)&cr;ㅇ ('19.3월) 로봇산업 육성전략 발표&cr;ㅇ ('19.5월) 로봇규제혁신센터 개소&cr;ㅇ ('19.8월) 제3차 지능형 로봇 기본계획 공고&cr;ㅇ ('19.9월) 로봇교육기부 우수기관 선정(교육부)&cr;ㅇ ('20.9월) 2019년 경영평가 A(우수) 등급 획득&cr;ㅇ ('20.10월) KC(방송통신기자재 적합성평가)인증기관 획득&cr;ㅇ ('20.10월) 로봇산업 선제적 규제혁신 로드맵 발표&cr;ㅇ ('21.4월) '2021년 지능형 로봇 실행계획'  '2021년 로봇산업 선제적 규제 혁신 로드맵 실행계획' 발표(산업통상자원부)&cr;ㅇ ('21.10월) 서비스 융합모델 실증사업 출범식(산업통상자원부)&cr;ㅇ ('22.5월) 자율주행로봇 얼라이언스 출범&cr;ㅇ ('22.6월) 로봇산업 규제개선 민간협의체 출범 &cr;ㅇ ('23.3월) 「첨단로봇 규제혁신 방안」발표(관계부처합동)&cr;ㅇ ('23.5월) 「지능형로봇 개발 및 보급 촉진법」영구법 전환&cr;ㅇ ('24.1월) 제4차 지능형 로봇 기본계획 공고&cr;ㅇ ('24.12월) 첨단로봇 실증지원센터 개소&cr;ㅇ ('25.9월) 2024년 경영실적평가 A(우수) 획득&cr;ㅇ ('26.4월) 조영훈 원장 취임,ㅇ 미션&cr;- 로봇산업 진흥을 위한 사업을 효율적이고 체계적으로 추진하고&cr;지능형 로봇산업 관련 정책 개발을 추진&cr;&cr;ㅇ 비 전&cr;- 인간  로봇  더 나은 미래  4차 산업혁명을 선도하는 로봇산업 진흥기관&cr;&cr;ㅇ 핵심가치&cr;- 공헌  배려  헌신&cr;&cr;ㅇ 4대 전략&cr;- 수요중심 시장창출&cr;- 기업경쟁력 강화&cr;- 산업생태계 조성&cr;- 혁신경영 지속추진,조영훈,20260401-20290331,(주)티라로보틱스 부사장&cr;(주)뉴로메카 디렉터(이사)&cr;한국로봇산업협회 상근부회장&cr;한국로봇산업협회 이사&cr;한국정보통신진흥협회 팀장,대구광역시,대구광역시 북구 노원로 77(노원동 3가),www.kiria.org,504-82-13681,-
204,한국마사회,공기업(준시장형),농림축산식품부,한국마사회법,19490929,경마의 공정한 시행과 말산업 육성으로 축산 발전에 대한 이바지 및 국민의 복지증진과 여가선용 도모(한국마사회법 제1조),&cr;○ 경마의 공정한 시행과 원활한 보급&cr;○ 말산업 및 축산 발전 기여&cr;○ 국민의 여가선용 도모&cr;,&cr;1922. 04. 05. 사단법인 조선경마구락부 설립인가&cr;1922. 05. 20. 사단법인 조선경마구락부 주관 경마시행&cr;1942. 03. 01. 조선마사회 설립&cr;1949. 09. 29. 조선마사회를「한국마사회」로 개칭&cr;1954. 05. 08. 신설동에서 뚝섬으로 경마장 이전&cr;1962. 01. 20. 한국마사회법 제정 공포&cr;1980. 09. 11. 제15회 아시아경마회의(ARC) 개최&cr;1984. 01. 07. 마권발매업무 전산화&cr;1985. 10. 30. 원당 종마목장 건설 기공식&cr;1986. 09. 20. 제10회 아시안게임 승마경기 개최 지원&cr;1986. 11. 18. 원당 종마목장 준공&cr;1987. 10. 22. 제주경마공원 기공식&cr;1988. 09. 13. 마사박물관 개관&cr;1988. 09. 17. 제24회 서울올림픽 승마경기 개최 지원&cr;1989. 09. 01. 뚝섬에서 과천으로 서울경마공원 이전&cr;1990. 10. 28. 제주경마공원 개장&cr;1992. 01. 01. 농림수산부에서 체육청소년부로 소관부처 변경&cr;1993. 05. 15. 구좌투표제(KNetz 방식 초기형태) 시행&cr;1993. 08. 14. 단일마주제에서 개인마주제로 전환 &cr;1994. 04. 01. 경마공원 전철역 개통&cr;1994. 04. 08. 제주목장 기공식&cr;1994. 06. 28. 경주경마장 건설 문체부 시행 허가&cr;1994. 11. 11. 유도선수단 창단&cr;1995. 09. 05. 제주목장 준공&cr;1996. 09. 25. 탁구선수단 창단&cr;1997. 08. 09. 교차투표(제주→서울) 시행&cr;1999. 11. 27. 부산/경남권 경마장 건설사업 문화부 승인&cr;2000. 02. 16. 승마선수단 창단&cr;2001. 01. 29. 문화관광부에서 농림부로 환원&cr;2001. 04. 28. 경주경마장 건설부지 사적지정 확정&cr;2001. 07. 11. 경주경마장 건설사업 폐지 승인(농림부)&cr;2001. 08. 11. 국산 마권발매기 설치 운영&cr;2001. 08. 27. 부산경남경마공원 기공식&cr;2001. 11. 08. 장수경주마목장 부지 선정&cr;2002. 05. 18. 서울경마공원 신관람대 준공 및 개장&cr;2002. 10. 01. 부산 A/G 승마경기 개최 지원&cr;2003. 09. 04. Ucan Center(경마심리상담센터) 개장&cr;2004. 06. 14. IFHA(세계경마연맹) PartⅢ 경마시행국으로 승인&cr;2004. 07. 21. 장수경주마목장 기공식&cr;2004. 11. 14. 제1회 대통령배 대상경주 시행&cr;2004. 12. 31. 부산경남경마공원 준공&cr;2005. 05. 20. 제30회 ARC 개최&cr;2005. 06. 25. KNetz-PC 베팅 서비스 오픈&cr;2005. 09. 30. 부산경남경마공원 개장&cr;2006. 04. 29. 제주경마공원 신관람대 개장&cr;2007. 03. 29. 장수경주마목장 개장&cr;2007. 04. 02. 준시장형 공기업 지정&cr;2007. 05. 08. 영문사명 변경(Korea Racing Association → Authority)&cr;2010. 02. 03. 제4경마장(경북 영천) 설치 업무협약 체결&cr;2011. 02. 18. 말산업육성법 본의회 통과&cr;2012. 07. 16. 말산업육성 전담기관 선정&cr;2013. 10. 01. 말산업 전문인력 양성기관 지정&cr;2014. 01. 02. 제주특별자치도 국내 1호 말산업특구로 지정&cr;2016. 07. 01. 한국 경마 Part II 승격 &cr;2018. 05. 13. 제37회 ARC 개최&cr;2019. 02. 28. 한국마사회 장학관 개장&cr;2019. 11. 07. 파견ㆍ용역 정규직 전환 합의 및 &cr;　　　　　　한국마사회 자회사 ㈜한국마사회시설관리 설립&cr;2020. 07. 03. 장수목장 언덕주로 개장&cr;2020. 11. 19. 제주목장 언덕주로 개장&cr;2022. 05. 20. 제100주년 경마의 날 &cr;2024. 06. 21. 전자마권(온라인마권) 발매 정식운영&cr;,&cr;○ 미션 : 말산업으로 국가경제 발전과 국민의 여가선용에 기여한다&cr;○ 비전 : 국민과 말이 함께 행복한 레저문화 선도기업&cr;○ 핵심가치 : 혁신  소통  공정  안전&cr;○ 경영목표(2030년)&cr;- 국제경주마 능력지수(109.145점)  고객만족도(89.19)  정기승마인구(91 375명)  종합청렴도(1등급)  중대재해(0건)&cr;○ 전략방향 및 전략과제&cr;Ⅰ. 국제 경쟁력을 갖춘 경마 시행&cr;- 한국경마 상품성 강화&cr;- AI 기반 미래지향적 경마시스템 구축&cr;- 안전 최우선 친환경 사업장 조성&cr;Ⅱ. 건전하게 즐기는 여가문화 확산&cr;- 고객 친화적 레저 공간ㆍ서비스 혁신&cr;- 고객 중심 디지털 발매서비스 구현&cr;- 지역맞춤형 사회공헌 확대&cr;Ⅲ. 국민과 함께하는 말산업 성장&cr;- 승마 대중화 및 말문화 확산&cr;- 민간기술 협력 미래 말산업 육성&cr;- 사각지대 없는 말 복지 증진&cr;Ⅳ. 지속가능한 경영기반 확립&cr;- 직무ㆍ성과 중심 조직문화 확립&cr;- AI 기반 조직 생산성 제고&cr;- ESG 중심 책임경영 실현&cr;,우희종,20260205-20290204,&cr;- 대한수의사회 정무부회장&cr;- 서울대 수의과대학 수의학과 교수&cr;- 국회동물복지포럼 자문위원장&cr;- 아시아 수의과대학협의회(AAVS) 의장&cr;- 민주화를 위한 전국교수협의회 상임의장 &cr;,경기도,경기도 과천시 경마공원대로 107,www.kra.co.kr,138-82-00451,-
205,한국마약퇴치운동본부,기타공공기관,식품의약품안전처,마약류관리에관한법률 제51조의6,19920422,마약류의 오용 또는 남용으로 인한 보건상의 위해를 방지하여 국민보건 향상과 건강한 사회 조성에 이바지함을 목적으로 함,&cr;1. 마약류의 폐해에 대한 대국민 홍보ㆍ계몽 및 교육 사업&cr;2. 마약류 중독자의 사회복귀를 위한 사회복지 사업&cr;3. 마약류 관련 예방교육을 위한 자료의 개발 및 보급&cr;4. 마약류 중독자 재활 및 예방 관련 전문인력의 양성 지원&cr;5. 그 밖에 식품의약품안전처장이 필요하다고 인정하는 불법 마약류 및 약물 오용ㆍ남용 퇴치와 관련된 사업&cr;,2024.10. 함께한걸음센터 17개소 운영&cr;2024.03. 용기한걸음센터(24시상담센터) 신규 설치&cr;2024.01. 기타공공기관 지정(기획재정부)&cr;2004.01. 공직유관단체 지정(인사혁신처)&cr;2003.04. 공익성 기부단체 지정(기획재정부)&cr;2002.12. 「마약류 관리에 관한 법률」에 의해 법정단체 전환&cr;1998.02. 주무관청이 식품의약품안전청으로 변경(현 식품의약품안전처)&cr;1992.04. 재단법인 설립 인가(제70호)(보건복지부),1. 대국민 마약류 폐해 예방교육 확대&cr;1-1. 대상별 맞춤형 예방교육 강화&cr;1-2. 마약류 전문강사 양성관리&cr;1-3. 대국민 인식개선 확대&cr;&cr;2. 마약류 중독자 회복관리 및 사회복귀 지원 강화&cr;2-1. 마약류 사범 전주기적 관리 강화&cr;2-2. 마약류 대상별 맞춤형 관리 및 프로그램 제공&cr;2-3. 마약류 중독 24시 전화상담서비스 강화&cr;&cr;3. 공공기관 경영 및 조직체계 혁신&cr;3-1. 공공기관 수준의 조직 정비&cr;3-2. 경영 및 조직 체계 개선 및 혁신,서국진,20240429-20270428,(전) 서울의료원 감사,서울특별시,서울특별시 영등포구 선유동2로 57 이레빌딩 신관 14층,drugfree.or.kr,114-82-05111,-
206,한국무역보험공사,준정부기관(기금관리형),산업통상부,무역보험법 제37조,19920707,한국무역보험공사는 무역이나 그 밖의 대외거래와 관련하여 발생하는 위험을 담보하기 위한 무역보험제도를 효율적으로 운영함으로써  무역과 해외투자를 촉진하여 국가 경쟁력을 강화하고 국민경제의 발전에 이바지하기 위해 설립된 무역투자보험기관,&cr;ㅇ 상품 및 자본재 수출ㆍ수입  해외건설ㆍ투자  환변동위험 관리  문화ㆍ서비스 등 용역 수출 및 기타 대외거래에서 발생하는 위험을 담보하기 위한 다양한 무역보험 종목 운영하여 수출촉진&cr;ㅇ 신용조사 및 신용정보 관리 등의 신용정보서비스와 해외미수채권에 대한 채권회수 대행 등 채권추심 서비스 제공 &cr;ㅇ 무역보험기금에 대한 정부 출연금액을 바탕으로 무역보험을 인수하고 적립된 기금을 운용&cr;ㅇ 무역진흥을 통하여 안정적인 무역과 대외투자를 견인  국가경쟁력을 강화하고 국민경제 발전에 기여하는 무역보험의 역할 증대&cr;,&cr;ㅇ 1968.12. 수출보험법 제정ㆍ공포&cr;ㅇ 1969.02. 대한재보험공사에서 수출보험업무개시&cr;ㅇ 1977.01. 한국수출입은행으로 대행기관을 변경&cr;ㅇ 1992.07. 한국수출보험공사 설립&cr;ㅇ 1992.11. 수출신용보증제도 시행&cr;ㅇ 1994.08. 단기수출보험  농수산물수출보험 시행&cr;ㅇ 1999.12. 환변동보험  이자율변동보험 도입&cr;ㅇ 2003.09. 신뢰성보험  해외 미회수채권 회수대행 시행&cr;ㅇ 2004.07. 신용정보업 허가 획득&cr;ㅇ 2005.07. 지식서비스수출보험  해외투자보험(자원개발) 시행&cr;ㅇ 2006.11. 해외자원개발펀드보험 시행&cr;ㅇ 2006.12. 해외사업금융보험 시행&cr;ㅇ 2007.04. 기금관리형 준정부기관 지정 &cr;ㅇ 2007.12. 문화수출보험 도입&cr;ㅇ 2008.03. 탄소종합보험 도입&cr;ㅇ 2008.04. 중소기업 Plus+보험 도입&cr;ㅇ 2009.01. 수출보험 비상경영계획 선포&cr;ㅇ 2010.07. K-SURE 한국무역보험공사로 재출범  2020 NEW 비전 선포&cr;ㅇ 2013.03. 중소중견 Plus+단체보험 도입&cr;ㅇ 2019.03. 수출신용보증(매입) 도입&cr;ㅇ 2020.09. 수출신용보증(포괄매입) 도입&cr;ㅇ 2020.12. 온라인 다이렉트 보험ㆍ보증 도입&cr;,&cr;ㅇ 경영목표 : 미래산업 육성  무역영토 확장  중소중견 Scale-up  고객공감 가치창출  지속가능 역량확보&cr;&cr;ㅇ 경영전략&cr; - 첨단ㆍ전략산업 총력 지원  친환경산업 금융지원 강화&cr; - 프&cr;로젝트 수주 지원체계 강화  무역시장 다변화  해외진출 금융지원 확대&cr; - 중소ㆍ중견 글로벌 성장지원  수출안전망 구축  보편ㆍ포용금융 확대&cr; - 시장 친화적 무역보험 운영  AI 활용 무역보험 디지털 전환  무역보험 저변확대 사업추진&cr; - 재정 건전성 확보  안전 및 ESG경영 내재화  미래지향 조직문화 조성&cr;,장영진,20240318-20270317,산업통상자원부 차관&cr;한국전자기술연구원 원장 &cr;산업통상자원부 기획조정실장,서울특별시,서울특별시 종로구 종로 14 (서린동),https://www.ksure.or.kr,102-82-06816,-
207,한국문학번역원,기타공공기관,문화체육관광부,문학진흥법 제13조,19960506,체계적인 한국문학의 번역ㆍ출판과 해외 홍보ㆍ교류를 통한 한국문학 발전과 세계화,ㅇ 한국문학의 번역ㆍ출판사업&cr;ㅇ 한국문학 번역가 양성사업&cr;ㅇ 한국문학의 세계화 관련 기획ㆍ조사ㆍ연구 사업&cr;ㅇ 한국문학의 해외 교류ㆍ홍보 및 해외진출 지원 사업&cr;ㅇ 문학 교류 활성화를 위한 외국문학의 한국어 번역ㆍ출판 사업,ㅇ 1996.05.06 : (재)한국문학번역금고 설립&cr;ㅇ 2001.03.02 : (재)한국문학번역원으로 명칭변경 및 조직확대 출범&cr;ㅇ 2005.01.27 : 문화예술진흥법 개정안 공포 (한국문학번역원 법정기관화 명시)&cr;ㅇ 2005.09.27 : 한국문학번역원으로 명칭변경(특수법인 전환)&cr;ㅇ 2010.03.17 : 기관 근거 법령 이관(문화예술진흥법 ⇒ 출판문화산업진흥법)&cr;ㅇ 2016.08.04 : 기관 근거 법령 이관(출판문화산업진흥법 ⇒ 문학진흥법),ㅇ 비전 : 세계문학으로서의 한국문학의 장을 여는 중추 기관&cr;ㅇ 경영목표(2024~2028)&cr;1. 한국문학 해외출간 943종&cr;2. 전문 번역 인력 4 780명 양성&cr;3. 고객만족도 A등급&cr;ㅇ 전략목표&cr;1. 한국문학 번역 출판 지원 체계 고도화&cr;2. 한국문학 미래 가치 창출 기반 강화&cr;3. 혁신 기반의 경영 관리 역량 고도화,전수용,20240805-20270804,ㅇ 이화여자대학교 명예교수(2019~현재)&cr;ㅇ 이화여자대학교 영문과 교수(2002~2019)&cr;ㅇ 한국영어영문학회 회장(2014~2015)&cr;ㅇ 한국현대영미소설학회 회장(2010~2012)&cr;ㅇ 한국문학번역원 비상임이사(2015~2018),서울특별시,서울특별시 강남구 영동대로 112길 32(삼성동) 한국문학번역원, https://www.ltikorea.or.kr/,102-82-08944,-
208,한국문화관광연구원,기타공공기관,문화체육관광부,문화기본법 제11조의2(한국문화관광연구원의 설립),20021204,문화예술의 창달  문화산업 및 관광진흥을 위한 연구  조사  평가,&cr;□ 문화예술의 진흥  문화산업 및 관광산업의 육성을 위한 조사·연구&cr;□ 문화 관광을 위한 조사·평가·연구&cr;□ 문화복지를 위한 환경조성에 관한 조사·연구&cr;□ 전통문화 및 생활문화 진흥을 위한 조사·연구&cr;□ 여가문화 및 지역관광에 관한 조사·연구&cr;□ 북한 문화예술 및 관광 연구&cr;□ 국내외 연구기관  국제기구와의 교류 및 연구협력사업&cr;□ 문화예술  문화산업  관광 관련 정책정보·통계의 생산·분석·서비스 &cr;□ 조사·연구결과의 출판 및 홍보&cr;□ 그밖의 연구원의 설립 목적을 달성하는데 필요한 사업&cr;,&cr;1994.07. (재)한국문화정책개발원 설립&cr;1996.04. (재)한국관광연구원 설립&cr;2002.12. (재)한국문화관광정책연구원 통합 개원&cr;2007.02. (재)한국문화관광연구원으로 명칭 변경&cr;2015.12. 한국문화정보원 통계개발운영 업무 이관(공공기관 기능조정)&cr;2016.05. 한국문화관광연구원 법정법인 전환(문화기본법 개정)&cr;2017.08. 문화영향평가(문화기본법 법정평가) 전담기관 지정&cr;2019.01. 연구개발목적기관 지정(공운법 개정)&cr;2020.06. 관광특구평가(관광진흥법 법정평가) 전담기관 지정&cr;2020.12. 문화체육관광부 데이터분석센터(데이터기반행정법  근거) 지정&cr;2021.05. 기관 운영지원 예산 출연금 전환(문화기본법 및 관광진흥개발기금법 개정)&cr;,[경영목표]&cr;□ K-컬처 시대를 선도하는 정책연구 수행&cr;□ 수월성 제고와 성과확산을 위한 민·관·학 네트워크 강화&cr;□ 통계데이터의 정책대응력 강화와 정책평가의 신뢰성 확보&cr;□ 문화·관광·콘텐츠분야 책임연구기관으로서 공익성과 혁신 제고 &cr;[전략과제]&cr;□ K-문화관광 미래 대응 및 지속 성장 연구&cr;□ 문화·관광을 통한 사회적 통합과 혁신 연구&cr;□ 연구성과 제고 및 수요자 중심의 연구수행체계 혁신&cr;□ 분야와 영역을 넘어선 연구 네트워크 확대&cr;□ 연구 성과의 실효적 대외 확산&cr;□ 속보성(short-term) 통계 ·데이터 생산 및 서비스 강화&cr;□ 전문성과 수월성에 기반한 문화·관광정책평가·컨설팅 수행&cr;□ 사회적 책임 이행을 통한 공익성 확보&cr;□ 기관 역량강화를 위한 인적자원관리(HR) 개선&cr;□ 안전하고 행복한 업무환경 조성,황교익,20260417-20290416,&cr;농민신문사 편집국 기자 ·부장(1989~2002)&cr;서울공예박람회 총감독(2016)&cr;(사)향토지적재산본부 비상임 연구위원(2003~2020)&cr;부산푸드필름페스타 운영위원장(2017~2026)&cr;,서울특별시,서울특별시 강서구 금낭화로 154,http://www.kcti.re.kr,109-82-08038,-
209,한국문화예술교육진흥원,기타공공기관,문화체육관광부,문화예술교육지원법(제10조 및 부칙 제2조),20050203, 모든 국민이 전 생애에 걸쳐 양질의 문화예술교육을 누릴 수 있도록 지원함으로써 국민의 문화적 삶의 질과 국가의 문화역량을 높이는데 기여,ㅇ 학교  교육시설 및 교육단체 간 상호 연계 협력망의 구축/운영&cr;ㅇ 교육시설 및 교육단체에 대한 지원 평가  교원의 연수지원&cr;ㅇ 문화예술교육 지원을 위한 학술 연구 및 조사&cr;ㅇ 문화예술교육사 양성 및 연수&cr;ㅇ 문화예술교육에 필요한 시설 및 장비 확충&cr;ㅇ 문화예술교육 지원을 위한 국제협력 및 관련 사업&cr;ㅇ 그 밖에 문화예술교육의 지원에 관한 필요사항,ㅇ 2005. 02. (재)한국문화예술교육진흥원 설립(민법 제 32조)&cr;ㅇ 2006. 08. 특수법인으로 전환(문화예술교육 지원법 제10조)&cr;ㅇ 2007. 04. 기타공공기관 지정(기획재정부)&cr;ㅇ 2010. 05. 유네스코 세계문화예술교육대회 개최&cr;ㅇ 2012. 공공기관장 경영평가 우수기관 선정(문화체육관광부)&cr;ㅇ 2012. 08. 문화예술교육사 자격제도 업무위탁(지원법령 제21조)&cr;ㅇ 2013. 03. 전문예술법인 지정(문화체육관광부)&cr;ㅇ 2019. 12. 교원 종합교육연수원 지정 인가(교육부)&cr;ㅇ 2021. 2020년도 공공기관 경영공시 우수기관 선정(기획재정부)&cr;ㅇ 2023. 06. 2022년도 경영실적 평가 우수(A) 등급 달성(문화체육관광부)&cr;ㅇ 2024. 04. 2023년도 공공기관 고객만족도 조사 우수기관 선정(기획재정부)&cr;ㅇ 2024. 06. 2023년도 경영실적 평가 우수(A) 등급 달성(문화체육관광부)&cr;ㅇ 2025. 06. 2024년도 경영실적 평가 우수(A) 등급 달성(문화체육관광부),ㅇ 미션 : 모든 국민이 전 생애에 걸쳐 양질의 문화예술교육을 누릴 수 있도록 지원함&cr;으로써 국민의 문화적 삶의 질과 국가의 문화역량을 높이는 데 기여&cr;ㅇ 비전 : 국민 일상에서 문화예술교육을 누리도록 하는 문화예술교육 전문 기관&cr;ㅇ 전략목표&cr;① 문화예술교육 가치 실현&cr;② 문화예술교육 생태계 기반 조성&cr;③ 선진경영 체계 확립&cr;ㅇ 핵심가치&cr;①국민의 신뢰 ②미래를 향한 변화 ③꿈을 향한 도전 ④협력을 통한 상생, 임진택,20251222-20281221,(재)이애주문화재단 상임이사  이사장&cr;경기아트센터 이사장&cr;한국예술문화단체총연합회 부이사장,서울특별시,서울특별시 마포구 상암산로 76(상암동  YTN 뉴스퀘어),www.arte.or.kr, 101-82-12542,-
210,한국문화예술위원회,기타공공기관,문화체육관광부,문화예술진흥법 제16조(문화예술진흥기금) 및 동법 제20조(한국문화예술위원회),20050826,훌륭한 예술이 우리 모두의 삶을 변화시키는 힘을 가지고 있다는 믿음으로 문화예술진흥을 위한 사업과 활동을 지원함으로써 모든 이가 창조의 기쁨을 공유하고 가치 있는 삶을 누리게 함을 목적으로 함,ㅇ 문화예술의 창작  매개  향수와 관련된 사업이나 활동&cr;ㅇ 문화예술 진흥을 위한 정책연구ㆍ개발 및 교육ㆍ연수 사업이나 활동&cr;ㅇ 민족전통문화의 보존ㆍ계승 및 발전을 위한 사업이나 활동&cr;ㅇ 지역 문화예술의 진흥을 위한 사업이나 활동 및 지방문화예술위원회와 재단법인과의 협의조정 등에 관한 사항&cr;ㅇ 남북 및 국제 문화예술의 교류 사업이나 활동&cr;ㅇ 문화예술 기반시설의 활성화를 위한 사업이나 활동&cr;ㅇ 문화예술인의 창작환경개선 및 후생복지증진과 국제경쟁력 제고를 위한 사업이나 활동&cr;ㅇ 문화예술 재원의 확충 및 조성을 위한 연구 및 사업이나 활동&cr;ㅇ 공공미술(대중에게 개방된 장소에 미술 작품을 설치ㆍ전시하는 것을 말한다) 진흥을 위한 사업&cr;ㅇ 기타 문화예술의 진흥을 위한 사업이나 활동 및 시설의 설치 및 운영,ㅇ 1972.08.14. 문화예술진흥법 제정(법률 제2337호)&cr;ㅇ 1973.10.11. 한국문화예술진흥원 개원&cr;ㅇ 2005.01.27. 문화예술진흥법 개정(법률 제7364호)&cr;ㅇ 2005.08.10. 한국문화예술위원회 1기 위원회 출범&cr;ㅇ 2005.08.26. 한국문화예술위원회 법인 설립(한국문화예술진흥원 해산)&cr;ㅇ 2007.04.01. 공공기관 운영에 관한 법률 시행&cr;   - 한국문화예술위원회 : 기금관리형 준정부기관으로 지정&cr;ㅇ 2008.09.19. 한국문화예술위원회 2기 위원회 출범&cr;ㅇ 2010.04.06. 한국문화예술위원회 본관 이전(서울시 구로구)&cr;ㅇ 2010.11.04. 한국문화예술위원회 3기 위원회 출범&cr;ㅇ 2012.12.05. 한국문화예술위원회 4기 위원회 출범&cr;ㅇ 2014.04.28. 한국문화예술위원회 본관 이전(전라남도 나주시)&cr;ㅇ 2014.05.29. 한국문화예술위원회  한국공연예술센터  국립예술자료원 3개 기관 통합&cr;ㅇ 2015.02.02. 한국문화예술위원회 5기 위원회 출범&cr;ㅇ 2017.11.13. 한국문화예술위원회 6기 위원회 출범&cr;ㅇ 2019.01.31. 공공기관 유형 변경 : 기타공공기관&cr;ㅇ 2020.05.06. 한국문화예술위원회 7기 위원회 출범&cr;ㅇ 2023.01.10. 한국문화예술위원회 8기 위원회 출범&cr;ㅇ 2026.04.27. 한국문화예술위원회 9기 위원회 출범&cr;   - 제9대 이범헌 위원장 호선 선출,ㅇ미션 : 문화예술을 지원함으로써 모든 사람이 창조의 기쁨을 공유하고 가치 있는 삶을 누리게 한다.&cr;ㅇ비전 : 문화예술과 국민을 잇고  문화예술의 내일을 함께하는 아르코&cr;ㅇ4대 전략목표&cr;  - 예술 창작 생태계 확충&cr;  - 문화예술 향유 확대&cr;  - 문화예술 가치 사회 확산&cr;  - 지속가능한 기관 경영 체계 확립&cr;ㅇ전략과제&cr;  1. 창작 지원체계 고도화 및 지원 영역 확장&cr;  2. 청년예술가 도약기반 강화&cr;  3. 안정적인 예술현장 일자리 및 역량개발 환경 조성&cr;  4. 예술극장ㆍ미술관 공공성 강화 및 운영 특성화&cr;  5. 창작 성과 국민 체감 확대&cr;  6. 일상 속 문화예술 경험 확산&cr;  7. 미래 문화예술 향유자 발굴&cr;  8. 취약계층 향유 프로그램 다양화&cr;  9. 문화예술 가치 확산 활동 다각화&cr;  10. 문화예술 후원 활성화&cr;  11. 예술기록물 축적 및 활용 확대&cr;  12. 예술정책 선도 및 문예기금 재원 안정화&cr;  13. 조직운영 전문성 및 효율성 확립&cr;  14. ESG경영 선도 및 강화&cr;  15. 기관 브랜드 가치 및 고객 만족 향상,이범헌,20260427-20290426,ㅇ신한대학교 특임교수&cr;ㅇ제28대 (사)한국예술문화단체총연합회 회장('20~‘24)&cr;ㅇ서울시교육청 문화예술 특별보좌관('19~‘24)&cr;ㅇ제24대 (사)한국미술협회 이사장('17~’20) ,전라남도,전라남도 나주시 빛가람로 640,www.arko.or.kr,208-82-01138,-
211,한국문화정보원,기타공공기관,문화체육관광부,문화기본법 제11조의3,20021223,문화의 가치가 우리 사회 영역 전반에 확산될 수 있도록 국가와 지방자치단체  공공기관 등의 문화정보화 관련 정책개발과 사업추진을 지원함으로써 창의적 지능정보사회의 기반 구축 및 문화경쟁력 강화에 이바지함을 목적으로 함,&cr;1. 국가와 지방자치단체  공공기관 등의 문화정보화 촉진을 위한 정책개발과 사업추진의 지원&cr;2. 문화 분야 지능정보화사회 정책 추진을 위한 종합계획과 실행계획의 수립ㆍ시행에 필요한 전문기술의 지원&cr;3. 문화체육관광부 및 그 소속기관 등의 문화정보화 사업 발굴 등 추진체계 지원&cr;4. 문화정보화 관련 정책ㆍ법제도ㆍ기술의 기획ㆍ조사ㆍ연구ㆍ개발&cr;5. 문화정보화사업 사전협의 및 수준평가 등에 관한 전문기술지원&cr;6. 문화정보화에 대한 지표의 조사ㆍ개발  통계자료의 관리 지원 및 관련 정보의 출판ㆍ보급&cr;7. 문화정보화 확산을 위한 국제교류ㆍ협력 및 해외진출의 지원&cr;8. 문화 분야 데이터의 수집ㆍ관리ㆍ융합 및 활용ㆍ사업화 지원 등 기반 조성에 관한 사업&cr;9. 문화 분야 데이터기반행정 활성화 및 개인정보 활용 지원에 관한 사업&cr;10. 문화 관련 콘텐츠 개발 및 이용촉진에 관한 사업&cr;11. 문화정보서비스 제공체계 구축 및 관리ㆍ운영&cr;12. 문화정보자원의 통합 관리 및 운영 지원&cr;13. 문화정보화 전문인력 및 문화PD 양성 등 관련 사업과 교육시설의 관리 및 운영&cr;14. 지역문화정보 활성화를 위한 지원 및 관련 사업&cr;15. 문화비 소득공제에 대한 사무 및 관련 사업&cr;16. 공공저작물 자유이용 활성화를 위한 관련 사업&cr;17. 공공저작물의 저작권에 대한 신탁관리 및 관련 사업&cr;18. 다른 법령에서 정보원의 업무로 정하거나 정보원에 위탁한 사업&cr;19. 그 밖에 국가기관 등의 장이 위탁하는 사업&cr;20. 기타 정보원의 설립 목적달성을 위하여 필요한 사업&cr;,ㅇ 2025.03. : 한국문화정보원 특수법인 전환 (문화기본법 제11조의 3)&cr;ㅇ 2024.11. : 국가빅데이터플랫폼 이용활성화 부문 ‘과학기술정보통신부 장관상’ 수상&cr;ㅇ 2024.11. : 문화체육관광부 독서경영 우수직장 인증&cr;ㅇ 2023.11. : 문화포털 웹어워드코리아 2023 공공부문 공공정보분야 대상 수상&cr;ㅇ 2023.01. : 문화체육관광 가명처리지원센터 개소&cr;ㅇ 2022.03. : 문화정보 큐레이팅봇 공공분야 인공지능 우수사례 선정 (행안부) &cr;ㅇ 2020.07. : 지능형 멀티 문화정보 큐레이팅봇  ‘정부혁신성장사업’ 선정&cr;ㅇ 2019.06. : 과기부 빅데이터 플랫폼 문화 미디어 분야 최우수 과제 선정&cr;ㅇ 2018.07. : 문화비 소득공제 제도운영 사무위탁 수행(문화예술진흥법 제41조의2)&cr;ㅇ 2017.12. : 여성가족부 가족친화 인증기업 선정&cr;ㅇ 2016.03. : 공공저작물 개방지원센터 설치&cr;ㅇ 2015.01. : 기관 명칭변경(한국문화정보센터 ⇒ 한국문화정보원)&cr;ㅇ 2014.09. : 문화정보화 전담기관 지정(문화기본법 시행령 제7조 및 문체부장관 고시 제2014-0035호)&cr;ㅇ 2013.01. : 기타공공기관 지정(공공기관의 운영에 관한 법률)&cr;ㅇ 2010.10. : 사이버안전센터 전담기관 지정(사이버안전센터운영규정 훈령 132호)&cr;ㅇ 2009.12. : 문화정보화 전담기관 지정(정보화업무규정 훈령 166호)&cr;ㅇ 2002.12. : (재)한국문화정보센터 설립(설립근거 : 민법32조),○ 비전&cr;- 문화 디지털 혁신 선도기관&cr;&cr;○ 핵심가치&cr;- 적극행정&cr;-혁신선도&cr;-전문역량&cr;- 상생협력&cr;&cr;○ 전략목표&cr;- 대국민 지능형 문화정보서비스 제공&cr;- 문화산업 데이터 활용 생태계 조성&cr;- 공공분야 문화 디지털 혁신 기반 확대&cr;- 지속 가능한 경영혁신 실현,정운현,20240611-20270610,&cr;ㅇ국무총리실 비서실장&cr;ㅇ한국언론진흥재단 상임이사&cr;ㅇ친일반민족행위 진상규명위원회 사무처장&cr;ㅇ오마이뉴스 편집국장&cr;,서울특별시,서울특별시 마포구 월드컵북로 400  6층,www.kcisa.kr, 101-82-10054,-
212,한국문화진흥주식회사,기타공공기관,문화체육관광부,상법 제288조,19840124,문화예술진흥을 위한 문화예술진흥기금 조성,골프장 운영을 통한 문화예술기금 조성,1984년 1월 24일 한국문화진흥(주) 설립&cr;1987년 10월24일 뉴서울골프장 개장&cr;1990년 7월1일 골프장 사업운영 및 재산관리 위탁계약 체결<한국문화예술위원회>&cr;2002년~2004년 남  북코스 전동카트 도입&cr;2007년 4월1일 기타공공기관 지정&cr;2014년 6월29일 클럽하우스 리모델링 및 부속동 신축 준공&cr;2017년 2월7일 코스명칭 변경(문화코스  예술코스),ㅇ 미션: 효율적인 골프장 운영으로 기금조성 및 문화예술진흥에 기여&cr;ㅇ 비전: 문화예술의 가치를 확산시키는 골프장 경영 전문기업&cr;ㅇ 전략방향: 매출증대를 통한 기금조성  골프장 서비스 품질혁신  경영혁신을 통한 체질개선, 공석,-,-,경기도,경기도 광주시 삼지곡길 95,https://newseoulgolf.co.kr,126-81-05548,-
213,한국물기술인증원,기타공공기관,기후에너지환경부,물관리 기술발전 및 물산업 진흥에 관한 법률 제19조(한국물기술인증원의 설립 등),20191115,물관리기술 또는 물관리 제품의 위생안전  품질 및 성능 등을 확보하기 위한 인·검증 및 그에 관련된 업무를 효율적으로 수행,ㅇ 물 관리 기술 및 제품에 대한 인·검증&cr;ㅇ 인·검증 기준개발 및 조사·연구&cr;ㅇ 기준개발을 위한 위해성평가 및 평가기법 개발&cr;ㅇ 기후에너지환경부장관의 위탁을 받은 물관리기술 또는 물관리 제품의 인·검증 관련 업무,ㅇ '18. 6. : 한국물기술인증원 설립근거 법령 물산업진흥법 제19조 제정(시행일 '19.6.12.)&cr;ㅇ '19. 11. : 한국물기술인증원 법인설립허가 및 설립등기 &cr;ㅇ '20. 4. : 정수기 품질검사기관 지정&cr;ㅇ '21. 3. : COSD 표준개발 협력기관 지정(제품환경성 분야 KS 16종)&cr;ㅇ '24.11. : 환경분야 KS 인증기관 지정(KS D코드 9종)&cr;ㅇ '25. 1. : 물순환 품질인증기관 지정&cr;ㅇ '25. 8. : 먹는샘물등·수처리제·정수기 품질관리인 교육기관 지정&cr;ㅇ '26. 2. : 기타공공기관 지정,ㅇ 미션: 물기술 인·검증 고도화로 국민 물 복지 향상&cr;ㅇ 비전: 세계 수준의 물기술 인·검증 기관&cr;ㅇ 전략목표&cr;  - 효과적인 인·검증 기준 및 체제 확보&cr;  - 물 관련 인증정보 서비스 제공 다양화&cr;  - 구성원 전문역량 강화&cr;ㅇ 전략과제&cr;  - 시험·검사기반 조성&cr;  - 국내·외 네트워크 및 협력강화&cr;  - 효과적인 인·검증 기준 및 체제 확보&cr;  - 인·검증 영역 확충&cr;  - 현장 맞춤형 인·검증 역량강화&cr;  - 물 관련 인증정보 서비스 제공 다양화&cr;  - 효율적 운영체제 조성&cr;  - 미래 성장동력 확보&cr;  - 구성원 전문역량 강화,김영훈,20230515-20260514,ㅇ 기후부(前환경부) 기획조정실장&cr;ㅇ 기후부(前환경부) 자연환경정책실장&cr;ㅇ 기후부(前환경부) 4대강조사평가단장,대구광역시,대구광역시 달성군 구지면 국가산단대로40길 20,https://www.kwtc.or.kr/,782-82-00302,-
214,한국발명진흥회,기타공공기관,지식재산처,발명진흥법 제52조,19941226,발명진흥사업을 체계적  효율적으로 추진하고 발명가의 이익 증진을 도모할 수 있는 사업을 수행함으로써 산업계의 기술 혁신을 통한 국제경쟁력 제고와 국민경제 발전에 기여함,지식재산 핵심인재 양성(발명교육 활성화사업  지식재산인력양성사업 등)&cr;지식재산기반 기업 육성(지식재산기반 창업촉진지원  지식재산 창출지원 등)&cr;지식재산 활용촉진(지식재산 거래 지원  지식재산 평가관리 등)&cr;지식재산 문화확산(발명의날 기념식  국제 지식재산 콘텐츠 개발 및 확산 등),1973. 10. (사)한국특허협회&cr;1982. 02. (사)한국발명특허협회(명칭개칭)&cr;1994. 12. 한국발명진흥회 설립(발명진흥법 제52조)&cr;2003. 03. 한국지식재산센터 개관&cr;2007. 04. 기타공공기관 지정&cr;2012. 12. 발명영재교육연구원 설립&cr;2015. 01. 한국지식재산중개소 개소&cr;2020. 02. IP회수지원기구 출범(전담기관)&cr;2023. 04. 평가관리센터 설립,비전(Vision): 지식재산으로 혁신 경제를 선도하는 글로벌 전문기관&cr;핵심가치: 1) 전문성 2) 혁신 3)책임 4)신뢰&cr;전략목표:&cr;1) 소통·혁신 기반의 지속가능 경영강화&cr;2) IP기반 미래주도형 인재 양성&cr;3) IP를 통한 기업 성장 촉진&cr;4) IP를 활용한 기업경쟁력 강화&cr;5) 지식재산 문화 확산,구자용,20260319-20290318,(현) 주식회사 E1 대표이사 회장&cr;(현) 주식회사 LS 네트웍스 대표이사 회장&cr;(현) 한국무역협회 부회장,서울특별시,서울특별시 강남구 테헤란로 131 한국지식재산센터, www.kipa.org, 214-82-04275,-
215,한국방송광고진흥공사,기타공공기관,방송미디어통신위원회,방송광고판매대행 등에 관한 법률(법률 제17631호  2012.2.22) 제24조,20120523,방송광고판매대행 등에 관한 법률 제3조 및 제24조,ㅇ 방송광고 판매대행 &cr;ㅇ 방송광고 균형발전을 위한 지원 사업&cr;ㅇ 방송통신광고 진흥 관련 사업 &cr;ㅇ 시청점유율 조사·검증·산정 관련 방송미디어통신위원회가 위탁하는 업무&cr;ㅇ 그 밖에 방송광고산업 육성을 위하여 방송미디어통신위원회가 위탁하는 업무,ㅇ 1980.12.31 한국방송광고공사법 제정 공포(법률 제3317호) &cr;ㅇ 1981.01.20 한국방송광고공사 창사(본사 및 5개 지사) &cr;ㅇ 1981.12.05 공익광고협의회 발족(공익광고 캠페인 실시) &cr;ㅇ 1986.11.14 남한강종합수련원(현 KOBACO연수원) 완공 &cr;ㅇ 1987.11.12 광고교육원 개원&cr;ㅇ 1987.12.03 광고자료센터 개관(현 광고도서관)&cr;ㅇ 1998.03.31 방송회관 완공 &cr;ㅇ 1998.06.24 벤처기업 방송광고 지원협의회 구성&cr;ㅇ 2000.01.12 방송법개정(법률6139호)  한국방송광고공사법 개정(법률6138호)&cr;ㅇ 2003.06.16 방송광고거래시스템(KOBAnet) 오픈 &cr;ㅇ 2005.10.24 광고소재전송시스템(KODEX) 오픈 &cr;ㅇ 2006.11.08 한국광고문화회관 개관&cr;ㅇ 2007.10.11 기획예산처 주관 공공기관 혁신BP대회 기획예산처 장관상 수상 &cr;ㅇ 2008.11.07 광고박물관 개관&cr;ㅇ 2010.10.19 '2010 벤처기업대상' 대통령 표창 수상 &cr;ㅇ 2012.02.22 방송광고판매대행 등에 관한 법률 공포 &cr;ㅇ 2012.05.22 방송광고판매대행 등에 관한 법률 시행령 공포 &cr;ㅇ 2012.05.23 한국방송광고진흥공사 출범 &cr;ㅇ 2013.03.04 혁신형 중소기업 지원센터 개설 &cr;ㅇ 2013.12.09 가족친화 우수기업 선정  여성가족부 장관상 수상 &cr;ㅇ 2014.10.30 방만기관 정상화 우수기관 기획재정부 장관 표창 수상(종합평가 2위)&cr;ㅇ 2015.01.01 방송회관 관리·운영 업무 공사 이관&cr;ㅇ 2016.6 광복70주년 기념사업 대통령상 수상 &cr;ㅇ 2017.3 공공기관 고객만족도PCSI조사 S등급획득&cr;ㅇ 2018.12 2018년 국민권익위원회 주관 공공기관 청렴도 평가 1등급 달성&cr;ㅇ 2019.1 소비자행태조사(MCR) 빅데이터 전면 개방&cr;ㅇ 2020.4  지역밀착형 방송광고활성화 기반구축 사업 실시&cr;ㅇ 2020.11 어드레서블TV 광고사업 협력을 위한 5개사(공사·MBC·통신3사) MOU 체결&cr;ㅇ 2020.12  한국프레스센터 관리운영 정상화 완료&cr;ㅇ 2021.11 MBC  어드레서블TV 광고사업 시범 실시&cr;ㅇ 2022.10 지역혁신 선도기업 육성을 위한 19개 기관 업무협약 체결&cr;ㅇ 2022.12 EBS  어드레서블TV 광고 도입&cr;ㅇ 2023.4 어드레서블TV 광고 판매대행 채널 수 확대&cr;ㅇ 2026.1 공공기관 유형변경 ※공기업(준시장형)→기타공공기관,ㅇ 미션 : 함께 누리는 건강한 미디어·광고산업 생태계 구축&cr;&cr;ㅇ 비전 : 미디어로 세상을 이롭게  광고산업의 중심 kobaco&cr;&cr;ㅇ 전략방향&cr; 1. 미디어·광고산업 다양성 강화&cr; 2. 미디어·광고산업 지속성장 생태계 조성&cr; 3. 혁신 및 책임경영 실현&cr;&cr;ㅇ 경영목표&cr; 1. 미디어 다양성 재원 1.2조원 조성&cr; 2. 광고산업 20조원 성장 지원&cr; 3. 경영수지 흑자 달성&cr;&cr;ㅇ 전략과제&cr; 1. 공영 미디어렙 경쟁력 강화&cr; 2. 미디어·광고산업 균형발전 기여&cr; 3. 미디어 다양성 재원 다각화&cr; 4. 미디어·광고산업 지속성장 지원&cr; 5. AX 기반 광고산업 성장 주도&cr; 6. 공공 커뮤니케이션 활성화&cr; 7. 국민 눈높이 경영혁신 강화&cr; 8. ESG 기반 지속가능경영 실현,민영삼,20240801-20270731,국민의힘 당대표 특보&cr;국민캠프 국민통합특보&cr;건국대 언론홍보대학원 특임교수,서울특별시,서울특별시 중구 세종대로 124 (태평로 1가),www.kobaco.co.kr,104-82-04906,-
216,한국방송통신전파진흥원,준정부기관(위탁집행형),과학기술정보통신부,전파법 제66조,19720721,전파의 효율적 관리 및 방송ㆍ통신ㆍ전파의 진흥을 위한 사업과 정부로부터 위탁받은 업무를 수행함으로써 국민의 전파이용 기회 확대와 방송ㆍ통신ㆍ전파 진흥에 기여,ㅇ 무선국 검사  전자파 강도측정  국가기술자격검정 등 정부위탁 업무수행&cr;ㅇ 주파수 발굴·확보  전파정보 개방 등 전파자원 개발 및 이용촉진 지원&cr;ㅇ 방송통신발전기금·정보통신진흥기금 징수·운용 및 기금사업 관리&cr;ㅇ 방송·통신·전파에 관한 진흥  조사·분석 및 연구  정책지원&cr;ㅇ 방송프로그램 제작지원  해외 한국어방송사 지원  빛마루방송지원센터 운영,&cr;ㅇ 1972년 7월 21일 : 한국무선종사자협회로 출범&cr;ㅇ 1990년 8월 1일 : 한국무선국관리사업단으로 개편&cr;ㅇ 2006년 7월 21일 : 한국전파진흥원으로 개편&cr;ㅇ 2011년 1월 24일 : 한국방송통신전파진흥원으로 확대 개편&cr;ㅇ 2014년 2월 28일 : 광주ㆍ전남공동혁신도시로 이전&cr;,&cr;□ 경영목표 : 국민의 전파이용 기회 확대  방송통신전파 진흥에 기여&cr;&cr;o 전략목표1 : 차세대 전파 인프라 조성&cr;- 6G  위성통신 등 국가 핵심 전파자원 글로벌 선점 기반 마련  전파품질관리 고도화를 통한 글로벌 최고 수준 맞춤형 전파품질 제공  미래산업 융합 생태계 활성화&cr;&cr;o 전략목표2 : 국민 안전 체감형 서비스 확대&cr;- 인명안전 무선국검사 등 국민 안전 전파서비스 강화  전자파 관리 강화로 생활&cr;환경 전자파 안심사회 구현  AI·디지털 전환 대비 국민 맞춤형 자격서비스 확대&cr;&cr;o 전략목표3 : AI·디지털 산업 성장 지원 활성화&cr;- AI 기반 방송미디어 경쟁력·공공성 제고  ICT기금(방발/정진) 운용의 투명성·책임성 강화  AI·데이터 기반의 ICT기금사업 관리체계 혁신 &cr;&cr;o 전략목표4 : 국민중심 미래 지속가능경영 강화&cr;- AI 활용(AX) 경영혁신  국민소통 기반 ESG 경영 활성화  안전한 근로환경 조성 및 직무중심 성과관리체계 고도화를 통한 안전·성과 중심 지속성장체계 확립&cr;,이상훈,20231101-20261031,ㅇ (前) 중앙전파관리소장&cr;ㅇ (前) 우정사업본부 우정사업정보센터장&cr;ㅇ (前) 과학기술정보통신부 정보보호기획과장,전라남도,전라남도 나주 빛가람로 760(빛가람동),www.kca.kr,105-82-09132,-
217,한국법무보호복지공단,준정부기관(위탁집행형),법무부,「보호관찰 등에 관한 법률」제71조,19530305,한국법무보호복지공단은 "보호관찰 등에 관한 법률"과 "사회복지사업법" 등에 의거하여 법무보호복지를 통한 건전한 사회복귀와 함께  효율적인 범죄예방 활동을 목적으로 함.,갱생보호의 실시&cr;갱생보호제도의 조사·연구 및 보급·홍보&cr;갱생보호사업을 위한 수익사업의 경영 및 기부금품의 모집&cr;기타 공단의 목적달성에 필요한 사업,1941.09.13. 조선사법보호협회 설립&cr;1942.03.25. 사법보호회 설립(조선사법보호사업령 시행)&cr;1953.03.05. 중앙사법보호협회 설립(법무부 공고 제25호)&cr;1961.09.30. 갱생보호회 설립(갱생보호법 제정공포  법률 제730호)&cr;1995.01.05. 보호관찰 등에 관한 법률 공포(법률 제4933호)&cr;1995.06.01. 한국갱생보호공단 설립&cr;2009.03.27. 한국법무보호복지공단으로 기관 명칭 변경&cr;2016.03.21. 경북혁신도시(김천)로 기관 이전&cr;2021.12.01. 경북혁신도시(김천) 신청사 개청&cr;2026.02.12. 위탁집행형 준정부기관 변경 지정,- 미션 : 선도적 범죄 예방을 통한 국민의 안전과 행복 실현&cr;- 비전 : 오늘보다 더 안전한 내일을 만드는 범죄예방 전문기관&cr;- 슬로건 : 더 안전한 세상으로 가는 아름다운 동행&cr;- 핵심가치 : 공공성과 신뢰  안정성과 행복  전문성과 소통&cr;- 전략목표 : 단단한 기반  확실한 보호  새로운 혁신&cr;- 9대 전략과제 : 주도적 정책 기틀 마련  협력과 상생의 가치 실현  지속 가능한 성장동력 창출  국민과 함께하는 공감대 형성  차세대 시스템 구현  맞춤형 서비스 공급  선진 조직체계 구축  법무보호 지위 격상  범죄예방 미래 선도,최영승,20260309-20290308,- 참여연대 사법감시센터 실행위원(`07)&cr;- 한양대학교 법전원 겸임교수(`14)&cr;- 대한법무사협회 협회장(`18)&cr;- 한국교정학회(`19)·한국소년정책학회(`20) 부회장&cr;- 정부업무평가위원회 일자리·국정과제 평가위원(`19)&cr;- 한양대학교 법전원 겸임교수(`25)&cr;- 現)한국법무보호복지공단 제17대 이사장(`26.3.~),경상북도,경상북도 김천시 혁신1로 86,https://koreha.or.kr/,117-82-00982,-
218,한국법제연구원,기타공공기관,국무조정실,정부출연연구기관 등의 설립ㆍ운영 및 육성에 관한 법률,19900730,국내외 법제 및 관련 데이터를 전문적으로 조사ㆍ분석하는 등 입법연구 플랫폼으로서의 기능을 충실히 수행함으로써 국가의 입법정책을 지원하고 법률문화의 향상에 이바지함,ㅇ국내외 헌정제도ㆍ법제와 입법정책에 관한 조사ㆍ연구&cr;ㅇ국내외 입법데이터 관련 통계ㆍ평가 및 DB 구축&cr;ㅇ법령의 입법취지와 배경 등에 관한 해설자료의 발간ㆍ보급&cr;ㅇ입법이론ㆍ입법기술ㆍ법령용어정비 및 법제사에 관한 조사ㆍ연구&cr;ㅇ국내외 연구기관과의 법제 및 입법정책 등에 관한 공동연구와 국내외 인사 초청연구사업 및 법제교류&cr;ㅇ위와 관련된 연구 또는 사업에 관련된 조사  교육ㆍ연수  연구성과 확산  수탁 등에 관한 사항&cr;ㅇ위와 관련된 부대사업 또는 연구원의 목적 달성을 위하여 필요한 사업,ㅇ1989.12. 한국법제연구원법(법률 제4141호) 제정&cr;ㅇ1990.07. 한국법제연구원 설립ㆍ개원&cr;ㅇ1999.01. 정부출연연구기관등의 설립ㆍ운영및육성에관한법률(법률 제5733호)공포ㆍ시행으로 국무총리산하 인문사회연구회로 소관 변경&cr;ㅇ2005.05. 정부출연연구기관 등의 설립ㆍ운영 및 육성에 관한 법률(법률 제7573호) 공포ㆍ시행(공포후1월경과한날)으로 국무총리산하 경제ㆍ인문사회연구회로 소관 변경&cr;ㅇ2007.04. 공공기관의 운영에 관한 법률 시행(법률 제8258호)에 따른 기타공공기관 지정&cr;ㅇ2014.01. 기관 지방 이전(세종특별자치시 반곡동),1. 국내외 입법이슈에 선제적으로 대응하겠습니다.&cr;- 국가 아젠다에 대한 능동적 법제연구&cr;- 미래성장에 대비한 선제적 법제연구&cr;- 법치주의 기반 확립을 위한 법제연구&cr;2. 국민과 소통하고 세계와 협력하는 입법연구 체계를 구축하겠습니다.&cr;- 글로벌 입법연구 플랫폼 활성화&cr;- 전주기적 연구관리 체계 고도화&cr;3. 소통과 혁신으로 연구환경 및 기관운영을 개선하겠습니다&cr;- 연구몰입 제고를 위한 연구환경 조성&cr;- 직원 사기 진작 및 일터 만족도 향상&cr;- 공공기관으로서의 사회적 책무 이행,한영수,20230323-20260322,ㅇ법제처 차장&cr;ㅇ법제처 기획조정관&cr;ㅇ법제처 법제정책국장&cr;ㅇ법제처 법령해석정보국장&cr;ㅇ법제처 행정법제국장,세종특별자치시,세종특별자치시 국책연구원로 15(반곡동),www.klri.re.kr,102-82-06325,-
219,한국벤처투자,기타공공기관,중소벤처기업부,벤처투자 촉진에 관한 법률 제66조,20050629,창업기업  중소기업 및 벤처기업 등의 성장과 발전을 위한 투자의 촉진 등,&cr;1. 벤처투자모태조합의 결성과 업무의 집행&cr;2. 벤처투자조합 결성과 업무의 집행&cr;3. 벤처투자&cr;4. 해외벤처투자자금의 유치 지원&cr;5. 창업기업  중소기업 및 벤처기업 등의 해외진출 지원&cr;6. 벤처투자회사의 육성&cr;7. 벤처투자 성과의 관리&cr;,2004.12. 벤처기업육성에관한 특별조치법 개정으로 모태조합 결성 근거 마련&cr;2005.06. 모태조합 투자관리 전문기관 지정(중기청)&cr;2005.06. 한국모태펀드 결성식 및 한국벤처투자(주) 개소&cr;2007.04. 기타공공기관 지정&cr;2020.02. 한국벤처투자 설립 근거법 마련(벤처투자법 제정)&cr;2020.08. 한국벤처투자 법정기관화,(미션)&cr;벤처투자 생태계 발전을 이끌어 벤처 4대 강국 도약에 기여&cr;(비전)&cr;벤처투자생태계 혁신을 선도하는 벤처금융 전문기관&cr;(핵심가치)&cr;전문  신뢰  혁신  협력&cr;(경영목표) &cr;1. 모태펀드를 통한 벤처투자 시장 성장 견인&cr;2. 지역벤처 균형성장 기반 구축&cr;3. K-벤처의 글로벌 진출 촉진&cr;4. 국민이 신뢰하는 전문기관 실현&cr;(전략방향)&cr;1. 벤처투자와 자본/산업 연결 강화&cr;2. 지역 벤처투자 저변 확대&cr;3. 벤처투자 생태계 글로벌화&cr;4. 지속가능한 혁신경영체계 구축&cr;(전략과제)&cr;1. 새로운 모험 투자자의 유입 확대&cr;2. 지역 벤처투자 마중물 확대&cr;3. 글로벌 투자 유치 확대&cr;4. AX 기반의 조직역량 강화&cr;5. 전략산업 투자 강화&cr;6. 지역 혁신거점 구축&cr;7. 해외진출 거점 확충 및 기능 강화&cr;8. ESG 책임경영 고도화&cr;9. 선순환 벤처투자 환경 조성&cr;10. 지역 벤처생태계 역량 강화&cr;11. K-벤처 글로벌 성장지원&cr;12. 신뢰/소통의 조직문화 정착,이대희,20250502-20280502,중소벤처기업부 기획조정실 실장&cr;기획재정부 경제구조개혁 국장&cr;외교부 OECD 대표부 공사참사관,서울특별시,서울특별시 서초구 서초대로 45길 16  3층~5층,www.kvic.or.kr,120-86-02742,-
220,한국보건복지인재원,기타공공기관,보건복지부,한국보건복지인재원법,20070404,보건복지에 관한 교육·훈련 등의 업무를 수행하게 함으로써 보건복지 관련 업무에 종사하는 자 등에게 전문성을 높이는 기회를 제공하고 보건복지 분야의 발전을 도모하여 국민의 삶의 질 향상에 이바지 함,1. 보건복지 분야 교육훈련 등에 관한 조사ㆍ연구 및 종합계획의 수립&cr;2. 보건복지 관련 업무 종사자  공무원 및 사회복무요원 등에 대한 교육훈련&cr;3. 보건복지 분야 교육훈련 프로그램ㆍ콘텐츠의 개발ㆍ보급 및 관리&cr;4. 보건복지 분야 전문가 및 교육훈련 강사의 양성&cr;5. 보건복지 분야 교육훈련 등에 관한 품질관리 및 지원사업&cr;6. 보건복지 분야 교육훈련 등에 관한 협력체계 구축ㆍ운영 및 국제협력사업&cr;7. 보건복지 분야 교육훈련 등에 대한 통합정보시스템 구축 및 운영&cr;8. 국내외 보건복지 관련 정보ㆍ자료의 수집ㆍ분석  통계 작성 및 간행물 발간&cr;9. 보건복지 분야 자격 관련 역량개발사업&cr;10. 보건복지 정책에 대한 정보 제공 및 홍보 사업&cr;11. 제1호부터 제10호까지의 사업과 관련한 위탁ㆍ수탁 및 부대사업,○ 1998. 12. 31. 국립사회복지연수원  국립보건원 훈련부 통합&cr;○ 2001. 03. 29. 국립보건원 보건복지연수부로 개칭&cr;○ 2004. 06. 29. (재)한국보건복지인력개발원 설립 인가&cr;○ 2004. 11. 01. 보건복지부 위탁교육 개시&cr;○ 2007. 04. 04. 한국보건복지인력개발원법 시행 및 개원&cr;○ 2010. 11. 03. 기관이전(충북 오송  오송보건의료행정타운)&cr;○ 2013. 01. 01. 준정부기관 지정&cr;○ 2014. 12. 11. 보건산업교육본부 교육장 매입&cr;○ 2022. 01. 28. 한국보건복지인재원법 개정 시행('한국보건복지인재원'으로 명칭 변경 등)&cr;○ 2023. 01. 01. 기타공공기관 지정 변경,(미션) 국민의 삶의 질 향상과 보건복지 분야 발전을 위한 국가 보건복지 인재양성&cr;(비전) 보건복지 가치 실현을 선도하는 인재양성의 성장 파트너 KOHI&cr;&cr;(전략목표)&cr;1. 인재양성 종합 품질관리체계 고도화&cr;2. 학습자 맞춤형 현장중심 교육 강화&cr;3. 디지털 플랫폼·협력체계 구축&cr;4. 지속가능한 경영혁신 실현&cr;&cr;(전략과제)&cr;1-1. 교육훈련 조사연구기능 강화&cr;1-2. 교육품질 서비스 관리체계 수립&cr;1-3. 보건복지 서비스 품질 지원 강화&cr;2-1. 사회복지인재 직무역량 강화&cr;2-2. 보건의료인재 직무역량 강화&cr;2-3. 융합인재 직무역량 강화&cr;3-1. 디지털전환을 통한 학습경험 확대&cr;3-2. 지역 교육·강사 네트워크 협력체계 고도화&cr;3-3. 글로벌 교육 강화 및 ODA 사업지원&cr;4-1. ESG 경영체계 구축&cr;4-2. 조직 경쟁력 확보&cr;4-3. 직원경험 중심 조직문화 조성,은민수,20260506-20290505,대통령직속 기본사회위원회 위원&cr;고려대학교(세종) 공공정책대학 학술연구교수&cr;기본사회연구회 공동회장,충청북도,충청북도 충청북도 청주시 흥덕구 오송읍 오송생명2로 187,www.kohi.or.kr,110-82-10761,-
221,한국보건사회연구원,기타공공기관,국무조정실,정부출연연구기관등의 설립ㆍ운영 및 육성에 관한 법률 제8조(연구기관의 설립),19700720,국민의 건강과 복지 증진을 위해 인구ㆍ사회ㆍ경제 상황을 조사하고 연구ㆍ분석하며  사회정책 및 사회보장제도를 수립ㆍ지원함으로써 안전하고 행복한 사회로 발전하는 데 이바지함을 목적으로 한다.,ㅇ 국민의 삶의 질 향상을 위한 보건의료ㆍ소득보장ㆍ사회서비스ㆍ인구 정책 설계 및 분석&cr;ㅇ 사회정책에 대한 미래전망 및 중장기 계획 수립&cr;ㅇ 사회보장 관련 제도 평가 및 재정 추계ㆍ재원 분석&cr;ㅇ 사회보장 관련 정책 수립을 위한 통계개발ㆍ생산 및 정보인프라 구축ㆍ운영&cr;ㅇ 사회보장 관련 국제 협력 연구 및 사업,ㅇ 1970.07.20. : 국립가족계획연구소 설립(대통령령 5198호)&cr;ㅇ 1971.07.01. : 가족계획연구원 설립(법률 제2270호 및 대통령령 제5626호)&cr;ㅇ 1976.04.19. : 한국보건개발연구원 설립(법률 제2857호)&cr;ㅇ 1981.07.01. : 한국보건개발연구원과 가족계획연구원을 통합하여&cr;한국인구보건연구원으로 발족(법률 제3417호)&cr;ㅇ 1989.12.30. : 보건사회부의 사회보장심의위원회 연구기능을 통합하여&cr;한국보건사회연구원으로 개칭(법률 제4181호)&cr;ㅇ 1999.01.29. : 「정부출연연구기관 등의 설립ㆍ운영 및 육성에 관한 법률」에&cr;의하여 국무조정실로 이관(법률 제5733호)&cr;ㅇ 2007.04.01. : 「공공기관 운영에 관한 법률」에 의하여 기타공공기관으로 지정(법률 제8258호), 비전: 보건ㆍ복지ㆍ인구분야의 실용적 정책연구로 국민의 삶의 질 제고&cr;ㅇ 보건의료ㆍ사회서비스 재구조화를 위한 정책연구 기반 강화&cr;    - 정책 환경 변화에 선제 대응하는 보건의료체계 혁신 연구 강화&cr;    - 이용자 중심 건강보장 혁신과 건강증진체계 연구 강화&cr;    - 지역ㆍ사람 중심 사회서비스 혁신을 위한 연구 강화&cr;ㅇ 인구ㆍ사회 변화 대응 사회정책 선도 기반 마련&cr;    - 인구정책 추진의 근거기반 마련&cr;    - 사회 변화 대응 사회보장제도 개편 연구 기반 강화&cr;    - 사회정책의 지속가능성 제고를 위한 재정ㆍ데이터ㆍ평가 기반 강화&cr;ㅇ KIHASA 재도약을 위한 조직 혁신&cr;    - 융합 중심의 성과 확산과 정책 활용 기반 강화&cr;    - 함께 성장하는 일터 혁신&cr;    - 공정하고 투명한 책임경영,신영석,20250224-20280223,중앙의료급여심의위원회 부위원장&cr;고려대학교 보건대학원 연구교수&cr;한국보건행정학회 회장&cr;건강보험정책심의위원회 부위원장,세종특별자치시,세종특별자치시 시청대로 370 세종국책연구단지 사회정책동(1~5층),https://www.kihasa.re.kr,111-82-00344,-
222,한국보건산업진흥원,기타공공기관,보건복지부,한국보건산업진흥원법 제1조 목적 ,19990206,한국보건산업진흥원을 설립하여 보건산업의 육성·발전과 보건 서비스 향상을 위한 지원사업을 전문적·체계적으로 수행함으로써 보건산업의 국제 경쟁력을 높이고 국민보건 향상에 이바지함을 목적으로 한다.,○ 보건산업 기술의 개발과 그 기술의 제품화를 위한 기술개발 지원사업&cr;○ 보건산업 정보 및 통계의 조사  분석 및 활용에 관한 사업&cr;○ 보건산업의 경영 효율화 등을 위한 기술 지원사업 및 벤처기업의 창업·육성 지원사업&cr;○ 보건산업의 발전을 위한 정책연구 및 정책수립지원  교육홍보 및 국제 협력 사업&cr;○ 외국인환자 유치 및 의료 해외진출 지원사업&cr;○ 정부로부터 위탁받은 사업,1999.01 한국보건산업진흥원법 제정·공포 (법률 제5671호)&cr;1999.02 한국보건산업진흥원 설립&cr;1999.02 보건복지부 산하 준정부기관(위탁집행형) 지정&cr;2000.01 보건의료기술 연구개발사업 관리기관 지정 (보건복지부)&cr;2001.01 보건산업 기술거래 및 평가 전문기관 지정 (보건복지부)&cr;2008.01 고령친화산업지원센터 지정 (보건복지부)&cr;2008.05 국가통계 작성 지정기관 지정 (통계청)&cr;2010.10 보건산업 기술신탁관리기관 지정 (산업통상자원부)&cr;2010.11 오송보건의료행정타운 이전&cr;2011.11 가족친화우수기관 인증&cr;2012.10 의약품·의료기기 연구개발실태조사 국가승인통계 지정 (통계청)&cr;2016.07 고령친화산업(친고령) 연구지원센터 지정&cr;2016.07 의료 해외진출 및 외국인환자 유치 지원기관 지정 (보건복지부)&cr;2018.03 보건산업혁신창업센터 개소 (서울 중구)&cr;2019.03 인공지능 신약개발 지원센터 개소 (한국제약바이오협회 공동)&cr;2020.10 보건의료분야 결합전문기관 지정 (보건복지부)&cr;2021.03 식품의약품안전처 연구개발사업 전문기관 지정 (식품의약품안전처)&cr;2021.10 바이오헬스산업 실태조사 국가승인통계 작성기관 지정 (통계청)&cr;2021.10 혁신의료기기 연구개발 정보관리기관 지정 (보건복지부)&cr;2022.06 질병관리청 연구개발사업 전문기관 지정 (질병관리청)&cr;2023.01 위탁집행형 준정부기관에서 기타공공기관으로 기관 유형 변경&cr;2024.03 한국형 ARPA-H 프로젝트 추진단 발족,미션: 바이오헬스 산업 육성과 글로벌 경쟁력 제고로 국민 삶의 질을 향상한다.&cr;비전: 바이오헬스 산업 혁신과 국민건강 증진을 선도하는 글로벌 리더&cr;핵심가치: 전문성  도전  소통  신뢰&cr;&cr;1. 바이오헬스 성장 인프라 강화&cr;○ 바이오헬스 산업 정책지원 강화&cr;○ 기술사업화·창업 생태계 활성화 촉진&cr;○ AI 융복합 전문인력 양성 확대&cr;○ AI 기반 신산업 창출 지원&cr;&cr;2. 바이오헬스 연구개발 성과 창출&cr;○ 보건의료 혁신 연구개발 확대&cr;○ 첨단바이오 연구개발 지원 확대&cr;○ 글로벌 연구개발 협력 강화&cr;○ AI 기반 연구개발 확대&cr;&cr;3. 바이오헬스 수출경쟁력 제고&cr;○ 제약바이오 글로벌 진출 강화&cr;○ AI·혁신의료기기 개발 촉진&cr;○ 외국인환자 유치 활성화 지원 고도화&cr;○ K-의료 해외진출 지원 고도화&cr;&cr;4. 지속가능 혁신경영 실현&cr;○ 경영효율화 기반 혁신경영체계 구축&cr;○ 지속가능 ESG 경영체계 고도화&cr;○ AI 활용역량 기반 인적자원 관리 강화&cr;○ 공정·청렴 윤리경영체계 확립,차 순 도,20221213-20251212,계명대학교 의과대학 의학과 교수&cr;계명대학교 동산의료원 의무부총장/의료원장&cr;대구의료관광진흥원 원장&cr;메디시티대구협의회 회장/이사장&cr;계명대학교 의과대학 석좌교수,충청북도,충청북도 청주시 흥덕구 오송읍 오송생명2로 187 오송보건의료행정타운,https://www.khidi.or.kr,108-82-04330,-
223,한국보건의료연구원,기타공공기관,보건복지부,&cr;「보건의료기술진흥법」제19조(한국보건의료연구원 설립) &cr;&cr;&cr; ① 보건의료기술 및 이를 이용하여 생산한 제품(식품 및 화장품에 관한 기술 &cr;　및 그 제품은 제외한다. 이하 같다)에 대한 분석 및 평가를 위하여 &cr;　한국보건의료연구원을 설립한다.&cr;,20081223,보건의료기술 관련 독립된 평가ㆍ연구기관으로서 &cr; · 의약품ㆍ의료기기ㆍ의료기술의 임상적 안전성ㆍ유효성 및 경제성 등에 관한&cr;　과학적 근거를 분석ㆍ제공하여 국민건강 향상에 기여&cr; · 보건의료정책의 합리적인 의사결정을 지원하여 의료자원의 활용 및 건강보험제도&cr;　운영의 합리성 제고&cr; · 국제적 수준의 의료기술평가체계 구축을 통한 산업경쟁력 제고,- 신의료기술평가 등에 관한 업무를 포함한 보건의료기술의 안전성ㆍ유효성 등에&cr;　대한 정보수집ㆍ분석ㆍ평가 및 경제성 분석&cr;- 보건의료기술에 대한 국가적인 근거 개발을 위한 연구 지원 및 결과 보급ㆍ확산&cr;- 근거기반 임상진료지침의 개발 및 보급에 대한 지원&cr;- 국민건강 개선효과 분석 및 연구개발 수요 분석&cr;- 국내외 보건의료 관련 기관과의 교류ㆍ협력 및 보건의료에 관한 통계ㆍ정보의&cr;　수집ㆍ관리 등,- 2008.12. 한국보건의료연구원 설립&cr;- 2009.03. 한국보건의료연구원 개원(초대 원장: 허대석 교수)&cr;- 2010.06. 건강보험심사평가원으로부터 신의료기술평가사업 이관&cr;- 2012.01. 제2대 원장 취임(이선희 교수)&cr;- 2013.01. 기타공공기관 지정&cr;- 2013.07. '신의료기술평가사업' 고유사업화(「보건의료기술 진흥법」 개정)&cr;- 2013.10. 제3대 원장 취임(임태환 교수)&cr;- 2015.08. '국민건강임상연구사업' 주관연구기관 선정 및 코디네이팅 센터 개소&cr;- 2016.10. 제4대 원장 취임(이영성 교수)&cr;- 2019.04. '환자중심 의료기술 최적화 연구사업' 주관연구기관 선정&cr;- 2020.01. 제5대 원장 취임(한광협 교수)&cr;- 2023.07. 제6대 원장 취임(이재태 교수)&cr;- 2025.07. 보건복지부 경영실적평가 우수기관 선정(A등급  '14.-'16.  '18.-'24.실적)&cr;- 2026.01. '26년도 기타공공기관-연구개발목적기관 지정('19년부터 매년 심의),□ 미션: 과학적 근거 제시를 통한 보건의료 가치 실현&cr;&cr;□ 비전: 국민 건강을 지키고 보건의료 미래를 선도하는 전문연구기관&cr;&cr;□ 핵심가치: 신뢰와 공정  전문성과 개방성  협력과 소통  혁신과 책임&cr;&cr;□ 4대 전략방향&cr;　Ⅰ. 국민건강 중심 보건의료정책 연구 선도&cr;　Ⅱ. 안전 기반 보건의료기술 혁신 지원&cr;　Ⅲ. 의료기술의 합리적 이용 확대&cr;　Ⅳ. 경영혁신을 통한 ESG·책임경영 강화&cr;&cr;□ 8대 전략목표 &cr;　1. 미래형 AI·디지털 기술 연구 10% 확대&cr;　2. 국민건강 최우선 보건의료연구 성과 전면 A등급 이상  &cr;　3. 선진입 의료기술 근거창출 5% 확대&cr;　4. 신의료기술평가 신뢰지수 100&cr;　5. 의료기술재평가 결과 정책·사회적 활용지수 60 달성&cr;　6. 의료현장 수용성 90점 달성&cr;　7. NECA 지속가능경영 지수 95 이상&cr;　8. 조직 책임경영 지수 95 이상&cr;&cr;□ 12대 전략과제 &cr;　① AI·디지털 헬스케어 혁신을 위한 정책지원 및 전문성 강화&cr;　② 보건의료정책 연구 선도 및 국민 체감 성과 제고&cr;　③ 보건의료 문제 해결·사회적 영향력 강화&cr;　④ 규제 합리화를 통한 의료기술의 시장진입 및 근거창출 활성화&cr;　⑤ 신의료기술에 대한 국민 안전 강화&cr;　⑥ 유망 의료기술 혁신성장 지원 확대&cr;　⑦ 지속가능한 전주기 의료기술평가 체계 강화&cr;　⑧ 의료기술 적정 사용 체계 확립&cr;　⑨ 의료현장 맞춤형 협력 및 소통 강화&cr;　⑩ 안전과 상생 기반 지속가능경영 확립&cr;　⑪ 윤리경영 등 조직 투명성·책임성 제고&cr;　⑫ AI·디지털 전환 및 역량강화로 미래경영 기반 구축,이재태,20230727-20260726,- 경북대학교 의과대학 핵의학과 교수&cr;- 경상북도안동의료원 공공의료본부 본부장&cr;- 대구경북첨단의료산업진흥재단 이사장&cr;- 보건복지부 보건의료기술정책심의위원회 위원&cr;- 대한핵의학회 및 대한갑상선학회 회장,서울특별시,서울특별시 광진구 능동로 400,www.neca.re.kr,101-82-17585,-
224,한국보건의료인국가시험원,기타공공기관,보건복지부,한국보건의료인국가시험원법,19920420,「한국보건의료인국가시험원법」에 따라 보건의료인 국가시험제도를 전문적·객관적으로 운영하고  국내외 시험제도에 대한 조사·연구·개발을 통하여 우수한 보건의료인을 배출함으로써 국가 보건의료 발전에 이바지함을 목적으로 함.,ㅇ「보건의료기본법」에 따른 보건의료인 국가시험의 시행 및 관리&cr;ㅇ 국내외 보건의료인 시험 제도 조사·연구 및 간행물 발간&cr;ㅇ 보건의료인 국가시험제도에 관한 국제교류·협력&cr;ㅇ 정부로부터 위탁받은 사업&cr;ㅇ 그 밖에 보건의료인 국가시험과 관련하여 보건복지부장관이 필요하다고 인정하는&cr;사업,ㅇ 1992. 04. 20. 한국의사국가시험원 설립&cr;ㅇ 1998. 05. 04. 한국보건의료인국가시험원 확대개편&cr;ㅇ 1998. 09. 23. 보건의료인국가시험 관리기관 지정&cr;ㅇ 1998. 10. 24. 의사 등 18직종 23종목 국가시험 시행&cr;ㅇ 2001. 09. 13. 외국대학 졸업자 응시자격 조사기관 지정&cr;ㅇ 2007. 04. 11. 기타공공기관 지정(기획예산처)&cr;ㅇ 2009. 09. 23. 의사 실기시험 첫 시행(~12.01. 아시아 최초)&cr;ㅇ 2010. 05. 04. 요양보호사 자격시험 관리기관 지정&cr;ㅇ 2010. 05. 17. 간호조무사 자격시험 관리기관 지정&cr;ㅇ 2011. 08. 01. 시험관리시스템 전반에 대한 국내최초 ISO 9001 국제품질인증 획득&cr;ㅇ 2012. 12. 03. 2012년 가족친화인증기관 선정&cr;ㅇ 2013. 10. 17. 2013년 제3회 표준화우수성과 경진대회 공공부문 "금메달" 수상&cr;ㅇ 2014. 12. 23. '대한의학회'와 시험 관련 협력 증진 업무협약(MOU) 체결&cr;ㅇ 2015. 04. 24. '대만 고선부'와 국가시험 발전 관련 상호협력체계 구축 업무협약&cr;(MOU) 체결&cr;ㅇ 2015. 06. 22. '한국보건의료인국가시험원법' 공포&cr;ㅇ 2015. 12. 23. 특수법인 '한국보건의료인국가시험원' 출범&cr;ㅇ 2016. 03. 07. 한국보건의료인국가시험원 출제센터 신축 기공식 개최&cr;ㅇ 2017. 06. 28. 보건의료인국가시험 출제센터(충주) 개관&cr;ㅇ 2018. 06. 01. 보건의료인국가시험 청사 확대(구의역 별관)&cr;ㅇ 2019. 03. 14. 베트남 보건부와 베트남 국가시험원 설립 및 의사 국가시험 도입&cr;자문을 위한 업무협약(MOU) 체결&cr;ㅇ 2021. 09. 04. 치과의사 실기시험 첫 시행&cr;ㅇ 2022. 01. 06.~07. 의사 컴퓨터시험(CBT) 첫 시행&cr;ㅇ 2022. 12. 29. 전국 9개 지역 보건의료인국가시험센터 준공 완료&cr;ㅇ 2023. 01. 01. 요양보호사 신규 자격증 발급 업무 이관(지자체→국시원) 및 발급 시작&cr;ㅇ 2023. 02. 13. 요양보호사 컴퓨터시험(CBT) 상시시험 첫 시행&cr;ㅇ 2024. 06. 14. 국가자격시험업무 상호 협력체계 구축을 위한 업무협약(MOU) 체결&cr;ㅇ 2025. 03. 06. 간호조무사 컴퓨터시험(CBT) 기간제시험 첫 시행,ㅇ 미션: 국가시험의 전문화를 통해 보건의료인의 질적 수준 향상&cr;ㅇ 비전: 국민이 신뢰하고 감동하는 시험평가 기관&cr;ㅇ 전략목표&cr;- 시험평가 전문성 제고&cr;- 국민 중심의 공정한 시험시행&cr;- AI·디지털 기반 혁신 생태계 구축&cr;- ESG 기반 책임경영,배현주,20230201-20260131,·2021. 8. 서울시 코로나19 대응 자문위원&cr;·2015. 4. 대한항균요법학회 회장&cr;·2002. 9. 한양대학교 의과대학 교수,서울특별시,서울특별시 광진구 자양로 45,https://www.kuksiwon.or.kr,106-82-05880,-
225,한국보육진흥원,기타공공기관,교육부,영유아보육법 제8조(한국보육진흥원의 설립 및 운영),20091223,- 효과적인 보육관련 사업 수행을 통한 보육의 질 향상&cr;- 체계적인 보육정책 지원을 통한 영유아와 부모  보육교직원 등 수요자 만족에 기여,ㆍ어린이집 평가&cr;ㆍ어린이집 품질관리 사업 지원&cr;ㆍ보육교직원 자격관리&cr;ㆍ보육교직원 역량 강화 사업 지원&cr;ㆍ보육ㆍ양육 관련 콘텐츠 개발&cr;ㆍ보육ㆍ양육 관련 정보의 수집  제공 및 상담&cr;ㆍ보육ㆍ양육사업 유관기관 지원&cr;ㆍ보육진흥원 사업수행과 관련된 조사분석 사업&cr;ㆍ중앙육아종합지원센터 운영에 관한 사업&cr;ㆍ보육ㆍ양육정책과 관련하여 정부 및 지방자치단체 등으로부터 위탁받은 사업&cr;ㆍ그 밖에 보육ㆍ양육정책과 관련하여 교육부장관이 필요하다고 인정하는 업무&cr;ㆍ각 호의 부대사업과 기관의 목적 달성을 위하여 필요한 수익 및 기타 사업,ㆍ2009.12. 법인설립 허가 승인&cr;ㆍ2009.12. 제1대 박숙자 원장 취임&cr;ㆍ2010.1. 한국보육진흥원 업무 개시&cr;ㆍ2012.1. 기타공공기관 지정&cr;ㆍ2012.12. 제2대 이재인 원장 취임&cr;ㆍ2016.4. 제3대 서문희 원장 취임&cr;ㆍ2018.10. 제4대 유희정 원장 취임&cr;ㆍ2019.1. 준정부기관(위탁집행형) 지정&cr;ㆍ2019.6. 어린이집 '의무평가제' 시행  법정기관 '한국보육진흥원' 출범&cr;ㆍ2021.11. 제5대 나성웅 원장 취임&cr;ㆍ2022.6. 중앙육아종합지원센터 지정 운영&cr;ㆍ2023.1. 기타공공기관 지정&cr;ㆍ2024.6. 정부조직법 개정으로 교육부 산하로 이관&cr;ㆍ2024.12. 제6대 조용남 원장 취임 ,&cr;&cr;<미션>&cr;ㆍ&cr;우리는 영유아의 건강한 성장과 부모의 행복한 양육환경 조성을 통해 지속가능한 대한민국을 만듭니다.&cr;<비전>&cr;ㆍ대한민국의 내일을 책임지는 영유아 정책 HUB 기관&cr;<핵심가치>&cr;ㆍ영유아 중심  연결  포용  혁신&cr;<전략목표>&cr;&cr;ㆍ신뢰받는 영유아 교육ㆍ보육 환경 조성&cr;ㆍ영유아 교사의 전문적 성장 지원&cr;ㆍ모두가 누리는 영유아 양육지원 실현&cr;ㆍ지속가능한 혁신ㆍ책임경영 실현&cr;<전략과제>&cr;ㆍ공공성 기반 영유아 교육ㆍ보육 지원 강화&cr;ㆍ통합 품질관리체계 구축&cr;ㆍ교사 전문역량 강화&cr;ㆍ교사 권익보호 및 정서지원 확대&cr;ㆍ수요자 맞춤형 양육지원 서비스 고도화&cr;ㆍ통합 양육지원 거버넌스 구축&cr;ㆍAIㆍ데이터 기반 혁신경영 강화&cr;ㆍ신뢰와 소통 기반 책임경영 정착&cr;,조용남,20241216-20271215,ㆍ한국보육진흥원 육아종합지원본부 본부장&cr;ㆍ한국보육진흥원 교직원지원국 국장&cr;ㆍ한국보육진흥원 평가인증국 국장&cr;ㆍ한국보육진흥원 경영기획국 국장,서울특별시,서울특별시 용산구 청파로 345  주연빌딩 3 4 5 6층,http://www.kcpi.or.kr,106-82-14642,-
226,한국보훈복지의료공단,준정부기관(위탁집행형),국가보훈부,한국보훈복지의료공단법 제1조,19811102,「독립유공자예우에 관한 법률」  「국가유공자 등 예우 및 지원에 관한 법률」  「보훈보상대상자 지원에 관한 법률」  「5ㆍ18민주유공자예우 및 단체설립에 관한 법률」  「참전유공자 예우 및 단체설립에 관한 법률」  「고엽제후유의증 등 환자지원 및 단체설립에 관한 법률」  「특수임무유공자 예우 및 단체설립에 관한 법률」 및 「제대군인지원에 관한 법률」의 적용대상자에 대한 진료와 중상이자(重傷痍者)에 대한 의학적ㆍ정신적 재활 및 직업 재활을 행하여 그 자립 정착을 도모하고  복지증진에 기여하는 것을 목적으로 한다.,국가유공자 등에 대한 진료·건강관리·보호 및 의학적·정신적 재활과 이에 대한&cr;조사  연구&cr;국가유공자 등의 양로·요양  휴양을 위한 복지시설 운영&cr;국가유공자 등을 위한 주거환경개선 사업&cr;기타 국가보훈부장관이 다른 법률에 따라 위탁하는 사업,1981.11.02 한국원호복지공단 설립&cr;1985.01.01 한국보훈복지공단 명칭 변경&cr;2001.01.16 한국보훈복지의료공단 명칭 변경&cr;2013.12.19 공단 본사 원주혁신도시 이전(강원도 원주시),□ 전략방향&cr;1. 보훈의료 서비스 품질 강화&cr;2. 공공의료서비스 선도&cr;3. 보훈가족 맞춤형 복지서비스 구현&cr;4. 혁신을 통한 생산성·효율성 제고&cr;5. 안전 중심 지속가능경영체계 고도화&cr;&cr;□ 경영목표&cr;1. 의료질 평가 상위 10%&cr;2. 공공보건의료계획 100점&cr;3. 장기요양기관평가 100점&cr;4. 운영수지 균형 달성&cr;5. 新보훈ESG지수 최우수 등급&cr;&cr;□ 전략과제&cr;1. 진료전문성 강화로 경쟁력 제고&cr;2. 환자중심의 의료서비스 확대&cr;3. AI 기반 스마트 병원 도약&cr;4. 필수의료 역량 강화&cr;5. 지역사회 건강안전망 확충&cr;6. 공공의료병상 활성화 및 제복근무자 지원&cr;7. 보훈요양서비스 품질 강화&cr;8. 보훈요양 운영체계 개선 및 AIP 구현&cr;9. 첨단 기술 기반 스마트 돌봄체계 강화&cr;10. 효율적 사업운영을 통한 재무성과 제고&cr;11. 디지털 혁신을 통한 생산성 극대화&cr;12. 직무·성과 중심 인사 혁신&cr;13. 안전경영 생태계 고도화&cr;14. 보훈 ESG 경영 내재화&cr;15. 국민 소통 및 사회적 가치 창출,윤종진,20240930-20270929,1. 국가보훈부 차관('23.6.~'23.12.)&cr;2. 국가보훈처 차장('22.7.~'23.6.)&cr;3. 지방자치인재개발원 원장('21.10.~'22.7.)&cr;4. 행정안전부 안전정책실장('20.1.~'21.10.)&cr;5. 경상북도 행정부지사('18.4.~'19.12.),강원도,강원도 원주시 혁신로 40,www.bohun.or.kr,211-82-03184,-
227,한국부동산원,공기업(준시장형),국토교통부,한국부동산원법(법률 제17459호  2020. 12. 10. 시행),19690425,부동산 시장의 조사ㆍ관리 및 부동산의 가격 공시와 통계ㆍ정보 관리 등의 업무를 수&cr;행하도록 함으로써 부동산 시장의 안정과 질서를 유지하고  부동산 시장에서의 소비&cr;자 권익 보호와 부동산 산업발전에 이바지,□ 부동산 가격공시&cr;- 토지가격 공시업무 총괄 및 부대업무&cr;- 단독주택 가격 공시 전담 및 부대업무&cr;- 공동주택가격 공시 전담 및 부대업무&cr;- 부동산 공시가격 산정시스템 운영&cr;&cr;□ 부동산 조사ㆍ통계&cr;- 전국지가변동률조사&cr;- 전국주택가격동향조사&cr;- 공동주택 실거래가격지수&cr;- 상업용부동산 임대동향조사&cr;- 부동산거래현황 통계&cr;- 오피스텔가격동향조사&cr;- 외국인주택소유현황&cr;- 건물에너지사용량통계&cr;&cr;□ 부동산 시장관리&cr;- 부동산거래관리시스템(RTMS) 운영&cr;- 부동산 거래질서 교란행위 신고센터 운영&cr;- 부동산 거래 신고내용 조사 업무&cr;- 주택청약접수  입주자 선정  청약시장 상시 모니터링 및 불법행위 단속 지원&cr;&cr;□ 부동산 소비자보호&cr;- 감정평가 결과에 대한 타당성 조사&cr;- 보상평가서 검토 및 국가재정사업 사전표본 기준가격조사 총괄&cr;- 공동주택 관리정보시스템 운영(K-apt)&cr;- 부동산거래 전자계약시스템 운영&cr;- 리츠 심사ㆍ검사 지원 업무&cr;- 임대차분쟁조정위원회 운영&cr;&cr;□ 부동산 산업 활성화&cr;- 공익사업을 위한 보상수탁 업무&cr;- 관리처분계획 타당성 검증&cr;- 도시정비사업 지원 업무&cr;- 녹색건축물의 인증ㆍ검토&cr;- 건축물 에너지ㆍ온실가스 정보체계 운영&cr;- 건축행정시스템  건축서비스산업 정보체계 운영&cr;&cr;□ 부동산 연구&cr;- 부동산 시장동향  관련통계 및 부동산 정책관련 연구&cr;- 부동산 감정평가 및 가격공시업무 개선을 위한 조사·연구&cr;- 녹색건축 가치제고 및 공동주택관리 투명성제고 관련 연구 등,1969.4 : 한국감정원 설립(담보평가 및 국유재산 평가 전문기관)&cr;1989.7 : 감정평가 전문기관(지가공시법)&cr;1996.2 : 부설 감정평가연구소 설립&cr;2003.1 : 보상전문기관(토지보상법)&cr;2005.1 : 공동주택 가격조사 및 주택가격 정보체계 구축기관(부동산공시법)&cr;2007.4 : 준시장형 공기업(공공기관의 운영에 관한 법률)&cr;2009.4 : 주택가격동향 조사기관(주택법)&cr;2011.10 : 감정평가 타당성 조사기관(부동산공시법)&cr;2011.11 : 부동산공시업무 총괄기관(부동산공시법)&cr;2012.1 : 감정평가 정보체계 구축 운영(부동산공시법)&cr;2012.2 : 부동산시장 관련 국가통계 작성기관(통계법)&cr;2013.6 : 녹색건축정보체계 운영기관(녹색건축물 조성지원법)&cr;2013.7 : 보상평가검토 전문기관(토지보상법)&cr;2013.8 : 대구혁신도시 이전(대구  신서동)&cr;2013.11 : 재정사업 사전 표본평가 전담기관(기재부 총사업비 관리지침)&cr;2014.7 : 부동산거래관리시스템 운영기관(주택법)&cr;2015.1 : 공동주택관리정보시스템 운영기관(주택법)&cr;2015.9 : 건축물에너지  온실가스정보체계 운영기관(녹색건축법)&cr;2015.12 : 한국감정원법 등 선진화 3법 공포&cr;2016.9 : 한국감정원법 시행&cr;2016.12 : 건설업 온실가스 목표관리제 운영 대행기관&cr;(온실가스 에너지 목표관리 운영 지침)&cr;2017.1 : 건축물 에너지 성능정보 공개 및 활용 운영기관(녹색건축법)&cr;2017.2 : 정비사업 지원 기구(도시 및 주거환경정비법)&cr;2018.1 : 건축물 안전영향 평가 기관 지정(국토부 관보고시)&cr;2018.3 : 정비사업 지원기구 업무 대행기관 지정(국토부 관보고시)&cr;2018.3 : 빈집 소규모주택 정비 지원기구 지정(국토부 관보고시)&cr;2018.5 : 우수 부동산서비스사업자 인증심사 대행기관 지정(국토부 관보고시)&cr;2018.10 : 주택청약업무 담당 전산관리지정기관 지정(국토부 관보고시)&cr;2019.10 : 재건축ㆍ재개발 공사비 검증기관 지정(도시 및 주거환경정비법)&cr;2019.10 : 분양가상한제 적용 민간 택지 감정평가서 검토기관 지정(국토교통부령)&cr;2020.1 : 주택청약업무 수행기관 지정(주택법)&cr;2020.2 : 실거래 신고내용조사 위탁기관 지정(부동산거래신고법)&cr;2020.2 : 부동산 거래질서 교란행위 신고센터 설치· 운영기관 지정(공인중개사법)&cr;2020.12 : 한국부동산원법 시행&cr;2021.6 : 주택임대차신고관리시스템 구축 및 운영 위탁기관 지정(부동산거래신고법)&cr;2021.6 : 교육시설안전인증기관 지정(교육부 공고)&cr;2021.10 : 주택통합정보 분석시스템 운영기관 지정(주택법)&cr;2021.11 : 제로에너지건축물 인증기관 지정(건축물에너지인증규칙)&cr;2021.11 : 건축행정시스템(세움터) 운영기관 지정(건축법)&cr;2022.1 : 주택공급통계정보시스템(HIS)(주택법)&cr;2022.1 : 장기방치건축물 정비지원기구 지정(방치건축물정비법)&cr;2022.8 : 건축서비스산업정보체계(건축HUB) 위탁기관 지정(건축서비스법)&cr;2023.3 : 외국인주택소유현황 통계 국가승인통계 승인(부동산거래신고법)&cr;2024.12 : 그린리모델링 창조센터 지정(녹색건축법),□ 전략방향&cr;- AI 기반 부동산정보 신뢰성 제고&cr;- 부동산시장 안정성ㆍ공정성 강화&cr;- 부동산산업 활성화 선도&cr;- AI 혁신 및 책임경영 실천,이헌욱,20260225-20290224,- 경기주택도시공사(GH) 사장&cr;- 법무법인 정명 대표변호사&cr;- 참여연대 민생희망본부 본부장&cr;- 민변 민생경제위원회 위원장&cr;- 법무법인 세종 소속변호사,대구광역시,대구광역시 동구 이노밸리로 291,www.reb.or.kr,120-81-00695,-
228,한국사학진흥재단,기타공공기관,교육부,한국사학진흥재단법,19891204,각급 사립학교의 교육환경개선 등 사학교육진흥을 위하여 기금을 조성하고  시설자금을 융자 지원하기 위한 한국사학진흥재단법을 제정(1989.3.31)하여  그 업무를 효율적으로 수행할 수 있도록 특수법인인 본 재단을 설립(1989.12.4)하였음,1. 기금의 조성·운용 및 관리&cr;2. 사학기관 경영개선을 위한 연수 및 조사·연구사업&cr;2의2. 학교 경영컨설팅 및 경영상담 지원사업&cr;3. 관리·처분이 위탁된 사학기관의 재산 관리·처분&cr;3의2. 「사립학교법」 제34조제2항 또는 제47조에 따라 해산된 학교법인의 효율적 청산 절차 진행을 위한 행정적 ㆍ재정적 지원 사업&cr;3의3. 「사립학교법」 제48조의2에 따른 해산된 학교법인 및 폐지ㆍ폐쇄된 학교의 기록물 이관 및 관리 사업&cr;4. 교육부장관으로부터 위탁받은 사업&cr;5. 다른 법률의 규정에 따라 재단이 시행할 수 있는 사업&cr;6. 그 밖에 사학진흥 및 경영개선을 위하여 필요한 사업,1989. 03 사학진흥재단법 제정 공포 (법률 제4103호)&cr;1989. 12 사학진흥재단 설립  초대 장병규 이사장 취임&cr;1990. 10 사립학교 교육환경 개선을 위한 시설자금 융자지원 사업 개시&cr;1991. 01 제2대 공영 이사장 취임&cr;1993. 01 사학진흥에 관한 연구사업 시작&cr;1993. 07 제3대 허종갑 이사장 취임&cr;1995. 12 한국사학진흥재단으로 명칭 변경 (법률 제5067호)&cr;1996. 07 제4대 허종갑 이사장 취임&cr;1998. 05 사학기관 경영·재정전문가 연수 사업 시작&cr;1999. 07 제5대 김재연 이사장 취임&cr;2000. 01 사학진흥기금 기타기금에서 공공기금으로 전환&cr;2001. 03 사립대학 예·결산 등의 업무 위탁 (행정권한의위임및위탁에관한규정&cr;제44조제8항)&cr;2002. 07 제6대 차현직 이사장 취임&cr;2005. 01 국·공·사립대학 및 전문대학 산학협력단 예·결산 접수 업무 위탁&cr;2005. 06 제7대 김학민 이사장 취임&cr;2006. 03 사립대학회계정보시스템 구축·공개&cr;2007. 01 전문대학 예·결산 등의 업무 위탁(행정권한의위임및위탁에관한규정&cr;제44조제8항)&cr;2007. 01 에듀21 btl/bto사업(사립학교 민간투자사업) 개시&cr;2007. 04. 기타공공기관 지정&cr;2007. 06 교육시설 현황 업무 위탁(행정권한의위임및위탁에관한규정 제44조제8항)&cr;2008. 06 제8대 임동오 이사장 취임&cr;2009. 01 대학컨설팅 지원사업 시작&cr;2009. 12 한국사학진흥재단 설립 20주년 기념(「재단20년사」발간)&cr;2010. 01 사립대학 경영컨설팅 지원사업 착수&cr;2011. 08 제9대 이원희 이사장 취임&cr;2012. 03 행복기숙사(사립) 시행기관 지정&cr;2012. 09 행복기숙사(연합) 시행기관 지정&cr;2013. 10 통계작성지정기관 지정&cr;2014. 03 대구혁신도시로 기관 이전&cr;2014. 08 사학기관 외부회계감사에 대한 감리 업무 개시&cr;2014. 08 홍제동(연합) 기숙사 개관&cr;2014. 11 제10대 김혜천 이사장 취임&cr;2017. 01 대학재정정보시스템 및 고등교육재정지원정보시스템 통합&cr;2018. 05 제11대 지병문 이사장 취임&cr;2018. 09 파리국제대학촌 한국관 개관&cr;2019. 01 사립대학 강사 처우개선 융자사업 개시&cr;2019. 01 기숙사형 청년주택 운영기관 선정&cr;2019. 03 기숙사형 청년주택(개봉) 개관&cr;2019. 12 한국사학진흥재단 설립 30주년 기념(「재단30년사」발간)&cr;2020. 01 폐교대학 종합관리사업 개시&cr;2020. 03 정부24를 통한 폐교대학 학사증명서 발급서비스 개시&cr;2021. 06 제 12대 홍덕률 이사장 취임&cr;2021. 08 사학진흥기금 '청산지원계정' 신설&cr;2021. 12 KASFO VISION 2030 선포&cr;2022. 01 폐교대학 청산지원 융자사업 개시&cr;2022. 05 교육부 부패방지시책평가 '최우수'(7년 연속)&cr;2022. 11 재단-제주특별자치도 간 고등교육분야 업무 내실화 협약 체결&cr;2022. 11 교육부 소관 기타공공기관 경영평가 '우수' (3년 연속)&cr;2022. 12 폐교대학 기록문서관리시설(KASFO U-Archives) 준공&cr;2023. 04 교육부 산하 부패방지 시책평가 '최우수'(8년 연속)&cr;2023. 06 교육부 소관 기타공공기관 경영평가 '우수'(4년 연속)&cr;2024. 06 교육부 소관 기타공공기관 경영평가 '우수'(5년 연속)&cr;2024. 08 제 13대 이하운 이사장 취임&cr;2025. 06 교육부 소관 기타공공기관 경영평가 '우수'(6년 연속),1. 미션 : 교육환경 개선과 교육 혁신으로 미래교육 발전에 기여&cr;2. 비전 : 학생 교육환경 개선  학생 교육안정 지원  지속가능 혁신성장 플랫폼&cr;3. 전략방향 및 전략과제&cr;1) 고등교육 생태계 자율혁신 플랫폼 강화&cr;① 고등교육 정책 및 협력 거버넌스 선도&cr;② 대학 자율 구조개선과 지속가능 혁신&cr;③ 대학·법인 경영개선 및 내실화&cr;2) KASFO형 교육 서비스 플랫폼 확장&cr;① 폐교대학 종합관리 및 구성원 지원 확대&cr;② 대학생 안정적 주거지원 및 기숙사모델 다변화&cr;③ 대학 재정 여건 및 교육환경 개선&cr;3) AX·DX 기반 재정정보·서비스 플랫폼 선도&cr;① 고등교육 회계 기준 및 관리체계 강화&cr;② 고등교육 재정정보 관리시스템 고도화&cr;③ ADP(AI·Data·Platform) 기반 체감형 공공서비스 혁신&cr;4) 경영혁신과 ESG 성과창출&cr;① 탄소중립·친환경 경영 활성화&cr;② 인권 경영 및 지역·중소 상생발전 실현&cr;③ KASFO혁신거버넌스 및 투명경영 강화,이하운,20240823-20270822,&cr;- 동양대학교 총장&cr;- 동양대학교 부총장 및 정보통신공학부(철도운전·전기신호학과)교수&cr;- 한국교육개발원 진단위원&cr;,대구광역시,대구광역시 동구 혁신대로 345,www.kasfo.or.kr,116-82-03894,-
229,한국사회보장정보원,준정부기관(위탁집행형),보건복지부,「사회보장급여의 이용ㆍ제공 및 수급권자 발굴에 관한 법률」제29조(한국사회보장정보원),20091207,「사회보장급여의 이용ㆍ제공 및 수급권자 발굴에 관한 법률」제29조에 따라 설립되&cr;었으며  사회보장정보시스템의 구축ㆍ운영ㆍ지원 및 같은 법 또는 그 밖의 다른 법령&cr;에 의해 위탁받은 사업을 합리적이고 효율적으로 수행하여 공정하고 효과적인 사회&cr;보장을 통해 국민의 삶의 질 향상에 기여함을 목적으로 한다.,○ 사회보장정보시스템 등 주요 정보시스템 구축ㆍ운영ㆍ교육ㆍ상담&cr;○ 위기아동  위기가구 등 복지사각지대 발굴 및 지원&cr;○ 사회서비스 사업 및 급여 관리&cr;○ 보건복지 정보보안 및 개인정보 통합 관제업무 지원&cr;○ 사회보장 정책정보 및 통계 생산ㆍ분석ㆍ제공  조사ㆍ연구 등,○ 2009. 12. 한국보건복지정보개발원 설립&cr;○ 2010. 01. 기타공공기관 지정(기획재정부)&cr;○ 2011. 01. 위탁집행형 준정부기관으로 유형 변경(기획재정부)&cr;○ 2011. 05. 한국사회서비스관리원과 통합&cr;○ 2015. 07. 사회보장정보원 출범&cr;○ 2018. 11. 의료기관 공동보안관제센터(ISAC) 개소&cr;○ 2019. 03. 국가통계작성기관 지정&cr;○ 2020. 06. 한국사회보장정보원으로 기관 명칭 변경&cr;○ 2022. 04. 가명정보 결합전문기관 지정&cr;○ 2024. 04. 중부지역센터 설치ㆍ운영&cr;○ 2025. 04. 대구경북지역센터 설치ㆍ운영&cr;○ 2026. 05. 부산경남지역센터 설치ㆍ운영,○ 미션 : 공정하고 따뜻한 사회보장 정보서비스로 국민행복에 기여&cr;○ 비전 : 국민 맞춤형 복지를 실현하는 디지털 플랫폼 전문기관&cr;○ 핵심가치&cr; - 실용과 성과&cr; - 공정과 신뢰&cr; - 전문성과 혁신&cr; - 소통과 협력&cr;○ 전략목표&cr; 1. 기본적 삶을 지켜주는 정보서비스 제공&cr; 2. 국민에게 신뢰받는 정보서비스 확립&cr; 3. AI 기반 디지털 플랫폼 혁신 선도&cr; 4. ESG 기반 지속가능경영 강화&cr;○ 전략과제&cr; 1-1. 찾아주는 복지서비스 확대&cr; 1-2. 국민체감 사회서비스 활성화&cr; 1-3. 건강보건 정보서비스 강화&cr; 2-1. 자격 판정체계 효율화&cr; 2-2. 공정한 급여ㆍ서비스 제공&cr; 2-3. 정보시스템 보안ㆍ안정성 고도화&cr; 3-1. 데이터 기반 정책지원 강화&cr; 3-2. 사용자 중심 정보서비스 환경 구축&cr; 3-3. 신기술 적용 정보시스템 혁신&cr; 4-1. 성과 중심의 혁신경영 선도&cr; 4-2. 가치 창출형 ESG 경영 내재화&cr; 4-3. 국민 체감형 소통경영 강화,김현준,20240603-20270602,○ 보건복지부 인구정책실장&cr;○ 질병관리청 차장&cr;○ 보건복지부 의료보장심의관,서울특별시,서울특별시 광진구 능동로 400(중곡동  보건복지행정타운),http://www.ssis.or.kr,101-82-18809,-
230,한국사회복지협의회,기타공공기관,보건복지부,제33조(사회복지협의회) ① 사회복지에 관한 다음 각 호의 업무를 수행하기 위하여 전국 단위의 한국사회복지협의회(이하 “중앙협의회”라 한다)  시ㆍ도 단위의 시ㆍ도 사회복지협의회(이하 “시ㆍ도협의회”라 한다) 및 시(「제주특별자치도 설치 및 국제자유도시 조성을 위한 특별법」 제10조제2항에 따른 행정시를 포함한다. 이하 같다)ㆍ군ㆍ구(자치구를 말한다. 이하 같다) 단위의 시ㆍ군ㆍ구 사회복지협의회(이하 “시ㆍ군ㆍ구협의회”라 한다)를 둔다.,19520215,사회복지사업법에 의거하여 설립된 사회복지 공익법인으로서  민간 사회복지 증진을 위한 협의조정  정책개발  조사연구  교육훈련  자원봉사활동 진흥  사회적 취약계층을 위한 사업수행을 통해 우리나라의 사회복지증진과 발전에 기여,<민·관 가교 역할 수행>&cr;- 민간사회복지기관 중 유일한 기타공공기관으로서  보건복지부의 주요 복지정책에 대한 시행위탁기관으로 정부의 사회복지사업을 뒷받침하는 조사연구  교육훈련  사회복지 조성 등의 고유목적사업 등 공공사회복지 증진 업무를 효과적으로 수행하며  정부정책과 민간사업의 연계협력을 조성하는 전달자 및 중재자 역할 수행&cr;&cr;<민·민 네트워크 허브 기능>&cr;- 민간사회복지 기관으로서의 특성을 살려  사회복지시설  기관  단체 상호간의 이슈 및 여론  동향 및 흐름에 대한 복지계의 입장을 대변하고 여론을 일원화하여 협의조정 창구로서의 역할을 수행하며  사회복지 조성을 위한 각종 민간자원 활용 및 연계  사회서비스 사업을 수행,1952. 한국사회사업연합회 설립(1952.2.15)&cr;1970. 사회복지법인 한국사회복지협의회로 변경&cr;1970. 한국 최초의 사회복지공동모금사업 실시(한국사회복지공동모금회 창립)&cr;1978. 사회복지 자원봉사사업 실시(사회봉사안내소 설치 운영)&cr;1981. 제1회 전국사회복지대회 개최&cr;1983. 한국사회복지협의회 법정단체화&cr;1998. 시·도사회복지협의회 독립법인 설립&cr;2000. 제1회 사회복지의 날 기념식 개최&cr;2002. 제1회 전국 사회복지 자원봉사대회 개최&cr;2003. 시·군·구사회복지협의회 법제화&cr;2007. 사회공헌정보센터개소&cr;2009. 기타공공기관으로 지정&cr;2022. 한국사회복지협의회 설립 70주년&cr;2024. 시·군·구사회복지협의회 의무설립  사회복지사업법 개정·공포,<미션>&cr;- 지역사회와 함께하는 지속가능한 복지공동체 구성&cr;&cr;<비전>&cr;- 민간 복지자원 조성과 지역복지 전달체계 확대&cr;&cr;<핵심가치>&cr;- 상생ㆍ나눔&cr;- 소통ㆍ협력&cr;- 지속가능ㆍ신뢰&cr;&cr;<경영목표>&cr;- 민간자원 총량 연 3 700억원 조성&cr;- 시군구사회복지협의회 228개소 전국 설립&cr;- 고객만족도 90점  자체청렴도 90점 달성&cr;&cr;<전략목표>&cr;- 민간자원 발굴ㆍ지원&cr;- 민간복지 기반조성&cr;- 조직 지속가능 역량 강화,김현훈,20260101-20281231,- 전) 한국재가노인복지협회 회장&cr;- 전) 한국장기요양위원회 위원&cr;- 전) 국가치매관리위원회 위원&cr;- 전) 한양대학교공공정책대학원 겸임교수&cr;- 현) 일본슈치인대학교 객원교수&cr;- 현) 사회복지법인 행복창조 이사장,서울특별시,서울특별시 마포구 만리재로 14(공덕동) 한국사회복지회관 5층,www.bokji.net,105-82-00219,-
231,한국사회적기업진흥원,기타공공기관,고용노동부,사회적기업 육성법 제20조,20101231,사회적기업의 설립·운영을 지원하고 이와 관련된 민간의 활동을 촉진하여&cr;사회서비스를 확충하고 새로운 일자리를 창출함으로써&cr;사회통합과 국민의 삶의 질 향상에 이바지함,- 사회적기업가 양성과 사회적기업 모델 발굴 및 사업화 지원&cr;- 사회적기업의 모니터링 및 평가&cr;- 업종/지역 및 전국단위 사회적기업 네트워크 구축/ 운영 지원&cr;- 사회적기업 홈페이지 및 통합정보시스템 구축/운영&cr;- 경영/기술/세무/노무/회계 등의 개선을 위한 컨설팅 지원&cr;- 사회적기업 관련 국제교류 협력&cr;- 사회적기업에 대한 교육/홍보&cr;- 사회적기업 인증 지원&cr;- 전문가 포럼사업 실시 및 사회적기업 연구에 관한 지원&cr;- 사회적기업 판로개척 지원&cr;- 사회적기업 자본시장 조성 지원&cr;- 기업/비정부기구 등 민간과 사회적기업 협력 지원&cr;- 지역자원 연계 및 사업화 지원 등 지방자치단체 사회적기업 육성 지원&cr;- 사회적기업 등 사회적경제조직의 정책개발 및 조사/연구 사업&cr;- 그 밖에 관계법령에 따라 위탁받은 사회적기업과 관련한 사업,2010.6. 사회적기업 육성법 개정  진흥원 설립근거 마련&cr;2010.12. 한국사회적기업진흥원 설립&cr;2011.1. 공식 업무 개시 및 기타공공기관 지정&cr;2011.2. 한국사회적기업진흥원 출범식 개최&cr;2011.7. 제1회 사회적기업의 날 기념식 개최&cr;2012.2. 사회적기업 육성법 일부개정을 통한 진흥원 사업확대(컨설팅 지원  국제교류협력)&cr;2012.6. 협동조합 지원업무 수탁(기획재정부)&cr;2015.12. 직제 개편(4본부 8팀 → 4본부 9팀)&cr;2017.12. 직제 개편(4본부 9팀 → 4본부 11팀)&cr;2018.12. 도시재생지원기구 지정(도시재생 활성화 및 지원에 관한 특별법 시행령 제13조)&cr;2019.1. 직제 개편(4본부 11팀 → 4본부 1실 14팀)&cr;2021.1. 직제개편(4본부 1실 14팀 → 4본부 1실 16팀)&cr;2022.1. 직제개편(4본부 1실 16팀 → 5본부 15팀)&cr;2023.1. 직제개편(5본부 15팀 → 5본부 14팀)&cr;2023.12. 직제개편(5본부 14팀 → 5본부 1실 8팀 6통합센터)&cr;2025.12. 직제개편(5본부 1실 8팀 6통합센터 → 5본부 1실 11팀 6센터),1. 생애주기별 기업활력 제고&cr;- 창업인프라 조성 및 활성화&cr;- 유망기업 성장지원 강화&cr;- 통합 판로지원 확대&cr;&cr;2. 민관협력과 연대의 지역생태계 조성&cr;- 현장밀착 기업애로 해소&cr;- 지역단위 지원체계 고도화&cr;- 지역사회문제 해결 촉진&cr;&cr;3. 사회적가치 성과 확산&cr;- 사회연대경제 정책/제도지원 강화&cr;- 국민체감형 사회적가치 확산&cr;- 대국민 사회적기업 인식 제고&cr;&cr;4. 지속가능한 경영 혁신&cr;- 효율적이고 청렴한 조직운영&cr;- ESG경영성과 창출&cr;- 디지털 기반 고객서비스 혁신,정승국,20241106-20271105,- 고려대학교 노동대학원 객원교수&cr;- 제20대 대통령직인수위원회 전문위원&cr;- 중앙승가대학교 사회복지학 교수&cr;- 한국노총 중앙연구원 연구조정실장,경기도,경기도 성남시 수정구 수정로 157(새마을금고빌딩) 6~8층,https://www.socialenterprise.or.kr,129-82-11425,-
232,한국산림복지진흥원,준정부기관(위탁집행형),산림청,「산림복지 진흥에 관한 법률」제49조,20160418,다양하고  체계적인 산림복지서비스를 제공함으로써 산림복지진흥을 통하여 국민의 건강증진  삶의 질 향상 및 행복 추구에 기여,- (시설 조성ㆍ운영) 산림복지시설 조성ㆍ운영 및 서비스제공&cr;- (교육ㆍ치유) 산림교육ㆍ산림치유 서비스 활성화&cr;- (전문업 등록) 산림복지전문업 등록ㆍ관리 및 교육&cr;- (전문가 관리) 산림복지전문가 자격관리 및 연수&cr;- (교류ㆍ협력) 국내외 산림복지 관련 기관 및 단체 교류ㆍ협력&cr;- (조사ㆍ연구) 산림복지 활성화 기반 마련을 위한 조사ㆍ연구&cr;- (녹색자금운용) 산림환경 기능 증진 사업 시행&cr;- (소외계층지원) 소외계층을 위한 서비스 체험 및 바우처 지원,2013. 5. 29. 「산림복지단지 조성 및 지원에 관한 특별법」발의하여  법명을&cr;「산림복지 진흥에 관한 법률」로 개정 의결&cr; - 산림복지문화재단 포괄 승계하여 설립(부칙 제4조)&cr;2015. 3. 27. 「산림복지 진흥에 관한 법률」제정 공포&cr;2016. 4. 18. 한국산림복지진흥원 설립&cr;2016. 7. 30. 「산림자원의 조성 및 관리에 관한 법률」개정 및 시행&cr; - 녹색사업단을 포괄 승계(부칙 제2조)&cr;2017. 2. 2. 기타공공기관 지정&cr;2018. 2. 6. 준정부기관 지정,O 경영목표&cr; - 산림복지서비스 수혜인원 연 135만명&cr; - 민간 산림복지업 창업 ·유지 기관 1 890개&cr; - ESG 이행지수 최우수 등급&cr; - 진흥원 혁신지수 최우수 등급&cr;&cr;O 4대 전략방향 및 12대 전략과제&cr; 1. 국민 행복을 실현하는 산림복지 서비스 제공&cr; 1.1 건강 ·돌봄 중심의 일상 속 산림치유 확대&cr; 1.2 산림생태 ·기후변화 대응 산림교육 제공 강화&cr; 1.3 함께 누리는 산림문화 콘텐츠 확산&cr;&cr; 2. 지역 ·민간과 함께하는 산림복지 산업 활성화&cr; 2.1 지역 경제를 살리는 상생 중심 경영 확대&cr; 2.2 지속 가능한 산림복지업 창업 및 성장 환경조성&cr; 2.3 산림복지 생태계의 인적자원 역량 고도화&cr;&cr; 3. ESG 기반의 지속가능경영 내실화&cr; 3.1 기후 위기 대응 산림형 친환경 경영 선도&cr; 3.2 스마트 재난 ·안전 ·보건 통합관리 체계 확립&cr; 3.3 조직 거버넌스 강화를 옽한 공정 ·투명 경영&cr;&cr; 4. 미래지향적 경영혁신을 통한 성과 실현&cr; 4.1 AI 기반 경영관리체계 혁신&cr; 4.2 성과 ·역량 중심의 경영 시스템 구축&cr; 4.3 신뢰와 공감하는 조직문화 조성, 공석,-,-,대전광역시,대전광역시 서구 구봉산북로 96-90(관저동),https://www.fowi.or.kr,598-82-00110,-
233,한국산업기술기획평가원,준정부기관(위탁집행형),산업통상부,산업기술혁신촉진법 제39조,20090504,산업기술개발에 대한 기획·평가·관리 등의 사업을 수행함으로써 산업기술의 혁신을 통한 산업경쟁력과 국가 혁신역량 제고에 기여함을 그 목적으로 한다.,ㅇ 산업기술개발사업에 대한 과제 기획·평가·관리&cr;ㅇ 과제기획을 위한 산업기술의 수요  수준 및 전망 조사&cr;ㅇ 기술개발과제의 기술적·경제적 타당성 조사&cr;ㅇ 산업기술개발사업 결과 조사 및 관리 등,ㅇ 2008.08.26 : 정부의 제2차 공공기관 선진화 계획 발표&cr;ㅇ 2009.01.30 : 산업기술혁신촉진법 개정 공포  산업기술혁신촉진법 제39조 설립근거 마련&cr;ㅇ 2009.05.04 : 한국산업기술평가관리원 설립&cr;ㅇ 2014.09.26 : 공공기관지방이전계획에 의거 대구신서혁신도시로 이전&cr;ㅇ 2023.09.21 : 한국산업기술기획평가원으로 기관명 변경,[미션] 산업기술 기획·평가·관리로 기술혁신을 촉진하여 산업경쟁력과 국가혁신역량 강화에 기여&cr;[비전] AI 주도 초혁신성장  기술기반 산업강국의 동반자&cr;[전략목표]&cr;ㅇ AI 기반 산업강국 실현을 위한 제조혁신과 첨단기술 확보 촉진&cr;ㅇ 흔들림 없는 산업기반을 위한 공급망 경쟁력 강화&cr;ㅇ R&D 혁신성과 창출을 위한 고객지향적 시스템 운영&cr;ㅇ 국민 신뢰를 위한 혁신하고 책임지는 경영 강화, 공석,-,-,대구광역시,대구광역시 동구 첨단로8길 32,www.keit.re.kr,220-82-08280,-
234,한국산업기술시험원,기타공공기관,산업통상부,산업기술혁신촉진법 제41조,19660413,기업의 연구개발 성과물이 국내외 시장에서 요구하는 성능 및 안전요건에 충족하는지 여부를 객관적이고 정확하게 검증하여  국민안전 확보와 기업 경쟁력 제고 및 수출증대에 기여, 1. 시험평가 및 인증사업&cr;- 표준과 기술기준에 따라 시험/검사/교정/인증 등 다양한 서비스 제공&cr; * 정부 각 부처에서 운영하는 국내 시험평가 및 인증제도는 총 250여개&cr;- 기업의 시장진출  소비자 보호  정부의 정책목적 달성 등 역할 수행&cr; * 제품의 안전성과 성능이 국내 및 국제표준에 충족함을 입증하여 국내판매 및 해외수출이 가능하도록 지원&cr;&cr;2. 국가 시험평가 인프라 구축을 위한 연구개발 사업&cr;- 첨단 신기술 분야에 대한 국가차원의 시험평가 및 인증기반 구축&cr; * 새로운 시험인증규격 제정  시험평가장비 구축  시험평가기술 개발 등 신규 시험인증 시장 형성에 기여&cr;- 신기술/신제품에 대한 성능 및 안전성에 대한 검증방법을 연구함으로써 기술혁신&cr;성과물의 사업화를 촉진&cr; * 기술융복합화에 따른 융합신제품 등에 대해 신속한 인증획득이 가능하도록 지원함으로써 우수기술 및 제품의 조기 사업화를 촉진&cr;&cr;3. 중소기업 기술지원&cr;- 해외인증 역량이 부족한 수출 중소기업에 대해 현지인증 획득 지원&cr; * 전 세계 58개국 190개 인증기관과의 네트워크를 활용한 원스톱 지원&cr;- 시험인증 노하우를 바탕으로 인증실패 기업 성능향상 및 사업화 기술지원&cr; * 중소기업과 공동연구를 통해 부적합 원인 분석 및 제품성능 향상 추진&cr;- 제품설계부터 판로개척까지 全과정 지원 K-STAR 기업육성사업 수행&cr; * 기업별 1社 1人 전담 코디네이터를 배치하여  제품설계/생산공정 및 판로개척 全 단계에 걸쳐 맞춤형 기술지원 서비스 제공,ㅇ 1966.04. 한국정밀기기센터(FIC)로 발족&cr;ㅇ 1979.04. 한국기계금속시험연구소(KIMM)로 개편&cr;ㅇ 1985.06. 기업기술지원센터(한국기계연구원 부설)로 개편&cr;ㅇ 1989.10. 품질평가센터(한국생산기술연구원 부설)로 개편&cr;ㅇ 1999.03. 산업기술시험원(한국산업기술평가원 부설)으로 개편&cr;ㅇ 2006.11. 한국산업기술시험원 독립법인 출범&cr;ㅇ 2007.04.「공공기관의 운영에 관한 법률」시행에 따른 기타공공기관 지정&cr;ㅇ 2009.01. 재경부 「2009년 공공기관 지정안」에 따른 위탁집행형준정부기관 지정&cr;ㅇ 2014.01. 재경부 「2014년 공공기관 지정안」에 따른 기타공공기관 지정&cr;ㅇ 2015.03. 한국산업기술시험원 본원 진주이전,ㅇ 미 션 : 시험인증과 기술지원을 통해 국가의 산업경쟁력 및 국민의 삶의 질 향상&cr;ㅇ 핵심가치 : TRUST (T:Top  R:Responsible  U:U&I  S:Sustainable  T:Transparent)&cr;ㅇ 비 전 : Beyond Korea No.1+(대한민국을 넘어 세계로 도약하는 KTL)&cr;ㅇ 경영목표&cr;  1. 중장기 미래사업 ghkreo&cr;  2. Top Class 고객품질 달성&cr;  3. 지속가능 ESG 가치 창출&cr;  4. AX 기반 스마트 경영체계 구축&cr;ㅇ 전략방향&cr;  1. 초격차 기술 기반 미래 신성장 동력 확보&cr;  2. 산업 생태계 혁신 및 국민 안전강화를 위한 TIC 가치창출&cr;  3. 소통 및 실천중심 KTL형 ESG 경영 고도화&cr;  4. AI 기반 업무 혁신을 통한 미래 지향적 경영관리 체계 확립, 공석,-,-,경상남도,경상남도 진주시 충의로 10(충무공동),www.ktl.re.kr,113-82-06228,-
235,한국산업기술진흥원,준정부기관(위탁집행형),산업통상부,산업기술혁신 촉진법 제38조(한국산업기술진흥원의 설립 등),20090504,산업기술혁신 촉진 및 산업기술혁신 관련 정책 개발 지원,ㅇ 산업기술혁신 관련 정책연구  중장기 기획 및 성과분석&cr;ㅇ 산업기술혁신 기반조성&cr;ㅇ 산업기술 이전 및 사업화 촉진&cr;ㅇ 산업기술 전문인력 양성 및 산학협력&cr;ㅇ 지역산업 육성 및 혁신 지원&cr;ㅇ 소재부품장비산업 육성 및 산업공급망 지원&cr;ㅇ 중견기업 육성 및 혁신 지원&cr;ㅇ 산업융합 규제샌드박스 및 규제자유특구 등 규제혁신 지원&cr;ㅇ 산업기술 국제협력&cr;ㅇ 산업기술 진흥 및 사업화 촉진기금 관리,ㅇ '08. 8. 26 : 정부의 공공기관 선진화 계획에 의거 산업기술분야 R&D지원기&cr;관 개편  재편 추진(구 지식경제부)&cr;ㅇ '09. 1. 30 : 산업기술혁신 촉진법 개정 공포&cr;ㅇ '09. 2. 2 : R&D지원기관 설립위원회 설치&cr;ㅇ '09. 5. 4 : 한국산업기술진흥원 설립,[미션] 산업기술정책 수립과 기술혁신기반 강화를 통한 기술강국 실현&cr;[비전] 산업 르네상스를 실현하는 혁신성장 플랫폼&cr;[전략목표 및 전략과제]&cr;ㅇ 산업·AI 대전환을 이끄는 혁신시스템 촉진&cr; - 실용적 산업정책 개발지원·확산&cr; - 문제해결형 규제 재설계 및 합리화&cr; - 안정적 공급망 구축을 통한 산업전환 대응력 강화&cr;ㅇ 첨단전략산업 초격차 역량 확보&cr; - 산업맞춤형 첨단인재 개발·공급&cr; - 첨단전략산업 실증·인증기반 조성&cr; - 기술과 금융을 연계한 전주기적 사업화 촉진&cr;ㅇ 기업의 개방형 혁신성장 생태계 조성&cr; - 균형과 특화가 조화된 지역산업 성장 지원&cr; - 중견·중소기업의 상생협력 성장사다리 구축&cr; - 전략적 국제협력을 통한 글로벌 시장진출 확대&cr;ㅇ 책임·안전경영으로 공공기관 혁신 선도&cr; - ESG 기반 책임경영체계 확립&cr; - 전문성·AI 기반 경영혁신 강화&cr; - 투명한 기관  안전한 일터 정착,전윤종,20260420-20290419,ㅇ 한국산업기술기획평가원 원장&cr;ㅇ 산업통상자원부 통상교섭실장&cr;ㅇ 산업통상자원부 무역위원회 상임위원,서울특별시,서울특별시 강남구 테헤란로 305,www.kiat.or.kr,220-82-08387,-
236,한국산업단지공단,준정부기관(위탁집행형),산업통상부,산업집적활성화 및 공장설립에 관한 법률 제45조의17,19970110,산업단지의 개발 및 관리와 기업체의 산업활동 지원,ㅇ 산업단지 규제혁신 및 안전강화&cr;ㅇ 디지털  저탄소 산업단지 전환 지원&cr;ㅇ 찾고 머물고 싶은 산업단지 조성&cr;ㅇ 산업집적지 경쟁력 강화&cr;ㅇ 민간투자 촉진과 기업성장 종합지원&cr;ㅇ 산업입지  집적시설 공급 및 산업정책 연구,ㅇ 1964.08. 한국수출산업공단 설립&cr;ㅇ 1971.05. 중부산업단지관리공단 설립&cr;ㅇ 1974.04. 동남산업단지관리공단 설립&cr;ㅇ 1977.11. 서부산업단지관리공단 설립&cr;ㅇ 1990.11. 서남산업단지관리공단 설립&cr;ㅇ 1997.01. 한국산업단지공단 설립(5개 권역별 관리공단 통합)&cr;ㅇ 2005.04. 산업단지 클러스터사업 개시&cr;ㅇ 2005.09. 김해 일반산업단지 조성사업 착수&cr;ㅇ 2007.01. 생태산업단지 구축사업 개시&cr;ㅇ 2014.01. 한국산업단지공단 본사 대구혁신도시 이전&cr;ㅇ 2014.03. 혁신산업단지 선정(반월  시화  구미  창원 등 7개소)&cr;ㅇ 2014.09. 산업단지 출범 50주년 기념식&cr;ㅇ 2018.12. 스마트그린산단 촉진사업 개시&cr;ㅇ 2019.11. 산업단지 대개조 계획 개시&cr;ㅇ 2021.02. 자율형 미니클러스터 사업 추진&cr;ㅇ 2022.04. 탄소중립 융자지원사업 추진&cr;ㅇ 2025.03. 주요 국가산업단지 등 83개 산업단지 관리 ,Ⅰ. AX  GX 중심 산업구조 대전환&cr;  1. 산업부문 AX기반 제조혁신 주도&cr;  2. 산업단지 탄소중립 대전환 지원&cr;  3. 미래 산업단지 선제적 대응 강화&cr;&cr;Ⅱ. 지역 맞춤형 산업공간 재편&cr;  4. 수요 맞춤형 산업입지 공급&cr;  5. 민관 협력 기반 산업성장공간 조성&cr;  6. 산업과 문화가 함께하는 청년친화형 산단조성&cr;&cr;Ⅲ. 기업 주도형 성장생태계 구축&cr;  7. 혁신투자를 통한 기업경쟁력 제고&cr;  8. 기업 친화형 규제 합리화 및 투자 촉진&cr;  9. 예방적 산단안전환경 조성 및 안전문화 확산&cr;&cr;Ⅳ. 자율성 기반 책임경영 실현&cr;  10. 국민체감 공공서비스 혁신&cr;  11. 자율적 책임경영 내실화&cr;  12. 소통과 공감 중심의 신뢰문화 구축,이상훈,20230601-20260531,산업통상자원부 국가기술표준원 원장&cr;산업통상자원부 국가기술표준원 표준정책국장&cr;산업통상자원부 산업기술정책관&cr;산업통상자원부 에너지절약정책과장&cr;기술고시 28회,대구광역시,대구광역시 동구 첨단로 39(신서동),www.kicox.or.kr,118-82-01820,-
237,한국산업안전보건공단,준정부기관(위탁집행형),고용노동부,한국산업안전보건공단법,19871209,근로자가 안전하고 건강하게 일할 수 있도록 하고 사업주가 재해 예방에 힘쓰게 하여 국민 경제발전에 이바지하기 위하여 설립,&cr;▣ &cr;산업재해예방기술의 연구&cr;·&cr;개발 및 보급&cr;&cr;▣ 산업안전보건에 관한 교육&cr;▣ 사업장의 산업재해예방을 위한 안전보건진단 및 안전보건관리 등 기술지원&cr;▣ 유해하거나 위험한 기계&cr;·&cr;기구 등의 안전인증 및 안전검사 &cr;▣ 산업재해예방 시설자금 지원&cr;▣ 산업재해예방시설의 설치&cr;·&cr;운영&cr;▣ 산업안전보건에 관한 정보 및 자료의 수집&cr;·&cr;발간&cr;·&cr;제공&cr;▣ 산업안전보건에 관한 국제협력&cr;▣ 산업안전보건에 관하여 고용노동부장관이나 그 밖에 중앙행정기관의 장이 위탁하는 사업&cr;▣ 그 밖에 위의 사업에 딸린 사업&cr;,&cr;▣ 1987. 05. 30. 한국산업안전공단법 제정&cr;&cr;▣ 1987. 12. 09. 한국산업안전공단 창립&cr;&cr;▣ 1987. 12. 09. 산업안전교육원 개원&cr;▣ 1989. 07. 19. 산업안전보건연구원 개원&cr;▣ 1997. 09. 05. 산업화학물질연구센터 준공&cr;&cr;▣ 1988. ~ 2007. 6개 지역본부 및 14개 기술지도원 설립&cr;&cr;▣ 2008. 06. 29. 제18회 세계산업안전보건대회 개최 및 서울선언서 채택&cr;&cr;▣ 2008. 12. 31. 「한국산업안전보건공단」으로 명칭 변경&cr;&cr;▣ 2014. 02. 19. 울산 신청사로 이전(울산혁신도시)&cr;&cr;▣ 2014. 07. 01. 일선기관 명칭 변경(지도원 &cr;→ 지사)&cr;&cr;&cr;▣ 2017.&cr; 01. 23.&cr; 산업안전보건인증원&cr; 개원&cr;&cr;&cr;▣ 2018. 12. 31. 본부  연구원  교육원  인증원  지역본부(16개소) 및 지사(11개소)&cr;&cr;▣ 2019. 12. 31. 미래전문기술원 신설 및 일선기관 명칭 변경&cr;(16개 지역본부  11개 지사 → 6개 광역본부  10개 지역본부  11개 지사)&cr;&cr;▣ 2021. 09. ~ 10. 서울동부지사  고양파주지사  충북북부지사 신설&cr;&cr;(6개 광역본부  10개 지역본부  14개 지사)&cr;&cr;▣ 2024. &cr;04&cr;. 01. 경기남부지사 신설(6개 광역본부  10개 지역본부  15개 지사) &cr;▣ 2026. 01. 01. 경기지역본부 명칭 변경(지역본부&cr; &cr;→ 광역본부) &cr;&cr;,&cr;▣ 미션&cr;- 안전하고 건강한 일터를 조성하여 국민의 행복한 삶과 국가 경제발전에 기여&cr;▣ 비전&cr;- 일하는 모두와 함께 안전한 일터를 만들어가는 산업안전보건의 글로벌 리더&cr;▣ 핵심가치&cr;- 생&cr;명&cr;  미래  현장  신뢰&cr;▣ 경영방침&cr;- 생명존중 가치경영  미래지향 혁신경영  현장중심 실천경영  신뢰기반 책임경영 &cr;▣ 경영목표&cr;- 사고사망만인율 감소&cr;- AI기반 산재예방 인프라 구축&cr;- 현장 위험 개선체계 확립&cr;- 국민 중심 공정&cr;&cr;ㆍ신뢰 구현&cr;▣ 전략방향&cr;- 국민 생명 최우선 일터 조성&cr;- 미래변화 대응 예방체계 마련&cr;- 현장 자율안전 역량 강화&cr;- 신뢰받는 지속가능경영 확립&cr;,김현중,20250224-20280223,▣ '93. 07. ~ '01. 05. 전국철도노동조합 국장 및 실장&cr;※ 교선  조직  홍보  조사  기획&cr;▣ '08. 06. ~ '22. 03. 중앙노동위원회 근로자위원&cr;▣ '13. 02. ~ '19. 10. 임금채권보장심의 위원회 근로자위원&cr;▣ '14. 05. ~ '24. 05. 최저임금위원회 근로자위원&cr;▣ '20. 02. ~ '24. 02. 한국노동조합총연맹 부위원장&cr;▣ '04. 02. ~ '25. 02. 한국공공사회산업노동조합 위원장&cr;▣ '25. 02. ~ 현재) 한국산업안전보건공단 이사장,울산광역시,울산광역시 중구 종가로 400(성안동),https://kosha.or.kr,122-82-04898,-
238,한국산업은행,기타공공기관,금융위원회,한국산업은행법,19540401,산업의 개발육성  사회기반시설의 확충  지역개발  금융시장 안정 및 그 밖에 지속가능한 성장 촉진 등에 필요한 자금을 공급ㆍ관리하여 금융산업 및 국민경제의 건전한 발전에 이바지,&cr;○ 대출  투자  보증 등 산업자금의 공급&cr;○ 벤처  PF  간접투자 등 직ㆍ간접 투자금융&cr;○ 해외채권 발행주선  해외투자 등 국제금융업무&cr;○ 기업구조조정  컨설팅 등 기업가치 제고 업무&cr;○ 예수금 및 산업금융채권 발행 등 산업자금의 조달&cr;,&cr;○ '54. 4 : 한국산업은행 설립(4월 1일)&cr;○ '55. 2 : 원화산업금융채권 발행&cr;○ '74.10 : 외화산업금융채권 발행&cr;○ '90. 8 : 유가증권 인수  매출  모집업무 취급&cr;○ '95.12 : 국내 최초 프로젝트 파이낸스 주선&cr;○ '01. 7 : 본점 이전(영등포구 여의도동)&cr;○ '05. 3 : 사모투자펀드(PEF)업무 취급&cr;○ '07. 4 : 공공기관 지정(기타공공기관)&cr;○ '09.10 : 산은 분할(산은금융지주회사  한국정책금융공사)&cr;○ '12. 1 : 공공기관 지정 해제&cr;○ '14. 1 : 공공기관 재지정(기타공공기관)&cr;○ '14.12 : 통합산은 출범(12월 31일)&cr;○ '17.12 : 혁신성장 전담기관으로 선정('18년 경제정책방향)&cr;○ '20. 5 : 기간산업안정기금 설치&cr;○ '25.12 : 첨단전략산업기금 설치&cr;,&cr;○ (미션) 대한민국 경제와 산업의 미래를 여는 성장 파트너&cr;○ (비전) 글로벌 대한민국을 완성하는 Top-Tier Bank  KDB&cr;○ (전략목표)&cr;    - 미래성장을 창출하는 산업육성&cr;    - 국가지속발전을 위한 지역성장&cr;    - 경제위기에 대응한 시장안정&cr;    - 'KDB only  KDB best' 조직 체계 구축&cr;    - 지속가능한 정책금융 기반 구축&cr;    - 글로벌 업무의 경쟁력 증대&cr;,박상진,20250910-20280909,&cr;○ 서부광역철도(주) 부사장&cr;○ 한국산업은행 준법감시인&cr;,서울특별시,서울특별시 영등포구 은행로 14,http://www.kdb.co.kr,101-82-03970,-
239,한국산업인력공단,준정부기관(위탁집행형),고용노동부,한국산업인력공단법(법률 제3506호  1981.12.31.),19820318,근로자의 평생학습 지원  직업능력개발훈련의 실시  자격검정  숙련기술 장려 사업 및 고용촉진 등에 관한 사업을 하게 함으로써 산업인력의 양성 및 수급의 효율화를 도모하고 국민경제의 건전한 발전과 국민복지 증진에 이바지&cr;(한국산업인력공단법 제1조),- 기업의 학습조직화 촉진 등 근로자 평생학습의 지원&cr;- 직업능력개발훈련실시를 위한 기능대학 설립ㆍ운영 지원&cr;- 근로자의 직업능력개발을 위한 직업능력개발 매체ㆍ과정의 개발 및 이러닝(e-learning) 등 원격훈련지원사업&cr;- 직업능력개발훈련시설 등에 대한 평가 및 직업능력개발에 관한 조사ㆍ연구 등 사업&cr;- 근로자 직업능력개발의 촉진에 관한 사업&cr;- 직업방송사업&cr;- 직업능력개발훈련교사와 인적자원개발 전문가 등의 양성ㆍ관리를 위한 사립학교법에 따른 학교의 설립ㆍ운영 지원&cr;- 자격검정 및 자격취득자의 등록ㆍ교부ㆍ관리&cr;- 국가기술자격의 조사와 연구 및 정보체계 구축ㆍ운영&cr;- 자격기본법에 따른 국가직무능력표준의 개발ㆍ개선 및 활용 지원&cr;- 해외취업 지원 및 청년고용촉진 특별법에 따른 글로벌 인재 양성 등 고용촉진 사업&cr;- 직업능력개발훈련을 실시하는 자에 대한 기술지원&cr;- 숙련기술 장려&cr;- 직업능력개발훈련용 교재의 개발 및 보급&cr;- 외국인근로자의 고용 등에 관한 사업&cr;- 휴면보험금 관리ㆍ운용 등에 관한 사업&cr;- 국제협력 기타 부대사업&cr;- 근로자의 평생학습지원  직업능력개발  자격검정  기능장려ㆍ외국인근로자의 고용 및 고용보험에 관하여 고용노동부장관 또는 중앙행정기관의 장이 위탁하거나 대행하게 하는 사업,1981.12.31. 한국직업훈련관리공단법 선포&cr;1982.03.18. 한국직업훈련관리공단 설립&cr;1989.07.22. 학교법인 한국기술교육대 설립&cr;1994.04.01. 공단 산하 8개 훈련원 대한상공회의소로 이관&cr;1998.01.01. 한국산업인력공단으로 명칭 변경&cr;1998.02.05. 학교법인 기능대학 설립&cr;2001.01.01. 중앙고용정보관리소(중앙고용정보원) 인수&cr;2004.08.17. 외국인고용지원사업 개시&cr;2006.03.01. 23개 직업전문학교를 학교법인 기능대학으로 이관&cr;2006.03.31. 중앙고용정보원 별도 법인화&cr;2007.04.02. 「공공기관의 운영에 관한 법률」시행에 따른 공공기관(위탁집행형 준정부기관) 지정&cr;2008.01.01. 자격출제원 설립  변리사 등 타부처 국가자격 인수&cr;2010.01.04. 한국직업방송(work tv) 개국&cr;2012.01.01. 사업주능력개발지원금 사업을 고용노동부로부터 인수  국가기술자격 12종목을 민간위탁&cr;2014.05.08. 공단본부 울산 혁신도시 이전&cr;2015.08.16. 제43회 브라질국제기능올림픽대회 종합우승(1위  통산 19회 우승)&cr;2016.01.01. 구미ㆍ군산 일학습지원센터  서울 K-Move센터 신설&cr;2017.01.01. 라오스EPS센터  진주ㆍ안성 일학습지원센터 신설&cr;2018.01.01. 부산 해외취업센터  일학습과정개발센터 개설&cr;2020.01.01. 경북서부  경기남부  세종 3개 지사 신설&cr;2021.01.05. 한국산업인력공단법 일부개정으로 국가직무능력표준 및 글로벌 인재양성 사업 수행 근거 마련&cr;2021.02.26. 경남서부  경기서부 2개 지사 신설&cr;2022.07.01. 서울강남  전북서부  충북북부 3개 지사 신설,○ 미션 : 우리는 인적자원개발을 통해 함께 잘사는 나라를 만든다&cr;○ 비전 : K-HRD를 짓는 글로벌 인적자원개발 파트너&cr;○ 전략목표 및 과제&cr;<AI와 함께 평생성장 지원체계 구축>&cr;- AIㆍ신기술 인재양성 전방위적 훈련 활성화&cr;- 평생능력개발로 기업 미래ㆍ균형성장 촉진&cr;- AX 대전환 국민 체감 HRD 인프라 혁신&cr;<AX융합 편리하고 신뢰받는 국가자격 구현>&cr;- AI 기반 국가자격 평가체계 혁신&cr;- 국가자격 서비스 품질 관리로 국민신뢰 제고&cr;- 전 국민 직무능력활용 확산&cr;<글로벌 인적자원 맞춤형 지원체계 고도화>&cr;- 인구변화 대응 포용적 외국인력 고용서비스 강화&cr;- 해외진출 청년 선순환으로 미래성장 지원&cr;- 미래세대를 이끄는 글로벌 역량체계 내실화&cr;<기본이 튼튼한 책임경영 실현>&cr;- 안전과 책임 기반 ESG경영 선도&cr;- 성장과 민생에 기여하는 국민체감 성과 창출&cr;- 청렴하고 유능한 조직문화 확립, 공석,-,-,울산광역시,울산광역시 중구 종가로 345(교동),www.hrdkorea.or.kr,105-82-02779,-
240,한국상하수도협회,기타공공기관,기후에너지환경부,수도법 제56조(한국상하수도협회의 설립),20020221,우리나라 상하수도 부문의 선진화 및 공공용수의 수질보전  국민생활의 질적 향상  회원의 권익보호 및 자질 향상에 기여하기 위함,수돗물 신뢰 확대를 위한 제도 운영 및 정책지원&cr;공공하수도 운영관리 효율화를 위한 사업 추진&cr;기후위기  AI 대응 물산업 현장중심 인력 양성&cr;국내·외 판로 확대를 위해 경쟁력 있는 물기업 지원,2002.01: 한국상하수도협회 설립(협회 법인등기 허가)&cr;2002.11: 제1회 WATER KOREA 개최 및 국제교류 개시&cr;2015.01: 기타공공기관 및 공직유관단체 지정&cr;2016.07: 협회 사무국 이전(서울특별시 영등포구 대림동 청사)&cr;2020.04: 환경 인적자원개발위원회(약칭: 환경 ISC) 지정(고용노동부)&cr;2021.03: 수돗물 먹는 실태조사(국가승인통계) 수탁기관&cr;2025.01: 정수장 위생안전 인증 업무 수탁기관,&cr;미션: 상하수도로 국민생활의 질적 향상에 기여&cr;비전: 안전하고 지속가능한 상하수도를 선도하는 물 전문기관&cr;&cr;<4대 전략방향>&cr;○ 안전한 상하수도를 위한 기반 구축&cr;○ 지속가능 미래를 위한 녹색전환 선도&cr;○ 물산업 발전을 위한 동반성장 체계 확립&cr;○ 협회 역량강화를 통한 사회적 책임 이행&cr;&cr;<2030 경영목표>&cr;○ 상하수도시설 2 500개소 평가 및 지원&cr;○ 물산업 전문인력 15 000명 양성 &cr;○ 수출상담회 상담금액 1조원 달성&cr;○ 윤리경영을 통한 기관 청렴도 제고&cr;,유정복,20250721-20280721,2022.7~현재: 민선8기 인천광역시장&cr;2025.1~현재: 제18대 대한민국도지사협의회 회장&cr;2015.10~2016.9: 제9대 대한민국도지사협의회 회장&cr;2014.7~2018.6: 민선6기 인천광역시장&cr;2012.5~2014.5: 제19대 국회의원&cr;2008.5~2012.5: 제18대 국회의원&cr;2004.5~2008.5: 제17대 국회의원,서울특별시,서울특별시 영등포구 대림로 244,www.kwwa.or.kr,110-82-09245,-
241,한국생명존중희망재단,기타공공기관,보건복지부,「자살예방 및 생명존중문화 조성을 위한 법률」제12조의4,20210106,자살예방 및 생명존중문화 조성 관련 정책 및 사업을 종합적·효과적·효율적으로 수행하여  국민의 소중한 생명을 보호하고 생명존중문화 조성에 기여,&cr;1. 자살예방 정책수립을 위한 자료 개발 및 정책 분석&cr;2. 자살예방기본계획 수립 지원&cr;3. 자살실태조사 지원&cr;4. 심리부검 지원&cr;5. 자살시도자 사후관리&cr;6. 자살자의 유족 지원 및 관리&cr;7. 자살예방 홍보 및 교육&cr;8. 자살예방 연구·개발&cr;9. 자살예방 전문 인력 양성&cr;10. 자살예방센터 업무 지원&cr;11. 자살예방법 및 그 밖에 다른 법령에 따라 위탁받은 업무&cr;,○ 2021. 01. 06. 한국생명존중희망재단 법인설립&cr;○ 2021. 04. 01. 한국생명존중희망재단 공식출범&cr;○ 2021. 04. 14. 황태연 초대 이사장 취임&cr;○ 2022. 07. 01. 보건복지부 전문 조사·연구기관 지정&cr;○ 2022. 12. 11. 한국생명존중희망재단 특수법인 전환&cr;○ 2024. 07. 01. 한국생명존중희망재단 공직유관단체 지정&cr;○ 2025. 01. 22. 한국생명존중희망재단 기타 공공기관 지정&cr;○ 2026. 05. 06. 정윤순 제2대 이사장 취임,&cr;○ (미션) 자살예방 및 생명존중문화 조성으로 국민의 소중한 생명 보호&cr;○ (비전) 국민의 생명존중 가치를 실현하는 자살예방 중추기관&cr;○ (핵심가치) 존중  공감  협력  전문성&cr;○ (전략목표)&cr;1. 자살예방을 위한 국민 인식개선&cr;2. 실효성 있는 자살예방서비스 제공&cr;3. 근거기반 정책개발 확대&cr;4. 지속 가능한 경영 안전성 확보&cr;○ (전략과제)&cr;1-1. 대국민 자살예방홍보 강화&cr;1-2. 자살예방 교육확대 및 협력강화&cr;1-3. 자살예방 전문인력 역량 제고&cr;2-1. 현장중심 자살예방 사업운영&cr;2-2. 자살시도자 및 유족지원 확대&cr;2-3. 지역·조직 내 자살 사후대응 강화&cr;3-1. 효과적인 정책연구·개발 지원&cr;3-2. 체계적인 평가 및 지원 강화&cr;3-3. 자살정보 분석 서비스 확대&cr;4-1. 혁신경영 체계 구축·운영&cr;4-2. 건강한 조직문화 조성&cr;4-3. 윤리경영 확립·실천&cr;,정윤순,20260506-20290505,○ 고려대학교 보건대학원 교수&cr;○ 보건복지부 보건의료정책실 실장&cr;○ 보건복지부 사회복지정책실 실장,서울특별시,서울특별시 서울특별시 중구 을지로6,www.kfsp.or.kr,483-82-00327,-
242,한국서부발전(주),공기업(시장형),기후에너지환경부,전력산업구조개편촉진에 관한 법률(2000.12.23),20010402,전력산업의 경쟁력을 높이고 전기사용자에 대한 서비스 수준을 향상하게 하여 전력산업의 건전한 발전에 이바지 함,1. 전력자원의 개발&cr;2. 발전 및 이와 관련되는 사업&cr;3. 종합감리업  건설사업관리&cr;4. 상기 1 2호에 관련되는 사업에 관한 연구 및 기술개발&cr;5. 상기 1호부터 4호까지의 사업에 관련되는 해외사업&cr;6. 상기 1호부터 5호까지의 사업에 관련되는 투자 또는 출연&cr;7. 상기 1호부터 6호까지의 사업에 관련되는 부대사업,ㅇ 2001.04. 한국서부발전 주식회사 출범(한국전력공사 발전부분 분리: 6개발전회사)&cr;ㅇ 2002.09. 태안 5 6호기 종합준공&cr;ㅇ 2003.11. 태안 7 8호기 착공&cr;ㅇ 2004.01. 군산화력폐지&cr;ㅇ 2007.04. 기타공공기관 지정(공운법 제정)&cr;ㅇ 2007.08. 태안 7 8호기 준공&cr;ㅇ 2010.09. 군산복합화력발전소 준공&cr;ㅇ 2011.01. 시장형공기업 전환&cr;ㅇ 2011.11. 태안IGCC 실증플랜트 건설공사 착공&cr;ㅇ 2012.11. 태안 9 10호기 착공&cr;ㅇ 2015.08. 본사 태안 이전&cr;ㅇ 2017.12. 태안 9 10호기 준공&cr;ㅇ 2018.05. IGCC 준공,ㅇ 미션: 친환경 에너지의 안전한 생산을 통해 국가 대도약과 국민 행복에 기여&cr;ㅇ 비전: 탄소중립 미래를 선도하는 에너지 전환 혁신 기업&cr;ㅇ 핵심가치: 모두를 위한 안전  세상을 이끄는 혁신  공정성장을 향한 상생  미래세대에 대한 책임&cr;ㅇ 전략방향&cr; - 안전 중심 무탄소·고효율 전력생산&cr; - 에너지 신사업을 통한 미래성장 선도&cr; - 내부역량 강화 기반 경영체계 혁신&cr; - 공정과 상생의 책임경영 실현&cr;ㅇ 경영목표&cr; - 중대재해 ZERO/무탄소 발전량 32TWh/연료전환 용량 6.1GW&cr; - AI·디지털변환 달성률 100%/해외·신사업 매출액2.3조원&cr; - 부채비율 165%/청렴도평가 1등급&cr; - 온실가스 감축률 72.4%/ESG평가 최고등급/동반성장평가 최고등급&cr;ㅇ 전략과제&cr; - 사전예방 안전관리체계 확립/무탄소 에너지 전환 실현/청정발전 확대 및 발전·연료 경쟁력 강화&cr; - AI·디지털 중심 에너지 신기술 확대/선택과 집중의 해외사업 개발/신성장·분산에너지 사업 강화&cr; - 체계적·효율적 경영리스크 관리/혁신과 소통의 기업문화 구축/직무성과 중심 전문역량 고도화&cr; - 기후위기 대응 친환경·탄소중립 이행/ESG경영 기반 협력사 성장 지원/이해관계자 상생체계 확립,이정복,20240930-20270929,한국전력공사 경영관리부사장&cr;한국전력공사 사장직무대행,충청남도,충청남도 태안군 태안읍 중앙로 285,www.iwest.co.kr,120-86-19205,-
243,한국석유공사,공기업(시장형),산업통상부,한국석유공사법 제1조,19790303,석유자원의 개발  석유의 비축  석유유통구조의 개선  탄소중립 및 온실가스 감축에 관한 사업을 효율적으로 수행함으로써 석유수급의 안정을 도모함과 아울러 국민경제 발전에 이바지함(한국석유공사법 제1조),ㅇ 석유자원의 탐사 및 개발&cr;ㅇ 원유와 석유제품의 수출입ㆍ비축ㆍ수송ㆍ대여 및 판매&cr;ㅇ 석유비축시설의 건설ㆍ관리ㆍ운영 및 대여&cr;ㅇ 석유의 유통구조 개선&cr;ㅇ 에너지 및 자원 관련 사업을 하는 법인에 대한 투자ㆍ융자ㆍ채무보증 및 자재 대여&cr;ㅇ 탄소의 포집ㆍ수송 및 저장 등 탄소 저감&cr;ㅇ 암모니아 등 수소화합물의 개발ㆍ생산ㆍ수출입ㆍ비축ㆍ수송ㆍ대여ㆍ판매ㆍ처리 및 그 생성물의 공급&cr;ㅇ 상기의 사업과 관련한 시설 등의 활용 및 재활용&cr;ㅇ 상기의 사업을 위한 시설의 건설ㆍ관리ㆍ운영 및 대여&cr;ㅇ 상기의 사업에 대한 기술의 개발ㆍ지원  조사연구 및 정보제공&cr;ㅇ 상기의 사업에 딸린 사업&cr;ㅇ 그 밖에 정부로부터 위탁받은 사업,ㅇ 1978. 12. : 한국석유개발공사법 공포&cr;ㅇ 1979. 03. : 한국석유개발공사 발족(창립 3월3일)&cr;ㅇ 1982. 04. : 출자회사 한국석유시추(주) 설립&cr;ㅇ 1986. 08. : 출자회사 한국송유관(주) 설립&cr;ㅇ 1987. 12. : 국내 대륙붕에서 최초로 가스발견&cr;ㅇ 1989. 12. : 제1차 석유비축계획 완료(구리·울산·거제·평택 지사 개소  총 비축용량 4360만 배럴)&cr;ㅇ 1994. 10. : 한국석유시추㈜ 통합&cr;ㅇ 1995. 07. : 평촌사옥 준공 및 본사 이전(서울특별시 → 경기도 안양시)&cr;ㅇ 1998. 07. : 국내 대륙붕 가스전 발견(제6-1광구)&cr;ㅇ 1999. 01. : 사명 변경(한국석유개발공사 → 한국석유공사)  법정 자본금 확대(3조원 → 5조원)  종합석유정보망 페트로넷(Petronet) 서비스 개시&cr;ㅇ 2000. 02. : 국내 동해-1 가스전(제6-1광구) 개발 선언&cr;ㅇ 2002. 11. : 제2차 석유비축계획 완료(용인·여수·곡성·동해 지사 개소  총 비축용량 9550만 배럴)&cr;ㅇ 2003. 10. : 베트남 15-1광구 생산 개시&cr;ㅇ 2004. 05. : 리비아 Elephant광구 생산 개시&cr;ㅇ 2004. 09. : 국내 동해-1 가스전 생산 개시&cr;ㅇ 2005. 08. : 서산지사 개소&cr;ㅇ 2006. 12. : 베트남 11-2광구 생산 개시&cr;ㅇ 2007. 08. : 한국석유공사법 개정(법정 자본금 확대 5조원 → 10조원)&cr;ㅇ 2008. 01. : 미국 Taylor Energy 자산 인수(현지법인 ANKOR Energy 설립)&cr;ㅇ 2008. 04. : 석유가격정보망 오피넷(Opinet) 서비스 개시&cr;ㅇ 2009. 02. : 페루 Petro-Tech 인수(Savia Peru로 변경)&cr;ㅇ 2009. 10. : 캐나다 Harvest Energy 인수&cr;ㅇ 2009. 12. : 카자흐스탄 Sumbe 인수(현재 KNOC Caspian)&cr;ㅇ 2010. 05. : 제3차 석유비축계획 완료(총 비축용량 1억4600만 배럴)&cr;ㅇ 2010. 09. : 영국 Dana 인수&cr;ㅇ 2011. 03. : 카자흐스탄 Altius 인수&cr;ㅇ 2011. 04. : 미국 Anadarko 자산 인수(출자회사 KNOC Eagle Ford Corporation 설립)&cr;ㅇ 2011. 12. : 알뜰주유소사업 개시(1호 주유소 개소)&cr;ㅇ 2012. 06. : 미국 EP Energy 자산 인수&cr;ㅇ 2012. 12. : 한국석유공사법 개정(법정 자본금 확대 10조원 → 13조원)&cr;ㅇ 2013. 06. : 동북아오일허브 여수저장시설 준공(출자회사 OKYC 설립)&cr;ㅇ 2014. 01. : 동북아오일허브 울산북항사업 합작법인 코리아오일터미널 설립(현재 KET)&cr;ㅇ 2014. 11. : 울산사옥 준공 및 본사 이전(경기도 안양시 → 울산광역시)  제4차(2014~2025) 석유비축계획 개시&cr;ㅇ 2016. 07. : 국내 동해-2 가스전 생산 개시&cr;ㅇ 2018. 09. : 캐나다 블랙골드(오일샌드) 생산 개시&cr;ㅇ 2019. 07. : UAE 할리바유전(Al Dhafra사업) 생산 개시&cr;ㅇ 2020. 04. : UAE ADNOC Onshore 생산광구 참여&cr;ㅇ 2021. 10. : 울산 비축기지 지하화 건설공사 완료&cr;ㅇ 2024. 01. : 한국석유공사법 개정(저탄소 신사업 추진 법적 근거 확보)&cr;ㅇ 2024. 06. : 울산 북항(KET) 준공 및 상업 운영 개시,ㅇ 경영목표(`26~`30년)&cr; - 자원안보물량 : 306백만 배럴&cr; - 차입금 의존도 : 77.5.%&cr; - AI혁신 : 정부평가 등급 '우수'&cr; - 안전관리 강화 : 중대재해 Zero&cr;&cr;ㅇ 중장기 전략방향&cr; - 에너지 안보 강화&cr; - 재무건전성 확보&cr; - AIㆍ데이터 기반 혁신 추진&cr; - 사회적 역할ㆍ책임 강화,손주석,20260305-20290304,한국석유관리원 이사장&cr;한국환경공단 이사장&cr;신성대학교 보건환경과 초빙교수,울산광역시,울산광역시 중구 종가로 305,www.knoc.co.kr,138-82-01727,-
244,한국석유관리원,준정부기관(위탁집행형),산업통상부,석유 및 석유대체연료 사업법 제25조의2,19831107,석유 및 석유대체연료의 품질·유통관리  연구개발  시험조사 등과 탄소중립화에 &cr;기여하는 에너지원의 유통·품질관리사업 및 그 밖의 다른 법률에서 위탁 또는 지정&cr;받은 사업을 효율적이고 체계적으로 추진하여 관련산업의 건전한 발전과 사회일반의&cr;이익에 기여,□ 석유 및 석유대체연료의 품질검사·시험분석 및 감정&cr;□ 석유 및 석유대체연료의 유통질서 확립을 위한 감시·점검·지도 및 홍보&cr;□「액화석유가스의 안전관리 및 사업법」제27조에 따른 액화석유가스의 품질검사&cr;□「대기환경보전법」제50조에 따른 배출가스 검사 및 같은 법 제74조에 따른 자동차연료·첨가제 검사&cr;□「에너지이용 합리화법」제17조에 따른 자동차에너지소비효율 시험&cr;□ 석유 및 석유대체연료의 성능평가 및 연구개발&cr;□ 석유 및 석유대체연료의 표준연구 및 표준개발·관리업무&cr;□ 석유 및 석유대체연료 등에 대한 기술지도·교육·홍보&cr;□ 석유 및 석유대체연료의 품질기준 제정·개정을 위한 조사·연구&cr;□ 기술정보의 수집·제공 및 국제기술 협력&cr;□ 자체검사자에 대한 지도·확인&cr;□「폐기물관리법」제25조에 따른 폐기물 수집·운반 사업&cr;□ 다른 법령에서 위탁 또는 지정받은 사업 및 정부·민간·법인·단체 등이 위탁하는 사업&cr;□ 그 밖에 석유 및 석유대체연료의 유통·품질관리사업과 탄소중립화에 기여하는 에너지원의 유통·품질관리사업 등과 관련하여 산업통상부장관이 필요하다고 인정하는 사업,'83.11.07 : 검사소 설립허가&cr;'83.11.15 : 한국석유품질검사소 법인설립 등기&cr;'83.12.15 : 석유사업법 시행규칙 개정&cr;'84.03.01 : 업무 개시&cr;'84.04.20 : 부산  광주지소 설치&cr;'90.04.01 : 본소건물 신축이전&cr;'91.04.01 : 대전지소 설치&cr;'91.12.20 : 부산지소 건물 신축이전&cr;'93.10.14 : 대전지소 건물 신축이전&cr;'95.06.10 : 한국교정·시험인정기구(KOLAS)인정 획득&cr;'96.12.09 : 광주지소 건축신축 이전&cr;'99.12.01 : 동부지소 설치&cr;'00.07.01 : 대구·경북  전북 출장소 설치&cr;'01.02.01 : 대기환경보전법에 의한 LPG 검사 실시&cr;'02.04.25 : 생산 및 수입단계 LPG 검사실시&cr;'02.07.19 : 유통단계 LPG 품질검사 실시&cr;'02.12.31 : 대구경북지소 청사신축&cr;'03.10.15 : 사내표준화 대상수상(대통령 표창)&cr;'03.11.12 : 우수국제공인 시험·검사기관 수상(금상)&cr;'04.02.01 : 경인지소 설치&cr;'04.12.03 : 제9회 소비자의 날 우수기관 표창(부총리겸 재경부장관)&cr;'05.08.23 : "한국석유품질관리원"으로 기관명칭 변경&cr;'05.10.14 : 2005년 「표준의 날」 표준화 대상(적합성평가부문) 수상&cr;'05.11.14 : 중장기 VISION 「2010 월드비전」과 「CI선포」&cr;'06.03.30 : 연구센터 성능평가시스템 준공식&cr;'06.06.21 : 서울지사 설치&cr;'06.08.30 : 연구센터 신축 및 이전(충북 오창과학단지)&cr;'07.03.09 : 연구센터 연소성능평가시스템 구축&cr;'07.06.04 : KOLAS국제공인시험기관 인정취득(연구센터)&cr;'07.12.18 : 전북지사 청사 신축 및 이전&cr;'08.11.11 : 표준개발협력기관 지정(석유 및 윤활유 분야)&cr;'09.01.01 : 석유수입부과금 환급 확인업무 개시&cr;'09.05.01 : 한국석유관리원 설립 및 석유유통관리 업무 개시&cr;'10.01.08 : 촉매제 검사기관 지정&cr;'10.09.01 : 트라이볼로지 교육훈련기관 지정&cr;'10.10.20 : 토양오염 조사기관 지정&cr;'11.01.01 : 제주지사 설치&cr;'12.04.01 : 인천경기북부  충북본부 설치&cr;'13.11.14 : 비전 선포식(석유에너지 생태계를 통합 관리하는 스마트 리더)&cr;'14.01.28 : 수도권북부본부 신청사 준공&cr;'14.07.01 : 석유제품수급거래상황 주간단위 보고 제도시행&cr;'14.09.12 : 제주본부 신청사 착공&cr;'15.04.09 : 제주본부 신청사 준공&cr;'15.07.31 : 신재생에너지 연료 혼합의무화제도(RFS) 시행&cr;'16.01.21 : 가짜석유 압수물 통합관리 업무개시&cr;'16.08.18 : VCA(영국 교통부 차량인증국)시험기관 지정&cr;'16.09.22 : 호남본부 신청사 준공&cr;'17.11.14 : 비전 2025 선포식(석유와 미래에너지의 가치를 실현하는 국민의 K-Petro)&cr;'18.06.26 : 영남본부 신청사 준공&cr;'18.11.30 : 재활용환경성평가기관 지정&cr;'19.04.10 : 숙련도 시험운영기관(ISO 17043) 획득&cr;'19.07.29 : 부패방지경영시스템(ISO 37001) 인증&cr;'20.12.03 : 안전보건경영시스템(ISO 45001) 인증&cr;'20.12.29 : 주유소 유증기 회수설비 검사기관 지정&cr;'21.12.16 : 환경경영시스템(ISO 14001) 인증&cr;'22.12.27 : 공공기관 노동이사 선임&cr;'23.07.01 : 항공유 품질검사 실시&cr;'24.01.19 : 수소유통전담기관 지정&cr;'24.08.07 : 석유 및 석유대체연료 사업지원 전문기관 지정,□ 석유시장 안전성 강화&cr;- 석유검사 체계 선진화&cr;- 석유시장 유통질서 강화&cr;- 석유품질 시험분석 역량 강화&cr;□ 미래성장 사업 육성 지원&cr;- 탄소중립 연료 보급 확대&cr;- 수소 유통관리 사업 확대&cr;- 미래선도 성장동력 확보&cr;□ ESG 경영 강화&cr;- 친환경 기반 경영 강화&cr;- 동반성장 및 민간서비스 강화&cr;- 국민안전·신뢰경영 강화&cr;□ 혁신기반 경영성과 제고&cr;- 경영혁신 체계 강화&cr;- AX 기반 디지털서비스 확대&cr;- 조직 내부역량 강화,최춘식,20250116-20280115,국민의힘 중앙연수원 원장&cr;국민의힘 경기도당 위원장&cr;제21대 국회의원,경기도,경기도 성남시 분당구 안양판교로 1207(백현동  한국석유관리원),http://www.kpetro.or.kr,129-82-02417,-
245,한국세라믹기술원,기타공공기관,산업통상부,산업기술혁신 촉진법 제39조의 2,20090504,세라믹 연구개발  시험·분석·평가  기술지원 및 정책지원 등의 기능을 수행하여 &cr;세라믹산업의 경쟁력 제고에 기여,&cr;세라믹 및 세라믹 관련 연구개발 사업&cr;시험·분석  평가·인증  감정  표준화 사업&cr;기술지원을 위한 인프라 구축  인력양성  기술지도 사업&cr;세라믹 관련 각종 조사  분석  기획 등 정책지원 사업&cr;위 사업과 관련한 산학연 기술협력 및 국제협력 사업&cr;그 밖에 기술원의 목적 달성을 위하여 필요한 사업&cr;,&cr;1912. 4. 중앙시험소에 요업부 신설&cr;1984. 5. 마산 도자기시험소를 서울 청사로 이전&cr;1991. 12. 국립공업기술원 요업기술원으로 개편&cr;(국립공업시험원 요업과와 도자기 시험소 통합)&cr;1999. 5. 산업자원부 기술표준원 요업기술원&cr;2000. 1. 한국산업기술평가원 부설 요업기술원&cr;2007. 4.「공공기관의 운영에 관한 법률」 시행에 따른 준정부기관 지정&cr;2007. 9. 경기도 이천에 분원 설립&cr;2009. 5. 한국세라믹기술원으로 독립기관화 및 명칭변경&cr;(산업기술혁신촉진법 제39조의 2)&cr;2015. 4. 서울본원 경남 진주(경남 혁신도시)로 이전 &cr;2019. 1. 연구개발목적기관 지정 및 기타공공기관으로 기관유형 변경&cr;,&cr;<미션> 세라믹 혁신 기술로 산업 발전과 지속가능한 미래를 이끈다&cr;&cr;<비전> 세라믹 기반 미래 산업의 혁신을 주도하는 글로벌 연구기관&cr;&cr;<경영목표>&cr;1. 세라믹 기술기반 연구성과 고도화&cr;2. 세라믹 기업 지속성장 기반 확립&cr;3. ESG Zero Risk 책임경영 구축&cr;&cr;<전략방향> &cr;1. 첨단산업 견인 세라믹 소재·공정 기술혁신 강화&cr;2. 미래 유망분야 선도 세라믹기술 고도화&cr;3. 탄소중립 대응 친환경 세라믹기술 강화&cr;4. 세라믹 산업정책 및 기업 지원 기반 생태계 활성화&cr;5. 경영 성과·효율 극대화 관리 체계 혁신&cr;,윤종석,20250502-20280501,지식재산처 특허심판원 수석심판장&cr;국가지식재산위원회 부이사관&cr;지식재산처 산업재산정책과 과장,경상남도,경상남도 진주시 소호로 101,www.kicet.re.kr,119-82-06696,-
246,한국소방산업기술원,기타공공기관,소방청,소방산업의 진흥에 관한 법률 제14조,19770601,소방산업의 진흥발전을 효율적으로 지원하여 소방산업 발전기반을 조성하고  소방제품 및 위험물 시설에 대한 안전성과 품질을 확보함으로써 대국민 소방안전에 기여함,- 소방산업의 육성과 소방산업 기술진흥을 위한 정책ㆍ제도의 조사ㆍ연구&cr;- 소방산업의 기반조성 및 창업지원&cr;- 소방산업 전문인력의 양성 지원&cr;- 소방산업 발전을 위한 소방장비 보급의 확대와 마케팅 지원&cr;- 소방산업의 발전을 위한 국제협력 및 해외진출의 지원&cr;- 소방사업자의 품질관리능력과 전문성 향상에 필요한 사업&cr;- 소방장비의 품질 확보  품질 인증 및 신기술ㆍ신제품에 관한 인증 업무&cr;- 소방산업에 관한 데이터베이스의 구축ㆍ운영  출판  기술 강습 및 홍보&cr;- 소방용기계ㆍ기구  소방시설 및 위험물 안전에 관한 조사ㆍ연구ㆍ기술개발 및 지원&cr;- 「위험물안전관리법」 제8조제1항 후단에 따른 탱크안전성능시험&cr;- 이 법 또는 다른 소방 관계 법령에 규정된 사업으로서 소방청장  시ㆍ도지사 또는      소방기관의 장이 위탁하거나 대행하게 하는 사업&cr;- 그 밖에 기술원의 설립 목적을 달성하는데 필요한 사업,&cr;&cr;&cr;&cr;&cr;&cr;- &cr;2022.12. 수원(광교)사무소 개소&cr;&cr;&cr;&cr;- &cr;2019.07. 남부지사(남부사무소)&cr; 개소&cr;&cr;- 2014.03. 소방장비센터 준공(충북 음성) &cr;- 2012.01. 동부지부(울산 여수) 신설 &cr;- 2011.01. 소방장비검사검수센터 개소&cr;- 2008.12. 한국소방산업기술원으로 개원&cr;- 2007.08. 소방분야 R＆D사업단 지정&cr;- 2006.10. 미국 FM Approvals와 상호시험업무대행 기술협정체결&cr;- 2005.09. 위험물 성상분석업무 개시&cr;- 2005.08. 국가 공인검사기관 지정(KOLAS)&cr;- 2005.05. 아시아소방검정협의회(AFIC) 발족&cr;- 2003.06. UL과 상호시험업무대행 협정 체결&cr;- 2003.01. 소방기술연구센터 개설&cr;- 1996.07. 위험물탱크시험  점검업무 개시&cr;- 1996.02. 국제공인시험기관 지정(KOLAS)&cr;- 1993.12. ISO/TC21 소방기기분야 국내간사기관 지정&cr;- 1992.07. 특수법인 한국소방검정공사로 설립&cr;- 1979.07. 재단법인 한국소방검정공사로 개칭&cr;- 1977.06. 재단법인 한국소방검정협회 창립 &cr;,&cr;- 미션 : 소방산업 진흥과 소방시설 품질향상을 통한 국민안전 구현&cr;- 비전 : 국민과 함께하는 안전하고 스마트한 미래 소방산업 선도기관&cr;- 핵심가치 : 도전과 전문성  안전과 예방  혁신과 성장  투명성과 소통&cr;- 전략목표&cr;   1. 미래 선도기술 확보&cr;   2. 선제적 안전관리 강화&cr;   3. 소방산업 생태계 기반 강화&cr;   4. 국민체감 지속가능 경영&cr;- 전략과제  &cr;1-1. 위험예측기반 안전기준 관리 강화&cr;1-2. 미래 소방안전 기술개발 선도&cr;1-3. 글로벌 수준 안전관리 역량 제고&cr;2-1. 소방안전 관리체계 고도화&cr;2-2. 위험물시설 안전관리 확대&cr;2-3. 화재현장 소방대응력 강화&cr;3-1. 소방산업 혁신성장 지원&cr;3-2. 소방산업 글로벌 진출 지원&cr;3-3. 고객중심 소방산업 지원 혁신&cr;4-1. 업무기반 ESG 경영체계 강화&cr;4-2. 경영효율성 제고를 통한 국민체감 성과창출&cr;4-3. 소통과 참여를 통한 건강한 조직문화 구현&cr;,김창진,20240213-20270212,대통령경호처 경호안전교육원장&cr;대통령경호처 경호안전교육원 교육부장&cr;대통령경호처 기획관리실 인사부장,경기도,경기도 용인시 기흥구 지삼로331,www.kfi.or.kr,121-82-06253,-
247,한국소비자원,준정부기관(위탁집행형),공정거래위원회,「소비자기본법」제33조,19870701,소비자 권익을 증진하고 소비생활 향상을 도모하며 국민 경제의 발전에 이바지&cr;하기 위하여 국가에서 설립한 전문기관,1. 소비자의 권익과 관련된 제도와 정책의 연구 및 건의&cr;2. 소비자의 권익증진을 위하여 필요한 경우 물품등의 규격ㆍ품질ㆍ안전성ㆍ환&cr;경성에 관한 시험ㆍ검사 및 가격 등을 포함한 거래조건이나 거래방법에 대한&cr;조사ㆍ분석&cr;3. 소비자의 권익증진ㆍ안전 및 소비생활의 향상을 위한 정보의 수집ㆍ제공 및&cr;국제협력&cr;4. 소비자의 권익증진ㆍ안전 및 능력개발과 관련된 교육ㆍ홍보 및 방송사업&cr;5. 소비자의 불만처리 및 피해구제&cr;6. 소비자의 권익증진 및 소비생활의 합리화를 위한 종합적인 조사ㆍ연구&cr;7. 국가 또는 지방자치단체가 소비자의 권익증진과 관련하여 의뢰한 조사 등의&cr;업무&cr;8. 「독점규제 및 공정거래에 관한 법률」에 따라 공정거래위원회로부터 위탁받&cr;은 동의의결의 이행관리&cr;9. 그 밖에 소비자의 권익증진 및 안전에 관한 업무,o 1987. 7. 「소비자보호법」에 의거  「한국소비자보호원」 설립&cr;o 1987. 8. 제1회 소비자분쟁조정위원회 개최&cr;o 1988. 1. 소비생활정보지 월간 「소비자시대」 창간&cr;o 1996. 7. 서울 서초구 염곡동 신축 청사 이전&cr;o 1996.12. 제1회 「소비자보호의 날」행사&cr;o 1999. 4. 금융ㆍ의료ㆍ법률 등 전문서비스 분야 피해구제 개시&cr;o 2004. 1. 소비자 안전 전문기구 「소비자안전센터」 설치&cr;o 2005.11. 국제소비자보호집행기구(ICPEN) 의장기관 수행 '서울 및 제주 총회'&cr;개최(~2006)&cr;o 2007. 3. 「소비자기본법」 시행  「한국소비자원」으로 기관 명칭 변경&cr;o 2007. 4. 「공공기관의 운영에 관한 법률」 시행에 따른 공공기관(위탁집행형&cr;준정부기관) 지정&cr;o 2010. 1. 전국 단일 상담망 「1372소비자상담센터」 개소&cr;o 2011. 1. 소비자중심경영(CCM) 인증제도 평가업무 개시&cr;o 2012. 1. 소비자종합정보망 「스마트컨슈머」 구축 및 운영&cr;o 2013. 7. 5개 지방지원 운영을 통한 권역별 소비자정책 추진 체계 마련&cr;o 2013. 7. 베트남 소비자정책 활성화 지원 프로젝트(2013~2015년) 개시&cr;o 2014. 1. 수도권 소비자보호를 위한 서울ㆍ경기지원 설치&cr;o 2014. 8. 충북혁신도시 청사 이전&cr;o 2015.11. 여성가족부 '가족친화 우수기관' 선정&cr;o 2016.12. 소비자 빅데이터 종합분석 시스템 구축&cr;o 2017. 1. 국민권익위 '2016년도 부패방지 시책평가' 1등급 달성&cr;o 2017. 8. 온라인 피해구제ㆍ분쟁조정 프로세스(ODR) 시스템 오픈&cr;o 2018. 9. 지역 밀착형 소비자보호 강화를 위한 인천ㆍ울산지원 설치&cr;o 2019. 5. 제12주년 세계인의 날 대통령상 수상&cr;o 2020. 2. 제2 000회 소비자분쟁조정위원회 개최&cr;o 2020.11. 보건복지부 '지역사회공헌 인정기관' 선정&cr;o 2021. 5. 제주지역 소비자행정 수혜 격차 해소를 위한 제주지원 설치&cr;o 2022. 10. 공공부문 인적자원개발 우수기관(Best-HRD) 선정&cr;o 2022. 12. 행정안전부 안전문화대상 수상&cr;o 2023. 6. 모바일 채팅 상담서비스(소망챗) 개시&cr;o 2023. 10. 제8회 금융의 날(포용금융 부문) 기관 표창(대통령) 수상&cr;o 2024. 11. 산업통상자원부 제품안전관리 유공 기관 표창(대통령) 수상&cr;o 2025. 12. 물가안정 유공 기관 표창(대통령) 수상,o 미션 : 소비생활에 가치와 신뢰를 더하여 국민의 삶의 질 향상에 기여한다.&cr;o 비전 : 공정하고 안전한 소비환경을 만드는 국민의 기관&cr;o 핵심가치 : 공감  안전  공정  신뢰&cr;o 4대 전략목표&cr; - 신속하고 효과적인 소비자 분쟁해결&cr; - 국민이 안전한 소비환경 정착&cr; - 소비자가 신뢰하는 거래환경 조성&cr; - 성장에 기여하는 혁신경영,윤수현,20231113-20261112,공정거래위원회 부위원장&cr;공정거래위원회 상임위원&cr;공정거래위원회 대변인  기업거래정책국장  OECD 파견&cr;공정거래위원회 기획재정담당관  심판총괄담당관  하도급총괄과장  국제카르텔과장  협력심판담당관 등,충청북도,충청북도 음성군 맹동면 용두로 54,https://www.kca.go.kr,229-82-01080,-
248,한국수력원자력(주),공기업(시장형),기후에너지환경부,전력산업구조개편 촉진에 관한 법률&cr;※ 정부의 '전력산업 구조개편 계획'에 의거 한국전력공사로부터 물적 분할,20010402,친환경  고품질 에너지의 안정적 공급 및 우수 기술의 공유를 통해 국가 에너지 경쟁력과 인류의 삶의 질 향상에 기여,1. 전력자원의 개발&cr;2. 발전 및 이와 관련되는 사업&cr;3. 제1호와 제2호에 관련되는 유무형자산과 부산물을 활용하는 사업&cr;4. 제1호부터 제3호에 관련되는 사업에 관한 연구·개발&cr;5. 제1호부터 제4호에 관련되는 사업으로서 외국에서 시행하는 사업&cr;6. 제1호부터 제5호에 관련되는 사업에 대한 투자 또는 출연&cr;7. 제1호부터 제6호에 해당하는 사업의 부대사업&cr;8. 그 밖에 정부로부터 위탁받는 사업,□ '01.04.02 : 한국수력원자력(주) 설립등기&cr;□ '09.12.27 : 한전 컨소시엄 UAE 원전 프로젝트 수주(1 400MW 4기)&cr;□ '11.01.01 : 7개 양수발전소(4 700MW) 인수&cr;□ '16.02.01 : 본사 경주 이전에 따른 소재지 변경&cr;□ '25.06.04 : 체코 신규원전 사업 계약 체결(1 000MW 2기),□ (미션) 친환경 에너지로 삶을 풍요롭게&cr;□ (비전) 탄소중립 청정에너지 리더&cr;□ (전략목표 및 전략과제)&cr;1. 안전·AI 기반 원전사업 경쟁력 확보&cr;- 안전 최우선 원전 운영&cr;- 계속운전 추진 및 가동원전 효율 향상&cr;- AI 기반 운영체계 도입&cr;- 지속가능한 원전연료 관리 및 해체사업 기반 구축&cr;2. 탄소중립 실현을 위한 사업 포트폴리오 최적화&cr;- 신규원전 및 SMR 건설 추진&cr;- 재생에너지 사업 확대&cr;- 양수 12개소 건설·운영 및 수력 성장동력 창출&cr;3. 해외사업 성과 창출 및 성장동력 확보&cr;- 해외사업 신규개발&cr;- 수주사업 이행 및 해외사업 역량 강화&cr;- 청정수소·융복합 사업 선도&cr;4. 지속가능발전(ESG경영) 기반 강화&cr;- 안전관리 내재화 및 윤리경영 심화&cr;- 경영효율성 및 재무건전성 제고&cr;- 협력기업 동반성장 및 지역상생 강화&cr;- 이해관계자 소통 확대,김회천,20260318-20290317,한국남동발전(주) 사장&cr;한국전력공사 경영지원부사장,경상북도,경상북도 경주시 문무대왕면 불국로 1655,https://www.khnp.co.kr,120-86-18943,-
249,한국수목원정원관리원,준정부기관(위탁집행형),산림청,「수목원·정원의 조성 및 진흥에 관한 법률」제18조의 19,20170517,수목유전자원의 보전 및 자원화를 위해 기후 및 식생대별로 조성한 국립수목원을 운영·관리하고  정원산업 진흥 및 정원문화 활성화를 위한 사업을 수행함으로써 국민의 삶의 질 향상과 국민경제의 발전에 이바지함,- 기후 및 식생대별 국립수목원의 운영 및 관리&cr;- 정부조직인 국립수목원 수행사업에 대한 보조 및 지원&cr;- 수목유전자원의 효율적인 관리를 위한 산림생물의 보전 및 활용&cr;- 수목원 진흥에 필요한 정보 및 정보시스템 등의 관리·제공&cr;- 수목원·정원 관련 교육프로그램의 개발·보급 및 전문인력 양성에 관한 사업&cr;- 정원 관련 소재 및 기술개발 등 정원 산업의 진흥에 관한 사업&cr;- 정원의 조성·운영 및 컨설팅 등 정원문화 활성화에 관한 사업&cr;- 산림복원정책의 개발·지원 및 산림복원지 모니터링&cr;- 효율적인 도시숲 조성 관리 및 모범 도시숲 인증을 위한 도시숲지원센터 운영&cr;- 한국수목원정원관리원의 운영재원 충당을 위한 수익사업,2016.12.2.「수목원·정원의 조성 및 진흥에 관한 법률」개정·공포&cr; * 2017.4.30. 시행  '한국수목원관리원' 설립 근거 마련&cr;2017.5.17. 한국수목원관리원 설립&cr;2018.2.6. 한국수목원관리원 기타공공기관 신규지정&cr;* 기획재정부 고시 2018-2호「2018년도 공공기관 지정 변경」&cr;2018.5.3. 국립백두대간수목원 공식 개원&cr;2020.2.5. 한국수목원관리원 위탁집행형 준정부기관 변경 지정&cr; * 기획재정부 고시 2020-2호「2020년도 공공기관 지정」&cr;2020.3.3. 사무처 발족&cr;2020.10.17. 국립세종수목원 공식 개원&cr;2021.6.23. '한국수목원정원관리원' 명칭 변경&cr;2021.7.7. 국립한국자생식물원 관리 위탁&cr;2022.7.4. 국립한국자생식물원 공식 개원&cr;2023.2.3. 한국수목원정원관리원 기타공공기관 변경 지정&cr; * 기획재정부 고시 2023-4호「2023년도 공공기관 지정」&cr;2025.2.3. 한국수목원정원관리원 위탁집행형 준정부기관 변경 지정 &cr; * 기획재정부 고시 2025-2호「2025년도 공공기관 지정」&cr;2025.9.18. 국립정원문화원 공식 개원,<미션>&cr;○ 지속가능한 수목원·정원 가치 확산으로 모두의 행복에 기여&cr;&cr;<비전>&cr;○ 자연과 사람을 연결하는 K-수목원·정원 글로벌 허브&cr;&cr;<경영목표>&cr;○ 산림생물 보전 ·활용 증진 : 보유식물종 1만종 + 산림생물자원 활용 지수 1등급&cr;○ 수목원 서비스 확산 : 고객만족도 최우수 등급 + 서비스수혜자 300만명&cr;○ 정원문화 및 산업 선도 : 정원효용성 확산 90점 + 정원소재개발 300건&cr;○ 공공가치 실현 : 중대재해 발생 Zero + 공공기관 ESG가이드라인 이행 100%&cr;&cr;<4대 전략목표 및 12대 전략과제>&cr;○ 산림생물보전·복원 체계 강화 및 활용 확대&cr;- 글로벌 생물다양성 보전 안전망 구축&cr;- 국가 산림생태 복원 체계 강화&cr;- 산림생물자원 활용 가치 증진&cr;&cr;○ 국민체감 수목원 서비스 고도화&cr;- 그린·디지털 전시·관람 서비스 실현&cr;- 수요 맞춤형 수목원 교육 서비스 확대&cr;- 상생협력을 통한 지역·공동체 성장지원 강화&cr;&cr;○ 정원문화 확산 및 산업 활성화&cr;- 정원 인프라 및 정책 지원 확대&cr;- 국민 생활 속 정원 문화 정착&cr;- K-정원산업 생태계 조성 및 지원&cr;&cr;○ 지속가능 경영 선도&cr;- AI 전환을 통한 업무 혁신&cr;- 지속가능한 ESG 경영 고도화&cr;- 안전·윤리 경영 실현&cr;,심상택,20240813-20270812,산림청 산림복지국 국장&cr;산림청 산림산업정책국 국장&cr;산림청 동부지방산림청장 청장,세종특별자치시,세종특별자치시 수목원로 136,www.koagi.or.kr,292-82-00172,-
250,한국수산자원공단,기타공공기관,해양수산부,수산자원관리법 제55조의2(한국수산자원공단),20110101,친환경적으로 수산자원을 보호·육성하고 어장관리 및 기술을 연구·개발·보급하는 등 수산자원 사업을 원활히 수행함으로써 어업생산성을 증대하고 어촌의 경제·사회적 발전에 기여, 01. 인공어초·바다숲·바다목장의 조성과 수산종자의 방류 등 수산자원조성사업&cr;02. 수산자원조성사업과 관련되는 기술개발  대상해역 적지조사  생태환경조사  사후 관리 및 효과분석 등 기초연구사업&cr;03. 수산자원의 관리를 위한 총허용어획량 조사사업 및 기후 온난화 관련 현장지원사업&cr;04. 내수면 및 소하성 수산자원조성 및 회복사업&cr;05. 수산자원의 생태체험 및 이용사업&cr;06. 수산자원 브랜드의 가치 제고 및 관련 시설 운영사업&cr;07. 수산자원관리 사업에 필요한 외국과의 교류·협력 사업&cr;08. 수산자원 정보화사업&cr;09. 수산자원조사 관련 사업&cr;10. 수산자원조성사업 사전·사후영향조사&cr;11. 어촌특화발전지원특별법에 따른 어촌특화지원센터의 운영&cr;12. 원양산업발전법에 따른 국제수산협력  해외수산자원조사 및 연구를 위한 사업&cr;13. 연근해어업의 구조개선 및 지원에 관한 법률에 따른 연근해어업 실태조사 및 구조 개선 관련 사업&cr;14. 해양공간계획 및 관리에 관한 법률에 따른 해양공간계획평가 및 관련 사업&cr;15. 수산종자산업육성법에 따른 수산종자산업진흥센터의 운영 및 수산종자생산업 실태조사 등 관련 사업&cr;16. 해양수산발전기본법  수산업어촌발전기본법에 따른 해양수산분야 산업의 육성을 위한 어선 임대  감척 어선의 공공활용 사업 등&cr;17. 수산업법에 따른 어구보증금관리센터 운영 및 어구·부표 등 관련 사업&cr;18. 수산업어촌발전기본법 및 대한민국과 중화인민공화국정부간의 어업에 관한 협정에 따른 민간어업협력사업&cr;19. 수산업·어촌 공익기능 증진을 위한 직접지불제도 운영에 관한 법률에 따른 직접지불금제도 지원에 관한 사항&cr;20. 수산업법에 따른 폐어구 등 수거·처리에 관한 사항&cr;21. 수산업업에 따른 중앙수산조정위원회 사무국 운영 및 어업조정의 지원에 관한 사항&cr;22. 수산업법에 따른 마을어업의 어장관리에 관한 사항&cr;23. 낚시 관리 및 육성법에 따른 낚시산업 발전을 위한 지원·육성에 관한 사항&cr;24. 자율관리어업법에 따른 자율관리어업 육성 및 정책 지원에 관한 사항&cr;25. 제1호로부터 제24호까지의 사업 이외 수산자원관리를 촉진하기 위하여 국가·지방자치단체 또는 공공단체가 위탁하거나 대행하게 하는 사업&cr;26. 해양수산부장관이 필요하다고 인정하거나 지정·승인하는 사업&cr;27. 그 밖에 공단의 목적달성을 위하여 필요한 사업,2023.01.30. 준정부기관에서 기타공공기관으로 기관 유형 변경&cr;2019.07.09. 한국수산자원공단으로 법인명칭 변경&cr;2012.01.26. 한국수산자원관리공단으로 법인명칭 변경&cr;2011.01.24. 위탁집행형 준정부기관 지정(공공기관의 운영에 관한 법률)&cr;2011.01.01. 수산자원사업단 출범&cr;2010.11.18. 수산자원사업단 법인설립 허가 및 법인설립 등기,[미션] 수산자원의 지속적 이용기반 구축으로 국가경제에 기여&cr;[비전] 풍요로운 어장  행복한 어업인  신뢰받는 FIRA&cr;[핵심가치] 책임 이행  혁신 선도  현장 지향  협심 중심&cr;[경영목표] ①연근해 수산자원량 회복 ②어업 경쟁력 향상 ③현장중심 정책 실효성 강화 ④지속가능 경영 정착&cr;[전략방향] ①기후위기에 대응한 선순환 어장 생태계 조성 ②수산자원 관리 중심의 어업 혁신 추진 ③첨단기술·글로벌 역량강화로 미래 수산업 선도 ④윤리·안전·소통 기반의 신뢰 경영 실현,김종덕,20250307-20280306,現한국수산산업총연합회 감사(2023.02.~)&cr;現해양수산부 해양수산발전위원회 위원(2022.01.~)&cr;前한국해양수산개발원 원장(2021.12.~2025.03),부산광역시,부산광역시 기장군 일광읍 이동길 4,http://www.fira.or.kr,617-82-10767,-
251,한국수자원공사,공기업(준시장형),기후에너지환경부,한국수자원공사법(법률 제20517호),19671116,수자원을 종합적으로 개발ㆍ관리하여 생활용수 등의 공급을 원활하게 하고 수질을 개선함으로써 국민생활의 향상과 공공복리의 증진에 이바지하기 위해 설립,- 수자원의 종합적 이용  개발을 위한 시설의 건설 및 운영ㆍ관리&cr;- 수도시설의 개발과 이용을 위한 시설의 건설 및 유지ㆍ관리&cr;- 물환경 관리사업  재이용 시설의 설치 및 운영ㆍ관리&cr;- 산업단지 및 특수지역 개발&cr;- 지방 상수도 및 하수도 수탁 운영&cr;- 수자원의 효율적 개발ㆍ이용 및 관리를 위한 기초조사 및 정보관리&cr;- 수자원개발시설 분야  상수도 분야  그 밖의 수자원 분야에 관한 기술지원 및 교육&cr;- 신재생에너지 설비의 설치 및 운영관리&cr;- 해외 투자사업 시행 및 운영관리,- 1967.11.16 한국수자원개발공사 창립&cr;- 1973.10.15 소양강다목적댐 준공&cr;- 1974.02.01 산업기지개발공사 창립&cr;- 1974.10.15 본사 대전 이전&cr;- 1976.10.28 안동다목적댐 준공&cr;- 1979.12.15 전국 공업용수도 시설물 인수&cr;- 1980.12.02 대청다목적댐 준공&cr;- 1981.05.04 수도권 1ㆍ2단계 광역상수도 인수&cr;- 1985.10.17 충주다목적댐 준공&cr;- 1987.12.04 한국수자원공사법 공포&cr;- 1988.07.01 한국수자원공사 창립&cr;- 1993.11.19 안산신도시1단계 건설사업 완료&cr;- 2003.12.30 논산시 지방상수도 위수탁협약 체결&cr;- 2007.04.02 준시장형 공기업 지정&cr;- 2011.08.03 시화호조력발전소 발전 개시&cr;- 2011.10.26 군남홍수조절지 준공&cr;- 2011.11.03 합천다목적댐 수상태양광 발전 개시&cr;- 2012.05.25 경인 아라뱃길 개통&cr;- 2012.09.20 4대강 대표 문화관 디아크 개관&cr;- 2014.04.09 파주시 스마트워터시티 시범사업 추진협약 체결&cr;- 2014.07.23 여수 국가산업단지 조성사업 준공&cr;- 2014.10.31 필리핀 앙갓댐 상업발전 개시&cr;- 2015.04.12~17 2015 제7차 대구ㆍ경북 세계물포럼 공동주최&cr;- 2016.02.25 보령댐 수상태양광 준공&cr;- 2016.11.16 창립50주년 신 경영방침 선포&cr;- 2017.07.18 물산업 오픈 플랫폼 센터 개소&cr;- 2017.09.20~23 제1차 아시아 국제 물주간(AIWW) 개최&cr;- 2017.11.08 파키스탄 파트린드 수력발전사업 상업발전 개시&cr;- 2018.06.08 정부조직법 개정에 따라 환경부 산하로 이관&cr;- 2019.11.24 부산 에코델타 스마트시티 국가시범도시 착공&cr;- 2020.07.15 '세계 최고의 물종합 플랫폼 기업'  신비전 선포&cr;- 2020.11.16 기후위기에 선제적 대응을 위해 공기업 최초 '기후위기경영' 선포&cr;- 2021.03.16 ESG 경영선도를 위한 물특화 ESG 경영 선언&cr;- 2022.04.28 송산글로벌교육연구센터 개관&cr;- 2022.06.01 국내 최대규모 대산임해 해수담수화 본공사 착수&cr;- 2023.05.24 초순수 실증플랜트(1단계) 준공 및 공급 개시&cr;- 2023.09.14 성남정수장 그린수소 실증시설 준공&cr;- 2023.11.16 '기후위기 대응을 선도하는 글로벌 물기업'  신비전 선포,- 미션 : 물이 여는 미래  물로 나누는 행복&cr;- 비전 : 기후위기 대응을 선도하는 글로벌 물기업&cr;- 핵심가치 : 안전(우선)  역동(성장)  공정(경영)&cr;- ESG경영원칙&cr;(E) 인간과 자연의 지속가능한 공존을 추구한다.&cr;(S) 상생을 통해 사회의 공동선을 지향한다.&cr;(G) 소통을 바탕으로 투명하게 의사결정을 한다.&cr;&cr;-경영목표(2030)&cr;댐 운영 목표 100% 달성  댐 안전등급 확보 91.8%  대체 수자원 확대(착수기준) 25건  댐 수질목표 98% 달성  생물다양성 및 워터포지티브 확대 13건  AI 정수장 완전자율운영 44개소(Level 3)  고도정수처리 시설 도입 21개소  물공급 중단 예방 100% 달성  지방상수도 유수율 84.3% 달성  첨단수처리 물공급 다각화 9건  국가 전략산업 용수 적기 공급 10건  태양광 개발 확대(착수기준) 7.2GW  수출기업 재생에너지 직접 공급(PPA) 26건 체결  지역 맞춤형 융복합도시(7개 사업) 조성률 49.8%  댐 로컬브랜딩 및 에너지자립마을 조성 38건  테크기반 해외사업 수주 25건  민간기업 해외시장 수출 지원 312건  기후·워터테크 분야 예비유니콘 육성 9개사  중대재해 발생 0건  글로벌 1위 기업 대비 핵심기술 수준 95% 확보  부채비율 123.3%  이자보상비율 2.74배  EBITDA/매출액 19.3% 달성  신뢰경영지수 90점 달성  기관 청렴도 1등급 달성 등&cr;&cr;- 전략방향&cr;Ⅰ. 극한기후에 안전한 물관리 시스템 구축&cr;Ⅱ. 고객 수요를 충족하는 고품질 물공급 실현&cr;Ⅲ. 지방시대를 여는 특화도시 조성과 물에너지 확대&cr;Ⅳ. 민관ㆍ글로벌 협력 중심 물가치 창출&cr;Ⅴ. 전방위 혁신으로 내실있고 유능한 조직 구현&cr;&cr;- 전략사업단위&cr;1. 물안전 사업(수자원환경)&cr;√기후위기 대응 강화로 'Water Security' 확보&cr;√스마트 과학기술 기반 물관리 혁신&cr;√통합적 물관리로 물이용 효율 제고&cr;√댐주변 활성화와 물환경 건전성 향상으로 지역 상생&cr;&cr;2. 물공급 사업(수도)&cr;√국민과 기업이 안심할 수 있는 물공급 서비스 제공&cr;√첨단기술 기반의 상수도 혁신&cr;√지방시대 지원을 위한 상수도 서비스 패키지 제공&cr;√국민 눈높이에 맞는 물공급 全 프로세스 고도화&cr;&cr;3. 물특화 사업(도시  물에너지)&cr;√기후테크ㆍ물에너지 활용  물분야 탄소중립 선도&cr;√물에너지 선도기술 기반 저탄소 에너지 전환 실현&cr;√물ㆍ에너지ㆍ친환경 특화도시 조성으로 지역 경쟁력 강화&cr;√미래 성장기반 구축 및 지역 혁신모델 창출&cr;&cr;4. 물협력 사업(글로벌  녹색산업)&cr;√글로벌사업 교두보 확보 및 기후테크 수출 지원&cr;√글로벌 협력 플랫폼 기반 기술 솔루션 수출 확대&cr;√디지털 솔루션 생태계 확장 및 오픈 플랫폼 고도화&cr;√글로벌 투자사업 성공모델 조기창출 및 글로벌 물 시장 개척&cr;&cr;5. 기능전략&cr;√기술혁신 기반 초격차ㆍ신격차 실현&cr;√디지털 혁신과 전문인재 양성으로 신성장 견인&cr;√직원들이 공감하는 일류 조직문화 조성&cr;√국민 눈높이에 맞는 소통ㆍ투명 경영,윤석대,20230619-20260618,제20대 대통령후보 캠프 비서실 정책위원&cr;(주)코스콤 전무&cr;제17대 대통령 정무수석실 행정관,대전광역시,대전광역시 대덕구 신탄진로 200,www.kwater.or.kr,306-82-00471,-
252,한국수자원조사기술원,기타공공기관,기후에너지환경부,민법 제32조,20171220,건전한 물 순환과 맑은 물의 안정적 공급  물 관련 재해 피해 최소화 등에 필요한 정확하고 공정한 수자원 기초자료의 생산  분석  제공 및 이와 관련된 기술개발,&cr;- 하천유역의 물 순환 해석 등에 필요한 수문조사&cr;- 하천의 관리 및 국가계획 수립 등에 필요한 유역조사&cr;- 하천의 소통 및 하천시설물에 필요한 하상변동조사&cr;- 홍수피해가 발생한 지역에 대한 홍수피해 상황조사&cr;- 수문조사종사자 교육 등 수자원 분야 인력 양성을 위한 교육&cr;- 수문조사 신뢰도 확보를 위한 수문조사기기 검정&cr;- 수자원조사 관련 연구개발  표준화 및 국제협력&cr;,&cr;- 2017.12. 한국수자원조사기술원 설립&cr;- 2018.01. 수문조사 전담기관 지정&cr;- 2019.02. 공공기관 지정&cr;- 2022.02. 연구개발목적기관 지정&cr;,&cr;□ 미션 : 우리는 신뢰성 있는 수자원 조사로 물의 가치를 키우고 나눈다&cr;□ 비전 : 신속·정확한 수자원정보를 생산하는 수자원 조사·연구의 글로벌 선도기관&cr;□ 핵심가치 : 안전  혁신  협력  신뢰&cr;□ 경영목표&cr; ○ 실시간 자동화 시스템 확대 비율&cr; ○ 기술활용지수&cr; ○ 기술인력의 전문성 향상 수준&cr; ○ ESG 경영지수&cr;□ 전략방향 및 전략과제&cr; ○ 글로벌 수준 수자원정보 생산 강화&cr;  - 수자원조사 디지털자동화 확대&cr;  - 수자원 정보 정확도 제고&cr;  - 수자원 정보 품질관리 체계 고도화&cr; ○ 첨단 수자원조사 기술 혁신&cr;  - 수자원 R&D 역량 강화&cr;  - 첨단·안전 수자원 조사 장비 개발&cr;  - 첨단 수자원 조사 기술 활용 확대&cr; ○ 상생과 협력을 통한 수자원정보 가치 확대&cr;  - 고객지향의 수자원정보 제공 확대&cr;  - 국내외 기술 협력 및 지원 활성화&cr;  - 수자원 분야 인력 역량 강화&cr; ○ ESG 기반 책임경영 실현&cr;  - 기후변화 대응 친환경 생태계 조성&cr;  - 안전상생중심 사회적 책임 강화&cr;  - 소통참여기반 지배구조 확립&cr;,이영기,20231101-20261031,&cr;- 환경부 기획조정실장&cr;- 환경부 물관리정책실장&cr;- 환경부 대구지방환경청장&cr;,경기도,경기도 고양시 일산서구 킨텍스로 217-59 킨텍스 제2전시장 오피스동 8층  11~13층,www.kihs.re.kr,128-82-69550,-
253,한국수출입은행,기타공공기관,재정경제부,한국수출입은행법,19760701,기업의 자본재수출과 주요자원 수입  해외투자 및 해외자원개발 등 대외경제협력에 필요한 금융을 제공하고  대외경제협력기금  남북협력기금 및 공급망안정화기금을 운용ㆍ관리함으로써 국민경제의 건전한 발전을 촉진하는 공적수출신용기관,○ 수출입과 해외투자 및 해외자원개발에 필요한 금융 제공&cr;○ 대외경제협력기금의 운용ㆍ관리&cr;○ 남북협력기금의 운용ㆍ관리&cr;○ 공급망안정화기금의 운용ㆍ관리 및 자금지원,○ 1976. 07. 한국수출입은행 설립 (최초 법정자본금 1 500억원)&cr;○ 1977. 01. 수출보험업무(정부대행사업) 취급 개시&cr;○ 1987. 06. 대외경제협력기금업무(정부위탁업무) 취급 개시&cr;○ 1991. 03. 남북협력기금업무(정부위탁업무) 취급 개시&cr;○ 1992. 07. 수출보험업무 한국수출보험공사(신설)로 이관&cr;○ 2003. 09. 남북한 청산결제은행으로 공식지정&cr;○ 2005. 12. 국제개발은행의 신탁기금 운용  관리업무(정부위탁업무) 취급개시&cr;○ 2007. 04. 기타공공기관 지정&cr;○ 2009. 01. 법정자본금 한도 증액 (8조원)&cr;○ 2014. 01. 법정자본금 한도 증액 (15조원)&cr;○ 2024. 03. 법정자본금 한도 증액 (25조원)&cr;○ 2024. 09. 공급망안정화기금 설립ㆍ출범,- 수출주력산업 집중 지원으로 수출반등 견인&cr;- 금융 리더십을 통한 글로벌 수주경쟁 지원 강화&cr;- 중소중견기업에 대한 금융지원 효율성 제고&cr;- 공급망안정화기금 운용을 통한 경제안보 증진&cr;- 중요자원 확보 등 공급망 재편 대응기반 마련&cr;- 친환경  탄소중립 경제 전환 촉진&cr;- 새로운 통상환경하 경제영토 확장 지원&cr;- 개도국 개발수요 다변화에 대응한 경제협력 강화&cr;- 개발금융 추진체계 및 네트워크 고도화&cr;- 자본시장 기능 등 정책금융 역량 다각화,황기연,20251105-20281104,한국수출입은행 상임이사&cr;한국수출입은행 남북협력본부장&cr;한국수출입은행 기획부장,서울특별시,서울특별시 영등포구 은행로 38,www.koreaexim.go.kr,116-82-01988,-
254,한국스포츠레저(주),기타공공기관,문화체육관광부,국민체육진흥법 제25조(체육진흥투표권 발행 사업의 위탁 등)&cr;상법 제3편 제4장 주식회사(제288조~제542조),20250407,국민의 여가 체육 육성 및 체육진흥 등에 필요한 재원 조성을 위한 체육진흥투표권 발행사업의 위탁 운영,&cr;ㅇ 체육진흥투표권 발매 및 환급금 지급&cr;ㅇ 체육진흥투표권 발매시스템의 운영 및 유지보수&cr;ㅇ 체육진흥투표권 판매점 선정 및 관리&cr;ㅇ 체육진흥투표권 대상 운동경기의 홍보 등 운영 관련 업무&cr;,2025.4.7. 국민체육진흥공단 자회사 한국스포츠레저(주) 설립&cr;2025.7.1. 한국스포츠레저(주) 사업 개시,ㅇ 비전: 건전한 스포츠레저로 국민체육진흥기금 조성&cr;&cr;ㅇ 목표&cr; - 투명하고 신뢰받는 공공기관 실현&cr; - 체육진흥투표권 지속가능발전 기반 구축&cr;&cr;ㅇ 추진방향&cr; - 투표권사업의 지속가능 발전 기반 마련&cr; - 사업 활성화 및 투표권 상품 경쟁력 강화&cr; - 판매점 관리혁신 및 상생 협력체계 구축&cr; - 신규투표권시스템 안착 및 미래발매 환경 마련 ,박용철,20260407-20280406,&cr;문화체육관광부 미디어정책국장&cr;문화체육관광부 국민소통실장&cr;現국민체육진흥공단 전무이사&cr;,서울특별시,서울특별시 세종대로12길 12  4층  5층(남대문로4가  해남2빌딩),www.kospole.co.kr,172-87-03278,-
255,한국승강기안전공단,준정부기관(위탁집행형),행정안전부,승강기 안전관리법 제55조,20160701,승강기 안전관리에 관한 사업과 승강기 안전에 관한 기술의 연구개발 및 보급 등의 업무를 체계적으로 수행함으로써 승강기의 안전성을 확보하고  국민의 안전한 생활과 행복 실현을 목적으로 함,1. 승강기 안전에 관한 조사·연구 및 기술 개발&cr;2. 승강기 안전에 관한 교육·홍보&cr;3. 부품안전인증 및 승강기안전인증 업무의 대행&cr;4. 설치검사 및 안전검사 업무의 대행&cr;5. 승강기 기술인력의 양성 및 관리&cr;6. 승강기 안전에 관한 정보의 종합관리와 자료의 수집·발간 및 제공&cr;7. 승강기 안전에 관한 국제 교류 및 협력&cr;8. 승강기 안전에 관한 진단 또는 컨설팅 등의 수탁업무&cr;9. 승강기 안전관리법 또는 다른 법령에 따라 대행하거나 위탁받은 업무&cr;10. 그 밖에 공단의 설립목적을 달성하기 위하여 필요한 사업으로서 공단의 정관으로 정하는 사업,2016.07.01. : 한국승강기안전공단 설립&cr;(지방이전)경상남도 진주시 충무공동&cr;2019.03.27. : 승강기안전기술원 개원 및 안전인증사업 신설&cr;2019.03.28. : 「승강기 안전관리법」 전부개정&cr;2024.01.30. : 「승강기산업 진흥법」 제정&cr;2025.03.19. : 재난안전분야 종사자 전문교육 대행기관 신규 지정,□ 경영목표&cr; ○ 승강기 중대사고율 저감&cr; ○ 승강기 산업 경쟁력 제고&cr; ○ 승강기 안전문화 향상&cr; ○ 지속가능경영(ESG) 1등급 달성&cr;□ 전략방향 및 과제&cr; ○ 승강기 안전관리 선도&cr;  - AI·데이터 기반 승강기 안전관리 전환&cr;  - 승강기 사고·재난 예방·대응체계 강화&cr;  - 승강기 검사 고품질화 촉진&cr; ○ 승강기 산업성장 지원&cr;  - 미래·친환경 승강기 기술개발 선도&cr;  - 승강기 중소기업 동반성장 지원&cr;  - 선택과 집중의 산업 지원 기반 확충&cr; ○ 승강기 안전문화 확산&cr;  - 맞춤형 승강기 안전홍보 강화&cr;  - 현장중심 사회재난 안전교육 확대&cr;  - 국민체감의 참여와 소통 확대&cr; ○ 지속가능한 책임경영 강화&cr;  - 자율·책임경영 확립 및 재무건전성 제고&cr;  - 저탄소  안전하고 행복한 일터구현&cr;  - 청렴·성과 중심 조직문화 정착,고성균,20241202-20271201,ㅇ 숙명여자대학교 안보학과 겸임교수&cr;ㅇ 육군교육사령부 교육훈련부장,경상남도,경상남도 진주시 소호로102(충무공동),home.koelsa.or.kr,405-82-03931,-
256,한국식품산업클러스터진흥원,기타공공기관,농림축산식품부,식품산업진흥법 제12조의2,20110225,「식품산업진흥법」제12조의2에 따라 국가식품클러스터의 육성 및 관리와 참여기업 및 기관들의 활동 지원을 목적으로 한다.,ㅇ 국가식품클러스터와 식품산업집적에 관한 정책개발 및 연구&cr;ㅇ 식품전문산업단지의 조성 및 관리에 관한 사업&cr;ㅇ 국가식품클러스터 참여 기업 및 기관들에 대한 지원 사업&cr;ㅇ 국가식품클러스터 참여 기업 및 기관들 간의 상호 연계활동 촉진 사업&cr;ㅇ 국가식품클러스터 활성화를 위한 연구  대외협력  홍보 사업&cr;ㅇ 그 밖에 농림축산식품부장관이 위탁하는 사업,ㅇ 2008. 12. 국가식품클러스터 조성 기본계획 발표&cr;ㅇ 2010. 01. 식품산업진흥법에 '국가식품클러스터지원센터'설치근거 마련&cr;ㅇ 2010. 12. 국가식품클러스터지원센터 설립 준비위원회 구성ㆍ운영&cr;ㅇ 2011. 02. 국가식품클러스터지원센터 출범&cr;ㅇ 2016. 09. 국가식품클러스터지원센터 이전(경기 과천 → 전북 익산)&cr;ㅇ 2016. 12. 국가식품클러스터 기업지원시설(6개) 준공&cr;ㅇ 2017. 12. 국가식품클러스터 산업단지 준공&cr;ㅇ 2019. 02. 기타공공기관 지정(기획재정부)&cr;ㅇ 2019. 11. 소스산업화센터 개소&cr;ㅇ 2020. 02. 기관명칭 변경&cr;(국가식품클러스터지원센터→한국식품산업클러스터진흥원)&cr;ㅇ 2021. 03. HMR기술지원센터 개소&cr;ㅇ 2021. 03. 고령친화산업지원센터 제1호 지정&cr;ㅇ 2022. 01. 농식품원료중계공급센터 개소&cr;ㅇ 2022. 04. 기능성식품제형센터 개소&cr;ㅇ 2022. 12. 식품분야 최초 비임상시험실시기관(GLP) 지정&cr;ㅇ 2024. 06. 기능성원료은행 개소&cr;ㅇ 2024. 11. 청년식품창업센터 개소&cr;,ㅇ 비전&cr;- K-FOOD 산업의 미래가치를 창출하는 혁신성장 파트너&cr;ㅇ 핵심가치&cr;- 동반상생  전문성  혁신  소통&cr;ㅇ 전략목표&cr;1. 식품산업 생태계 기반 강화&cr;- 클러스터 고도화 및 거점 확충&cr;- 수요 맞춤형 전문인력 양성&cr;- 전주기 창업 및 보육 지원 고도화&cr;2. 식품산업 혁신성장 지원&cr;- 식품기업 성장솔루션 지원&cr;- 식품기업 기술사업화 촉진&cr;- 식품기업 상생협력 판로(수출) 지원&cr;3. K-FOOD 미래성장동력 확보&cr;- 식품산업 혁신체계 구축&cr;- 미래 식품산업 육성 환경 조성&cr;- 식품산업 AX 생태계 조성&cr;4. 국민공감 혁신경영 실현&cr;- ESG 기반 경영 고도화&cr;- 재난 및 안전관리 체계 구축&cr;- 적극행정 실현,김덕호,20241018-20271017,ㅇ 국민의힘 농림축산식품해양수산위원회 수석전문위원&cr;ㅇ 농촌진흥청 농산물안전성부장&cr;ㅇ 농식품부공무원교육원장&cr;ㅇ 농식품부 농업정책국장&cr;ㅇ 농식품부 식품산업정책관&cr;ㅇ 농식품부 국제협력국장,전라북도,전라북도 익산시 왕궁면 국가식품로 100,https://www.foodpolis.kr,138-82-05887,-
257,한국식품안전관리인증원,기타공공기관,식품의약품안전처,한국식품안전관리인증원의 설립 및 운영에 관한 법률,20170213,한국식품안전관리인증원「정관 제2조(목적)」&cr;인증원은 식품·축산물의 안전관리인증과 그와 관련된 종합적인 지원 사업 및 그 밖에 식품·축산물의 안전관리 등에 필요한 사업을 전문적·체계적으로 수행하도록 함으로써 국민보건 증진에 이바지함을 목적으로 한다.,&cr;1. 「식품위생법」 제47조의2에 따른 식품접객업소의 위생등급 지정에 관한 사업으로서 같은 조 제10항에 따라 위탁받은 사업&cr;2. 「식품위생법」 제48조에 따른 식품안전관리인증기준적용업소의 인증 등에 관한 사업으로서 같은 조 제12항에 따라 위탁받은 사업&cr;3. 「축산물 위생관리법」 제9조에 따른 안전관리인증작업장등의 인증 등에 관한 사업으로서 같은 법 제44조제2항에 따라 위탁받은 사업&cr;4. 「수입식품안전관리 특별법」 제6조 및 제7조에 따른 해외제조업소의 현지실사에 관한 사업으로서 같은 법 제9조제1항에 따라 위탁받은 사업&cr;5. 제1호부터 제4호까지의 사업과 관련된 다음 각 목의 사업&cr;가. 기술지원&cr;나. 전문인력의 양성 및 교육사업&cr;다. 시험ㆍ조사ㆍ연구 사업 및 국제협력사업&cr;라. 정보의 수집ㆍ제공 및 홍보&cr;마. 통계 및 이력 관리&cr;6. 제1호부터 제5호까지의 사업에 딸린 사업으로서 정관으로 정하는 사업&cr;7. 지방자치단체 등으로부터 위탁받은 사업&cr;8. 다른 법령에 따라 수행하는 사업&cr;9. 그 밖에 식품ㆍ건강기능식품ㆍ축산물ㆍ수입식품의 안전관리 지원사업에 관한 사항으로서 식품의약품안전처장이 정하는 사업&cr;,&cr;- 기타공공기관 지정(2023.1)&cr;&cr;- 준정부기관 지정(2018.2)&cr;- 기타공공기관 지정(2017.9)&cr;- 한국식품안전관리인증원 출범(2017.2)&cr;&cr;* 한국식품안전관리인증원은 (구)한국식품안전관리인증원과 (구)축산물안전관리인증원이 통합하여 출범한 기관입니다.&cr;&cr;((구)한국식품안전관리인증원)&cr;- 기타공공기관 지정(2015.1)&cr;- 한국식품안전관리인증원 출범(2014.1)&cr;- HACCP지원사업단(한국보건산업진흥원) 설립(2007.2)&cr;&cr;((구)축산물안전관리인증원)&cr;- 기관명칭 변경(축산물안전관리인증원)(2014.1)&cr;- 준정부기관 지정(2011.1)&cr;- 기타공공기관 지정(2010.1)&cr;- 법정법인 전환 및 기관명칭 변경(축산물위해요소중점관리기준원)(2008.6)&cr;- 사단법인 축산물HACCP기준원 설립(2006.10)&cr;,- 미션 : 식품안전관리 인증의 체계적 지원으로 국민보건 증진에 기여&cr;-&cr; &cr;비전 : 국내식품의 세계화를 선도하는 식품안전 전문기관&cr;&cr;&cr;&cr;-&cr; &cr;슬로건 : &cr;안전한식품  건강한 국민  세계로 나가는 우리 먹거리&cr;- 핵심가치 : 안전신뢰  전문성  공정상생  세계화&cr;- 경영방침 : 기본중심 혁신경영  신뢰기반 책임경영  글로벌지향 전문경영&cr;&cr;- &cr;전략목표 및 전략과제&cr;1. K-식품 안전관리 고도화&cr;① 글로벌 K-식품안전관리 시스템 구축 &cr;② &cr;HACCP 식품 안전관리 역량 강화 &cr;③ &cr;전주기 식품 안전인증 확대&cr;2. 식품안전 AI 생태계 조성&cr;④ 스마트 HACCP 확산을 통한 제도 활성화 &cr;&cr;⑤ 식품 안전 디지털 전환 원스탑 기반 마련&cr;⑥ 미&cr;래 경쟁력 확보를 위한 식품안전 연구 기능 강화 및 성과 창출&cr;3. &cr;수출ㆍ입 식품안전관리 강화&cr;⑦ &cr;K-Food 수출지원을 위한 식품 안전성 담보 확대 &cr;&cr;⑧ &cr;국제교류 확대를 통한 수입식품의 안전관리 강화&cr;&cr;⑨ 글&cr;로&cr;벌 식품 안전관리 종합 교육 지원 강화&cr;4. 지속 가능한 ESG 기반 공공 혁신 선도&cr;⑩ &cr;정부 정책에 부응하는 혁신 경영 &cr;&cr;⑪ &cr;ESGㆍ안전 경영 지속적 이행 및 고도화 &cr;&cr;⑫ 상생과 협력의 사회적 책임경영&cr;,한상배,20230522-20260521,- 식품의약품안전처 서울지방식약청장&cr;- 식품의약품안전처 기획조정관실 기획조정관&cr;- 식품의약품안전처 식품안전정책국장,충청북도,충청북도 청주시 흥덕구 오송읍 오송생명5로 156,https://www.haccp.or.kr,503-82-14289,-
258,한국양성평등교육진흥원,기타공공기관,성평등가족부,양성평등기본법 제46조(한국양성평등교육진흥원의 설립 등),20030305,정관(제2조) 진흥원은 양성평등교육 및 성인지교육을 효율적이고 체게적으로 추진하고 진흥시킴으로써 우리사회의 남녀 차별적 의식과 관행을 개선하고  성별에 관계없이 개인의 능력과 소질을 계발할 수 있는 건강한 사회기반의 조성에 기여함을 목적으로 한다,o 양성평등을 위한 교육 및 진흥사업&cr;o 공무원 및 일반인 등에 대한 성인지교육&cr;o 여성 역량강화 교육 및 사업 등 여성과 남성의 지도력 함양 교육&cr;o 양성평등 및 성희롱예방교육강사  성인지정책 전문강사 등 전문인력 양성사업&cr;o 공무원 및 공공단체 등 교육훈련기관의 양성평등교육을 강화하기 위한 교류협력 지원사업&cr;o 양성평등 의식확산을 위한 원격교육 연수사업&cr;o 상기 사업을 위한 프로그램 개발  연구  관련 자료발간 및 보급사업&cr;o 상기 관련하여 국가  지자체 및 관련단체 등으로부터 위탁받은 사업,o 2003.03.05. (재)한국양성평등교육진흥원 법인 설립&cr;o 2003.08.23. 중앙공무원 선택전문교육훈련과정 지정(행자부)&cr;o 2003.09.08. 지방공무원 선택전문교육훈련과정 지정(행자부)&cr;o 2006.03.30. 한국양성평등교육진흥원 특수법인 전환&cr;o 2010.07.07. 원격교육연수원 승인(교육과학기술부)&cr;o 2013.01.31. 기타공공기관 지정&cr;o 2014.06.02. 고양캠퍼스(경기도 고양시) 개원,o 미션 : 양성평등 교육과 문화 진흥을 선도하여 국민 삶의 질 향상에 기여한다&cr;o 비전 : 국민과 함께 새로운 미래를 여는 성평등 리딩 기관&cr;o 슬로건 : 우리 곁의 양성평등  함께 걷는 미래&cr;o 핵심가치 : Equity(형평 공정)  Willingness(의지 열정)  Inclusion(포용 통합)  Transformation(전환 변혁)  Honesty(책임 신뢰)&cr;o 경영방침 : 변화를 주도하는 "미래혁신"  공공가치를 창출하는 "열린소통"  국민에게 신뢰받는 "책임경영"&cr;o 전략목표/전략과제&cr;- [국민이 체감하는] 성평등 교육 혁신&cr;·공무원 성인지 정책 역량 강화&cr;·전문강사 양성 체계 고도화&cr;·안전한 조직 및 공동체 조성 지원 강화&cr;- [국민이 공감하는] 성평등 문화 진흥&cr;·AI 기반 성평등 플랫폼 활성화&cr;·소통과 참여 기반의 성평등 의식 확산&cr;·전략적 협력을 통한 성평등 문화 조성&cr;- [국민이 신뢰하는] 기관 혁신 성장&cr;·실용과 성과 중심의 기관 운영&cr;·지속가능한 경영혁신&cr;·공정하고 안전한 기관 문화 정착,김삼화,20250317-20280316,제20대 국회의원&cr;한국여성변호사회 회장&cr;법무부 여성정책심의위원회 위원&cr;서울가정법원 가사조정위원&cr;한구성폭력상담소 이사장,서울특별시,서울특별시 은평구 진흥로 225(불광동),http://www.kigepe.or.kr,110-82-09911,-
259,한국어촌어항공단,기타공공기관,해양수산부,「어촌ㆍ어항법」제57조,19940330,어촌ㆍ어항의 개발 및 관리  어장의 효율적인 보전 및 이용  관련 기술의 개발ㆍ연구 관광 활성화 등을 효율적으로 수행하기 위함,ㅇ 기관 설립목적에 부합한 정부ㆍ지자체 위탁사업 수행&cr;- 어촌관광ㆍ귀어귀촌 활성화(어촌체험마을 육성  귀어귀촌센터  어촌특화 등)&cr;- 어촌어항재생ㆍ개발(어촌뉴딜  어촌신활력증진  일반농산어촌개발 등)&cr;- 국가어항관리(어항시설 안전점검ㆍ유지보수ㆍ기초조사  어항관리선 운영 등)&cr;- 어장환경개선(연근해어장 생산성 개선  청정어장 재생  지자체 해양수산사업 등)&cr;- 양식산업 육성(양식장 실태조사ㆍ임대  친환경 양식어업 육성 등)&cr;- 수산인 역량 강화(낚시전문  공익직불제  수산식품전문인력 교육 등), ㅇ '87. 06. 사단법인 한국어항협회 설립&cr;ㅇ '94. 03. 특수법인 한국어항협회 전환(「어항법」제38조)&cr;ㅇ '05. 12. 특수법인 한국어촌어항협회 명칭 변경(「어촌ㆍ어항법」제57조)&cr;ㅇ '07. 04. 공공기관 지정(「공공기관의 운영에 관한 법률」  기획예산처 고시 제 2007-31호)&cr;ㅇ '18. 10. 한국어촌어항공단 출범(「어촌ㆍ어항법」제57조),ㅇ 미션&cr;- 해양수산의 미래가치 창출을 통해 국가 균형발전과 국민 삶의 질 향상에 기여&cr;&cr;ㅇ 비전&cr;- 살기 좋은 어촌과 풍요로운 바다공간을 조성하는 1등 해양수산 전문기관&cr;&cr;ㅇ 전략목표 및 전략과제&cr;1. 어촌의 새로운 활력 창출을 통한 지역 소멸 위기 극복&cr;1-가. 국민 모두가 체감하는 어촌 인프라 개선&cr;1-나. 어촌 민생회복을 위한 경제 활성화 모델 창출&cr;1-다. 실효성 있는 어업 전문 인력 육성 플랫폼 구축&cr;1-라. 청년들이 돌아오는 활기찬 어촌 공동체 회복&cr;&cr;2. 국민을 위한 안전하고 쾌적한 어항·어장 조성&cr;2-가. 선제적 유지보수와 안전시설 확충으로 어항 안전 체계 강화&cr;2-나. 선진화된 어장 환경 관리로 지속가능한 어업 생태계 조성&cr;&cr;3. 기후변화에 대응한 미래 지향적 양식산업 기반 구축&cr;3-가. 양식장 임대 진입장벽 해소 등 양식산업의 패러다임 전환&cr;3-나. 친환경·스마트양식 확산으로 양식산업 성장 동력 확보&cr;&cr;4. 소통 중심의 경영 혁신과 사회적 책임 강화&cr;4-가. 데이터 기반 경영혁신과 디지털 행정 고도화&cr;4-나. 책임있는 ESG경영 및 엄정한 안전관리로 국민 신뢰 최우선,홍종욱,20240625-20270624,ㅇ 해양수산부 해사안전국장('23~'24)&cr;ㅇ 해양수산부 해양정책관('22~'23)&cr;ㅇ 해양수산부 인천지방해양수산청장('19~'22)&cr;ㅇ 해양수산부 중앙해양안전심판원 수석조사관('18~'19)&cr;ㅇ 해양수산부 마산지방해양수산청장('15~'17),서울특별시,서울특별시 금천구 가산디지털2로 53 한라시그마밸리 12층,www.fipa.or.kr,220-82-00065,-
260,한국언론진흥재단,기타공공기관,문화체육관광부,신문 등의 진흥에 관한 법률 제29조(한국언론진흥재단의 설치 등),20100201,신문 및 인터넷신문의 건전한 발전과 읽기문화 확산 및 언론 산업의 진흥,□ 언론산업 진흥에 필요한 사업  신문의 발행·유통 등의 발전을 위한 사업&cr;□ 언론산업 진흥 등을 위한 조사·연구·교육·연수  언론공익사업&cr;□ 읽기문화 진흥 등 미디어교육 사업&cr;□ 정부광고 업무  지역신문발전기금 관리·운용 등 문화체육관광부장관이 위탁하는 사업&cr;□ 여론집중도조사위원회 운영 및 미디어 시장 조사&cr;□ 언론진흥기금의 조성과 관리·운용,□ 1999년 01월 : 한국언론회관  한국언론연구원  한국언론인금고 통합 한국언론재단 출범&cr;□ 2004년 10월 : 한국언론재단  지역신문발전지원특별법 위탁사업 실시&cr;□ 2005년 10월 : 신문발전위원회 설립&cr;□ 2005년 11월 : 신문유통원 설립&cr;□ 2009년 07월 : 신문법 전부 개정(신문등의진흥에관한법률)&cr;□ 2009년 08월 : 한국언론진흥재단 설립추진단 발족&cr;□ 2009년 12월 : 한국언론재단  신문발전위원회  신문유통원 통합 한국언론진흥재단 설립 등기&cr;□ 2010년 01월 : 한국언론진흥재단 초대 이사장(이성준) 취임  준정부기관 지정&cr;□ 2010년 02월 : 신문등의진흥에관한법률 시행  한국언론진흥재단 출범&cr;□ 2013년 12월 : 한국언론진흥재단 2대 이사장(김병호) 취임&cr;□ 2017년 09월 : 한국언론진흥재단 3대 이사장(민병욱) 취임&cr;□ 2018년 12월 : 정부기관 및 공공법인 등의 광고시행에 관한 법률 시행&cr;□ 2020년 10월 : 한국언론진흥재단 4대 이사장(표완수) 취임&cr;□ 2023년 01월 : 기타공공기관 변경지정&cr;□ 2023년 10월 : 한국언론진흥재단 5대 이사장(김효재) 취임,1. 신뢰 기반 뉴스미디어 환경 조성&cr;(1) 지속가능한 뉴스콘텐츠 경쟁력 강화&cr;(2) 국민의 미디어 리터러시 증진&cr;&cr;2. 언론산업 혁신성장 생태계 조성&cr;(1) 인공지능 디지털기술 선제적 대응&cr;(2) 저작권 합법유통 활성화&cr;&cr;3. 정부광고의 효율성 및 공익성 향상&cr;(1) 정부광고 정책홍보 전략서비스 강화&cr;(2) 정부광고 공정과 상생의 생태계 조성&cr;&cr;4. 경영혁신 기반의 국민신뢰 확보&cr;(1) 합리적이고 효율적인 경영관리 강화&cr;(2) ESG 경영 문화 확산,김효재,20231019-20261018,한국언론진흥재단 이사장(현)&cr;방송통신위원회 상임위원 및 부원장&cr;국방대 대학원 초빙교수&cr;대통령 정무수석비서관&cr;제18대 국회의원&cr;조선일보 논설위원,서울특별시,서울특별시 중구 세종대로 124 한국프레스센터,www.kpf.or.kr,104-82-11163,-
261,한국에너지공단,준정부기관(위탁집행형),기후에너지환경부,에너지이용 합리화법 제45조,19800704,공단은「에너지이용 합리화법」 제45조의 규정에 의하여 에너지이용합리화 사업을 효율적으로 추진함으로써 온실가스의 배출을 저감시키고 국민경제의 건전한 발전에 이바지함을 목적으로 한다.,ㅇ 산업ㆍ건물ㆍ수송 등 부문별 에너지 이용 효율향상&cr;ㅇ 신재생에너지 산업육성 및 보급확대 지원&cr;ㅇ 사회취약계층에 대한 에너지복지 지원&cr;ㅇ 에너지사용기자재의 효율향상 및 안전관리&cr;ㅇ 에너지절약 시설투자 촉진을 위한 자금지원&cr;ㅇ 에너지수요관리 및 분산전원 활성화 지원&cr;ㅇ 에너지관리 조사ㆍ연구ㆍ홍보ㆍ교육 및 국제협력&cr;ㅇ 기후변화 대응기반 구축 및 산업계 온실가스 감축활동 지원,ㅇ 1974.01. 제1차 석유파동시 [열관리법] 제정ㆍ공포&cr; (※동년 5월 한국열관리 협회 설립)&cr;ㅇ 1979.12. 제2차 석유파동시 [에너지이용합리화법] 공포&cr;ㅇ 1980.07. 에너지관리공단 설립&cr;ㅇ 1987.12. [대체에너지개발및이용ㆍ보급촉진법] 공포&cr;ㅇ 2003.02. (부설)대체에너지개발보급센터 설치&cr;ㅇ 2005.01. (부설)신재생에너지센터로 확대 개편&cr;ㅇ 2005.11. CDM 운영기구(DOE) 지정&cr;ㅇ 2007.04. 공공기관의 운영에 관한 법률에 따른 공공기관 지정&cr;ㅇ 2009.07. 신재생에너지센터 표준개발협력기관(COSD) 지정&cr;ㅇ 2012.06. 녹색건축센터 지정&cr;ㅇ 2015.07. 한국에너지공단으로 기관 명칭 변경&cr;ㅇ 2016.07. 신재생에너지설비 KS인증기관 지정&cr;ㅇ 2019.02. 본사 사옥 울산 혁신도시로 이전,ㅇ 경영목표(2030년)&cr; - 에너지전환 탄소감축(53 794천tCO2)&cr; - 혁신성장(최고등급)&cr; - 고객만족도(최고등급)&cr; - 종합청렴도(최고등급)&cr;&cr;ㅇ 연도별 경영목표&cr; - 에너지전환 탄소감축 : 48 826천tCO2('26년)  49 488천tCO2('27년)  50 396천tCO2('28년)  51 556천tCO2('29년)  53 794천tCO2('30년)&cr; - 혁신성장 : A등급('26년)  A등급('27년)  A등급('28년)  S등급('29년)  S등급('30년)&cr; - 고객 만족도: 우수등급('26년)  우수등급('27년)  최우수등급('28년)  최우수등급('29년)  최우수등급('30년)&cr; - 종합청렴도: 2등급('26년)  2등급('27년)  1등급('28년)  1등급('29년)  1등급&cr;&cr;ㅇ 전략방향&cr; - 지속가능한 청정에너지 전환&cr; - 에너지 혁신 기반 성장동력 창출&cr; - 에너지 상생 ·안전 사회 구현&cr; - 경영혁신 중심 책임경영 실천,최재관,20260116-20290115, ㅇ 햇빛배당전국네트워크 상임대표&cr; ㅇ (사)농어업정책포럼 이사장&cr; ㅇ 대통령 비서실 농해수비서관실 비서관,울산광역시,울산광역시 울산광역시 중구 종가로 323,http://www.energy.or.kr,214-82-00191,-
262,한국에너지기술평가원,기타공공기관,기후에너지환경부,에너지법 제13조(한국에너지기술평가원의 설립),20090504,에너지법 제13조의 규정에 의한 에너지기술개발 및 에너지기술 혁신기반을 조성함으로써 안정적이고 효율적이며 환경 친화적인 국가에너지수급구조 실현에 기여함을 목적으로 하고 있음,o 에너지기술개발사업의 기획ㆍ평가ㆍ관리&cr; - 에너지기술개발사업 중장기 기술개발 전략 수립&cr; - 에너지기술에 관한 정책수립 지원&cr; - 에너지기술의 수요조사  동향분석 및 예측 &cr; - 에너지기술 정보ㆍ자료의 수집ㆍ분석 및 보급 촉진&cr; - 에너지기술 개발의 성과확산 지원 &cr;o 에너지기술개발사업비의 운용ㆍ관리&cr; - 에너지기술개발사업 결과의 실증연구 및 시범적용 &cr; - 에너지기술에 관한 학술ㆍ전시ㆍ교육 및 훈련&cr;o 에너지기술 분야 전문인력 양성사업 지원 &cr;o 에너지기술 분야의 국제협력 및 국제공동연구사업 지원 &cr;o 에너지기술 분야의 녹색인증 평가,ㅇ 2008.8 : 제2차 공공기관 선진화 추진계획 발표&cr; - 에너지부문 4개기관(에너지자원기술기획평가원  에너지관리공단  신재생에너지센터  한국전력공사 전력기반조성사업센터)의 R&D 관리기능을 통합 &cr;o 2009.1 : 한국에너지기술평가원 설립근거 마련 &cr; - 에너지법 제13조(한국에너지기술평가원의 설립)&cr;o 2009.5 : 한국에너지기술평가원 설립&cr;o 2010.1 : 위탁집행형 준정부기관 지정&cr;o 2010.4 : 녹색인증평가기관 지정&cr;o 2023.1 : 기타공공기관 지정,o &cr; 미션 : 기후에너지 기술개발의 효율적 지원과 산업육성으로 안정적인 국가에너지 수급과 국민경제 발전에 기여한다&cr;o  비전 : 글로벌 탄소중립을 선도하는 기후에너지 기술혁신 허브&cr;&cr;o  경영목표&cr; - 기술혁신 역량 강화&cr; - 기후에너지 R&D 사업화 제고&cr; - 에너지산업 기반 강화&cr; - 사회적책임 이행&cr;&cr;o  전략방향&cr; - 기후에너지 R&D 혁신체계 구축&cr; - 에너지전환 전략기술 확보&cr; - 기후테크 생태계 성장기반 강화&cr; - 지속가능한 혁신과 책임경영 실현&cr;,이승재,20240902-20270901,한전원자력연료 연료연구실 수석연구원&cr;한전원자력연료 핵연료연구실장,서울특별시,서울특별시 강남구 테헤란로 114길 14,www.ketep.re.kr,120-82-09238,-
263,한국에너지정보문화재단,기타공공기관,기후에너지환경부,민법 제32조,19920325,원자력  신재생  석탄  LNG 등 전력사업 및 에너지와 관련된 객관적이고 과학적인 정보의 보급 확산을 통해 국민의 에너지에 대한 올바른 이해증진을 도모하고 에너지문화를 진흥시킴으로써 사회 공익에 이바지 함,&cr;ㅇ 에너지와 관련된 객관적이고 과학적인 지식보급과 자료의 제작  배포 및 자료실의 설치 운영&cr;ㅇ 에너지에 관한 과학기술의 조사연구 및 그 보급을 위한 출판사업과 전시관의 설치운영&cr;ㅇ 일반국민과 각계각층을 대상으로 한 강연회  설명회  문화사업  시설견학 등의 실시&cr;ㅇ 초·중등 과학교육에 있어서의 에너지관련 교육의 협력&cr;ㅇ 에너지 개발의 사회적  심리적 영향 등에 관한 학문적 조사연구&cr;ㅇ 에너지문화의 진흥을 위한 국제협력 및 장학사업&cr;ㅇ 에너지관련 수출을 위한 해외홍보 등 각종 지원사업&cr;ㅇ 정부 또는 에너지관련기관으로부터의 수탁사업&cr;ㅇ 원자력  신재생  석탄  LNG 등 발전소주변지역 지원사업에 관한 홍보&cr;ㅇ 기타 본 재단의 목적을 달성하기 위하여 필요한 사업 및 전 각 호의 부대사업&cr;,ㅇ 1992. 03. 25. 재단 설립&cr;ㅇ 1995. 07. 01. 운영재원 출연제도 변경(발전소주변지역지원에관한법률)&cr;ㅇ 2002. 01. 01. 운영재원 출연제도 변경(전력산업기반기금)&cr;ㅇ 2005. 03. 14. 사옥입주(금천구)&cr;ㅇ 2007. 03. 27. 에너지체험전시관 개관(사옥 1층)&cr;ㅇ 2007. 04. 02. 공공기관 운영에 관한 법률에 의한 '준정부기관' 지정&cr;ㅇ 2010. 01. 29. 공공기관 운영에 관한 법률에 의한 '기타공공기관' 지정&cr;ㅇ 2017. 11. 24. 기관명칭 변경(한국원자력문화재단 → 한국에너지정보문화재단)&cr;ㅇ 2019. 06. 28. 에너지정보 통합플랫폼 에너지정보소통센터 오픈&cr;ㅇ 2020. 12.     지역 에너지시설 수용성 제고를 위한 갈등관리 매뉴얼&cr;&cr;&cr;&cr;&cr;(K-ESTEEM) 개발&cr;ㅇ 2023. 03. 02. 원전소통지원센터 신설&cr;,ㅇ 미션 : 국민이 신뢰하는 에너지 정보 소통 - 탄소중립과 에너지 안보에 기여&cr;ㅇ 비전 : 국민과 함께 여는 탄소중립 세상  대한민국 대표 에너지 소통 플랫폼&cr;ㅇ 핵심가치 : 조직과 개인을 위한 성장  일과 관계에 대한 윤리&cr;                   상대방에 대한 공감  위협과 기회에 대한 도전&cr;ㅇ 전략방향 &cr;   - 신뢰기반의 에너지정보 생태계 주도 &cr;   - 지속가능한 성장을 위한 도전과 성과 창출&cr;   - 사회적 기여와 혁신을 이끄는 책임경영 강화&cr;ㅇ 전략목표&cr;  - 전국민 20% 에너지정보 도달  신규사업 비중확대  경영평가 A등급 달성,이주수,20250205-20280204,&cr;ㅇ 서울농수산식품공사 이사회 의장&cr;ㅇ 국민통합위원회 서울시 지역협의회 위원&cr;ㅇ 제7대 서울시의회 의원&cr;,서울특별시,서울특별시 금천구 남부순환로 1418,https://e-policy.or.kr,214-82-02165,-
264,한국여성과학기술인육성재단,기타공공기관,과학기술정보통신부,민법 제32조 및 공익법인 설립·운영에 관한 법률 제4조  &cr;여성과학기술인 육성 및 지원에 관한 법률 제14조,20130104,여성과학기술인력 육성ㆍ지원 활성화 및 제도ㆍ환경 개선을 통해 우수 여성과학기술인재를 양성ㆍ활용하여 국가 과학기술 발전에 기여,ㅇ 여성과학기술인 육성 및 활용 종합지원기관&cr;- 여성과학기술인의 육성 및 지원에 관한 정책 개발을 위한 조사ㆍ연구&cr;- 여성과학기술인을 위한 교육ㆍ훈련ㆍ연수 및 상담&cr;- 과학기술 관련 직종의 취업 정보 등의 제공&cr;- 여성과학기술인 및 여성과학기술인단체의 활동지원 사업&cr;- 과학기술 관련 여성인력 취ㆍ창업 지원,ㅇ 2011. 1. 한국여성과학기술인지원센터 출범(4W사업 통합)&cr;* WISE 사업(한국과학재단  2001)  WATCH21 사업(산업자원부  2004)  WIST센터 설치사업(과학기술부  2004)  WIE 사업(교육인적자원부 및 산업자원부 공동  2006)&cr;ㅇ 2013. 1. (재)한국여성과학기술인지원센터 법인 설립(초대 소장: 이혜숙)&cr;ㅇ 2013. 5. ~ 2021. 12. 과학기술인 협동조합지원센터 운영(미래창조과학부)&cr;ㅇ 2014. 1. 과학기술여성인재아카데미 개설&cr;ㅇ 2014. 8. ~ 2022. 6. 서울과학기술여성새로일하기센터 운영(여성가족부)&cr;ㅇ 2016. 3. 제2대 한화진 소장 취임&cr;ㅇ 2017. 1. 기타공공기관 지정&cr;ㅇ 2019. 4. 제3대 안혜연 소장 취임&cr;ㅇ 2021. 6. 한국여성과학기술인육성재단으로 기관명 변경&cr;(제3대 안혜연 이사장으로 상임 기관장 직책 변경)&cr;ㅇ 2022. 11. 제4대 문애리 이사장 취임, ㅇ 경영목표&cr;- 글로벌 여성 리더 양성&cr;- 여성과학기술인 지속 성장 생태계 조성&cr;- 공공기관 사회적 가치 실현&cr; ㅇ 전략목표&cr;- 4차 산업혁명 선도 차세대 혁신 여성인재 양성·활용&cr;- 과학기술분야 문화 혁신 및 가치창출 시스템 구축&cr;- 윤리·책임 경영 및 지속가능 경영 실현,문애리,20221107-20251106,덕성여자대학교 약학대학 교수&cr;한국과학기술한림원 대외협력담당 부원장&cr;한국연구재단 국책연구본부 본부장&cr;국가과학기술자문회의 심의회의 기초기반전문위원회 위원장,서울특별시,서울특별시 강남구 테헤란로 7길 22  한국과학기술회관 2관 6층,https://www.wiset.or.kr,110-82-16902,-
265,한국여성인권진흥원,기타공공기관,성평등가족부,양성평등기본법 제46조의2(한국여성인권진흥원의 설립 등),20191219,정관 제1조(목적) 이 법인은 「양성평등기본법」 제46조의2에 따라 성폭력·가정폭력·성매매 등을 예방·방지하고 그 피해자를 보호·지원하는 등 우리 사회의 여성인권 향상을 위한 제반 활동을 통해 성평등하고 개인의 존엄과 가치가 보호되는 사회실현에 기여함을 그 목적으로 한다.,○ 여성폭력 피해자 보호·지원시설 종사자의 양성 및 보수교육&cr;○ 여성폭력 피해자 보호·지원시설 간 연계망 구축 및 운영&cr;○ 여성폭력 피해자 보호·지원을 위한 관련 기관 간 협력 사업 개발 및 지원&cr;○ 여성폭력 피해자 보호·지원시설에 대한 평가지원 및 컨설팅&cr;○ 여성폭력 피해자 보호·지원에 관한 종합관리시스템 구축 운영&cr;○ 여성폭력 예방·방지 및 피해자 보호·지원 프로그램 개발과 관련 연구&cr;○ 여성폭력 피해자 지원 및 예방에 대한 인식개선 홍보&cr;○ 「성폭력방지 및 피해자보호 등에 관한 법률」 제7조의3에 따른 불법촬영물등으로 인한 피해자 지원사업&cr;○ 「성폭력방지 및 피해자보호 등에 관한 법률」 제7조의4에 따른 중앙디지털성범죄피해자지원센터등의 설치 운영&cr;○ 일본군'위안부'피해자 지원사업  관련 조사 연구  교육 홍보  국내외 교류 등&cr;○ 「인신매매등방지 및 피해자보호 등에 관한 법률」 제15조에 따른 중앙인신매매등피해자권익보호기관 운영&cr;○ 그 밖에 한국여성인권진흥원의 목적을 수행하기 위하여 필요한 사업,○ 2009. 4. 재단법인 한국여성인권진흥원 설립&cr;○ 2014. 1. 기타공공기관 지정&cr;○ 2018.12. 특수법인 설립 법적근거(양성평등기본법 제46조의2) 제정·공포&cr;○ 2019.12. 특수법인 한국여성인권진흥원 설립,○ 미션: 여성폭력 없는 실질적 성평등 사회 실현&cr;○ 비전: 여성폭력 피해자 지원 및 인권 향상 중추기관&cr;○ 핵심가치: 혁신  책임  상생  소통&cr;○ 전략목표&cr;- 통합지원체계 선도&cr;- 디지털성범죄 대응 강화&cr;- 전시 성폭력 역사 인식 제고&cr;- 지속가능한 경영혁신,신보라,20230330-20260329,○ 제20대 국회의원  여성가족위원회 위원&cr;○ 자유한국당 최고위원회 청년최고위원,서울특별시,서울특별시 중구 서소문로50(중림동  CENTRAL PLACE) 3층,https://www.stop.or.kr,101-82-17998,-
266,한국여성정책연구원,기타공공기관,국무조정실,정부출연연구기관 등의 설립ㆍ운영 및 육성에 관한 법률,19830421,성평등 사회 구현을 위한 국가의 성평등 정책 수립과 국민 행복의 향상에 이바지함,○ 정치·경제·사회·문화 등 모든 영역의 성평등 실현을 위한 연구 및 관련 사업&cr;○ 여성폭력 방지와 여성 인권보장 연구 및 관련 사업&cr;○ 가족·돌봄 연구 및 관련 사업&cr;○ 여성의 경제적 역량강화와 의사결정 권한 확대 연구 및 관련 사업 &cr;○ 법·제도·정책·예산에 대한 성인지적 평가·분석&cr;○ 성평등 관련 정보·자료와 성인지 통계의 생산 ·보급을 위한 인프라 구축,○ 1982.12.31 한국여성개발원법(법률 제3632호) 제정 공포&cr;○ 1983.04.21 한국여성개발원 개원&cr;○ 1999.01.29「정부출연연구기관등의설립ㆍ운영및육성에관한법률」(법률573 3호) 공포ㆍ시행으로 국무총리산하 인문사회연구회로 소관 변경&cr;○ 2005.07.01 경제ㆍ인문사회연구회로 소관 변경&cr;○ 2007.05.11「정부출연연구기관등의설립ㆍ운영및육성에관한법률」(법률843 2호) 에 의거 '한국여성개발원'에서 '한국여성정책연구원'으로 기관 명칭 변경,경영목표&cr;1. 국가현안 및 국정과제 지원 강화&cr;2. 국민이 공감하는 양성평등정책 선도&cr;3. 연구관리 시스템 개선 및 경영혁신&cr;&cr;전략&cr;1-1. 지속가능한 사회를 위한 가족 및 저출생 대응 전략연구 강화&cr;1-2. 경제 역동성과 성장잠재력 제고를 위한 양성평등 일자리 구현&cr;1-3. 안전한 사회 구현을 위한 젠더폭력방지 정책의 체감도 제고&cr;2-1. 국가정책의 양성평등 효과 향상&cr;2-2. 분야별 양성평등정책 연구 확산&cr;2-3. 글로벌 중추국가 도약을 위한 양성평등 의제 선도&cr;3-1. 성과지향적 연구기획 및 관리과정 구축&cr;3-2. 지속가능한 경영환경 조성,김종숙,20240125-20270124,2002.3.~2024.1. 한국여성정책연구원 연구위원  선임연구위원&cr;2021.3.~2022.2. 한국여성경제학회 회장&cr;2016.1.~2017.3. 대통령비서실 여성가족비서관,서울특별시,서울특별시 은평구 진흥로 225(불광동),www.kwdi.re.kr,111-82-03166,-
267,한국연구재단,준정부기관(위탁집행형),과학기술정보통신부,한국연구재단법,20090626, 학술 및 연구개발 활동과 관련 인력의 양성 및 활용을 보다 효율적이고 공정하게 수행함으로써 국가의 학술 및 과학기술 진흥과 연구역량 제고에 기여, 1. 학술 및 연구개발 활동의 지원&cr;&cr;2. 학술 및 연구개발 인력의 양성과 활용의 지원&cr;&cr;3. 학술 및 연구개발 활동의 국제협력 촉진 지원&cr;&cr;4. 학술 및 연구개발 사업 수행에 필요한 자료 및 정보의 조사ㆍ수집ㆍ분석ㆍ평가ㆍ 관리ㆍ활용과 정책개발 지원&cr;&cr;5. 학술 및 연구개발 관련 기관ㆍ단체의 연구ㆍ운영 지원&cr;&cr;6. 국내외 학술 및 연구개발 관련 기관ㆍ단체 간의 교류협력 지원&cr;&cr;7. 기타 학술 및 연구개발에 필요한 사항,&cr;ㅇ 2009.3.25. 한국연구재단법 제정(법률 제9518호)&cr;ㅇ 2009.3.30. 한국연구재단 설립위원회 구성&cr;ㅇ 2009.5.12. 한국연구재단 정관의결&cr;ㅇ 2009.6.1. 초대 이사장 내정&cr;ㅇ 2009.6.26. 한국연구재단 출범 및 제1대 이사장 박찬모 취임&cr;ㅇ 2009.7.28. 한국연구재단 창립 이사회 개최&cr;ㅇ 2011.1.20. 제2대 이사장 오세정 취임&cr;ㅇ 2012.1.6. 제3대 이사장 이승종 취임&cr;ㅇ 2014.1.3. 제4대 이사장 정민근 취임&cr;ㅇ 2016.8.23. 제5대 이사장 조무제 취임&cr;ㅇ 2018.7.9. 제6대 이사장 노정혜 취임&cr;ㅇ 2021.9.27. 제7대 이사장 이광복 취임&cr;ㅇ 2024.12.9. 제8대 이사장 홍원화 취임&cr;, ㅁ 미션: 창의적 연구와 미래인재 양성으로 지식ㆍ가치 창출과 인류 사회 발전에 기여&cr;&cr;ㅁ 비전: 학술ㆍ연구의 생태계 혁신을 이끄는 글로벌 리더&cr;&cr;ㅁ 중장기 경영목표(2026~2030): 4대 핵심가치  4대 전략목표&cr;ㅇ 4대 핵심가치&cr;  - 창의(Creativity)&cr;  - 개방(Openness)&cr;  - 책무(Responsibility)&cr;  - 탁월(Excellence)&cr;&cr;ㅇ 4대 전략목표&cr;  - 과학기술 강국 실현 연구개발 패러다임 확립&cr;  - 대학·지역 혁신 기반 미래인재 양성&cr;  - 학술·연구 가치 국민공감 플랫폼 구축&cr;  - ESG 혁신경영 강화,홍원화,20241209-20271208,&cr;- 경북대학교 총장&cr;- 국가균형발전위원회 위원&cr;- 한국대학교육협의회 회장&cr;,대전광역시,대전광역시 유성구 가정로 201(가정동), www.nrf.re.kr,314-82-13322,-
268,한국영상자료원,기타공공기관,문화체육관광부,영화 및 비디오물의 진흥에 관한 법률 제34조,19740118,영화 및 비디오물과 그 관계 문헌ㆍ음향자료 등 영상자료의 수집ㆍ보존ㆍ전시와 영화 및 비디오물의 예술적ㆍ역사적ㆍ교육적인 발전,ㅇ 영화필름 등의 제출을 통한 수집 및 보상(영화 및 비디오물의 진흥에 관한 법률 제 35조)&cr;ㅇ 국내외 영화 및 비디오물과 문헌ㆍ음향자료 등 수집 및 보존ㆍ복원&cr;ㅇ 영화 및 비디오물과 그 관계 문헌ㆍ음향자료 등의 활용 및 전시&cr;ㅇ 영상정보화 및 콘텐츠 활용 사업&cr;ㅇ 영상예술의 향상을 위한 학술연구  간행물의 발간 및 교육사업&cr;ㅇ 영상예술의 국내외 교류 및 시네마테크 활동,ㅇ 1974.01: 재단법인 한국필름보관소 설립&cr;ㅇ 1985.04: 국제영상자료원연맹(FIAF) 정회원 가입&cr;ㅇ 1991.09: 재단법인 한국영상자료원으로 명칭 변경&cr;ㅇ 1994.01: 영상자료 보존사업에 대한 국고보조 시작&cr;ㅇ 1996.07: 영화필름 등의 의무제출제도 시행&cr;ㅇ 2002.04: 제58차 국제영상자료원연맹(FIAF) 서울총회 개최&cr;ㅇ 2002.06: 특수법인 한국영상자료원 설립(영화진흥법 제24조의3)&cr;ㅇ 2006.10: 「영화진흥법」폐지 「영화 및 비디오물의 진흥에 관한 법률」제정&cr;ㅇ 2007.05: 종합영상아카이브센터(서울특별시 마포구 월드컵북로)로 이전&cr;ㅇ 2008.05: 시네마테크KOFA  한국영화박물관 개관&cr;ㅇ 2016.05: 파주보존센터 개관&cr;ㅇ 2018.04: SEAPAVAA(동남아시아태평양시청각아카이브협회) 정회원 가입 비준,ㅇ 미션: 영상자료의 수집ㆍ보존ㆍ활용으로 한국영화의 예술적ㆍ역사적ㆍ교육적 발전에 기여한다.&cr;ㅇ 핵심가치: 미래를 위한 전문성  모두를 위한 개방  변화를 위한 소통&cr;ㅇ 비전: 과거와 미래를 잇는 글로벌 K-콘텐츠 플랫폼&cr;ㅇ 전략목표&cr;- 영상유산 관리활용 고도화&cr;- 영상유산 미래신성장 동력확보&cr;- KOFA형 경영혁신 기반 마련&cr;ㅇ 전략과제&cr;- 영상유산 수집 강화&cr;- 영상유산 보존안정성 강화&cr;- 영상유산 컬렉션 구축&cr;- 영상유산 대국민 향유 및 글로벌 확산&cr;- AX기반 디지털 운영체계 구축&cr;- 영상유산 디지털화&cr;- 미디어 융합시대  영상유산 수집범위 확대&cr;- 국립영상박물관 건립&cr;- ESG 중심 책임경영 실현&cr;- 경영효율화 기반 혁신경영 실현&cr;- 효율성 및 성과중심 조직역량 강화&cr;- KOFA 브랜드 가치 및 서비스 품질 제고,모은영,20260309-20290308,전) 서울독립영화제 집행위원장&cr;전) 부천국제판타스틱영화제 프로그래머&cr;전) 한국영상자료원 시네마테크부 팀장&cr;전) 서울인디애니페스트 프로그래머·집행위원&cr;전) 서울국제환경영화제 프로그래머,서울특별시,서울특별시 마포구 월드컵북로 400,www.koreafilm.or.kr,214-82-07248,-
269,한국예술인복지재단,기타공공기관,문화체육관광부, 예술인복지법 제8조(한국예술인복지재단의 설립 등),20121119,예술인의 복지에 대한 체계적이고 종합적인 지원을 함으로써 예술인들의 창작활동을증진하고 예술발전에 기여,1. 예술인의 사회보장 확대 지원&cr;2. 예술인의 직업안정ㆍ고용창출 및 직업전환 지원&cr;3. 원로 예술인의 생활안정 지원 등 취약예술계층의 복지 지원&cr;3의2. 「장애예술인 문화예술 활동 지원에 관한 법률」 제3조제1호에 따른 장애예술인의 문화예술 활동을 위한 복지 지원&cr;4. 개인 창작예술인의 복지 증진 지원&cr;4의2. 예술인의 자녀 돌봄 지원&cr;5. 예술인의 복지실태 및 근로실태의 조사ㆍ연구&cr;6. 예술인 복지금고의 관리ㆍ운용 및 예술인의 생활안정을 위한 자금의 융자&cr;7. 예술인 공제사업의 관리ㆍ운영&cr;8. 「예술인의 지위와 권리의 보장에 관한 법률」 제2조제10호 각 목에 따른 예술인권리침해행위로 인한 피해 상담 및 법률적 지원&cr;9. 예술인의 권익보호를 위한 교육 프로그램 운영&cr;10. 예술계 성희롱ㆍ성폭력 예방교육 및 피해 구제 지원&cr;11. 정부로부터 위탁받은 사업&cr;12. 그 밖에 예술인의 복지 증진을 위하여 대통령령으로 정하는 사업, 2012.11.19 한국예술인복지재단 설립&cr;1대 이사장 김주영 취임&cr;1대 상임이사 심재찬 취임&cr;2013.09.30 예술인복지지원센터 개소&cr;2014.02.24 예술인 경력정보시스템 서비스 개시&cr;2014.04.15 반디 돌봄센터(예술인자녀돌봄지원) 개소&cr;2014.05.14 문화예술용역 관련 금지행위 심사지침 제정 시행&cr;2014.10.22 2대 상임이사 박계배 취임&cr;2015.01.29 기타 공공기관 지정 (공공기관 운영에 관한 법률 제4조)&cr;2015.05.28 예술활동증명 운영지침 개정&cr;2016.02.03 예술인 복지법 일부개정(5.4시행)&cr;2016.02.15 제2대 이사장 이문열 취임&cr;2016.11.25 공공주택 특별법 시행규칙 일부개정으로 행복주택 입주자 자격 예술인으로 확대 (12.30 시행)&cr;2017.03.14 예술인자녀돌봄센터(예술인자녀돌봄지원) 개소&cr;2017.03.16 예술활동증명 운영지침 개정&cr;2017.12.28 불공정행위신고상담센터 개소&cr;2018.02.23 제3대 상임이사 정희섭 취임&cr;2018.06.20 예술인 성폭력 피해 신고상담센터 개소&cr;2018.06.27 제3대 이사장 윤영달 취임&cr;2018.10.24 예술인복지금고 설립추진위원회출범&cr;2019.02.01 한국예술인복지재단 직제 개편&cr;2019.06.24 예술인 생활안정자금(융자) 시범사업 시작&cr;2020.05.27 서면계약 위반 신고·상담창구 개설&cr;2020.05.29 한국예술인복지재단 직제 개편&cr;2020.12.10 예술인 고용보험 시행&cr;2021.04.01 제4대 상임이사 박영정 취임&cr;2022.02.15 제4대 이사장 김영철 취임&cr;2023.01.02 직제개편(1본부 2부 8팀 -> 2본부 8팀)&cr;2023.09.07. 예술인 테마형 임대주택사업  한국문화예술위원회로부터 이관&cr;2025.04.11. 제5대 이사장 이종열 취임&cr;2025.04.28. 제5대 대표이사 정용욱 취임,ㅇ 경영목표&cr;- 예술인의 권리 보호 및 복지 지원으로 예술 발전에 이바지&cr;&cr;ㅇ 전략목표&cr;- 예술활동 기반 복지지원 강화&cr;- 선제적 예술인지위보장체계 확립&cr;- 함께하는 예술사회 조성&cr;- 지속가능한 경영인프라 구축&cr;&cr;ㅇ 전략과제&cr;- 지속가능한 예술활동 기반 강화&cr;- 예술인 맞춤형 성장기회 확대&cr;- 공정한 예술활동 환경 조성&cr;- 예술인 사회보장 안전망 강화 선도&cr;- 협력 기반 예술인 복지 거버넌스 구현&cr;- 예술인 복지정책 연구 강화&cr;- ESG·사회적 책임경영 실천&cr;- 효율·성과 중심의 조직역량 강화,정용욱,20250428-20280427,ㆍ문화체육관광부 종무실장&cr;ㆍ대통령비서실 국민제안비서관&cr;ㆍ국무총리비서실 민정민원비서관&cr;ㆍ국무조정실 안전환경정책관,서울특별시,서울특별시 중구 한강대로 416 서울스퀘어 3층, http://www.kawf.kr,101-82-22303,-
270,한국원산지정보원,기타공공기관,관세청,관세법 제233조의2(한국원산지정보원의 설립),20230703, 「관세법」  「FTA관세법」 및 조약ㆍ협정 등에 따라 수출입물품의 원산지정보 수집ㆍ분석과 활용 및 검증 지원 등에 필요한 업무를 효율적으로 수행하여 국민경제 발전에 기여, ㅇ 자유무역협정과 원산지 관련 제도ㆍ정책ㆍ활용 등에 관한 정보의 수집ㆍ분석ㆍ제공&cr;ㅇ 수출입물품의 원산지정보 관리를 위한 시스템의 구축 및 운영에 관한 사항&cr;ㅇ 원산지인증수출자 인증  원산지검증 등의 지원에 관한 사항&cr;ㅇ 자유무역협정 및 원산지 관련 교육·전문인력양성에 필요한 사업&cr;ㅇ 정부  지방자치단체  공공기관 등으로부터 위탁받은 사업&cr;ㅇ 그 밖에 위 사업에 따른 부대사업 및 정보원의 설립목적을 달성하는데 필요한 사업, ㅇ 2009. 2. 「한국원산지정보원」 개원(한국관세사회 부설)&cr;ㅇ 2010. 1. 재단법인 「국제원산지정보원」 출범&cr;ㅇ 2010. 6. 원산지관리사 자격시험 시행기관 지정(관세청)&cr;ㅇ 2015. 1. 기타공공기관 지정&cr;ㅇ 2022. 12. 「한국원산지정보원」 설립 관세법 개정안 국회 통과&cr;ㅇ 2023. 7. 특수법인 「한국원산지정보원」 출범, ㅇ 미션 : 국민이 신뢰하는 원산지 정보ㆍ서비스 제공으로 기업경쟁력 강화와 국민 경제 발전에 기여&cr;ㅇ 비전 : 원산지 정보로부터 미래 가치를 창출하는 FTAㆍ원산지 전문기관&cr;ㅇ 목표&cr;- FTAㆍ원산지 정책집행의 효율성 제고&cr;- 수출입기업 FTAㆍ원산지 관리 종합지원체계 구축&cr;- 국민이 안심하는 원산지 관리 환경 조성&cr;- ESG 기반 지속가능 경영체계 구축,김일권,20231201-20261130,국회 기획재정위원회 수석전문위원&cr;국회 행정안전위원회 수석전문위원&cr;국회 예산정책처 예산분석실 실장,경기도,경기도 성남시 분당구 야탑로 208번길 8 (야탑동),www.origin.or.kr,211-82-16919,-
271,한국원자력안전기술원,기타공공기관,원자력안전위원회, 한국원자력안전기술원법,19900214,원자력의 생산 및 이용에 대한 방사선 재해로부터 국민을 보호하고  공공의 안전과 환경보전을 위해 설립,1.「원자력안전법」 제111조제1항 및 「원자력시설 등의 방호 및 방사능 방재 대책법」제45조제1항에 따라 위탁받은 업무&cr;2. 원자력안전규제에 관한 연구ㆍ개발&cr;3. 원자력안전규제에 관한 정책 및 제도개발을 위한 기술 지원&cr;4. 방사선방호에 관한 기술 지원&cr;5. 원자력안전규제에 관한 정보 관리&cr;6. 환경방사능에 관한 조사 및 평가&cr;7. 원자력안전규제에 관한 교육&cr;8. 원자력안전규제에 관한 국제협력 지원&cr;9. 제1호부터 제8호까지에 딸린 사업으로서 원자력안전위원회가 필요하다고 인정하는 사업,1990.2 한국원자력안전기술원 설립(법률 제4195호)&cr;2007.4 위탁집행형 준정부기관 지정&cr;2008.1 국제원자력안전학교 설치(IAEA 협력센터)&cr;2019.2 기타공공기관 중 연구개발목적기관 지정(공공기관 유형변경),&cr;[경영목표] 안전규제 패러다임 변화에 적합한 지속가능 경영체계 구축&cr;[연구목표] 현안을 해결하고 미래를 준비하는 안전규제 혁신으로 국민 안심 제고&cr;  &cr;[4대 전략목표]&cr;Ⅰ. 원자력시설 안전성 철저 확인 및 안전규제체계 강화&cr;Ⅱ. 방사선 안전관리 철저 및 규제 기반 고도화&cr;Ⅲ. 목표지향적 안전규제 기술 개발 및 인프라 구축&cr;Ⅳ. 지속가능 경영체계 구축&cr;  &cr;[11대 전략과제]&cr;Ⅰ-1. 가동 원자력 시설의 체계적 안전성 확인 및 개선&cr;Ⅰ-2. 건설 및 계속운전 원전에 대한 체계적 안전성 확인&cr;Ⅰ-3. 소형원자로 안전성 확인을 위한 안전규제 기반 구축 및 이행&cr;Ⅰ-4. 핵연료 전주기 종합안전성 기반 확보 및 중ㆍ저준위 방사성폐기물ㆍ해체 안전성 확인&cr;Ⅱ-1. 방사선 이용 분야 안전관리 철저 및 기반 정비 &cr;Ⅱ-2. 방사능방재 및 환경감시 역량 강화&cr;Ⅱ-3. 생활주변방사선 안전관리 강화&cr;Ⅲ-1. 현안 및 미래 수요 대비 선진적 안전규제 연구개발 및 인프라 강화&cr;Ⅲ-2. 선제적 미래 대응을 위한 안전역량 확보&cr;Ⅳ-1. 지속가능성 제고를 위한 경영시스템 고도화&cr;Ⅳ-2. 업무몰입환경 조성 및 투명한 기관운영체계 마련&cr;,임승철,20250414-20280413,원자력안전위원회 상임위원 겸 사무처장&cr;국립중앙과학관 전시연구단장&cr;주오스트리아 대한민국대사관 겸 주빈국제기구대표부 공사,대전광역시,대전광역시 유성구 과학로 62,www.kins.re.kr,314-82-01883,-
272,한국원자력안전재단,기타공공기관,원자력안전위원회,원자력안전법 제7조의2(한국원자력안전재단의 설립),20121106,원자력과 방사선 안전에 관한 정책과 제도 개발을 지원하고 관련 연구사업 및 국제협력을 기획  관리하여 원자력·방사선 안전기반 조성에 이바지함을 목적으로 함,○ 대국민 소통 활성화를 위한 원자력 안전규제 정책수요 및 기초자료 조사분석&cr;○ 원자력ㆍ방사선 안전규제 대학 강의 개설 지원 및 사전실습 교육기회 제공&cr;○ 규제역량 강화를 위한 원자력안전 R&D 기획ㆍ평가ㆍ관리&cr;○ 원자력 안전 실태조사 및 국제협력 지원&cr;○ 종사자의 방사선안전관리 강화를 위한 방호기록정보 분석&cr;○ 방사성동위원소 등의 수출입 유통 안전관리&cr;○ 방사선 장해 예방을 위한 방사선작업종사자 교육ㆍ훈련&cr;○ 원전 성능검증 안전ㆍ신뢰성 향상을 위한 성능검증기관 인증 및 관리&cr;○ 원자력기금(원자력안전규제계정) 관리ㆍ운용,○ 2012.11. 재단법인 한국방사선안전재단 설립&cr;○ 2015.01. 기획재정부로부터 기타 공공기관 지정&cr;○ 2015.11. 한국원자력안전재단으로 명칭 변경&cr;○ 2015.12. 「원자력안전법」에 한국원자력안전재단 설립근거 마련&cr;○ 2016.03. 한국원자력안전재단 법적 근거 마련(개정 원자력안전법 시행),○ 미래대비 정책 플랫폼 구축&cr;- 원자력안전 정책지원 싱크탱크 기능강화&cr;- 안전규제 R&D 관리 역량ㆍ규제 활용성 제고&cr;- 원자력기금 관리ㆍ운용 체계 강화&cr;○ 수요자 중심 안전문화 확산&cr;- 현장기반 방사선안전관리 서비스 확대&cr;- 성능검증기관 관리 전문성 강화&cr;- 교육운영체계 혁신 및 참여형 교육 실현&cr;○ 지속가능한 경영혁신&cr;- ESG 기반 책임경영 내재화&cr;- 소통ㆍ개방형 고객서비스 강화&cr;- 직무중심 경영혁신 및 조직역량 강화,김제남,20220210-20250209,○ 녹색연합 사무처장&cr;○ 제19대 국회의원&cr;○ 청와대 기후환경비서관&cr;○ 청와대 시민사회수석비서관,경기도,경기도 성남시 분당구 대왕판교로644번길 49(삼평동) 1관 8층,www.kofons.or.kr,120-82-10910,-
273,한국원자력의학원,기타공공기관,과학기술정보통신부,방사선 및 방사성동위원소이용 진흥법 제13조의 2,19631217,방사선 등의 의학적 이용 및 연구개발 업무와 암 진료  원자력시설 등의 방호 및 방사능방재대책법에 따른 국가적인 방사선비상진료 등의 업무를 수행하는 특정연구기관으로서 국가과학기술 및 국민건강증진에 이바지 함 ,ㅇ방사선 등의 의학적 이용에 관한 사업&cr;ㅇ방사선의학에 관한 연구 및 기술개발&cr;ㅇ방사선 의학에 관한 정책연구 &cr;ㅇ방사성동위원소의 생산·분배 및 연구&cr;ㅇ국가방사선 비상진료·교육 및 연구개발&cr;ㅇ방사선 등의 의학적 이용에 관한 사업  국가방사선 비상진료·교육 및 연구개발 사업의 성과보급&cr;ㅇ방사선 의학 연구분야의 전문인력 양성&cr;ㅇ방사선 의학 연구개발 등의 국내외 협력&cr;ㅇ원자력시설 주변기역의 의료지원사업&cr;ㅇ정부에서 위탁받은 사업&cr;ㅇ방사성동위원소 이용 신약개발 지원사업&cr;ㅇ암병원 등 의학원의 목적 달성을 위하여 필요한 사업 ,ㅇ1963.12.17. 방사선의학 연구소 개소&cr;ㅇ1973.02.17 한국원자력연구소 부속 원자력병원으로 개편&cr;ㅇ1984.10.22 신축 원자력병원 이전 개원&cr;ㅇ1988.01.01 한국원자력연구소 부설기관으로 기구 조정&cr;ㅇ2002.06.04 국가방사선비상진료센터 설치&cr;ㅇ2002.09.04 원자력의학원 체제 출범&cr;ㅇ2006.03.22 동남권원자력의학원 기공식&cr;ㅇ2007.03.27 한국원자력의학원 체제 출범&cr;ㅇ2014.03.01 신개념치료기술개발플랫폼구축사업단 출범&cr;ㅇ2019.08.08 국가RI신약센터 개소식&cr;ㅇ2020.01.01 국가RI신약센터 운영 &cr;ㅇ2023.11.08 개원 60주년 기념행사 개최 ,ㅇ첨단 의생명 연구를 선도하는 과학기술특성화병원을 기반으로 국민건강과 국민안전에 기여&cr; - 국내 최초 과학기술특성화병원 정립&cr; - 첨단 방사선의료 연구·산업화 선도&cr; - 전사적 방사능 재난대응 역량 강화&cr; - 대국민 방사선 건강·상담 서비스 강화 ,이진경,20230419-20260418,ㅇ 한국원자력의학원 전략기획실장&cr;ㅇ 한국원자력의학원 원자력병원 진단검사의학과 과장&cr;ㅇ UNSCEAR 부의장,서울특별시,서울특별시 노원구 노원로 75,www.kirams.re.kr,217-82-04745,-
274,한국원자력통제기술원,기타공공기관,원자력안전위원회,원자력안전법 제6조(한국원자력통제기술원의 설립),20060630,원자력 활동의 투명성과 신뢰성을 높임으로써 원자력의 평화적 이용에 기여,&cr;1. 「원자력안전법」 제111조제1항에 따라 위원회로부터 위탁받은 원자력 관련 시설ㆍ장비ㆍ기술ㆍ연구개발활동 및 핵물질에 관한 안전조치 관련 업무&cr;2. 「원자력안전법」 제111조제1항에 따라 위원회로부터 위탁받은 핵물질 등 국제규제물자에 관한 수출입통제 관련 업무&cr;3. 「원자력시설 등의 방호 및 방사능 방재 대책법」 제45조제1항에 따라 위원회로부터 위탁받은 물리적방호 관련 업무&cr;4. 원자력통제에 관한 연구 및 기술개발&cr;5. 원자력통제에 관한 국제협력 지원&cr;6. 원자력통제에 관한 교육&cr;7. 그 밖에 원자력통제 업무의 수행을 위하여 필요한 사항&cr;,― 2006. 06.  원자력법 개정 시행에 따라 한국원자력통제기술원 출범&cr;― 2007. 04.  한국원자력통제기술원 기타공공기관 지정&cr;― 2011. 09.  방호종사자 법정교육 국내 교육기관 지정&cr;― 2014. 02.  한국원자력통제기술원 국제핵안보교육훈련센터(INSA) 개소&cr;― 2015. 04.  사이버보안 규제지원 전문기관으로 지정&cr;― 2019. 01.  한국원자력통제기술원 기타공공기관 연구개발목적기관 지정&cr;― 2020. 02.  사이버보안 연구동 증축&cr;― 2021. 12.  본원 이전(화암청사 → 사이버보안 연구동),&cr;― 핵심미션: 원자력의 평화적 이용을 보장하여 안으로는 국민의 행복을 밖으로는 인류평화에 기여&cr;― 비전: 글로벌 최고 수준의 핵비확산ㆍ핵안보 규제ㆍ연구 전문기관&cr;― 경영목표: 국민이 신뢰하는 핵비확산ㆍ핵안보 이행 기반 고도화&cr;― 중장기연구목표: 현장 중심의 선제적 원자력통제 이행으로 국민안심과 신뢰 제고&cr;― 전략목표&cr;  ·원자력통제 이행과 체계의 완결성 제고&cr;  ·원자력공급국으로서의 책임감 있는 의무 이행&cr;  ·국가 위상에 부합하는 통제기술 및 정책 역량 확보&cr;  ·국민과 직원이 신뢰하는 책임있는 경영 혁신&cr;,이나영,20230911-20260910,― 한국원자력통제기술원 핵비확산본부장(2021.9 ~ 2023.9)&cr;― 한국원자력통제기술원 핵안보본부장(2020.4 ~ 2021.8)&cr;― 서울대 원자핵공학과 연구교수(2002.11 ~ 2006.12),대전광역시,대전광역시 유성구 유성대로 1418(방현동),https://www.kinac.re.kr,314-82-11120,-
275,한국원자력환경공단,준정부기관(위탁집행형),기후에너지환경부,방사성폐기물관리법 제18조,20090101,방사성폐기물 관리를 효율적으로 수행함으로써 방사성폐기물로 인한 위해를 방지하여 공공의 안전과 환경보전에 이바지,① 방사성폐기물의 운반  저장  처리 및 처분&cr;② 방사성폐기물 관리시설의 부지선정  건설  운영 및 폐쇄 후 관리&cr;③ 방사성폐기물 관리를 위한 자료의 수집  조사  분석 및 관리&cr;④ 방사성폐기물 관리에 관한 홍보&cr;⑤ 방사성폐기물 관리를 위한 연구개발  전문인력 양성 및 국제협력&cr;⑥ 방사성폐기물 관리시설의 주변지역 주민과의 상호협력&cr;⑦ 방사성폐기물 관리시설의 주변지역에 대한 환경조사&cr;⑧ 방사성폐기물 발생자에 대한 방사성폐기물 관리 관련 기술지원 및 정보제공&cr;⑨ 방사성폐기물관리기금 운용  관리,2008.03.28. 방사성폐기물관리법 공포&cr;2009.01.01. 한국방사성폐기물관리공단 설립&cr;2009.01.29. 공공기관의운영에관한법률에 따라 준정부기관으로 지정&cr;2011.03.28. 본사 지방 이전(용인시→경주시)&cr;2013.07.30. 기관명 변경(한국방사성폐기물관리공단→한국원자력환경공단)&cr;2020.01.29. 공공기관 유형 변경(기금관리형→위탁집행형),■ 미션&cr; - 방사성폐기물의 안전하고 효율적인 관리로 국민생활의 안전과 환경보전에 이바지&cr;■ 비전&cr; - 국민이 신뢰하는 방폐물 관리 선도기관&cr;■ 핵심가치&cr; - 안전  도전  상생  신뢰&cr;■ 경영목표(2030년)&cr; - 중·저준위 방폐물 6만드럼 안전처분&cr; - 방사선 안전관리 글로벌 Top 1 달성&cr; - 고준위 부지확보 로드맵 48% 달성&cr; - 경영혁신 100% 달성&cr;■ 전략방향&cr; - 빈틈없고 안전한 방폐물 처분&cr; - 한국형 처분시설 경쟁력 제고&cr; - 고준위 방폐물 관리사업 적기추진&cr; - 국민 소통·참여 기반 경영혁신&cr;■ 전략과제&cr; - 방폐물 인수·처분 확대&cr; - 미래 방폐물 선제적 관리&cr; - 생활주변 방폐물 관리 강화&cr; - 처분시설 AI·디지털 전환 가속화&cr; - 안전 최우선 친환경 사업장 조성&cr; - 복합처분시설 운영 기술 고도화&cr; - 과학적·합리적 관리시설 부지선정&cr; - 핵심기술 확보 및 전문인력 양성&cr; - 방폐물 사업 국민 공감대 형성&cr; - 변화에 대응하는 혁신역량 강화&cr; - 상생과 협력의 거버넌스 확대&cr; - 청렴·자율·책임의 조직문화 정착,조성돈,20230525-20260524,한국원자력환경공단 경영본부장&cr;한국원자력환경공단 기획조정실장,경상북도,경상북도 경주시 충효천길 19,www.korad.or.kr,505-82-08857,-
276,한국의료기기안전정보원,기타공공기관,식품의약품안전처,의료기기법 제42조(한국의료기기안전정보원의 설립),20120518,국내외의 신개발의료기기 동향 및 임상정보 등에 관한 종합적인 정보ㆍ기술의 지원과 의료기기 인증 등에 관한 업무를 하기 위함,1. 의료기기의 기술 향상을 위한 국제규격 연구  국내외 정보의 수집ㆍ분석 및 관리 등 의료기기에 관한 정보 또는 기술의 지원&cr;2. 신개발의료기기를 제품화하기 위한 임상시험의 지원&cr;3. 위험관리 등 품질관리체계 및 허가ㆍ인증ㆍ신고 관련 정보에 대한 교육ㆍ홍보 및 지원&cr;4. 의료기기의 관리를 선진화하기 위한 기준규격의 국제화 등 지원&cr;5. 의료기기 안전 관련 정책수립 지원을 위한 조사ㆍ연구&cr;6. 의료기기 부작용의 인과관계 조사ㆍ규명&cr;7. 의료기기로 인한 부작용 및 의료기기 제조허가ㆍ인증ㆍ신고 정보 등 의료기기 안전과 관련한 각종 정보(이하 “의료기기안전정보”라 한다)의 수집ㆍ관리ㆍ분석ㆍ평가 및 제공&cr;8. 식품의약품안전처장이 제44조제2항에 따라 위탁한 업무&cr;9. 그 밖에 식품의약품안전처장이 필요하다고 인정하는 의료기기의 정보 및 기술 지원과 관련되는 사업,○ `12.05.18 : 의료기기정보기술지원센터 설립 허가&cr;○ '12.05.25 : 의료기기정보기술지원센터 센터 설립 등기&cr;○ '15.07.29 : 의료기기 위탁인증(1·2등급) 사업 수행&cr;○ '17.01.25 : 기타 공공기관 지정(기획재정부)&cr;○ '17.08.01 : 의료기기통합정보센터 수행기관으로 지정&cr;○ '18.06.14 : 한국의료기기안전정보원 변경,(목표) 의료기기 니즈(NIDS) 해결을 통한 안전과 산업 혁신을 선도하는 전문기관&cr;(전략)&cr;1. 디지털ㆍ데이터 기반 안전관리 강화&cr;2. 소통 기반 인증 등의 심사 효율성 제고&cr;3. 맞춤형 지원을 통한 산업 혁신성장 견인&cr;4. 경영관리체계 고도화 및 혁신,이정림,20240902-20260901,식품의약품안전처 심혈관기기과장&cr;OECD 정책분석관(Policy Analyst) 파견&cr;식품의약품안전처 첨단의료기기과장&cr;식품의약품안전처 의료기기심사부장,서울특별시,서울특별시 구로구 디지털로30길 28  마리오타워 102  107  208  302  303-1  304  305  312호,http://www.nids.or.kr,113-82-08022,-
277,한국의료분쟁조정중재원,기타공공기관,보건복지부,「의료사고 피해구제 및 의료분쟁 조정 등에 관한 법률」제6조,20120409,의료사고로 인한 피해를 신속ㆍ공정하게 구제하고 &cr;보건의료인의 안정적인 진료환경 조성을 목적으로 함,ㅇ 의료분쟁의 조정ㆍ중재 및 상담&cr;ㅇ 의료사고 감정&cr;ㅇ 손해배상금 대불 및 불가항력 의료사고 보상재원 등 자산의 관리ㆍ운영&cr;ㅇ 의료분쟁과 관련된 제도와 정책의 연구  통계 작성  교육 및 홍보&cr;ㅇ 그 밖에 의료분쟁과 관련하여 대통령령으로 정하는 업무,2011.04. 「의료사고 피해구제 및 의료분쟁 조정 등에 관한 법률」공포&cr;2011.05. 한국의료분쟁조정중재원 설립준비위원회 및 설립추진단 구성&cr;2012.04. 한국의료분쟁조정중재원 설립&cr;2013.01. 기타공공기관 지정(기획재정부)&cr;2013.04. 불가항력 의료사고 보상 및 형사처벌특례 시행&cr;2015.04. 제2대 원장 취임&cr;2016.05. 「의료사고 피해구제 및 의료분쟁 조정 등에 관한 법률」개정법률 공포&cr;2016.11. 개정 「의료사고 피해구제 및 의료분쟁 조정 등에 관한 법률」및 시행령&cr;  시행규칙 시행(사망  1개월 이상 의식불명 등의 경우 조정절차 자동개시)&cr;2018.05. 부산지원 상담ㆍ접수업무 시범운영&cr;2019.01. 제3대 원장 취임&cr;2019.05. 부산지원 개원(부산  울산  경남  대구  경북 등 영남권역 담당)&cr;2019.06. 개정「의료사고 피해구제 및 의료분쟁 조정 등에 관한 법률」시행(간이조&cr;정절차의 통상 절차로의 전환 통로마련 등)&cr;2020.04. 개정「의료사고 피해구제 및 의료분쟁 조정 등에 관한 법률」시행(조정위&cr;원 구성비율 폐지 등)&cr;2022.01. 제4대 원장 취임&cr;2023.12. 개정「의료사고 피해구제 및 의료분쟁 조정 등에 관한 법률」 시행&cr;(불가항력 의료사고 보상재원 100% 국고 부담)&cr;2024.01. 개정「의료사고 피해구제 및 의료분쟁 조정 등에 관한 법률」시행&cr;(의료분쟁 발생현황  예상 대불비용 등을 고려한 대불비용 산정ㆍ부과ㆍ징수 등)&cr;2025.03. 개정「의료분쟁조정법 시행령」시행(간이조정 대상 사건 확대  보상심의위원회 구성 변경  보상금 지급액 획대  대불비용 부담액 산정기준 신설 등),ㅇ 미션: 의료사고의 신속ㆍ공정한 피해구제 및 보건의료인의 안정적인 의료환경 조성&cr;ㅇ 비전: 국민 곁에 힘이 되는 의료분쟁조정 전문기관&cr;ㅇ 핵심가치: 공정  소통  전문성&cr;ㅇ 전략목표 및 전략과제&cr;1. 핵심사업 전문성 제고&cr;- 의료분쟁 조정ㆍ중재 전문성 강화&cr;- 데이터 기반 의료감정 서비스 제공&cr;- 수요자 맞춤형 상담 서비스 향상&cr;- 피해구제 사업 활성화 및 내실화&cr;2. 조직경쟁력 강화&cr;- 예방 연구ㆍ교육 기능 강화&cr;- 조정ㆍ감정 전문인력 관리 강화&cr;- 정보화 시스템 고도화&cr;- 대국민 인지도 및 만족도 제고&cr;3. ESG 혁신경영 실천&cr;- 사회적 가치 실현&cr;- 혁신경영 시스템 구축&cr;- 조직ㆍ인력 효율성 제고,박은수,20220103-20250102,제18대 국회의원&cr;한국장애인고용공단 이사장&cr;대구지방법원  마산지방법원 판사&cr;제22회 사법시험 합격,서울특별시,서울특별시 중구 소월로2길 30  티타워빌딩 8층  9층  21층,https://www.k-medi.or.kr,104-82-12314,-
278,한국의약품안전관리원,기타공공기관,식품의약품안전처,약사법 제68조의 3,20120106,의약품등으로 인한 부작용 및 품목허가정보ㆍ품목신고정보 등 의약품등의 안전과 관련한 각종 정보의 수집ㆍ관리ㆍ분석ㆍ평가 및 제공 업무를 효율적이고 체계적으로 수행하기 위함,의약품 안전정보의 수집ㆍ분석ㆍ평가ㆍ관리 및 제공&cr;의약품 안전정보의 수집 및 관리를 위한 의약품 안전정보관리시스템의 구축&cr;약화사고 등 의약품 부작용의 인과관계 조사 규명&cr;의약품 안전정보의 개발ㆍ활용을 위한 조사ㆍ연구 및 교육ㆍ홍보&cr;의약품 부작용 피해구제사업&cr;마약류통합정보관리센터 구축 및 운영&cr;의약품통합정보시스템 운영&cr;첨단바이오의약품 규제과학센터 운영&cr;중앙임상시험심사위원회 운영 및 관리,2025.01. 임상시험안전지원 기관 지정&cr;2023.09. 제12회 대한민국 지식대상 행안부장관상 수상&cr;2022.04. 의약품 안전정보 장애인 접근성 개선 사업 수행&cr;2021.04. 고용노동부 청년고용의무제 우수 이행기관 선정&cr;2020.09. 첨단바이오의약품 규제과학센터 지정&cr;2019.12. 의약품통합정보시스템 운영&cr;2019.11. 식약처 정부혁신 우수사례 경진대회 공공기관 최우수상 수상&cr;2018.12. 행정안전부 안전문화대상 우수상 수상&cr;2018.05. WHO UAE 보건재단상 수상&cr;2017.09. APEC 약물감시 전문교육훈련기관(CoE) 승인&cr;2015.07. 마약류통합정보관리센터 지정&cr;2014.12. 의약품 부작용 피해구제사업 시행&cr;2014.10. 안전관리책임자 교육기관 지정&cr;2013.01. 기타 공공기관 지정&cr;2012.01. 한국의약품안전관리원 설립,(전략목표1) 의약품 안전관리 체계 선진화&cr;1-1. 약물감시 글로벌 경쟁력 강화로 의약품 안전관리 선도&cr;1-2. 능동적 의약품 부작용 관리체계 고도화&cr;1-3. 사각지대 없는 의약품 안전사용 정보 제공&cr;&cr;(전략목표2) 환자 중심 의약품 안전관리 수준 향상&cr;2-1. 의약품 부작용 피해구제 사회안전망 구현&cr;2-2. 첨단바이오의약품 규제과학 선진화&cr;2-3. 임상시험안전지원기관 운영기반 구축&cr;&cr;(전략목표3) 마약류 오남용 안전관리 체계 강화&cr;3-1. 마약류 안전관리 지원시스템 강화&cr;3-2. 빅데이터 기반 마약류 오남용 예방전략 강화&cr;3-3. 마약류 안전관리 제도 확산 및 안착&cr;&cr;(전략목표4) 의약품 안전관리 미래선도&cr;4-1. 미래대비 핵심 인재 양성 및 사회적 가치 확산&cr;4-2. 국민에게 신뢰받는 혁신경영 실현&cr;4-3. AI활용 의약품 안전관리 기반 구축,손수정,20250325-20280324,식품의약품안전평가원 의료제품연구부장&cr;대전지방식품의약품안전처장&cr;식품의약품안전평가원 바이오생약심사부장,경기도,경기도 안양시 동안구 부림로 169번길 30  4~6층,https://www.drugsafe.or.kr/,101-82-21134,-
279,한국인터넷진흥원,준정부기관(위탁집행형),과학기술정보통신부,정보통신망 이용촉진 및 정보보호 등에 관한 법률 제52조,20090723,정보통신망의 고도화와 안전한 이용촉진 및 정보보호·디지털과 관련한 대국민 지원을 효율적으로 추진,o 정보통신망 침해사고의 처리  원인분석 및 대응체계 운영 및 정보통신망의 이용에 따른 역기능 분석 및 대책 연구&cr;o 개인정보보호를 위한 대책의 연구 및 보호기술의 개발·보급의 지원&cr;o 지식정보보안 산업정책 지원 및 관련 기술개발과 인력양성&cr;o 인터넷의 효율적 운영과 이용활성화를 위한 지원 외 한국인터넷진흥원 정관 제20조 제1호부터 제20호까지의 사업과 부수되는 사업,o 2009. 7. 한국인터넷진흥원(KISA) 창립&cr;※ 3개 기관(한국인터넷진흥원  정보통신국제협력진흥원  한국정보보호진흥원) 통합&cr;o 2010. 1. 118 상담센터 개소&cr;o 2010. 12. 인터넷침해대응센터 종합상황실 개소&cr;o 2012. 5. 인터넷주민번호클린센터 개소&cr;o 2015. 12. 전자문서·전자거래 업무 전담기관 지정&cr;o 2016. 1. 개인정보보호 업무 전담기관 지정&cr;o 2016. 7. 글로벌사이버보안협의체(CAMP) 발족&cr;o 2017. 7. 나주 혁신도시 이전&cr;o 2018. 12. 사이버보안빅데이터센터 개소&cr;o 2020. 4. 인터넷주소자원센터 나주 이전 및 개소&cr;o 2020. 11. 가명정보 기술지원 허브 운영&cr;o 2021. 11. EU 개인정보 협력센터 개소&cr;o 2022. 8. 부산 빅데이터 혁신센터 ·가명정보 활용 지원센터 개소&cr;o 2023. 12. 대구 블록체인 기술혁신지원센터 개소&cr;o 2025. 11. 한-중 개인정보협력포럼 개최 및 연장협약(MoU) 체결,[미션] 안전하고 신뢰할 수 있는 디지털 미래사회 선도&cr;[비전] 디지털 안심국가를 완성하는 세계 최고의 정보보호·디지털 전문기관&cr;[핵심가치]&cr;1. 전문&cr;2. 혁신&cr;3. 소통&cr;4. 신뢰&cr;[중장기 경영목표]&cr;1. 사이버보안수준 세계 1등급&cr;2. 피싱 피해액 90% 감축&cr;3. 공공 개인정보 보호수준 A등급&cr;4. 개인정보활용산업 시장규모 22조원&cr;5. 정보보호산업 시장규모 40조원&cr;6. 정보보호 투자비율 10%&cr;7. 안전활동 수준평가 최고 등급&cr;8. 종합청렴도 최고 등급&cr;[전략목표]&cr;1. 국민과 기업이 안심할 수 있는 디지털 안전망 구축&cr;2. 보호·활용 균형 잡힌 AI 시대 개인정보 체계 확립&cr;3. 기초가 탄탄한 정보보호산업 생태계 조성&cr;4. 신뢰받는 경영·정책·거버넌스 선도&cr;[전략과제]&cr;1. 지능형 사이버 위협 대응 강화&cr;2. 생활밀착형 디지털 이용자 보호 강화&cr;3. 디지털 인프라 보안 예방체계 고도화&cr;4. 국가 전반의 개인정보 보호수준 제고&cr;5. AI·데이터·개인정보 안전활용 기반 조성 및 확산&cr;6. 개인정보 주권 실현 기반 강화&cr;7. AI 중심 K-보안산업 글로벌 경쟁력 강화&cr;8. 산·학·지역 연계 정보보호산업 생태계 확충&cr;9. 디지털 신뢰 기반 정보보호 서비스 활성화&cr;10. 선제적 정책·기술 연구 및 협력체계 구축&cr;11. AI·데이터 기반 혁신경영 체계 강화&cr;12. 친환경  안전  투명 중심 ESG 혁신,이상중,20240115-20270114,o (前) 구미대 사이버보안연구원 원장,전라남도,전라남도 나주시 진흥길 9(빛가람동 301-2),www.kisa.or.kr,135-82-07931,-
280,한국임업진흥원,기타공공기관,산림청,「임업 및 산촌 진흥촉진에 관한 법률」제29조의2,20120126,산림과학기술분야 연구개발 성과의 실용화와 임산물의 생산·유통·정보제공 등 을 통한 산림소득증대 및 산업화 촉진,○ 특별관리임산물(산양삼)의 품질관리 및 품질인증 &cr;○ 목재제품 규격ㆍ품질검사  안전성평가  신기술지정 &cr;○ 산림인증  산림탄소상쇄제도 및 산림분야 탄소배출권 확보&cr;○ R&D사업 관리ㆍ평가 및 성과활용  임업기술 사업화 지원 &cr;○ 임상도  산림입지토양도  국가산림자원조사 등 산림정보 분석ㆍ활용 &cr;○ 임업인의 산림경영정보 및 임산물의 생산ㆍ유통 정보에 관한 지원 &cr;○ 해외산림자원개발 및 국제산림협력 지원 &cr;○ 석재산업 실태조사  우수사업자 인증  진흥지구 타당성 조사 지원&cr;○ 임업ㆍ산촌 분야 고용 창출 및 창업 활성화를 위한 지원 &cr;○ 임산물 홍보 및 판매촉진에 관한 지원,2012.01.26. 한국임업진흥원 개원 &cr;2012.05.07. 공공기관(위탁집행형 준정부기관) 지정(기획재정부) &cr;2013.08.12. 국제공인시험기관 지정(한국인정기구 KOLAS) &cr;2015.04.24. 기술거래기관 지정(산업통상자원부) &cr;2015.06.30. 국유특허 수탁기관 지정(특허청) &cr;2015.10.19. KS인증기관 지정(산림청) &cr;2015.12.15. 안전성검사기관 지정(국립농산물품질관리원) &cr;2016.03.02. 소나무재선충병 모니터링센터 개소&cr;2017.01.23. 산림분야 연구관리(R&D) 전문기관 지정(산림청) &cr;2018.09.06. 임업기계장비 품질인증기관 지정(산림청)&cr;2020.11.06. 농약 시험연구기관 지정(농촌진흥청) &cr;2021.03.30. 산촌활성화지원센터 지정(산림청) &cr;2023.02.03. 기타공공기관 변경지정(기획재정부) &cr;2023.06.22. 대전 임업기술실용화센터 개관&cr;2026.04.10. 소나무재선충병 모니터링센터 업무 이관(한국산림재난안전기술공단),○ (미션) 산림 소득증대 및 임업의 고부가가치 창출 &cr;○ (비전) 임업과 산촌의 미래가치를 창출하는 현장중심 성장 파트너 &cr;○ (경영목표) &cr;1. 임업·산촌 경제 강화 : 평균 임가소득 5 060만원 달성 (농가소득 수준) &cr;2. 지속가능 임업성장 : 산림분야 NDC 32백만tCO₂달성 목표 지원 (국가목표 11%) &cr;3. 임업 성장동력 확보 : 최고기술국 대비 기술수준 90% 수준 달성 &cr;4. 공공성·책임성 강화 : 공공기관 ESG 경영 최고수준 달성&cr;○ (4대 전략목표 및 12개 전략과제)&cr;1. 임업·산촌 경쟁력 강화 &cr;(1) 임업경영체·산촌 활성화 &cr;(2) 임산물 생산·품질관리 강화 &cr;(3) 임산물 유통·소비 활성화 &cr;2. 탄소중립 기반의 임업 저변 확대 &cr;(1) 산림탄소시장 및 산림경영 활성화 &cr;(2) 목재 활용 증대 및 임산업 활성화 &cr;(3) 국제산림협력 지원 확대 &cr;3. 첨단기술 기반 임업 혁신&cr;(1) 스마트 산림정보 생산·관리&cr;(2) AI·빅데이터 기반 임업 현장지원 &cr;(3) 산림과학기술 실용화 촉진 &cr;4. 책임경영체계 고도화 &cr;(1) ESG기반 안전·책임경영 고도화 &cr;(2) 성과중심 경영관리 &cr;(3) 국민참여·고객소통 서비스 강화 ,최무열,20240213-20270212,(사)한국임업인총연합회 회장 &cr;(사)한국임업후계자협회 회장 &cr;농어업ㆍ농어촌특별위원회 위원,서울특별시,서울특별시 강서구 공항대로 475(등촌동),www.kofpi.or.kr,105-82-20156,-
281,한국자산관리공사,준정부기관(기금관리형),금융위원회,한국자산관리공사 설립 등에 관한 법률 제6조,19620406,한국자산관리공사는 금융회사 등이 보유하는 부실자산의 정리촉진과 개인채무자 및 기업의 정상화 등을 효율적으로 지원하고  법령에 따라 국가기관 등으로부터 위임&cr;받은 재산의 관리  처분  개발업무 등을 수행함으로써 금융산업 및 국가경제 발전에 이바지함을 목적으로 함,&cr;&cr;&cr;□ &cr;가계 재기 지원&cr;&cr; ㅇ 금융회사 등 부실채권 &cr;인수ㆍ정리&cr;&cr;&cr; ㅇ 신용회복지원&cr; ㅇ 서민금융지원&cr; ㅇ 소상공인ㆍ자영업자 새출발기금 운영&cr;&cr;&cr;&cr;□&cr; 기업 정상화 지원&cr;&cr; ㅇ 기업지원프로그램 운영&cr; ㅇ 자본시장지원&cr; ㅇ 글로벌 협력 및 해외 컨설팅&cr; &cr;□ 공공가치 창출&cr; ㅇ 국ㆍ공유재산 관리ㆍ개발&cr; ㅇ 압류재산 공매대행&cr; ㅇ 국세체납액 위탁징수&cr; ㅇ 온비드 운영&cr;,&cr;ㅇ 1962. 4. : 한국산업은행법에 따라 (구)성업공사 설립&cr;ㅇ 1984. 1. : 국세징수법 개정안 시행&cr;                   ※ 국세 등 체납압류재산 공매 대행업무 수행 근거&cr;ㅇ 1996. 6. : 국유 잡종재산 관리 및 처분업무 수탁&cr;ㅇ 1997.11. : (신)성업공사 출범 및 부실채권정리기금 설치&cr;ㅇ 1999.12. : 공사법 개정으로 한국자산관리공사로 명칭 변경&cr;ㅇ 2002.10. : 전자자산처분시스템 온비드 서비스 개시&cr;ㅇ 2004. 5. : 개인신용회복지원을 위한 한마음금융(주) 설립&cr;ㅇ 2005. 4. : 공동추심기구 희망모아유동화전문(유) 설립&cr;ㅇ 2008. 9. : 신용회복기금 출범&cr;ㅇ 2009. 5. : 공사법 개정(구조조정기금 설치)&cr;ㅇ 2011. 4. : 국유재산관리기금 업무 수탁&cr;ㅇ 2013. 3. : 국민행복기금 출범&cr;ㅇ 2013. 6. : 국유 일반재산 관리기관 일원화에 따른 인계ㆍ인수&cr;ㅇ 2014. 2. : 국가연체채권 회수 업무 개시&cr;ㅇ 2014.12. : 본사 부산 이전&cr;ㅇ 2017. 4. : 금융공공기관 부실채권 통합관리기관 지정&cr;ㅇ 2018. 4. : 기업구조혁신지원센터 개소&cr;&cr;ㅇ 2019.11. : 공사법 개정(제명 변경 법정자본금 증대 등)&cr;&cr;&cr;ㅇ 2020. 7. : 기업자산매각지원프로그램 정식 접수 개시&cr;ㅇ 2021. 8. : 공사법 개정(목적  업무 등)&cr;&cr;ㅇ 2022.10. : 소상공인ㆍ자영업자 새출발기금 출범&cr;&cr;&cr;ㅇ 2023. 1. : 공&cr;사법 개정(법정자본금 증대)&cr;&cr;ㅇ 2024. 8. : 제&cr;1호&cr; 토지위탁개발사업 사업계획 승인&cr;ㅇ 2025.10. : 함께여는 내일 새도약기금 출범&cr;&cr;,&cr;&cr;&cr;□ 비전&cr;&cr;&cr; ㅇ&cr; 국민에 안정을  기업에 활력을  국가자산에 가치를 더하는 &cr;온(On  溫) 경제&cr; 리딩플랫폼&cr;&cr;&cr;□ &cr;핵심가치&cr;&cr;&cr; ㅇ&cr;&cr; &cr;책&cr;임  상생  혁신  신뢰&cr;&cr;&cr;&cr;□ &cr;&cr;전&cr;략목표&cr;&cr;&cr;&cr; ㅇ 민생경제의 포용적 역할 강화&cr;&cr;&cr;&cr; ㅇ 생산적 금융을 통한 경제 활력 제고&cr;&cr;&cr;&cr; ㅇ 국가자산의 공공가치 강화&cr;&cr;&cr;&cr; ㅇ 지속가능 경영관리 고도화&cr;&cr;  &cr;□ 전략과제&cr; ㅇ 금융소외계층 채무종결을 통한 새도약 지원&cr; ㅇ 민생경제 안정 및 회복 지원&cr; ㅇ 한계기업 재기를 위한 금융 지원&cr;&cr;&cr; ㅇ 금융회사 선제적 지원을 통한 건전성 제고&cr; ㅇ 기업자산 유지 기반 맞춤형 지원 강화&cr; ㅇ 자본시장 협업 기반 기업 활력 지원&cr; ㅇ 국유재산 최적화를 통한 활용가치 증대&cr; ㅇ 가치창출형 공공개발 고도화&cr; ㅇ 공공자산 안정적 관리 지원&cr; ㅇ AI   디지털 미래 역량 강화&cr; ㅇ 안전 및 사회적 책임경영 내실화&cr; ㅇ 경영관리 내실화를 통한 성장 기반 구축&cr;&cr;,정정훈,20250507-20280506,ㅇ 2023.  기획재정부 세제실장&cr;ㅇ 2022.  기획재정부 조세총괄정책관&cr;ㅇ 2021.  기획재정부 소득법인세정책관&cr;ㅇ 2016.  기획재정부 조세정책과장&cr;ㅇ 2011.  기획재정부 기금운용계획과장,부산광역시,부산광역시 남구 문현금융로 40(문현동),http://www.kamco.or.kr,220-82-00779,-
282,한국잡월드,기타공공기관,고용노동부,고용정책기본법 제18조의2(한국잡월드의 설립 등),20111103,청년실업 및 인력수급 불균형 완화를 위한 장기대책으로 어린이·청소년 ·청년의 건전한 미래지향적 직업관 형성과 직업선택 ·진로설계를 지원하는 종합직업체험관 운영,1. 직업 관련 자료 ·정보의 전시 및 제공&cr;2. 직업체험프로그램 개설 ·운영&cr;3. 청소년 및 청년 등에 대한 직업교육프로그램 개설 ·운영&cr;4. 교사 등에 대한 직업지도 교육프로그램 개설 ·운영&cr;5. 직업상담 및 직업심리검사 서비스 제공&cr;6. 직업 관련 자료 ·정보의 전시기법 및 체험프로그램 연구 ·개발&cr;7. 국제협력과 그 밖의 부대사업,2011년 11월 한국잡월드 법인 설립&cr;2012년 1월 초대 이사장 취임&cr;2012년 5월 한국잡월드 개관&cr;2012년 10월 '기타 공공기관'으로 지정&cr;2015년 2월 제2대 이사장 취임&cr;2018년 6월 제3대 이사장 취임&cr;2020년 11월 숙련기술체험관 개관&cr;2021년 7월 제4대 이사장 취임&cr;2022년 6월 메카이브(만들기 체험관)개관&cr;2023년 5월 방문객 700만 명 돌파&cr;2023년 7월 제 5대 이사장 취임,O 고객경험관리 고도화&cr;- 고객중심 운영 서비스 혁신&cr;- 체험-놀이-교육 연계 복합문화공간 활성화&cr;- 기관 브랜드 인지도 강화&cr;O 고객유치 경쟁력 강화&cr;- 창의융복합형 미래직업 콘텐츠 강화&cr;- 수요자 맞춤형 직업진로교육 강화&cr;- 마케팅 혁신을 통한 고객 확대&cr;O ESG 경영체계 확립&cr;- 친환경·안전 경영 실천&cr;- 業 연계 전략적 협력 확대&cr;- 이해관계자 참여를 통한 책임경영 확립&cr;O 경영혁신을 통한 수익구조 개선&cr;- 전사적 노력을 통한 재무성과 제고&cr;- 직무 성과 중심 조직운영 강화&cr;- 마케팅 혁신을 통한 스폰서십 활성화,이병균,20230731-20260730,대통령소속 경제사회노동위원회 자문위원&cr;(사)재난안전드론협회 회장&cr;한국노동조합총연맹 사무총장,경기도,경기도 성남시 분당구 분당수서로501,http://www.koreajobworld.or.kr,129-82-12308,-
283,한국장애인개발원,기타공공기관,보건복지부,장애인복지법 제29조의2(한국장애인개발원의 설립등),19890428,장애인복지의 종합적이고 체계적인 조사·연구·평가 및 정책개발  복지진흥 등을 수행함으로써 장애인 복지발전에 기여,1. 장애인복지에 관한 정보의 수집ㆍ분석ㆍ관리  조사ㆍ연구ㆍ정책개발 및 국제개발 등의 국제협력 사업&cr;2. 장애인에 대한 사회적 인식개선 등 장애인복지 관련 교육  홍보  컨설팅&cr;3. 중증장애인 직업재활지원 및 재정지원 장애인일자리 개발ㆍ지원&cr;4. 중증장애인생산품에 대한 공공기관의 우선구매 촉진 지원&cr;5. 편의시설 설치 기술지원  장애물 없는 생활환경 조성 등 장애인 편의증진 사업지원&cr;6. 장애인 재난안전 대응 지침 개발ㆍ보급 등 장애인 안전대책 강화를 위한 사업&cr;7. 그 밖에 장애인복지와 관련하여 국가 또는 지방자치단체로부터 위탁받은 사업,o 1989. 4. 재단법인 한국장애인복지체육회 설립&cr;o 2005. 10. 장애인체육업무 대한장애인체육회로 이관&cr;o 2007. 4. 기타공공기관 지정(기획재정부)&cr;o 2007. 11. 중증장애인직업재활지원사업 수행기관 지정&cr;o 2008. 4. 한국장애인개발원 출범(명칭 및 사업변경)&cr;o 2009. 6. 중증장애인생산품 업무수행기관 지정&cr;o 2010. 1. 장애인일자리전문관리지원 사업수행기관 지정&cr;o 2013. 3. 중앙장애아동·발달장애인지원센터 개소&cr;o 2013. 6. 인천전략이행 사무국 지정&cr;o 2015. 1. 장애아가족 양육지원 사업수행기관 지정&cr;o 2015. 2. 발달장애인 공공후견지원 사업수행기관 지정&cr;o 2016. 1. 지역발달장애인지원센터 업무수행기관 지정&cr;o 2016. 9. 발달장애인 부모교육지원 사업수행기관 지정&cr;o 2018. 9. 발달재활서비스 자격관리 업무수행기관 지정&cr;o 2019. 3. 장애인식개선교육 지원 사업 개시&cr;o 2021. 4. 중앙장애인지역사회통합지원센터 지정,&cr;▷ 미션: 우리는 정책개발과 자립지원을 통해 모두가 공감하는 통합사회를 만들어간다.&cr;&cr;▷ 비전: 장애인의 권리와 자립을 실현하는 대한민국 대표 기관&cr;&cr;▷ 핵심가치(KODDI): 전문성(Knowledge)  공감(Open mind)  소통(Dialogue)  책임(Integrity)&cr;&cr;▷ 전략목표 및 전략과제&cr;1. 맞춤형 장애정책 확산&cr;o 장애인 삶의 질 향상 정책 강화&cr;o 데이터·AI 활용 기반 마련&cr;o 국내·외 장애정책 교류 확산&cr;&cr;2. 체감도 높은 권리보장 강화&cr;o 발달장애인 생애주기별 지원서비스 강화&cr;o 장애아동 가족지원 체계 강화&cr;o 모두를 위한 생활환경 조성&cr;&cr;3. 자립을 통한 사회참여 확대&cr;o 중증장애인 맞춤형 직업재활 강화&cr;o 상생협력 기반 우선구매제도 다각화&cr;o 장애인 자립지원 체계 구축&cr;&cr;4. 지속가능한 경영혁신 실천&cr;o AI 전환 대비 미래역량 혁신&cr;o 윤리·투명·소통으로 공정한 거버넌스 확립&cr;o ESG·안전 중심 조직운영 체계 강화&cr;,이경혜,20230307-20260306,(사)문화복지 공감 대표&cr;제6대 부산광역시의회 의원&cr;부산점자도서관 관장,서울특별시,서울특별시 영등포구 의사당대로 22 이룸센터 5층,https://www.koddi.or.kr,219-82-00333,-
284,한국장애인고용공단,준정부기관(위탁집행형),고용노동부,장애인고용촉진 및 직업재활법 제43조,19900901,장애인이 직업생활을 통하여 자립할 수 있도록 지원하고  사업주의 장애인 고용을 전문적으로 지원하기 위함,ㅇ 장애인의 고용촉진 및 직업재활에 관한 정보의 수집ㆍ분석ㆍ제공 및 조사ㆍ연구&cr;ㅇ 장애인에 대한 직업상담  직업적성검사  직업능력 평가 등 직업지도&cr;ㅇ 장애인에 대한 직업적응훈련  직업능력개발훈련  취업알선  취업 후 적응지도&cr;ㅇ 장애인 직업생활 상담원 등 전문요원의 양성ㆍ연수&cr;ㅇ 사업주의 장애인 고용환경 개선 및 고용 의무 이행 지원&cr;ㅇ 사업주와 관계 기관에 대한 직업재활 및 고용관리에 관한 기술적 사항의 지도ㆍ지원&cr;ㅇ 장애인의 직업적응훈련 시설  직업능력개발훈련시설 및 장애인표준사업장 운영&cr;ㅇ 장애인의 고용촉진을 위한 취업알선 기관 사이의 취업알선 전산망 구축ㆍ관리  홍보ㆍ교육 및 장애인 기능경기 대회 등 관련 사업&cr;ㅇ 장애인 고용촉진 및 직업재활과 관련된 공공기관 및 민간 기관 사이의 업무 연계 및 지원&cr;ㅇ 장애인 고용에 관한 국제 협력&cr;ㅇ 그 밖에 장애인의 고용촉진 및 직업재활을 위하여 필요한 사업 및 고용노동부장관 또는 중앙행정기관의 장이 위탁하는 사업,본부(2이사  8실국)  소속기관(1고용개발원  6직업능력개발원  6지역본부  17지사  1보조공학센터)&cr;ㅇ 1990.1.13. "장애인고용촉진등에관한법률" 공포(제4219호)&cr;ㅇ 1990.9.1. 한국장애인고용촉진공단 설립&cr;ㅇ 1992~2002 직업능력개발원 5개소 설치&cr;ㅇ 1993~2012 지사 18개소 설치&cr;ㅇ 2000.1.12. "장애인고용촉진및직업재활법" 공포(법률 제6166호)&cr;ㅇ 2000.1.1. 고용개발원 설치&cr;ㅇ 2004.1.29. 의무고용사업주 범위 확대  300인 이상 → 50인 이상&cr;ㅇ 2005.5.31. 업종별 적용제외율 폐지&cr;ㅇ 2007.7.13. 자회사형 표준사업장제도 도입&cr;ㅇ 2007.12.27. 장애인 인식개선교육 실시의무  정부부문 장애인 의무고용률 상향조정 등&cr;ㅇ 2010.1.1. 의무고용률 상향조정(공공부문 3%  민간부문 2.7%)  중증장애인 2배수 고용 인정  한국장애인고용공단으로 명칭 변경&cr;ㅇ 2011 장려금 부정수급 추가징수액 상향(2배→5배까지)&cr;ㅇ 2012.1.1. 고용계획 및 실시상황 보고기한 단축(90일 이내→ 1.31) 및 보고횟수 확대(연 1회→ 연 2회)&cr;ㅇ 2017.1.1. 의무고용률 상향조정(2017~2018년도: 공공부문 3.2%  민간부문 2.9%  2019년도~ : 공공부문 3.4%  민간부문 3.1%)&cr;ㅇ 2018.1. 지사 2개소 설치(서울동부  경기동부지사)&cr;ㅇ 2019.1.1. 지역본부제 도입(서울  부산  대구  광주  대전  경기)&cr;ㅇ 2020.12.31. 훈련센터를 지역본부ㆍ지사로 편제&cr;ㅇ 2021.6.30. 보조공학센터 1개소 설치&cr;ㅇ 2022.1.1. 지사 2개소 설치(서울북부  경기서부지사)&cr;ㅇ 2024.1.1. 경기남부직업능력개발원  경남서부지사 설치,<중장기 경영목표('26-'30)>&cr;ㅇ 미션: 안전하게 일할 기회와 여건을 넓혀 장애인과 함께 일하는 사회를 만듭니다&cr;ㅇ 비전: 모두 행복하게 일하는 내일을 만드는 장애인 고용 통합 서비스 기관&cr;ㅇ 핵심가치&cr;- 공감&cr;- 통합&cr;- 신뢰&cr;- 성장&cr;ㅇ 경영방침&cr;- 책임경영&cr;- 포용경영&cr;- 윤리경영&cr;- 미래경영&cr;ㅇ 경영목표&cr;- 장애인 취업지원 플랫폼 도달률 32.0%&cr;- 고용의무사업체 장애인 고용률 3.73%&cr;- 장애인 직업능력개발 인원 2.3만명&cr;- KEAD혁신성과 지수 95점&cr;ㅇ 전략방향 및 전략과제&cr;- 스마트 통합 취업지원 플랫폼 강화&cr;·AI·데이터 기반 개인 맞춤 취업지원 고도화&cr;·고용 취약 장애인 특화지원 확대&cr;·미래 직무 수요 발굴 및 서비스 연계&cr;·차세대 고용서비스 인프라 전환&cr;- ESG 기반 포용적 일자리 창출&cr;·고용기반 확대 상생 생태계 조성&cr;·스마트 컨설팅을 통한 기업 고용역량 강화&cr;·의무고용 이행지원 강화 양질의 일자리 확대&cr;·표준사업장 지원을 통한 고용유지 강화&cr;- 경쟁력 있는 미래 장애인재 양성&cr;·AI·신산업 인재 육성&cr;·수요 기반 맞춤형 훈련 강화&cr;·장애인 생애주기 직무역량 강화&cr;·개방형 민관협력  직업능력개발 강화&cr;- 포용적 고용안정 지원 강화&cr;·고용유지 근로지원 서비스 고도화&cr;·스마트 보조공학 지원 확대&cr;·포용적  장애인 고용 인식 확산&cr;·장애인을 위한 안전하고 편한 일터 확대&cr;- 신뢰 기반 지능형 혁신체계 구축&cr;·ESG·책임  경영 내재화&cr;·지능형 장애인고용 통합서비스 구현&cr;·미래지향 조직·HRD 혁신체계 구축&cr;·혁신 정책·서비스 연구 역량 강화,이종성,20240919-20270918,제21대 국회의원&cr;한국지체장애인협회 사무총장&cr;문화체육관광부 체육국 장애인문화체육과장,경기도,경기도 성남시 분당구 구미로 173번길 59,https://www.kead.or.kr,106-82-06690,-
285,한국장학재단,준정부기관(위탁집행형),교육부,한국장학재단 설립 등에 관한 법률,20090507,학자금대출 및 장학사업 등을 효율적으로 운영하여 경제적 여건과 관계없이 의지와 능력만 있으면 누구나 공부할 수 있는 여건을 마련함으로써 국가에서 필요로 하는 인재육성에 기여,1. 학자금 지원사업과 그 효과성 분석 &cr;2. 학자금 지원 프로그램 개발 &cr;3. 학자금 지원 관련 상담 및 정보 제공 &cr;4. 고등교육기관의 등록금 및 학자금 지원 통계 현황 조사  분석 &cr;5. 고등교육기관의 등록금 및 학자금 지원에 필요한 관련 자료의 제공 &cr;6. 중앙행정기관  지방자치단체  공공기관  법인 또는 개인 등으로부터 위탁받은 학자금지원 사업 관리 &cr;7. 인재 육성을 위한 지원 프로그램 개발 및 운영 &cr;8. 기숙사 등 학생 복지시설 등의 설치  운영 &cr;9. 대학생 근로장학사업 관리 및 관련 협력 프로그램 운영 지원 &cr;10. 그 밖에 재단의 설립 목적 달성에 필요한 학자금 지원 등에 관련된 사업 등,2008. 02. 맞춤형 국가장학제도 구축 국정 중점과제 선정 &cr;2008. 05. 맞춤형 국가장학제도 구축 기본방안 수립 &cr;2008. 10. 한국장학재단 설립 등에 관한 법률 정부안 확정 &cr;2009. 02. 법률 공포 및 한국장학재단 설립준비위원회 발족 &cr;2009. 05. 한국장학재단 설립(초대 이사장 이경숙 박사 취임) &cr;2009. 06. 한국장학재단 채권 신용등급 AAA획득한국기업평가 &cr;2009. 07. 한국장학재단 학자금 직접대출 실시  재단채 최초 발행 &cr;2009. 11. 든든학자금(취업 후 학자금 상환제도) 시행 발표 &cr;2010. 01. 위탁집행형 준정부기관 지정 &cr;2010. 01. 취업 후 학자금 상환 특별법 제정 및 취업 후 상환 학자금대출 시행&cr;2010. 05. 한국 인재 멘토링 네트워크 출범 &cr;2010. 06. 제1회 국제학자금 정책포럼 개최 &cr;2010. 10. 국제신용등급(Moody's: A1 & Fitch: A+) 취득 &cr;2010. 11. 한국장학재단 서비스센터 KS인증 획득 &cr;2011. 06. '10년도 공공기관 경영평가 기관 평가 A등급 획득 &cr;2011. 07. 법정기부금단체 지정 &cr;2011. 11. 금융형 공공기관 지정 &cr;2011. 11. 제2회 국제학자금 정책포럼 개최 &cr;2011. 12. 여성가족부 가족친화 경영 우수기관 선정 &cr;2012. 01. 등록금 부담 완화를 위한 국가장학금 사업 시행 &cr;2012. 02. 취업연계 신용회복지원제도(ICCRS) 시행 &cr;2012. 05. 일반학자금 특별상환 유예제도 시행 &cr;2012. 11. 제3회 국제학자금 정책포럼 개최 &cr;2013. 05. 제2대 곽병선 이사장 취임 &cr;2013. 05. 중소기업 취업연계 장학금(희망사다리) 실시&cr;2014. 01. 다자녀 국가장학금 및 지방인재 장학금 시행&cr;2014. 07. 한국장학재단 저금리 전환대출 시행&cr;2014. 07. 부산 학자금지원센터(맞춤형 카운슬링 센터) 개소&cr;2014. 10. 공공기관 정상화대책 중간평가 '양호'기관 선정&cr;2014. 11. 공공부문 인적자원개발 우수기관(Best-HRD) 인증&cr;2015. 01. 사회보장정보시스템 연계 소득분위 산정체계 개편&cr;2015. 05. 제4회 국제학자금 정책포럼 개최&cr;2015. 06. 예체능계 국가우수장학사업 시행&cr;2015. 09. 한국장학재단 대학생연합생활관 착공&cr;2015. 11. 한국장학재단 본사 대구이전 완료&cr;2015. 11. 대구 학자금지원센터(맞춤형 카운슬링 센터) 개소&cr;2015. 11. 서울 학자금지원센터(맞춤형 카운슬링 센터) 개소&cr;2016. 05. 제5회 국제학자금 정책포럼 개최&cr;2016. 05. 제3대 안양옥 이사장 취임&cr;2016. 07. 광주 학자금지원센터(맞춤형 카운슬링 센터) 개소&cr;2016. 12. 전국장학재단협의회 설립&cr;2016. 12. 한국장학재단 대학생연합생활관 완공&cr;2017. 01. 경기 학자금지원센터(맞춤형 카운슬링 센터) 개소&cr;2017. 03. 한국장학재단 대학생연합생활관 개관&cr;2017. 03. 대전 학자금지원센터(맞춤형 카운슬링 센터) 개소&cr;2017. 04. 강원 학자금지원센터(맞춤형 카운슬링 센터) 개소&cr;2017. 05. 2017년 전국 멘토링 네트워크 구축&cr;2017. 07. 지자체 등과 협약을 통한 청년 부실채무자 지원사업 실시&cr;2017. 11. 제6회 국제학자금 포럼 개최&cr;2017. 12. 2017년 전국장학재단협의회 총회 개최&cr;2018. 01. 파란사다리 장학 사업 실시&cr;2018. 03. 전국 14개 광역지자체 학자금대출 이자지원 협약 체결&cr;2018. 07. 고졸 후학습자 장학  고교취업연계장려금 지원 실시&cr;2018. 08. 제4대 이정우 이사장 취임&cr;2018. 09. 대구 소재 12개 공공기관 지역상생발전 업무협약 체결&cr;2018. 11. 제7회 국제학자금 포럼 개최&cr;2019. 04. 복권기금 꿈사다리 장학사업 실시&cr;2019. 05. 창립 10주년 심포지엄 개최&cr;2019. 08. 사회적 가치 채권 발행&cr;2019. 10. 창업지원형 기숙사 개관&cr;2020. 03. 전문기술인재장학금  고졸 취업 활성화 지원 사업 실시&cr;2020. 06. 교육부(한국장학재단) 중앙취업지원센터 개소&cr;2020. 07. 제8회 국제학자금 포럼 개최&cr;2021. 01. 국제표준 안전보건경영시스템(ISO45001) 인증 취득&cr;2021. 10. 제5대 정대화 이사장 취임&cr;2021. 12. 노사공동 ESG경영 선포식 개최&cr;2021. 12. 대한민국인재상 시상&cr;2022. 07. 중견기업 일자리 박람회 개최&cr;2022. 11. 제9회 국제학자금 포럼 개최&cr;2023. 01. 제6대 배병일 이사장 취임&cr;2023. 01. 학점은행제 학습자 학자금대출  교육급여 바우처 사업 실시&cr;2024. 01. 대학원 대통령과학장학금  한일 대학생 연수 사업 실시&cr;2025. 01. 주거안정장학금 사업 실시&cr;2025. 08. 석사우수장학금(이공계) 사업 실시&cr;2026. 03. 제7대 박창달 이사장 취임,1. 미션: 학생의 가능성을 키우는 교육지원으로 미래인재 양성&cr;&cr;2. 비전: 학생의 성장과 미래를 연결하는 국가 교육복지 플랫폼&cr;&cr;3. 핵심가치: 공정지원  책임실천  혁신선도  국민체감&cr;&cr;4. 경영목표&cr;1) 맞춤형 국가장학금 수혜율 80%&cr;2) 학자금대출 초저금리(1%대) 지원&cr;3) 인재 역량 성장 7만명 지원&cr;4) 고객만족도(PCSI) 최고등급 유지&cr;&cr;5. 전략목표 및 전략과제&cr;1) 학비부담 완화 및 국가 우수인재 양성&cr;① 국가장학금 지원 및 관리체계 강화&cr;② 국가의 미래를 선도하는 우수 인재 양성&cr;③ 사회진출을 지원하는 취업연계 장학금 확대&cr;2) 기본생활 지원을 위한 학자금대출 확대&cr;① 취업 후 상환 학자금대출 전면 확대&cr;② 상환부담 완화를 위한 이자지원 및 신용회복지원&cr;③ 학자금대출 재무 건전성 강화&cr;3) 미래인재 성장 다층적 지원체계 확립&cr;① 청소년 역량개발 및 성장지원&cr;② 주거안정 및 창업역량 강화를 통한 청년 성장기반 마련&cr;③ 맞춤형 멘토링 및 민간기부 연계 지원 확대&cr;4) AI기반 혁신을 통한 ESG 안전 성장 경영&cr;① AIㆍ데이터 기반 혁신ㆍ효율 경영&cr;② 모두가 안심하는 안전책임ㆍ친환경 경영&cr;③ 함께 성장하는 상생ㆍ투명 경영,박창달,20260330-20290329,대한민국헌정회 대구광역시 지회장&cr;한국자유총연맹 총재&cr;국회의원,대구광역시,대구광역시 동구 신암로 125,www.kosaf.go.kr,104-82-10922,-
286,한국재정정보원,준정부기관(위탁집행형),기획예산처,「한국재정정보원법」,20160701,디지털예산회계시스템을 안정적으로 운영·관리하고 국가재정 관련 정책의 개발을 지원함으로써 국가재정 업무의 발전에 이바지하고  디지털예산회계시스템의 수출 등 재정정보화 분야의 국제협력을 강화함으로써 국제사회의 재정정보화에 이바지,-「국가재정법」제97조의2에 따른 디지털예산회계시스템의 구축 및 운영에 관한 사항&cr;- 기획재정부문 사이버안전서비스 업무&cr;- 재정정책 수립에 필요한 통계정보의 생산·분석 및 제공과 이에 관련된 연구사업&cr;- 재정정보 관련 대국민 인터넷 포털의 운영에 관한 사항&cr;- 디지털예산회계시스템의 수출 등 재정 정보화 분야의 국제협력&cr;-「보조금 관리에 관한 법률」제26조의7에 따른 보조금통합관리망 운영 등에 관한 사항&cr;-「보조금 관리에 관한 법률 시행령」제10조의8에 따른 보조금의 예탁 등에 관한 사항&cr;-「국가재정법 시행령」제52조에 따른 재정교육 사업의 운영 및 콘텐츠 개발에 관한 사항&cr;- 그 밖에 기획예산처  국가기관 또는 지방자치단체  공공기관으로부터 위탁받은 사업,- 2016.07. 한국재정정보원 개원  디지털예산회계시스템(dBrain) 운영&cr;- 2017.01. 기타공공기관 지정&cr;- 2017.07. 국고보조금통합관리망(e나라도움) 운영&cr;- 2018.01. 준정부기관(위탁집행형) 지정&cr;- 2022.01. 차세대 디지털예산회계시스템(dBrain+) 개통&cr;- 2023.01. 기타공공기관 지정&cr;- 2025.01. 준정부기관(위탁집행형) 지정,[미      션]&cr;- 재정정보화를 통해 국가 재정업무 발전에 기여&cr;&cr;[비      전]&cr;- 국민의 든든한 재정혁신 허브&cr; &cr;[핵심가치]&cr;- 신뢰  혁신  공감&cr;&cr;[경영방침]&cr;- 안전  전문성  협력&cr;&cr;[전략목표]&cr;- 재정혁신 성과 창출&cr;- 재정시스템 안정성 제고&cr;- 국민체감형 재정서비스 강화&cr;- 지속가능한 경영혁신 실현,윤석호,20250312-20280311,- 기획재정부 국고국 국유재산심의관&cr;- 기획재정부 기획조정실 기획재정담당관&cr;- 기획재정부 공공정책국 평가분석과장,서울특별시,서울특별시 중구 후암로 110(남대문로5가),www.fis.kr,782-82-00092,-
287,한국저작권보호원,기타공공기관,문화체육관광부,저작권법 제122조의2(한국저작권보호원의 설립),20160930,저작권 보호를 위한 시책 수립지원 및 집행과 저작권 보호와 관련한 사항을 심의하며 저작권 보호에 필요한 사업을 수행하여 문화 및 관련 산업의 향상발전에 이바지함을 목적으로 한다, 1. 저작권 보호를 위한 시책 수립지원 및 집행&cr;2. 저작권 침해실태조사 및 통계 작성&cr;3. 저작권 보호 기술의 연구 개발&cr;3의2. 저작권 보호를 위한 국제협력&cr;3의3. 저작권 보호를 위한 연구·교육 및 홍보&cr;4. 「사법경찰관리의 직무를 수행할 자와 그 직무범위에 관한 법률」제5조제26호에 따른 저작권 침해 수사 및 단속 사무 지원&cr;5. 저작권법 제133조의2에 따른 문화체육관광부장관의 시정명령에 대한 심의&cr;6. 저작권법 제133조의3에 따른 온라인 서비스 제공자에 대한 시정권고 및 문화체육관광부 장관에 대한 시정명령 요청&cr;7. 법령에 따라 보호원의 업무로 정하거나 위탁하는 업무&cr;8. 그 밖에 문화체육관광부장관이 위탁하는 업무,'16. 03. 02. 저작권법 개정&cr;'16. 03. 28. 한국저작권보호원 설립추진단 발족&cr;'16. 09. 30. 한국저작권보호원 출범&cr;'17. 01. 26. 기타공공기관 지정&cr;'17. 03. 08. 한국저작권보호원 윤태용 제1대 원장 취임&cr;'20. 03. 16. 한국저작권보호원 박주환 제2대 원장 취임&cr;'22. 09. 16. 한국저작권보호원 박정렬 제3대 원장 취임,- 경영목표 2026&cr;1) 합법저작물 이용 88%&cr;2) 해외사이트 침해 피해 구제지원 건수 250 000건&cr;3) 저작권 침해 예방 서비스 제공 건수 6 500건&cr;4) 인권영향평가 달성도 80점&cr;- 전략목표&cr;1) All-in-One 저작권 통합 보호체계 강화&cr;① 저작권 보호 통합관리체계 고도화&cr;② 온라인 시스템 모니터링 기능 강화&cr;③ 디지털포렌식 활용 수사 지원 확대&cr;2) 해외 저작권 침해 대응 역량 제고&cr;① K-콘텐츠 해외 침해 대응 체계 고도화&cr;② 해외기관과의 국제협력 강화&cr;③ 해외 진출 기업 저작권 보호 지원 확대&cr;3) 미래 저작권 보호 기반 조성&cr;① 기술 중심 저작권 보호체계 마련&cr;② 환경변화 및 정책 조사연구 강화&cr;③ 미래지향 침해 예방 서비스 제공&cr;4) 지속 가능 성장 기반 확보&cr;① 조직혁신을 통한 효율성 및 전문성 제고&cr;② 고객과의 동반 혁신 성장 체제 구축&cr;③ 사회적 책임과 윤리 인권 경영 정착,박정렬,20220916-20250915,문화체육관광부 문화예술정책실장&cr;문화체육관광부 해외문화홍보원장&cr;문화체육관광부 국민소통실장&cr;문화체육관광부 대변인,서울특별시,서울특별시 마포구 월드컵북로 400(상암동  서울경제진흥원 4층  9층  10층),www.kcopa.or.kr,872-82-00115,-
288,한국저작권위원회,기타공공기관,문화체육관광부,저작권법 제112조(한국저작권위원회의 설립),20090723,저작권에 관한 사항을 심의하고 저작권에 관한 분쟁을 알선·조정하며  권리자의 권익증진 및 저작물등의 공정한 이용에 필요한 사업을 수행,1. 저작권 등록에 관한 업무&cr;2. 분쟁의 알선ㆍ조정&cr;3. 제105조제10항에 따른 저작권위탁관리업자의 수수료 및 사용료의 요율 또는 금액에 관한 사항 및 문화체육관광부장관 또는 위원 3명 이상이 공동으로 회의에 부치는 사항의 심의&cr;4. 저작물등의 이용질서 확립 및 저작물의 공정한 이용 도모를 위한 사업&cr;5. 저작권 진흥 및 저작자의 권익 증진을 위한 국제협력&cr;6. 저작권 연구ㆍ교육 및 홍보&cr;7. 저작권 정책의 수립 지원&cr;8. 기술적보호조치 및 권리관리정보에 관한 정책 수립 지원&cr;9. 저작권 정보 제공을 위한 정보관리 시스템 구축 및 운영&cr;10. 저작권의 침해 등에 관한 감정&cr;11. 법령에 따라 위원회의 업무로 정하거나 위탁하는 업무&cr;12. 그 밖에 문화체육관광부장관이 위탁하는 업무,`87. 07. 01 저작권심의조정위원회(前 저작권위원회) 설립&cr;`87. 12. 29 프로그램심의위원회(前 컴퓨터프로그램보호위원회) 설립&cr;`09. 07. 23. 양 기관 통합 및 『한국저작권위원회』출범&cr;`15. 06. 한국저작권위원회  『진주혁신도시』이전&cr;&cr;`23. 05. 신청사 이전 및 업무개시&cr;`23. 11. 국립저작권박물관 개관&cr;,o 경영목표&cr;- 우리 문화경제 경쟁력을 선도하는 저작권 전문기관&cr;&cr;o 경영전략&cr;- 저작권 상생 기반 조성&cr;- 저작권 산업 경쟁력 강화&cr;- 공정한 저작권 이용 문화 확산&cr;- 동반ㆍ혁신의 사회적 책임 제고,강석원,20240614-20270613,- 문화체육관광부 기획조정실장  저작권국장 등&cr;- 주 뉴욕 문화홍보관,경상남도,경상남도 진주시 소호로 117(충무공동),www.copyright.or.kr,120-82-09301,-
289,한국전기안전공사,준정부기관(위탁집행형),기후에너지환경부,전기안전관리법 제30조,19740607,전기설비에 대한 검사  점검 및 전기안전에 관한 연구  홍보 등을 통해&cr;전기재해로부터 국민의 생명과 재산을 보호,ㅇ 전기안전에 관한 조사ㆍ연구&cr;ㅇ 전기안전에 관한 기술개발 및 보급&cr;ㅇ 전기안전에 관한 전문 교육 및 정보 제공&cr;ㅇ 전기안전에 관한 홍보&cr;ㅇ 전기안전에 관한 국제기술협력&cr;ㅇ 자가용전기설비의 공사계획신고수리업무&cr;ㅇ 전기설비에 대한 검사  점검 및 기술지원&cr;ㅇ 전기사고의 원인  경위 등의 조사&cr;ㅇ 전기안전을 위하여 주무부 장관 또는 시  도지사가 위탁하는 사업&cr;ㅇ 전기설비에 대한 설계  감리 및 안전진단 등의 업무&cr;ㅇ 전기ㆍ전자제품 등 공산품에 대한 안전인증 업무&cr;ㅇ 전기안전기기에 대한 개발  설치  보급  시범운영 및 사후관리 등 기술지원 사업&cr;ㅇ 기타 전기안전관리를 위하여 필요한 사업&cr;ㅇ 해외 전기설비 기술용역 사업(안전진단  설계  감리  안전인증 및 기술자문 등),ㅇ(1974.06) 재단법인 한국전기보안협회 설립&cr;ㅇ(1975.04) 한국전기안전공사로 사명 변경&cr;ㅇ(1990.04) 특수법인 한국전기안전공사로 재발족&cr;ㅇ(1995.01) 전기안전연구원 개원&cr;ㅇ(1995.07) 재난관리책임기관으로 지정&cr;ㅇ(2000.06) 전기안전기술교육원 개원&cr;ㅇ(2001.04) 국제공인시험기관 인정&cr;ㅇ(2003.04) 국가교정기관 인정&cr;ㅇ(2012.06) 중동사무소(UAE 두바이) 개소&cr;ㅇ(2014.06) 전북 혁신도시로 이전(전라북도 완주군 / 2014.06.16)&cr;ㅇ(2015.11) 감전재해조사 국가통계기관 승인&cr;ㅇ(2016.11) 일반용전기설비 안전점검 통계기관 승인&cr;ㅇ(2021.04) 전기안전관리법 시행&cr;ㅇ(2021.12) 전기설비 검사ㆍ점검기준(KESC) 제정&cr;ㅇ(2022.12) ESS통합관리시스템 구축&cr;ㅇ(2023.08) 전기재해연구센터 설립&cr;ㅇ(2024.01) 한국전기안전공사 新 CI 선포&cr;ㅇ(2024.01) 전기안전인재개발원 개원&cr;ㅇ(2024.04) ESS안전성평가센터 설립&cr;ㅇ(2025.03) 전기안전관리 기본계획 수립,□ 경영목표&cr; 1. 국민안심(전기화재 인명피해율 6.82% 이하)&cr; 2. 기술선도(재생에너지사업 비중 25% 이상)&cr; 3. 동반성장(동반성장평가 최우수기관)&cr; 4. 미래지향(산업재해율 0.02% 이하)&cr;&cr;□ 전략방향&cr; 1. 국민안전 최우선 추구&cr;  ㅇ 전기안전관리 충실성 제고&cr;  ㅇ AI기반 안전관리체계로 대전환&cr;  ㅇ 재난안전 관리체계 선진화&cr;&cr; 2. 성장기반 고도화&cr;  ㅇ 더 안전한 에너지 전환 지원&cr;  ㅇ 친환경 안전 신기술 및 신사업 개발&cr;  ㅇ 안전을 뒷받침하는 핵심역량 강화&cr;&cr; 3. 고객중심 상생협력 강화&cr;  ㅇ 모두가 함께하는 협력 확대&cr;  ㅇ AIㆍ신산업 등 성장지원 촉진&cr;  ㅇ 규제와 진흥 조화ㆍ균형&cr;&cr; 4. 자율책임 시스템 정착&cr;  ㅇ ESG-책임경영 확산&cr;  ㅇ 일터 혁신 및 역동적 조직문화 구현&cr;  ㅇ 미래 대비 경영체질 개선,남화영,20240919-20270918, ㅇ 소방청 청장&cr; ㅇ 소방청 차장&cr; ㅇ 경기도 소방재난본부 본부장,전라북도,전라북도 완주군 이서면 안전로 111,http://www.kesco.or.kr,212-82-04696,-
290,한국전력거래소,준정부기관(위탁집행형),기후에너지환경부,전기사업법 제35조,20010402,전력시장의 공정하고 효율적인 운영과 전력계통의 안정적 운영을 추진함으로써 전력산업 및 국민경제 발전에 이바지,1. 전력시장의 개설·운영에 관한 업무&cr;2. 전력거래에 관한 업무&cr;3. 회원의 자격심사에 관한 업무&cr;4. 전력거래대금 및 전력거래에 따른 비용의 청구·정산 및 지불에 관한 업무&cr;5. 전력거래량의 계량에 관한 업무&cr;6. 전력시장운영규칙 등 제반규칙의 제정·개정에 관한 업무&cr;7. 소규모전력중개시장 개설·운영에 관한 업무&cr;8. 중개시장운영규칙 등 제반규칙의 제정·개정에 관한 업무&cr;9. 전력공급의 신뢰성 확보에 관한 업무&cr;10. 전력수급 및 송전계통 운영을 위한 급전지시 업무&cr;11. 송전계통의 안정성 유지에 관한 업무&cr;12. 전기사업법 제18조 제2항의 규정에 의한 전압 및 주파수의 측정·기록·보존에 관한 업무&cr;13. 전력수요 및 시장전망에 관한 업무&cr;14. 전력수급기본계획 수립에 관한 지원 업무&cr;15. 전기사업 인·허가에 관한 지원 업무&cr;16. 전원개발 촉진 및 도서 전력수급 지원업무&cr;17. 신에너지및재생에너지개발·이용·보급촉진법 제12조의7에 따른 공급인증서 거래시장 운영에 관한 사항&cr;18. 전력시장·계통운영에 관한 교육업무&cr;19. 거래소의 업무와 직·간접적으로 관련이 있는 업무로서 기후에너지환경부장관이 거래소에 위임한 업무&cr;20. 지능형전력망의 구축 및 이용촉진에 관한 업무&cr;21. 재생에너지전기공급사업자 및 재생에너지전기저장판매사업자의 전기사용자에 대한 전기공급을 위한 직접전력거래에 관한 업무&cr;22. 수소경제 육성 및 수소 안전관리에 관한 법률(이하 "수소법") 제25조의7 제1항에 따른 수소경제 이행 촉진을 위한 수소발전입찰시장의 운영에 관한 업무&cr;23. 수소법 제25조의7 제2항에 따른 수소발전입찰시장에 관한 운영규칙 등 제반규칙의 제정·개정에 관한 업무&cr;24. 분산에너지 활성화 특별법 제54조 제2항 분산에너지 진흥센터 사업에 관한 업무&cr;25. 기타 위 각 호의 업무에 부대되는 업무,○ 2001.03. 한국전력거래소 창립총회&cr;○ 2001.04. 한국전력거래소 설립&cr;○ 2004.03. 제주지사 신사옥 준공&cr;○ 2007.06. 천안지사 신사옥 준공&cr;○ 2014.10. 한국전력거래소 본사 이전(나주혁신도시),○ (미션) 공정한 전력시장 운영과 안정적인 전력계통 운영&cr;○ (비전) 친환경 미래를 선도하는 전력 비즈니스 융합 플랫폼&cr;○ (핵심가치) 국민신뢰  투명공정  미래선도  소통협력&cr;○ (전략목표) 전력계통 안정화로 에너지 대전환 이행  전력시장 혁신으로 에너지 신산업 활성화  탄소중립을 실현하는 에너지시스템 구축  지속가능 성과창출로 국민신뢰 제고&cr;○ (전략과제)&cr;- 무결점 전력계통 운영&cr;- AI 기반 예측 및 운영기술 혁신&cr;- 전력관제체계 개편&cr;- 회원사 중심의 공정·효율 시장운영&cr;- 전력가치 다원화를 반영한 시장제도 개선&cr;- 기후에너지 대응 신산업 활성화&cr;- 발전부문 탄소중립 이행기반 구축&cr;- 장기 전력수급 안정화 및 최적화&cr;- 에너지 정책수립 파트너십 강화&cr;- 이해관계자 협력을 통한 상생발전 실현&cr;- 기술과 역량 향상으로 성과창출 기반 확립&cr;- 투명·소통 기반 국민신뢰 강화,김성진,20260504-20290503,광주미래차모빌리티진흥원 원장&cr;산업통상자원부 대변인,전라남도,전라남도 나주시 빛가람로 625,https://www.kpx.or.kr,120-82-05834,-
291,한국전력공사,공기업(시장형),기후에너지환경부,한국전력공사법,19610701,1. 전력자원의 개발&cr;2. 발전  송전  변전  배전 및 이와 관련되는 영업&cr;3. 제1호 및 제2호의 사업에 관련되는 사업에 관한 연구 및 기술개발&cr;4. 제1호부터 제3호까지의 사업에 관련되는 해외사업&cr;5. 제1호부터 제4호까지의 사업에 관련되는 사업에 대한 투자 또는 출연&cr;6. 제1호부터 제5호까지의 사업에 딸린 사업&cr;7. 보유부동산 활용사업으로서 대통령령으로 정하는 요건의 어느 하나에 해당하는 사업&cr;8. 그 밖에 정부로부터 위탁받은 사업,한국전력공사는 전원개발 촉진  전력수급 안정화  국민경제 발전 기여를 목적으로 '한국전력공사법'에 의해 설립된 법인으로서  '공공기관의운영에관한법률'에 따라 시장형 공기업으로 분류되며  설립목적에 따라 전력자원의 개발  발전ㆍ송전ㆍ변전ㆍ배전 및 이와 관련되는 영업  연구 및 기술 개발  해외사업  투자 또는 출연  보유부동산 활용사업을 수행,○ 한성전기회사 설립(1898.1)&cr;○ 한국전력주식회사 설립(1961.7) [조선전업  경성전기  남선전기 3사 통합]&cr;○ 한국전력공사 설립(1982.1)&cr;○ 한전주 주식시장 상장(1989.8)&cr;○ 한전 주식 뉴욕증권거래소 상장(1994.10)&cr;○ 한전에서 발전부문 6개 자회사 분리(2001.4)&cr;○ 개성공단 전력공급 개시(2005.3)&cr;○ 세계 최우수 전력회사 선정 에디슨상 수상(1997 2006)&cr;○ UAE 원전사업 4기 수주(2009.12)&cr;○ 반부패 경쟁력 평가 8년연속 우수기관 선정(2006~2013  국민권익위원회)&cr;○ 공기업 고객만족도 16년 연속 최고등급 달성(1999~2014  기획재정부)&cr;○ 본사 지방이전에 따른 본사 소재지 변경(2014.12)&cr;- 이전 지역 : 광주전남혁신도시(전라남도 나주시)&cr;○「포브스 글로벌 2000」글로벌 유틸리티 1위 달성(2016. 5)&cr;○ 평창 동계올림픽 무결점 전력확보 달성(2018. 2)&cr;○ CIO 100 Awards 5년 연속 수상(2020. 3)&cr;○ CDP 기후변화대응 우수기업 선정(2021. 4)&cr;○ 'IJ Global 2023 ESG Awards' 모범 프로젝트상 수상(2023.10),< 전략목표 Ⅰ > 국민편익 극대화를 위한 본원사업 역량 강화&cr;1. 국가 핵심 전력망·에너지고속도로 적기 구축&cr;2. AI·디지털 혁신을 통한 전력설비 운영 고도화&cr;3. 고객 중심의 서비스 플랫폼·제도 혁신&cr;< 전략목표 Ⅱ > 탄소중립 달성을 위한 기후위기 적극 대응&cr;4. 신재생에너지 확산을 통한 에너지 대전환 선도&cr;5. 수요관리 혁신으로 에너지 소비효율 향상&cr;6. 온실가스 감축 노력 강화 및 공급망 ESG 확산&cr;< 전략목표 Ⅲ > 해외·성장사업 영역 확장으로 전력산업 新성장동력 확보&cr;7. 핵심 에너지신기술 개발 및 사업화 확대&cr;8. 플랫폼 기반 에너지 신사업 활성화 주도&cr;9. 청정에너지·그리드 중심 전력산업 수출 동력화&cr;< 전략목표 Ⅳ > 전방위 경영혁신 추진을 통한 지속가능한 경영기반 확립&cr;10. 고강도 자구대책의 속도감 있는 이행&cr;11. 전력시장 제도 및 요금체계 합리화&cr;12. 내부역량 제고를 위한 인사·조직 혁신&cr;13. AI·디지털 인프라 확충 및 정보보안 강화&cr;< 전략목표 Ⅴ > 에너지산업 생태계 전반의 사회적 가치 창출 선도&cr;14. 생명·안전 최우선의 경영 패러다임 정착&cr;15. 두텁고 촘촘한 에너지복지 실현&cr;16. 동반성장을 통한 지역상생 발전 견인&cr;17. 국민이 신뢰하는 청렴·윤리문화 확립,김동철,20230919-20260918,국회 제17ㆍ18ㆍ19ㆍ20대 국회의원&cr;국민의당ㆍ바른미래당 원내대표&cr;국회 국토교통위원회 위원장&cr;국회 산업통상자원위원회 위원장,전라남도,전라남도 나주시 전력로 55,home.kepco.co.kr,120-82-00052,-
292,한국전력국제원자력대학원대학교,기타공공기관,기후에너지환경부,고등교육법 제4조 및 제30조,20110919,□전력 및 원자력산업분야 글로벌 리더십을 갖춘 실무형 전문인력 양성&cr;□글로벌 인적 네트워크 강화를 통한 한국의 원전수출 기반 마련,□전력 및 원자력산업 분야 글로벌 리더십을 갖춘 실무 전문 인력 양성&cr;□저탄소 녹색성장 선도를 통한 세계적 에너지 변화 흐름 주도&cr;□글로벌 인적 네트워크 구축 및 육성을 통한 한국 원전 해외수출 이바지,2009. 12. 학교법인 설립 인가 획득&cr;2011. 9. 대학 설립 인가 획득&cr;2012. 3. 제1회 입학식 및 초대 총장 취임&cr;2015. 2. 제2대 총장 취임&cr;2016. 11. 주 출연사 변경(KEPCO→KHNP)&cr;2017. 1. 기타공공기관 지정(주무부처: 산업통상자원부)&cr;2018. 4. 제3대 총장 취임&cr;2018. 9. 에너지정책학과 신설  학기제 개편(3학기→2학기) 이사회 의결&cr;2021. 4. 제4대 총장 취임&cr;2022. 8. ENEN(유럽원자력교육연합) 정식 회원 가입&cr;2023. 2. 교육국제화역량 인증대학 유지 및 우수인증대학 선정(교육부)&cr;2023. 9. IAEA INMA(IAEA 원자력 석사 교육과정 인증프로그램) 인증 획득&cr;2023. 11. 박사과정 신설 승인(교육부)&cr;2024. 9. 한-체코 양국 정상 참여  체코 브르노공대-KINGS NCC 설립 MOU 체결,□비전&cr;- 작지만 강한 명품 대학 '2030 World Best KINGS'&cr;&cr;□핵심 가치&cr;- 탄소 중립 에너지 사회 실천&cr;&cr;□중장기 경영 목표&cr;- 차별화된 실무교육을 통한 글로벌 인재 양성&cr;- R&D 혁신을 통하여 에너지 산업/수출 리더로 도약&cr;- ESG 경영을 통한 기관의 지속가능성 확보 , 공석,-,-,울산광역시,울산광역시 울주군 서생면 해맞이로 658-91,https://kings.ac.kr,610-82-71588,-
293,한국전력기술주식회사,공기업(준시장형),기후에너지환경부,상법 제317조 : 상법상 주식회사,19751001,친환경 에너지 기술을 기반으로 미래 에너지산업을 선도하여 국민 삶의 질 향상에 기여한다,ㅇ 원자력  화력 등 신규발전소 설계(발전소 독자 설계모델 확보)&cr;ㅇ 발전소 성능개선  해체(사후관리 기술서비스)&cr;ㅇ 환경  신재생에너지  에너지신사업 등 수행&cr;ㅇ 발전소 EPC사업(엔지니어링 핵심역량 기반 설계-구매-시공  시운전 일괄 수행)&cr;  *  EPC : 설계(Engineering)  구매(Procurement)  시공(Construction)&cr;ㅇ 에너지기술 R&D : 국책 에너지 기술개발 및 핵심기술 자체개발,&cr;ㅇ 1975.10 : (주)코리아 아토믹-번즈앤드로(KABAR) 설립&cr;ㅇ 1976.11 : 한국원자력기술주식회사(KNE)로 사명 변경&cr;ㅇ 1982.07 : 한국전력공사 계열 편입  한국전력기술주식회사(KOPEC)로 사명 변경&cr;ㅇ 1987.04 : 영광 3 4호기 종합설계 주계약 체결(원전설계 국내 단독수행 개막)&cr;&cr;ㅇ 1997.01 : 한국원자력연구원의 원자로계통설계사업 인수  원전설계 통합체계 구축&cr;ㅇ&cr; &cr;2009.12 &cr;: 한국거래소(KOSPI) 주식상장&cr;&cr;ㅇ 2010.07 : 회사 영문 명칭 변경(KOPEC -> KEPCO E&C  한글명칭 변경없음)&cr;&cr;ㅇ 2015.08 : 국가균형발전특별법에 따라 경북혁신도시(김천)로 본사 이전&cr;ㅇ&cr; &cr;2017.02 : 공공기관 유형 변경지정(기타공공기관 -> 준시장형 공기업)&cr;&cr;ㅇ 2018.02 : 고리 1호기 해체 종합설계용역 수주&cr;ㅇ 2019.08 : APR1400  미국원자력규제위원회 설계인증 취득&cr;ㅇ 2021.03 : 제주해상풍력 EPC사업 수주(국내 100MW급 대단위 해상풍력사업)&cr;,&cr;ㅇ &cr;경영 목표 : 2035년 매출액 1.5조원 달성&cr;&cr;  - &cr;탄소중립 매출 1.3조원&cr;  -&cr; 에너지 안보 기여도 100%&cr;&cr;  - &cr;R&D 사업화율 70%&cr;  - &cr;ESG 종합등급 A+ 달성&cr; &cr;&cr;&cr;&cr;&cr;&cr;ㅇ 전략 뱡향&cr;&cr;  - 주력ㆍ성장사업 활성화&cr;&cr;  -&cr; 미래사업 다각화&cr;  - 에너지기술 경쟁력 확보&cr;  - 지속가능 경영체계 구축&cr;,김태균,20250415-20280414,ㅇ 前) 한국전력공사 기술혁신본부장&cr;ㅇ 前) 한국전력공사 기술기획처장,경상북도,경상북도 김천시 혁신로 269(율곡동),www.kepco-enc.com,120-81-01490,-
294,한국제품안전관리원,기타공공기관,산업통상부,제품안전기본법 제21조의2(한국제품안전관리원의 설립 등),20180921,제품의 안전관리 업무를 효율적이고 체계적으로 수행하여  기업이 안전한 제품을 제조·유통하도록 하고  국민이 안심하고 안전한 제품을 사용할 수 있는 환경조성에 이바지,ㅇ 제품안전관리제도에 관한 조사ㆍ연구 및 교육ㆍ홍보&cr;ㅇ 안전기준의 제정ㆍ개정을 위한 조사ㆍ연구&cr;ㅇ 안전기준 관련 자료의 발간ㆍ보급&cr;ㅇ 수입ㆍ유통 단계의 불법제품 및 위해 우려가 있는 제품에 대한 감시ㆍ조사&cr;ㅇ 수입ㆍ유통 제품의 안전성 조사&cr;ㅇ 제품의 수거 등의 이행점검&cr;ㅇ 제품사고 정보 및 위해 우려가 있는 제품에 관한 정보의 수집ㆍ분석 및 통계 작성ㆍ관리&cr;ㅇ 제품사고 조사ㆍ분석 및 위해도 평가&cr;ㅇ 기업 및 단체 등과의 제품안전에 관한 협력 및 지원 사업&cr;ㅇ 제품안전관리에 관한 국제협력&cr;ㅇ「전기용품 및 생활용품 안전관리법」 등 다른 법령에서 위탁하는 업무,ㅇ (2018. 9. 21) 법인설립(제품안전기본법 제21조의2)&cr;ㅇ (2020. 12. 31) 공직유관단체 지정&cr;ㅇ (2021. 5. 18) 적합성평가 부정행위 조사 전문기관 지정&cr;ㅇ (2022. 2. 8) 기타 공공기관 지정(기재부고시 2022-3호),ㅇ 비전 : 대한민국 제품안전의 미래를 책임지는 제품안전관리 전문기관&cr;ㅇ 전략목표&cr;  - 위해제품 시중 유통 차단&cr;  - 제품안전관리 역량 강화&cr;  - 지속가능 경영혁신체계 확립, 공석,-,-,서울특별시,서울특별시 서초구 매헌로 16  양재하이브랜드 17층,www.kips.kr,370-82-00297,-
295,한국조세재정연구원,기타공공기관,국무조정실,정부출연연구기관 등의 설립ㆍ운영 및 육성에 관한 법률,19920715,조세ㆍ재정ㆍ공공기관의 운영에 관련된 사항을 조사ㆍ연구ㆍ분석함으로써 국가의 조세ㆍ재정ㆍ공공기관의 운영 관련 정책 수립을 지원하고 국민경제의 발전에 기여함을 목적으로 함,ㅇ 조세 및 재정분야의 제도ㆍ행정ㆍ정책에 관한 종합연구&cr;ㅇ 정부회계 및 재정통계에 관한 연구&cr;ㅇ 공공기관 운영에 관한 정책 연구&cr;ㅇ 재정사업 평가 등에 관한 조사·연구&cr;ㅇ 제1호부터 제4호까지의 연구 또는 사업에 관련된 조사  교육·연수  연구성과 확산  공동연구  수탁 등에 관한 사항&cr;ㅇ 제1호부터 제5호까지의 부대사업 또는 기타 연구원의 목적 달성을 위하여 필요한 사업,ㅇ 1991.12.27 한국조세연구원법(법률 제4453호) 제정 공포&cr;ㅇ 1991.12.31 한국조세연구원법 시행령(대통령령 제13547호) 제정 공포&cr;ㅇ 1992.07.15 설립등기 및 초대 정영의 원장 취임&cr;ㅇ 1992.09.15 개원식&cr;ㅇ 1996.03.16 영문명칭을 Korea Tax Institute(KTI)에서 Korea Institute of Public Finance(KIPF)로 변경&cr;ㅇ 1997.09.12 한국국제조세교육센터(The korea-OECD Multilateral Tax Center)개소 (현 OECD 대한민국 정책센터  국무총리훈령으로 이관)&cr;ㅇ 1999.01.29 정부출연연구기관등의설립ㆍ운영및육성에관한법률(법률제5733호) 제정 공포&cr;ㅇ 1999.03.27 서울특별시 송파구 가락동 청사로 이전&cr;ㅇ 2003.09.01 재정분석센터(현 재정지출분석센터) 설립&cr;ㅇ 2005.10.01 세법연구센터 설립&cr;ㅇ 2007.03.15 성과관리센터 설립&cr;ㅇ 2007.04.11 기타공공기관 지정&cr;ㅇ 2009.09.03 공공기관정책연구센터(현 공공기관연구센터) 설립&cr;ㅇ 2013.07.15 한국조세재정연구원으로 기관국문명칭 변경&cr;ㅇ 2014.01.01 국가회계재정통계센터 설립&cr;ㅇ 2014.01.21 재정성과평가센터 설립(성과관리센터 확대 개편)&cr;ㅇ 2014.10.06 세종특별자치시 신청사로 이전&cr;ㅇ 2018.08.28 세정연구센터 설립&cr;ㅇ 2019.12.01 정부투자분석센터 설립&cr;ㅇ 2024.05.07. 인구정책평가센터 설립&cr;ㅇ 2024.09.26 제15대 이영 원장 취임,ㅇ 미래지향적 조세재정정책 연구 선도&cr;- 지속가능한 재정·사회를 위한 연구·사업 강화&cr;- 성장잠재력 제고를 위한 정책기반 마련&cr;- 공공혁신을 지원하는 정책연구 강화&cr;ㅇ 사회 통합과 기여를 위한 정책연구&cr;- 사회 통합을 위한 조세·재정 정책연구 강화&cr;- 조세·재정정책의 효과성 및 사회부합성 제고&cr;- 조세·재정사업 및 연구를 통한 국내외 기여 강화&cr;ㅇ 전문성 제고와 소통 강화를 통한 경영혁신&cr;- 인력·조직의 전문역량 강화&cr;- 대내외 참여·소통 체계 확립&cr;- 디지털 전환에 부합하는 업무 시스템 구축,이영,20240926-20270925,ㅇ  2020 ~ 2024 : 한양대학교 경제금융대학 학장&cr;ㅇ  2015 ~ 2017 : 제59대 교육부 차관&cr;ㅇ  2012 ~ 2015 : 한양대학교 기획처 처장&cr;ㅇ  2013 ~ 2015 : 국민경제자문회의 위원&cr;ㅇ  2002 ~ 2024 : 한양대학교 경제금융대학 조교수  부교수  정교수,세종특별자치시,세종특별자치시 시청대로 336,www.kipf.re.kr,229-82-00586,-
296,한국조폐공사,공기업(준시장형),재정경제부,한국조폐공사법(법률 제21065호  2025.10.1. 타법개정),19511001,은행권  주화  국ㆍ공채  각종 유가증권 및 정부ㆍ지방자치단체 등이 사용할 특수제품의 제조 및 이와 관련된 사업을 수행함으로써 국민경제 발전에 이바지하기 위함,○ 화폐류 제조 : 은행권  주화  기념화폐&cr;○ 보안인쇄제품 제조 : 수표  우표  상품권  증지  증채권 등&cr;○ 보안용지 제조 : 은행권 및 유가증권 등의 인쇄에 소요되는 용지&cr;○ 특수압인 제품 제조 : 기념주화  훈장  메달  금속공예품 등&cr;○ ID제품 제조ㆍ발급 : 주민등록증  여권  카드(발급ㆍ운영 시스템) 등&cr;○ 위변조방지 관련제품 제조 : 위변조 방지용 보안요소  위변조 감별기 및 인식기기 등&cr;○ 해외 수출 : 은행권  은행권용지  주화  잉크 및 ID 카드 등,○ 1951. 10. 공사 창립(부산)&cr;○ 1953. 08. 본사 이전(부산→서울)&cr;○ 1964. 10. 부산 인쇄공장 이전(대전공장)&cr;○ 1973. 04. 본사 이전(서울→대전)&cr;○ 1974. 11. 대전조폐창 발족(인쇄  제지)&cr;○ 1975. 01. 경산조폐창 발족(인쇄  주화)&cr;○ 1983. 01. 부여조폐창 발족(대전조폐창 제지시설 이전)&cr;○ 1987. 12. 본사 및 기술연구원 이전(대덕연구단지)&cr;○ 1988. 04. 옥천조폐창 발족(대전조폐창 이전)&cr;○ 1988. 06. 화폐박물관 개관&cr;○ 1999. 01. 옥천조폐창을 경산조폐창으로 통합&cr;○ 2007. 04. 공공기관 지정(준시장형)&cr;○ 2007. 07. ID본부 발족&cr;○ 2019. 02. '공공신뢰플랫폼'구축 및 '모바일 지역사랑 상품권' 서비스 개시&cr;○ 2021. 12. '차세대 전자여권' 발급개시,○ 미션 : 제조를 넘어 디지털로 가짜 없는 세상을 실현한다&cr;○ 비전 : 화폐ㆍID 기반의 제조  ICT  문화ㆍ수출기업&cr;○ 전략목표 및 전략과제&cr;1. 전통제조사업 효율화&cr;  - 제조사업 내실화&cr;  - 사업별 자원배분 효율화&cr;  - 위변조방지기술 개발&cr;&cr;2. ICTㆍ문화ㆍ수출사업 전력화&cr;  - 전통사업의 ICT전환&cr;  - 문화ㆍ수출사업 개척&cr;  - 화폐기술 기반 신사업 확대&cr;&cr;3. 혁신 기반의 경영시스템 강화&cr;  - AIㆍ데이터 기반 경영혁신&cr;  - 소통ㆍ성장지향 조직문화 구축&cr;  - 지속가능경영 선도,성창훈,20231013-20261012,국민경제자문회의 지원단장&cr;기획재정부 경제구조개혁국장&cr;기획재정부 장기전략국장,대전광역시,대전광역시 유성구 과학로 80-67(가정동),www.komsco.com,314-82-00583,-
297,한국주택금융공사,준정부기관(기금관리형),금융위원회,한국주택금융공사법(법률 19534호) 제1조,20040301,주택금융 등의 장기적  안정적 공급을 촉진하여 국민의 복지증진과 국민경제의 발전에 기여,□ 정책모기지 공급&cr;ㅇ 무주택자가 금리변동 위험에서 벗어나 내 집을 안정적으로 마련할 수 있도록 장기·고정금리·분할상환 방식의 보금자리론  적격대출 등 공급&cr;&cr;□ 유동화증권 발행&cr;ㅇ 주택담보대출채권을 기초로 유동화증권(MBS  MBB) 발행&cr;* MBS : Mortgage Backed Securities(주택저당증권)&cr;   MBB : Mortgage Backed Bonds(주택저당채권담보부채권)&cr;&cr;□ 주택금융신용보증 공급&cr;ㅇ 서민의 주거안정과 주택금융 활성화를 위해 개인의 전세자금대출  중도금대출과 주택공급자의 건설자금대출 및 임차인의 임차보증금 반환 등에 대한 신용보증 제공&cr;&cr;□ 주택연금(역모기지론)보증 공급&cr;ㅇ 55세 이상 고령자가 소유 주택에 평생 거주하면서 이를 담보로 생활자금을 매월 연금방식으로 대출받을 수 있도록 보증 제공,ㅇ 2004.03. : 한국주택금융공사 창립&cr;ㅇ 2004.03. : 보금자리론(장기고정금리 모기지론) 공급 개시&cr;ㅇ 2004.06. : 제1차 MBS 발행(5 520억원)&cr;ㅇ 2007.07. : 주택연금(역모기지) 공급 개시&cr;ㅇ 2010.06. : u-보금자리론 출시&cr;ㅇ 2010.07. : 아시아 최초 법정 커버드본드 발행(5억달러)&cr;ㅇ 2014.12. : 부산혁신도시로 본사 이전&cr;ㅇ 2019.05. : 청년맞춤형 전월세자금보증 출시&cr;ㅇ 2019.09. : 서민형 안심전환대출 공급&cr;ㅇ 2020.07. : 전세지킴보증(전세보증금반환보증) 출시&cr;ㅇ 2021.06. : 신탁방식 주택연금 출시&cr;ㅇ 2022.08. : 주택연금 가입자 10만명 돌파&cr;ㅇ 2024.04. : 민간 커버드본드에 대한 지급보증사업 혁신금융서비스 지정&cr;ㅇ 2025.04. : 소상공인 대출 상환  분담금 납부 목적 주택연금 출시,□ 비 전&cr;ㅇ 국민의 주거행복을 함께 이루어 가는 주택금융 선도기관  글로벌 HF&cr;&cr;□ 전략목표 및 전략과제&cr;ㅇ 수요자 맞춤형 주택금융 상품 공급&cr; - 무주택 국민 주거수준 향상 지원 강화&cr; - 주택 실수요자 금융비용 부담 완화&cr; - 실버세대 안정적 노후생활지원 확대&cr;&cr;ㅇ 주택금융 서비스 인프라 고도화&cr; - AI 기반 업무효율화 및 고객서비스 혁신&cr; - 사회구조 변화 대응 주택금융서비스 선도&cr; - 재원조달 고도화 및 글로벌 경쟁력 강화&cr;&cr;ㅇ 지속가능 책임경영 실현&cr; - ESG 금융 강화 및 친환경 경영 활성화&cr; - 상생금융 동반성장 등 사회적 책임 실현&cr; - 윤리경영 및 내부통제 시스템 고도화&cr;&cr;ㅇ  국민에게 신뢰받는 건전한 경영체계 확립&cr; - 선제적 안전관리 및 정보보안체계 구축&cr; - 안정적 기금운용과 재무건전성 제고&cr; - 국민중심 소통과 참여문화 확산,김경환,20240926-20270925,서강대학교 경제학과 교수&cr;한국주택금융공사 비상임이사&cr;한국주택학회 회장&cr;국토연구원 원장&cr;국토교통부 제1차관&cr;(사)한국부동산금융투자포럼 회장,부산광역시,부산광역시 남구 문현금융로 40(문현동) 부산국제금융센터, www.hf.go.kr,104-81-86269,-
298,한국중부발전(주),공기업(시장형),기후에너지환경부,전력산업구조개편촉진에관한법률 제1조~제10조,20010402,전력자원의 개발  발전 및 이와 관련되는 사업 등 안정적 전력 공급, 한국중부발전은 아래 사업을 영위함을 목적으로 합니다.&cr;1. 전력자원의 개발&cr;2. 발전 및 이와 관련되는 사업&cr;3. 상기 1 2호에 관련되는 사업에 관한 연구 및 기술개발&cr;4. 제1호부터 3호까지의 사업에 관련되는 해외사업&cr;5. 제1호부터 4호까지의 사업에 관련되는 사업에 대한 투자 또는 출연&cr;6. 제1호부터 5호까지의 사업에 관련되는 부대사업,&cr;ㅇ 2001.04. 한국중부발전주식회사 출범(2001.04.02.)&cr;ㅇ 2002.11. 보령복합화력발전소 준공 &cr;ㅇ 2005.11. 인천복합 1호기  제주내연 1호기 준공&cr;ㅇ 2007.04. 「공공기관의 운영에 관한 법률」 시행에 따른 기타공공기관 지정(2007.04.11. 고시)&cr;ㅇ 2009.12. 인천복합 2호기 준공&cr;ㅇ 2011.01. 시장형 공기업 변경 지정(2011.01.24. 고시)&cr;ㅇ 2015.01. 신규 CI 선포&cr;ㅇ 2015.05. 한국중부발전(주) 본사 지방이전(충청남도 보령시)&cr;ㅇ 2017.03. 서울화력 5호기 폐지&cr;ㅇ 2017.07. 서천화력 폐지&cr;ㅇ 2017.10. 신보령 2호기 상업운전 개시&cr;ㅇ 2018.12. 제주지역 최초 LNG복합발전소 준공&cr;ㅇ 2020.04. 왐푸수력  국내전력그룹사 최초 해외수력사업 재무준공 달성&cr;ㅇ 2020.11. 국내 최대 100MW급 영광 태양광 발전단지 준공&cr;ㅇ 2021.06. 신서천화력발전소 상업운전 개시&cr;ㅇ 2021.11. 서울발전본부 준공&cr;ㅇ 2022.05. 스웨덴 스타브로 254MW급 풍력발전단지 준공&cr;ㅇ 2023.05. 인도네시아 찌레본 2호기 상업운전 개시&cr;ㅇ 2023.05. 스웨덴 구바버겟 풍력 상업운전 개시&cr;ㅇ 2023.09. 제주 신규 LNG 복합발전소 시행 사업자 선정(2027년 12월 준공 예정)&cr;ㅇ 2023.11. 보령 신복합 1호기 착공&cr;ㅇ 2023.12. 구례  봉화 신규 양수 발전소 건설 사업자 선정&cr;ㅇ 2024.03. 베트남 반퐁 1 2호기 종합 준공&cr;ㅇ 2024.07. 강원풍력 1단계 리파워링 사업 착공&cr;ㅇ 2024.08. 용인 반도체 클러스터 집단에너지 사업허가 취득&cr;ㅇ 2025.03. 인니 자와 9호기 상업운전 개시&cr;ㅇ 2025.11. 함안복합발전소 착공&cr;ㅇ 2026.01. 미국 루시 태양광 착공&cr;,- 미션 : 친환경 에너지의 안전하고 안정적인 공급을 통해 국가발전과 국민 삶의 질 개선에 기여한다&cr;- 비전 : 미래가치를 선도하는 글로벌 종합에너지 기업 (Global Total Energy Company Leading the Next Value)&cr;- 핵심가치 : 신뢰받는 안전  공존하는 환경  실용중심 혁신  함께하는 상생&cr;- 경영방침 : 행복동행  혁신도전  가치창출&cr;- 경영목표&cr;1. 무탄소에너지 발전량 60%&cr;2. 석탄발전 전환용량  6 050MW&cr;3. 해외신재생  총매출액 1.5조원&cr;4. 중대재해 Zero&cr;5. AI 레벨 5단계&cr;6. 온실가스 감축률 70%&cr;7. 영업이익률 8%&cr;8. 부채비율 180% 이하&cr;9. 청렴도평가 1등급&cr;10. 동반성장평가 최우수 등급&cr;&cr;- 전략목표&cr;1. 청정에너지 확장과 글로벌 성장 강화&cr;2. 탄소중립 실현을 위한 친환경 발전 전환&cr;3. 안전·상생 중심 에너지생태계 확산&cr;4. AI전환 가속화 및 미래역량 혁신,이영조,20240930-20270929,한국중부발전(주) 기획관리본부장&cr;한국중부발전(주) 기획전략처장,충청남도,충청남도 보령시 보령북로 160(대천동),www.komipo.co.kr,120-86-19170,-
299,한국중소벤처기업유통원,기타공공기관,중소벤처기업부,중소기업진흥에 관한 법률 제69조 및 동법 시행령 제71조,19951221,한국중소벤처기업유통원은 치열한 시장환경 속에서 판로개척에 어려움을 겪고 있는 우수 중소기업제품의 판로확대와 신제품 개발 및 품질향상 등 상품력 강화를 통해 중소기업의 마케팅을 지원하는 중소기업 종합 판로지원 기관입니다.,ㅇ 중소기업 및 소상공인의 판로확대를 위한 교육  컨설팅  마케팅 및 유통지원 등에 관한 사업&cr;ㅇ 중소기업 및 소상공인 제품의 판로지원을 위한 뉴미디어 콘텐츠 기획  제작  운영 등에 관한 사업&cr;ㅇ 중소기업제품의 홍보 및 전시사업&cr;ㅇ 중소기업의 마케팅 능력을 제고시키기 위한 상표개발  교육 등 각종 지원사업&cr;ㅇ 중소소매유통지원과 관련 공동구매  상품개발  종합물류센터  가맹점사업 운영과 기타 이 사업과 연관된 전산개발  콜센터 업무 등을 추진하는 사업&cr;ㅇ 중소기업 기술개발제품 우선구매  기술개발제품 성능인증  공공조달 상생협력 지원제도 운영 등 공공구매지원에 관한 사업&cr;ㅇ 중소기업 제품조달계약을 위한 직접생산 여부 확인 및 그에 관한 업무 등&cr;ㅇ 중소기업제품 홈쇼핑TV(CATV)사업 및 위탁판매업&cr;ㅇ 중소기업제품의 통신판매 및 전자상거래 사업&cr;ㅇ 국내·외 백화점 등 판매시설의 설치·운영업&cr;ㅇ 중소기업 제품 판로지원을 위한 면세점의 설치  운영업 및 이와 관련된 건강기능식품 판매  의료기기 판매  주류 소매업 등&cr;ㅇ 중소기업제품 수출입업&cr;ㅇ 기타 중소기업의 판로확대 및 중소소매유통지원사업을 추진하기 위하여 중소벤처기업부 장관이 필요하다고 인정하는 사업,ㅇ 1995.12. 정부(통산부)에서 운영법인 설립승인 및 중소기업유통센터 설립&cr;ㅇ 1996.04. 중소기업제품홍보사업 실시&cr;ㅇ 1999.09. 인터넷쇼핑몰 오픈&cr;ㅇ 1999.12.「행복한세상」판매장 오픈&cr;ㅇ 2001.08. CJ홈쇼핑 업무제휴 협정&cr;ㅇ 2002.07. 농협유통과 전략적 업무제휴 체결&cr;ㅇ 2003.06. 메가박스씨네플러스와 업무제휴 체결&cr;ㅇ 2005.03. T-COMMERCE 사업자 선정(방송위)&cr;ㅇ 2005.06. (주)아이디지털홈쇼핑 법인설립&cr;ㅇ 2006.04. 멀티플렉스 영화관 메가박스 오픈&cr;ㅇ 2006.07. 중소기업 공동A/S 콜센터 시범사업 개시&cr;ㅇ 2007.04. 기타공공기관 지정&cr;ㅇ 2008.12. 제13회 백화점부문 한국유통대상 수상(대한상공회의소 주최)&cr;ㅇ 2009.09. 제4회 대한민국글로벌경영인대상 유통부문수상(한국일보 주최)&cr;ㅇ 2010.06. 2010년 대한민국 사회책임경영대상 수상(한국경제신문 주최)&cr;ㅇ 2010.12. 제15회 한국유통대상 상생협력부문 대상 수상(대한상공회의소 주최)&cr;ㅇ 2011.03. 대한민국 중소기업 'HIT500 PLAZA' 신규오픈(목동판매장 4층)&cr;ㅇ 2011.04. 중기전용 홈쇼핑 '홈앤쇼핑' 출자 (지분율 14.96%)&cr;ㅇ 2012.06. 인천공항 면세점내 KOREA HIT500 PRODUCTS 오픈&cr;ㅇ 2012.09. HIT500 플라자 확대 오픈(행복한백화점 4층)&cr;ㅇ 2013.08. 중소기업 공동A/S 콜센터 확대오픈(콜센터 상담원 45명 → 200명)&cr;ㅇ 2015.07. (주)공영홈쇼핑 개국(지분율 50%)&cr;ㅇ 2015.10. 행복한백화점 4층 'IM Shopping'으로 확대 개편&cr;ㅇ 2016.01. '아임스타즈(IMSTARS:idea made stars)' 오픈&cr;ㅇ 2018.01. 아임쇼핑 인천공항 제2터미널 면세점 오픈&cr;ㅇ 2019.02. 대·중소기업 상생 ‘동반성장몰’ 플랫폼 확대 구축&cr;ㅇ 2019.09. 대한민국 국가대표 공동브랜드『Brand K』런칭&cr;ㅇ 2019.10. 공공구매지원사업 신규추진에 따른 지원센터(대전) 설치&cr;ㅇ 2019.11. 소상공인 1인미디어 플랫폼 '가치삽시다' 구축&cr;ㅇ 2020.02. 코로나19 위기대응 공적마스크 판매처 지정 및 수급·판매&cr;ㅇ 2020.04. 공공구매종합정보망(www.smpp.go.kr) 이관에 따른 시스템오픈&cr;ㅇ 2020.04. 대한민국 국가대표 공동브랜드『Brand K』2기 업체 선정&cr;ㅇ 2020.06. 대한민국 동행세일 행사주관&cr;ㅇ 2020.09. 가치삽시다 라이브커머스 정규방송 편성 및 운영&cr;ㅇ 2020.12. 비대면 소비 촉진행사『2020 K-MAS라이브마켓』주관&cr;ㅇ 2021.04. 소상공인 전용 라이브 스튜디오 운영(행복한백화점)&cr;ㅇ 2021.06. 2021년 대한민국 동행세일 행사 주관&cr;ㅇ 2021.10. 소상공인 스마트 플래그십 스토어(3개소) 운영&cr;ㅇ 2021.11. 인천공항 중소기업 면세점 운영&cr;ㅇ 2021.12. 비대면 소비 촉진행사『2021 K-MAS라이브마켓』주관&cr;ㅇ 2022.03. 중소기업 · 소상공인 판로정보플랫폼 '판판대로' 오픈&cr;ㅇ 2022.04. 직접생산 확인제도 수행기관 지정 및 신규업무 추진&cr;ㅇ 2022.05. 행복한백화점 모바일 어플리케이션 오픈&cr;ㅇ 2022.09. 전국민 소비촉진 행사 '7일간의 동행축제' 주관&cr;ㅇ 2022.12. 한겨울의 동행축제 '윈·윈터 페스티벌' 주관&cr;ㅇ 2024.11. 한국중소벤처기업유통원으로 기관명 변경, □ 미션&cr;ㅇ 중소벤처·소상공인의 판로지원을 통해 공정하고 건강한 유통 생태계 구축&cr;&cr;□ 비전&cr;ㅇ 중소벤처·소상공인 혁신성장을 위한 통합유통플랫폼&cr;&cr;□ 전략&cr;ㅇ 마케팅인프라 지원을 통한 중소벤처기업 역량 강화&cr;ㅇ 통합유통플랫폼 기반의 판로지원 활성화&cr;ㅇ 온라인 플랫폼을 활용한 스마트 소상공인 육성&cr;ㅇ 경영혁신을 통한 기관 경쟁력 강화&cr;ㅇ 국민공감 서비스 제공으로 고객 신뢰도 제고,이태식,20230414-20260413,ㅇ 부산전시컨벤션센터(벡스코) 대표이사&cr;ㅇ 대한무역투자진흥공사(코트라) 부사장  전략마케팅본부장  북미지역본부장 겸 뉴욕무역관장&cr;ㅇ 한국전시장운영자협회 회장&cr;ㅇ 한국중소기업학회 부회장,서울특별시,서울특별시  양천구 목동동로 309(목동), www.kodma.or.kr,107-81-53660,-
300,한국지능정보사회진흥원,준정부기관(위탁집행형),과학기술정보통신부,지능정보화 기본법 제12조,19870130,지능정보사회 관련 정책의 개발과 국가기관등의 지능정보사회 시책 및 지능정보화 사업의 추진 등을 지원함으로써 지능정보사회의 기반을 조성,< 지능정보화 기본법 제12조 제3항>&cr;1. 종합계획  실행계획 및 제13조에 따른 부문별 추진계획의 수립ㆍ시행에 필요한 전문기술의 지원&cr;2. 지능정보기술의 보급을 위한 시책 수립의 지원 및 국가기관등의 지능정보기술 활용 촉진과 관련한 전문기술의 지원&cr;3. 초연결지능정보통신기반 구축ㆍ운영을 위한 전문기술의 지원&cr;4. 국가기관등의 초연결지능정보통신망의 관리ㆍ운영 및 지능정보화의 지원&cr;5. 데이터 관련 시책의 수립 지원  시범사업 추진 및 전문기술의 지원 등 데이터의 생산ㆍ관리ㆍ유통ㆍ활용의 활성화를 위하여 필요한 지원&cr;6. 정보격차의 해소  지능정보서비스 과의존 예방ㆍ해소 등 지능정보사회 역기능 해소를 위한 지원 및 연구&cr;7. 지능정보사회윤리 확립과 정보문화의 창달을 위하여 필요한 지원 및 연구&cr;8. 국가기관등의 지능정보화 사업 추진 및 평가 지원&cr;9. 지능정보사회 구현과 관련된 정책 개발을 지원하기 위한 동향분석  미래예측 및 법ㆍ제도의 조사ㆍ연구&cr;10. 지능정보화 및 지능정보사회 관련 교육ㆍ홍보ㆍ컨설팅 등 대국민 인식 제고  인력양성 및 국제협력&cr;11. 다른 법령에서 지능정보사회원의 업무로 정하거나 지능정보사회원에 위탁한 사업&cr;12. 그 밖에 국가기관등의 장이 위탁하는 사업,o 1987.01 : 한국전산원(NCA) 설립&cr;o 2003.01 : 한국정보문화진흥원(KADO) 설립&cr;o 2006.10 : 한국전산원을 한국정보사회진흥원(NIA)으로 명칭 변경&cr;o 2007.04 : 공공기관의 운영에 관한 법률에 따라 위탁집행형 준정부기관으로 지정&cr;o 2009.05 : 한국정보화진흥원(NIA)으로 통합 출범&cr;o 2015.07 : 대구  제주 혁신도시로 지방이전&cr;o 2020.12 : 한국지능정보사회진흥원(NIA)으로 명칭 변경,o 미션 : 우리는 디지털로 사회현안을 해결하고 국가미래를 열어간다&cr;o 비전 : 국가 디지털 대전환 선도기관  NIA&cr;o 전략목표 및 전략과제&cr;1. AI 활용 선도국가 구현&cr;- 국가 AI 활용 싱크탱크 역할 강화&cr;- AI 정부 전환 기반 및 서비스 제공&cr;- AI기반 공공서비스 선도·촉진&cr;2. 신뢰기반의 AI 기본사회 실현&cr;- AI 기본사회 구현을 위한 기반 조성&cr;- 포용 기술 확산 및 전국민 역량 강화&cr;- 글로벌 협력을 통한 AI·디지털 전환 혁신 확산&cr;3. 인공지능 활용 촉진 기반 강화&cr;- 국가 AI 활성화를 위한 데이터 확충&cr;- AI활용을 위한 클라우드 전환 및 생태계 활성화&cr;- 신뢰성·신기술 기반 국가 인프라 고도화&cr;4. E·S·G 경영체계 확립&cr;- 지속가능한 환경경영 실천   2040 Net-Zero 달성&cr;- 공공분야 안전 및 사회적 책임 이행 선도&cr;- 윤리적이고 투명한 기관운영 거버넌스 구축,김형철,20260401-20290331,o 소프트웨어정책연구소 소장&cr;o 정보통신기획평가원 AI·SW·자율주행 PM&cr;o 국가기술표준원 차세대컴퓨팅 국가표준코디네이터&cr;o 씬멀티미디어 부사장,대구광역시,대구광역시 동구 첨단로 53(신서동),www.nia.or.kr,135-82-04900,-
301,한국지식재산보호원,기타공공기관,지식재산처,발명진흥법 제55조의2(한국지식재산보호원의 설립),20200805,지식재산 보호에 관한 지원 사업을 통한 국가 지식재산 경쟁력 제고와 국민 경제 발전에 기여,ㅇ 국내외 지식재산 보호에 관한 조사ㆍ연구&cr;ㅇ 국내외 지식재산 보호와 관련된 기반조성 및 교육ㆍ홍보&cr;ㅇ 국내외 지식재산 보호를 위한 국제협력&cr;ㅇ 국내외 지식재산 보호를 위한 분쟁예방 및 대응 지원&cr;ㅇ 부정경쟁행위  상표권 및 전용사용권 침해에 관한 단속 사무 지원&cr;ㅇ 특허권ㆍ전용실시권 침해  부정경쟁행위  영업비밀의 취득ㆍ사용ㆍ누설 및 디자인권ㆍ전용실시권 침해에 관한 단속 사무 지원&cr;ㅇ 산업재산권 분쟁조정위원회의 업무 지원&cr;ㅇ 특허청장이 국내외 지식재산 보호를 위하여 위탁하는 업무&cr;ㅇ 공익변리사 특허상담센터의 운영&cr;ㅇ 영업비밀 보호 및 침해 예방을 위한 지원&cr;ㅇ 산업재산권 허위표시 근절을 위한 업무 지원&cr;ㅇ 국내외 지식재산 보호 관련 연구용역&cr;ㅇ 국내외 지식재산 보호 관련 정보 제공&cr;ㅇ 국내외 지식재산 보호 관련 교육  출판 및 행사&cr;ㅇ 영업비밀 원본증명 업무,ㅇ2009년 1월 : 사단법인 한국지식재산보호협회 설립&cr;ㅇ2010년 1월 : 공공기관 지정(기타공공기관)&cr;ㅇ2015년 12월 : 재단법인 한국지식재산보호원 설립*&cr; * 종전의 법인을 해산하고 새로운 법인으로 설립&cr;ㅇ2020년 8월 : 특수법인 한국지식재산보호원으로 변경*&cr; * 종전 재단법인의 권리와 의무 등 모두 승계,ㅇ 비전 : 국가지식재산 보호 중추기관  KOIPA&cr;ㅇ 전략목표 및 전략과제&cr;1) 국내 지재권 보호 활성화 기반 조성&cr;-지식재산 법률구조 지원 강화&cr;-위조상품 유통근절 및 영업비밀보호 확대&cr;-지재권 존중문화 확산&cr;2) 해외 지재권 보호 지원 강화&cr;-해외진출 기업의 지재권 보호지원 확대&cr;-K-브랜드 보호 강화&cr;-지재권 분쟁정보 제공 서비스 강화&cr;3) 사회적 가치 기반의 경영혁신 추진&cr;-합리적 경영실천으로 조직성장 도모&cr;-안전과 환경을 중시하는 조직문화 조성&cr;-반부패.청렴문화 정착, 공석,-,-,서울특별시,서울특별시 강남구 테헤란로 131(역삼동  한국지식재산센터 6층),https://www.koipa.re.kr,876-82-00077,-
302,한국지식재산연구원,기타공공기관,지식재산처,발명진흥법 제51조(한국지식재산연구원),20051209,지식재산권에 관련된 국내외 분쟁에 대한 효율적인 대응방안을 세우고 국내외 지식&cr;재산권의 동향 분석과 신지식재산권 분야에 대한 연구를 통해 산업의 기술 경쟁력&cr;제고와 국민경제 발전에 이바지함을 목적으로 함,ㅇ 국내외 지재권 동향의 수집 및 분석&cr;ㅇ 국내외 지재권 관련 정책  법· 제도의 연구&cr;ㅇ 지식재산 정책 자문 및 건의,ㅇ 2005. 12. 9 : (재)한국지식재산연구원 설립&cr;ㅇ 2010. 1. 29 : '기타 공공기관' 지정 (기획재정부)&cr;ㅇ 2013. 3. 22 : 법정 연구기관 승격 (발명진흥법 개정)&cr;ㅇ 2019. 1. 30 : 연구개발목적기관 지정 (기획재정부),1. 지식재산 연구의 선진화&cr;ㅇ 국내외 지재권 법· 제도  정책에 대한 선제적 연구 수행 및 연구 영역 확장&cr;ㅇ 연구품질 향상  연구성과 활용 방안 제고 등 연구과제의 전주기적 관리 체계 확립&cr;&cr;2. 지식재산 정책· 정보 서비스 효율화&cr;ㅇ 지식재산 관련 해외법령· 통계정보의 연구정보 서비스 체계 확립&cr;ㅇ 고품질 신속 정보제공 및 정보분석 대상 국가 확대&cr;&cr;3. 국내· 외 협력 활성화&cr;ㅇ 지식재산 분야 국제 협력 연구 기반 구축 및 확대&cr;ㅇ 지식재산 혁신성장 기여 및 정책개발을 위한 지식재산 기반 경제성장 포럼 운영,최규완,20241118-20271117,동국대학교 지식재산학과 겸임교수&cr;법무법인 바른 IP/인사노무그룹 고문&cr;특허청 특허심판원 제2  제11 심판장&cr;특허청 상표디자인 심사국 국장&cr;특허청 정보고객지원국  기획조정관 국장,서울특별시,서울특별시 강남구 테헤란로 131(역삼동) 한국지식재산센터 3층  9층,www.kiip.re.kr,220-82-06754,-
303,한국지역난방공사,공기업(시장형),기후에너지환경부,집단에너지사업법 제29조,19851101,효율적인 집단에너지 공급을 통해 기후변화협약에 능동적으로 대응하고 에너지절약 및 국민생활의 편익 증진,1. 집단에너지의 생산  수송  분배와 그 밖에 이와 관련되는 사업&cr;2. 공급시설의 설치 및 운용&cr;3.「신에너지 및 재생에너지 개발  이용  보급 촉진법」제2조제1호에 및 제2호에 따른 신에너지 및 재생에너지사업&cr;4. 제1호 부터 제3호까지의 사업에 관련되는 사업에 대한 연구 및 기술개발&cr;5. 제1호 부터 제4호까지의 사업에 대한 투자 또는 출연&cr;6. 제1호 부터 제5호까지의 사업에 딸린 사업&cr;7. 그 밖에 국가 또는 지방자치단체로부터 위탁받은 사업,ㅇ 1985.11 한국지역난방주식회사 설립&cr;ㅇ 1987.11 여의도  동부이촌동  반포지역 지역난방 공급 개시&cr;ㅇ 1992.05 집단에너지사업법에 의거 공공법인으로 전환&cr;ㅇ 1993.09 수도권 신도시 지역난방시설 준공&cr;ㅇ 1994.12 정부출자 (100억원  에너지 및 자원사업특별회계)&cr;ㅇ 2000.08 안양 및 부천 지역난방시설 매각&cr;ㅇ 2007.04 "준시장형 공기업"으로 지정 (기획재정부)&cr;ㅇ 2010.01 증시상장 및 "시장형 공기업"으로 변경 지정&cr;ㅇ 2026.03 전국 19개 집단에너지 사업장 운영 중 (15지사 4사업소),1. 미션 : 지속 가능한 청정 집단에너지로 국민의 삶에 기여한다.&cr;&cr;2. 비전 : 에너지와 사람을 연결하는 글로벌 탄소중립 파트너&cr;&cr;3. 중장기 경영목표 (목표년도 : 2034년)&cr;ㅇ 청정열 이용률 38%&cr;ㅇ 연결열부하 18백만Mcal/h&cr;ㅇ AX혁신지수 S등급&cr;ㅇ ESG평가 S등급&cr;&cr;4. 전략방향 및 전략과제&cr;ㅇ 탄소중립을 위한 에너지 대전환(GX)&cr;- 미활용열 순환 생태계 구축&cr;- 재생에너지 연계 무탄소 열 전환&cr;- 해외사업 포트폴리오 다각화&cr;- 청정 연료전환 프로세스 정립&cr;ㅇ 집단에너지 사업의 지속가능성 확보&cr;- 열에너지 거버넌스 확립&cr;- 집단에너지의 전략적 확대&cr;- 연료조달 경쟁력 강화&cr;- 경제적 열연계를 통한 원가절감&cr;ㅇ 조직혁신을 위한 인공지능 대전환(AX)&cr;- 지능형 의사결정체계 전환&cr;- 에너지 공급의 자동화·효율화&cr;- AI 기반  고객서비스 혁신&cr;- 업무시스템 개선을 통한 생산성 향상&cr;ㅇ 안정과 신뢰 기반 사회적책임 실현&cr;- 국민 모두가 안전한 일터 구현&cr;- 재무리스크 관리로 건전성 강화&cr;- 소통·참여 중심의 조직문화 확립&cr;- 신뢰경영을 통한 국민 공감&cr;ㅇ 초혁신경제 구현을 위한 혁신 프로젝트 과제&cr;- 안전관리 체계 인공지능 전환(AX)을 통한 대국민 안전 혁신&cr;- AI 에너지 절감 플랫폼 구축을 통한 국민 난방비 절감,하동근,20260403-20290402,판교환경생태학습원 원장&cr;사단법인 환경교육센터 이사장&cr;환경운동연합 중앙위원회 위원,경기도,경기도 성남시 분당구 분당로 368,www.kdhc.co.kr,129-82-02760,-
304,한국직업능력연구원,기타공공기관,국무조정실,정부출연연구기관 등의 설립·운영 및 육성에 관한 법률(법률 제5733호  제8조 제1항),19970910,직업교육훈련정책 및 자격제도에 관한 연구와 직업교육훈련 프로그램의 개발·보급 등 직업능력개발에 관한 업무를 효율적으로 수행함으로써 직업교육훈련의 활성화 및 국민의 직업능력 향상에 기여,ㅇ직업교육훈련에 관한 정책 연구  정보 및 자료의 수집·관리·보급 및 프로그램 개발&cr;ㅇ자격제도에 관한 정책의 연구·개발&cr;ㅇ민간자격의 국가 공인을 위한 검토 및 조사·연구&cr;ㅇ직업교육훈련기관에 대한 평가 및 직업교육훈련 프로그램의 평가인정 등에 관한 수탁사업&cr;ㅇ지역·산업 인적자원개발 및 직업교육훈련 연계 인력수급에 관한 연구·사업&cr;ㅇ생애 진로개발에 관한 연구·사업&cr;ㅇ국내·외 교류협력 연구 사업 수행과 관련 부대사업,ㅇ1997.03.27. 한국직업능력개발원법(법률 제5315호) 제정ㆍ공포&cr;ㅇ1997.09.10. 한국직업능력개발원 설립&cr;ㅇ1999.01.29.「정부출연연구기관 등의 설립ㆍ운영 및 육성에 관한 법률」제정에 따라 국무총리 산하 인문사회연구회로 소관 변경&cr;ㅇ2000.10.18. UNESCO Regional Center(UNESCO 직업기술교육훈련 우수 지역센터) 지정&cr;ㅇ2005.05.31.「정부출연연구기관 등의 설립ㆍ운영 및 육성에 관한 법률」개정으로 국무총리실 산하 경제ㆍ인문사회연구회로 소관 변경&cr;ㅇ2012.07.12. UNESCO 산하 UNEVOC(직업교육훈련국제센터) 아시아태평양지역 총괄센터 지정&cr;ㅇ2017.01.13. 국가진로교육센터 지정&cr;ㅇ2021.05.18.「정부출연연구기관 등의 설립ㆍ운영 및 육성에 관한 법률」개정으로 한국직업능력개발원이 한국직업능력연구원으로 기관명 변경,Ⅰ. 산업전환·인구감소 등에 대응하고 사회이동성을 높이는 정책연구 강화&cr;[추진전략]&cr;Ⅰ-1. 지역 및 인구 변화 등 미래 사회 대비 연구 강화&cr;Ⅰ-2. 산업  신기술  기업  환경 등에 대응하는 인적자원개발 연구 강화&cr;&cr;Ⅱ. 생애단계별 지속가능한 교육-고용 맞춤형 직업교육훈련 정책연구 강화&cr;[추진전략]&cr;Ⅱ-1. 사회 변화에 대응한 대상별 직업교육 혁신 및 현장성 연구 강화&cr;Ⅱ-2. 교육과 고용을 연계한 역량체계 구축 연구 강화&cr;Ⅱ-3. 전 생애에 걸친 지속적 경력개발 지원 연구 강화&cr;&cr;Ⅲ. 협력적 네트워크 강화를 통한 연구사업 체계 고도화&cr;[추진전략]&cr;Ⅲ-1. 협력적 연구사업 운영을 통한 기관 연구역량 및 성과 제고&cr;Ⅲ-2. 연구 성과 확산을 위한 전략적 홍보 강화&cr;Ⅲ-3. 글로벌 네트워크를 통한 한국형 직업기술교육훈련(K-TVET) 국제 위상 선도&cr;&cr;Ⅳ. 경영혁신 추진 및 협력적 조직문화 구축&cr;[추진전략]&cr;Ⅳ-1. 혁신적 경영과 책임경영&cr;Ⅳ-2. 협력적 조직문화 구축,고혜원,20240328-20270327,&cr;○ 국무조정실 자체평가위원(사회분과 위원장)(2016~2023)&cr;○ 고용노동부 정책자문위원회 위원(2017~2020)&cr;○ 중앙노동위원회 공익위원(2018~2022)&cr;○ 한국직업능력연구원 고용·능력평가연구본부장(2020.01~2021.02)&cr;,세종특별자치시,세종특별자치시 시청대로 370(반곡동) 세종국책연구단지 사회정책동(D동),www.krivet.re.kr,213-82-08550,-
305,한국철도공사,공기업(준시장형),국토교통부,한국철도공사법 제1조(목적)&cr;이 법은 한국철도공사를 설립하여 철도 운영의 전문성과 효율성을 높임으로써 철도산업과 국민경제의 발전에 이바지함을 목적으로 한다.,20050101,철도운영에 관한 사업의 전문성과 효율성을 높임으로써 철도산업과 국민경제의 발전에 이바지 함을 목적으로 설립된 기업 ,ㅇ 철도 여객 및 화물운송사업  철도와 다른 교통수단과의 연계운송사업 &cr;ㅇ 철도장비와 철도용품의 제작  판매  정비 및 임대사업 &cr;ㅇ 철도차량의 정비 및 임대사업 &cr;ㅇ 철도시설의 유지  보수 등 국가ㆍ지자체 또는 공공법인 등으로부터 위탁받은 사업&cr;ㅇ 철도 역사 및 역세권 개발 사업,ㅇ 1894.06.28. 조선 공무아문 철도국 창설&cr;ㅇ 1899.09.18. 인천~노량진 간 경인철도 개통 &cr;ㅇ 1948.08.15. 대한민국 정부수립으로 교통부 개편&cr;ㅇ 1963.09.01. 철도청 발족(교통부 외청 조직으로  독립)&cr;ㅇ 1974.08.15. 수도권전철 개통&cr;ㅇ 2004.04.01. 한국고속철도(KTX) 개통 &cr;ㅇ 2005.01.01. 한국철도공사 출범 &cr;ㅇ 2007.05.17. 남북철도연결구간 열차 시험운행 &cr;ㅇ 2010.11.01. 경부고속철도 2단계 개통 &cr;ㅇ 2011.10.05. 전라선 KTX 운행 &cr;ㅇ 2015.04.02. 호남고속철도 및 동해선 KTX 개통&cr;ㅇ 2016.09.24. 수도권전철 경강선 개통&cr;ㅇ 2016.12.30. 동해선 광역전철 1단계(부전~일광) 개통&cr;ㅇ 2017.12.22. 강릉선 KTX 개통&cr;ㅇ 2018.06.07. 국제철도협력기구(OSJD) 정회원 가입&cr;ㅇ 2021.01.05. 중앙선 복선전철 개통(KTX-이음 운행 개시)&cr;ㅇ 2021.12.28. 동해선 광역전철 2단계(일광~태화강) 개통&cr;ㅇ 2021.12.31. 중부내륙선(이천~충주) KTX 개통&cr;ㅇ 2024.11.02. 서해선(서화성~홍성) 및 평택선(안중~평택) 개통&cr;ㅇ 2024.11.30. 중부내륙선(충주~문경) 개통&cr;ㅇ 2024.12.14. 광역철도 대경선(구미~경산) 개통&cr;ㅇ 2024.12.20. 중앙선(안동~북영천) 개통&cr;ㅇ 2025.01.11. 교외선(대곡~의정부) 열차 운행 재개&cr;ㅇ 2025.09.27. 목포보성선(목포~신보성) 개통,ㅇ 미션 : 사람·세상·미래를 잇는 대한민국 철도&cr;ㅇ 비전 : 새로 여는 미래교통 함께 하는 한국철도&cr;ㅇ 핵심가치 : 안전ㆍ혁신ㆍ소통ㆍ신뢰,김태승,20260303-20290302,인하대학교 경영대학 아태물류학부 교수&cr;경기개발연구원 부원장&cr;교통개발연구원 동북아·물류·교통경제연구센터장&cr;캐나다 브리티시 컬럼비아 대학교 교통물류연구소 선임연구위원&cr;국토개발연구원 책임연구원,대전광역시,대전광역시 동구 중앙로 240 (소제동) ,https://info.korail.com,314-82-10024,-
306,한국청소년상담복지개발원,기타공공기관,성평등가족부,청소년복지지원법 제22조,19930215,상담복지 서비스 제공  상담복지기법 연구 개발ㆍ보급  상담복지인력 양성 및 연수  청소년안전망 운영 등을 수행함으로써 청소년의 행복과 안전을 도모하고 사회참여 기회를 확대하여 민주시민으로의 건강한 성장을 지원(정관 제3조),ㅇ 청소년 상담 및 복지와 관련된 정책의 연구&cr;ㅇ 청소년 상담ㆍ복지 사업의 개발 및 운영ㆍ지원&cr;ㅇ 청소년 상담기법의 개발 및 상담 자료의 제작ㆍ보급&cr;ㅇ 청소년 상담ㆍ복지 인력의 양성 및 교육&cr;ㅇ 청소년 상담ㆍ복지 관련 기관 간의 연계 및 지원&cr;ㅇ 청소년상담복지센터  청소년복지시설 및 「학교 밖 청소년 지원에 관한 법률」&cr;제12조에 따른 학교 밖 청소년 지원센터에 대한 지도 및 지원&cr;ㅇ 청소년 가족에 대한 상담ㆍ교육&cr;ㅇ 통합정보시스템의 운영&cr;ㅇ 국가가 설치하는 청소년치료재활센터 및 「청소년 보호법」 제35조제1항에 따른&cr;청소년 보호ㆍ재활센터의 유지ㆍ관리 및 운영&cr;ㅇ 그 밖에 청소년상담원의 목적을 수행하기 위하여 필요한 부수사업,ㅇ 1993.02.15 (재)「청소년대화의 광장」개원&cr;ㅇ 1999.03.09 (재)「한국청소년상담원」으로 명칭변경&cr;ㅇ 2002.03.05 특별법인「한국청소년상담원」으로 변경&cr;ㅇ 2003.04.27 제1회 청소년상담사 국가자격시험 시행&cr;ㅇ 2005.04.27 국가청소년위원회로 소관부처 이관&cr;ㅇ 2007.04.02 공공기관(준정부기관) 으로 지정&cr;ㅇ 2008.02.29 보건복지가족부로 소관부처 이관&cr;ㅇ 2010.03.19 여성가족부로 소관부처 이관&cr;ㅇ 2012.08.02「한국청소년상담복지개발원」으로 명칭변경&cr;ㅇ 2014.08.08 국립청소년인터넷드림마을 개소(전북 무주)&cr;ㅇ 2014.09.29 기관 이전(부산)&cr;ㅇ 2016.04.11 국립중앙청소년디딤센터 운영(경기 용인)&cr;ㅇ 2020.01.01 출연기관으로 전환&cr;ㅇ 2020.10.31 국립대구청소년디딤센터 운영(대구 달성)&cr;ㅇ 2023.01.30. 기타공공기관으로 전환,1. 위기청소년 맞춤 성장지원 강화&cr;ㅇ 청소년 마음건강 보호체계 강화&cr;ㅇ 학교 밖 청소년 학업복귀·사회진입 강화&cr;ㅇ 가정 밖 청소년 가정복귀·자립지원 강화&cr;ㅇ 미디어 과의존 청소년 회복지원 강화&cr;&cr;2. 청소년상담복지 현장역량 제고&cr;ㅇ 청소년 현장 정보화 및 개인정보보호 체계 강화&cr;ㅇ 청소년상담사 양성 및 관리체계 고도화&cr;ㅇ 현장 요구를 반영한 직무연수 운영&cr;ㅇ 기숙형 치유시설 서비스 고도화&cr;&cr;3. 청소년 문제 조기 예방·개입 강화&cr;ㅇ 위기예방·대응 온라인상담 강화&cr;ㅇ 청소년 이슈 기반 프로그램 개발·확산&cr;ㅇ 청소년 폭력예방 문화 선도&cr;ㅇ 청소년 유해환경 사전차단 강화&cr;&cr;4. 지속 가능한 경영기반 강화&cr;ㅇ 국민이 체감하는 경영혁신 주도&cr;ㅇ 신뢰에 기반한 노사관계 활성화&cr;ㅇ 국민에게 신뢰받는 윤리경영 실현&cr;ㅇ 함께 성장하는 상생경영 활성화,한정원,20250516-20280515,ㅇ 부산가톨릭대학교 미래설계융합학부 교수&cr;ㅇ 부산가톨릭대학교 산학협력단장  창업지원단장,부산광역시,부산광역시 해운대구 센텀중앙로 79 센텀사이언스파크,http://www.kyci.or.kr,203-82-32432,-
307,한국청소년정책연구원,기타공공기관,국무조정실,정부출연연구기관 등의 설립 운영 및 육성에 관한 법률 제8조(연구기관의 설립),19890617,청소년의 올바른 인성 함양과 잠재력 개발 청소년의 디지털 글로벌 역량 강화 청소년인권과 참여를 위한 사회 환경 개선  소외계층 청소년 복지 지원 등의 정책 개발에  필요한 기초연구와 자료축적을 통하여  미래사회의 새로운 국가발전 동력 창조에 기여,&cr;- 청소년에 관한 다양한 시각의 이론적 연구&cr;- 청소년 통계체계 확립과 과학적 분석에 의한 미래 전망&cr;- 청소년 문화·활동·참여·인권·복지·환경 관련 정책 연구·개발&cr;- 중앙 및 지방정부 청소년·청년정책의 효과분석과 평가·자문&cr;- 정부  공공기관  민간단체 등의 연구용역·사업 수탁 및 청소년육성기금의 수탁관리·운용&cr;- 정책연구 및 성과의 확산을 위한 제반 사업&cr;- 청소년 관련 연구보고서와 학술지 및 교재 등 발간&cr;- 국내·외 청소년 관련 기관과의 교류·협력 등&cr;,&cr;1989.07. 「청소년육성법」제19조 의거 '한국청소년연구원' 설립&cr;1993.01. 「청소년기본법」제50조에 의거 '한국청소년개발원'으로 확대 개편&cr;1999.01. 「정부출연연구기관 등의 설립·운영 및 육성에 관한 법률」에 의거  &cr;                 국무총리 산하 '인문사회연구회'로 소속 변경&cr;2005.07. 「정부출연연구기관 등의 설립·운영 및 육성에 관한 법률」에 의거  &cr;                 국무총리 산하 '경제·인문사회연구회'로 소속 변경&cr;2007.04. 「공공기관의 운영에 관한 법률」제정 의거  기타공공기관 지정&cr;2007.05. 「정부출연연구기관 등의 설립·운영 및 육성에 관한 법률」공포시행&cr;                '한국청소년정책연구원'으로 기관 명칭 변경&cr;2014.12.  세종국책연구단지로 청사 이전&cr;,&cr;Ⅰ.맞춤형·선도적 미래세대 정책 개발과 지원&cr; - 청소년 특성을 고려한 맞춤형 정책연구&cr; - 미래사회 변화에 대응하는 선도적 정책연구&cr; - 정책 효과성 제고를 위한 현장 중심 정책연구&cr;  &cr;Ⅱ.연구성과 촉진과 확산&cr; - 연구성과 체계적 관리와 강화&cr; - 수요자 친화적 성과 확산 및 연구 네트워크 내실화&cr;  &cr;Ⅲ.사회적 책무성 실천과 소통 기반 경영 혁신&cr; - 사회적 책임 경영 실현&cr; - 함께 성장하는 소통 경영 실현&cr;,백일현,20240429-20270428,국무조정실 정부업무평가실장&cr;국무조정실 사회복지정책관&cr;국무조정실 규제총괄정책관&cr;국무조정실 공직복무관리관&cr;국무조정실 교육문화여성정책관&cr;국무총리실 개발협력정책관&cr;국무총리실 농수산국토정책관,세종특별자치시,세종특별자치시 시청대로 370 세종국책연구단지 사회정책동(D동) 6/7층,www.nypi.re.kr,229-82-00591,-
308,한국청소년활동진흥원,기타공공기관,성평등가족부,청소년활동진흥법 제6조(한국청소년활동진흥원의 설치),20100818,청소년의 균형있는 성장에 필요한 활동을 종합적으로 지원함으로써 궁극적으로 청소년의 삶의 질 향상에 기여,<청소년활동진흥법 제6조(한국청소년활동진흥원의 설치)>&cr;1. 청소년활동  「청소년기본법」 제3조제4호에 따른 청소년복지  같은 법 제3조제5호에 따른 청소년보호에 관한 종합적 안내 및 서비스 제공&cr;2. 청소년육성에 필요한 정보 등의 종합적 관리 및 제공&cr;3. 청소년수련활동 인증위원회 등 청소년수련활동 인증제도의 운영&cr;4. 청소년 자원봉사활동의 활성화&cr;5. 청소년활동 프로그램의 개발과 보급&cr;6. 국가가 설치하는 수련시설의 유지  관리 및 운영업무의 수탁&cr;7. 국가 및 지방자치단체가 개발한 주요 청소년수련거리의 시범운영&cr;8. 청소년활동시설이 실시하는 국제교류 및 협력사업에 대한 지원&cr;9. 청소년지도자의 연수&cr;9의2. 제9조의2에 따른 숙박형등 청소년수련활동 계획의 신고 지원에 대한 컨설팅 및 교육&cr;10. 제18조의3에 따른 수련시설 종합 안전  위생점검에 대한 지원&cr;11. 수련시설의 안전에 관한 컨설팅 및 홍보&cr;11의2. 제18조의2에 따른 안전교육의 지원&cr;12. 그 밖에 여성가족부장관이 지정하거나 활동진흥원의 목적을 수행하기 위하여 필요한 사업&cr;&cr;<정관 제4조(사업)>&cr;1. 청소년의 다양하고 창의적인 체험활동 활성화&cr;2. 청소년 활동 프로그램의 개발  보급  평가 및 시범운영&cr;2의 2. 문화  역사  야외  모험  과학  환경  해양  생태  진로 등 청소년 활동 및 교육의 운영&cr;3. 청소년활동  청소년복지 및 청소년보호에 필요한 정보 등의 종합적 관리 및 제공&cr;4. 청소년 관련 제 기관 및 시설과의 상호 연계지원  지도  평가&cr;5. 국가  지방자치단체가 설치하는 청소년수련시설의 위탁유지  관리 및 운영&cr;6. 청소년지도자의 양성  교육 및 교류 진흥&cr;7. 국내외 청소년 교류활동의 진흥 및 지원&cr;7의2. 남북청소년 교류활동의 진흥 및 지원&cr;8. 청소년자원봉사활동 및 참여  권리증진활동의 활성화 지원&cr;9. 청소년특별회의  청소년수련활동인증제도  청소년성취포상제도  청소년 방과 후 활동의 운영 및 지원  청소년프로그램 공모  청소년 어울림마당  동아리활동 및 청소년의 달 행사의 운영 및 지원&cr;10. 수련시설 종합 안전  위생점검 지원 및 안전 관련 교육·컨설팅·홍보&cr;11. 숙박형 등 청소년수련활동 계획의 신고 지원에 대한 컨설팅 및 교육&cr;12. 그 밖에 여성가족부장관이 지정하거나 활동진흥원의 목적을 수행하기 위하여 필요한 사업, ㅇ2010.8.18 한국청소년활동진흥원 설립&cr;※ 한국청소년수련원과 한국청소년진흥센터 통합&cr;- 1998.10.12 한국청소년수련원 설립&cr;- 1998.11.14 국립평창청소년수련원 개원&cr;- 2001.8.15 국립중앙청소년수련원 개원&cr;- 2005.1.28 한국청소년진흥센터 설립&cr;- 2010.7.9 국립고흥청소년우주체험센터 개원(2017.5.11. "국립청소년우주센터"로 명칭 변경)&cr;- 2013.7.1 국립김제청소년농업생명체험센터 개원(2017.5.11. "국립청소년농생명센터"로 명칭 변경  2024.6.19. "국립청소년바이오생명센터"로 명칭 변경)&cr;- 2013.7.1 국립영덕청소년해양환경체험센터 개원(2017.5.11. "국립청소년해양센터"로 명칭 변경)&cr;- 2022.7.21. 국립청소년미래환경센터 개원&cr;- 2024.7.11. 국립청소년생태센터 개원&cr;&cr;ㅇ2023.2.3. 공공기관 유형 변경(준정부기관 → 기타공공기관)&cr;※ 2023. 1. 30. 공공기관운영위원회 심의 의결  2023. 2. 3. 「2023년도 공공기관 지정」(기획재정부고시 제2023-4호),(미션) 우리는 청소년의 현재와 미래를 연결하여 지속가능한 세상을 열어간다&cr;(비전) 청소년의 성장과 행복을 이어주는 K-청소년활동 선도기관&cr;(핵심가치) 신뢰(Trust)  혁신(Innovation)  성장(Growth)&cr;(경영방침) 소통과 협력 강화  안전한 환경 조성  미래를 위한 혁신&cr;(경영목표)&cr;- 청소년활동 참여 130만명 달성&cr;- 고객만족도 최고등급 유지&cr;- 청소년활동 중대시민 재해 Zero 유지&cr;- ESG 경영수준 최고등급 유지&cr;(전략목표 및 전략과제)&cr;①미래지향적 청소년활동 활성화&cr;- 청소년 미래역량 활동 강화 &cr;- 청소년 자기주도 참여활동 활성화&cr;- 지역균형 청소년활동 지원 확대&cr;②국립청소년시설 서비스 품질 제고&cr;- 청소년 체험활동제공 활성화&cr;- 취약계층 청소년활동 강화&cr;- 청소년지도자 전문역량 강화 &cr;③청소년활동 안전 강화&cr;- 청소년시설 안전관리체계 고도화 &cr;- 국가인증 청소년활동 안전·품질 내실화&cr;- 청소년활동안전문화 확산&cr;④지속가능한 혁신 성장&cr;- ESG 책임경영 강화&cr;- 성과중심 경영자원 효율성 제고&cr;- 미래지향적 조직문화 조성 ,손연기,20221121-20251120,한국정보통신보안윤리학회 명예회장(現)&cr;청소년보호위원회 위원  위원장(前)&cr;한국지역정보개발원 원장  ICT폴리텍대학 학장(前)&cr;한국정보문화진흥원(現한국지능정보사회진흥원) 원장(前)&cr;숭실대학교 정보사회학과 교수(前),서울특별시,서울특별시 서대문구 경기대로47 2  5층,www.kywa.or.kr,106-82-14832,-
309,한국체육산업개발(주),기타공공기관,문화체육관광부,상법 제3편 제4장 주식회사(제288조~제542조)  국민체육진흥공단 정관 제55조(출자 등),19900725,□ 88서울올림픽시설물의 효율적 유지관리&cr;□ 복합문화 및 스포츠·레저공간 제공으로 국민건강과 행복 증진&cr;□ 다양한 수익사업 운영으로 국민체육진흥기금 조성 기여,□ 올림픽시설물  경륜ㆍ경정시설물 유지 및 관리&cr; ○ 올림픽공원  경정공원  광명돔경륜장  경륜훈련원  경정훈련원  12개 장외지점 &cr;     에콜리안 골프장 등 22개 사업장&cr;□ 올림픽스포츠센터 운영&cr; ○ 올림픽공원ㆍ분당ㆍ일산스포츠센터&cr;□ 올림픽시설 대관 및 부대사업&cr; ○ 체조ㆍ핸드볼 등 경기장  우리금융아트홀 등 전문공연장  옥외시설&cr; ○ 편익시설 운영 : 올림픽공원 주차ㆍ매점ㆍ임대  경정공원 주차ㆍ매점 등,□ 1990. 07 : 한국체육산업개발(주) 설립&cr;□ 1991. 01 : 올림픽공원 관리  주차 및 대관사업 운영&cr;□ 1993. 11 : 경정공원 관리  주차 및 대관ㆍ편익시설 운영&cr;□ 1994. 07 : 분당올림픽스포츠센터 개관 운영&cr;□ 1998. 09 : 일산올림픽스포츠센터 개관 운영&cr;□ 2005. 12 : 광명돔경륜장 시설관리&cr;□ 2007. 04 : 기타공공기관 지정&cr;□ 2009. 11 : 우리금융아트홀 개관 운영&cr;□ 2012. 11 : K-아트홀(태권도 공연장) 개관 운영&cr;□ 2018. 01 : 경비  미화  조경  골프장관리  객실관리 등 사업수행&cr;□ 2018. 04 : 경륜ㆍ경정 질서유지 사업수행&cr;□ 2019. 01 : 경정공원 조경사업 수행,&cr;□ 미션 : 스포츠와 문화공간 제공으로 일상을 다채롭게  삶을 풍요롭게&cr;□ 비전 : 국민의 건강과 행복을 실현하는 스포츠ㆍ문화공간 선도기관&cr;□ 경영목표(2030년)&cr; ○ 중대재해사고 ZERO&cr; ○ 수입실적 930억원&cr; ○ ESG 지수 95점&cr; ○ 고객만족도 우수등급&cr;□ 전략방향&cr; ○ 안전 최우선 시설관리 구현&cr; ○ 함께 누리는 스포츠ㆍ문화 활성화&cr; ○ ESGㆍ사회적 책임 강화&cr; ○ 국민 체감 경영성과 창출&cr;□ 전략과제&cr; ○ 국민 이용시설 안전관리 강화&cr; ○ 이용자와 함께하는 명품공원 조성&cr; ○ 디지털 기반 시설관리 체계 강화&cr; ○ 수요자 맞춤 스포츠센터 운영&cr; ○ 고부가가치 문화사업 다각화&cr; ○ 소외계층 스포츠ㆍ문화 참여 확대&cr; ○ 친환경ㆍ탄소중립 실천&cr; ○ 상생협력 및 지역사회 기여&cr; ○ 투명한 신뢰경영 구축&cr; ○ 소통과 혁신의 조직 운영&cr; ○ 조직 내부역량 제고&cr; ○ AX 전환 정보화 대응 강화&cr;,신치용,20230908-20260907,□ 삼성화재 배구단 감독ㆍ단장&cr;□ 대한체육회 진천선수촌장,서울특별시,서울특별시 송파구 올림픽로 424(방이동),https://www.ksponco.or.kr,215-81-12034,-
310,한국출판문화산업진흥원,기타공공기관,문화체육관광부,출판문화산업진흥법 제16조(한국출판문화산업진흥원의 설치 등),20120727,출판문화산업의 진흥발전을 효율적으로 지원 육성하고 출판문화산업을 종합적이고 체계적으로 진흥함으로써 국가지식경쟁력 강화에 기여함,- 출판문화산업 진흥을 위한 정책 및 제도의 연구조사기획&cr;- 출판문화산업의 실태조사 및 통계 작성&cr;- 출판문화산업 관련 교육 및 전문 인력 양성 지원&cr;- 출판문화산업 발전을 위한 제작 활성화 및 유통 선진화 지원&cr;- 양서 권장 및 독서 진흥 등 출판수요 진작을 위한 사업&cr;- 전자출판의 육성 지원&cr;- 출판문화산업 활성화를 위한 지원시설의 설치 등 기반 조성&cr;- 출판문화산업의 국외진출 지원&cr;- 출판문화산업의 건전한 유통질서 유지 지원&cr;- 간행물의 유해성 여부 심의,- 1997.7. 청소년보호법 제45조에 의거  법정기구인 「한국간행물윤리위원회」로 발족&cr;- 2003.2. 출판및인쇄진흥법 제16조로 법정기구 설치 근거 이관(2008.1.20. 출판문화산업진흥법으로 법명 개정)&cr;- 2007.4. 「공공기관의 운영에 관한 법률」 시행 및 「기획예산처 고시 제2007-31호」에 따른 기타공공기관 지정(2007.4.11. 고시)&cr;- 2012.7. 개정 출판문화산업진흥법에 의해 「한국출판문화산업진흥원」으로 출범&cr;- 2013.2. 「기획재정부 고시 제2013-5호」에 따라 명칭을 변경하여 지정(2013.1.31. 고시)&cr;- 2015.7. 지방이전계획에 따라 전라북도 전주로 지방이전,- 미션 : 우리는 출판문화산업 진흥으로 국가 지식경쟁력을 강화한다&cr;- 비전 : 미래가치를 창출하는 출판문화산업의 혁신성장 동반자&cr;- 전략목표&cr;1. 출판생태계 균형발전&cr;2. K-Book 미래성장동력창출&cr;3. 독서문화 확산 통한 출판수요 증대&cr;4. ESG 경영 전사 확대,김승수,20260409-20290408,전주시장&cr;(사)전국책읽는도시협의회 초대 회장&cr;전라북도 정무부지사,전라북도,전라북도 전주시 덕진구 중동로 63, http://www.kpipa.or.kr,109-82-12323,-
311,한국치산기술협회,기타공공기관,산림청,사방사업법 제22조의2,20090105,사방기술의 지원과 국제기술교류  산사태ㆍ토석류 방지 사업과 관련한 조사ㆍ평가ㆍ진단 및 사방정책의 교육ㆍ홍보,1. 사방사업 및 임도(「산림자원의 조성 및 관리에 관한 법률」 제2조제1호라목에 따른 임도를 말한다. 이하 같다)사업과 관련한 조사 및 사방시설ㆍ임도시설의 점검ㆍ안전진단&cr;2. 사방기술ㆍ임도기술 및 정보 등에 관한 국제교류&cr;3. 사방사업 및 임도사업과 관련한 각종 프로그램의 개발ㆍ보급&cr;4. 긴급하게 필요한 재해의 복구 등 지원&cr;5. 산사태 방지 지원 사업&cr;6. 북한 황폐지 복구 지원 사업&cr;7. 사방사업법 또는 다른 법령에 따라 협회가 수행할 수 있는 사업&cr;8. 그 밖에 설립 목적을 달성하기 위하여 협회 정관으로 정하는 사업,(2009.01.05.) '사방협회' 법인설립 등기&cr;(2021.10.14.) '한국치산기술협회'로 명칭 변경&cr;(2024.02.06.) '기타공공기관' 신규 지정,(미션) 산림재해로부터 안전한 산림복지 국가 실현&cr;(비전) 국민으로부터 사랑받는 치산분야 최고 전문기관&cr;(경영목표) ①전문성 강화 ②공공성 증진 ③경영 혁신, 공석,-,-,충청북도,충청북도 청주시 흥덕구 오송읍 오송생명3로 150,https://www.kafet.or.kr,204-82-09458,-
312,한국콘텐츠진흥원,기타공공기관,문화체육관광부,문화산업진흥기본법 제31조,20090507,콘텐츠산업의 육성을 통하여 국가경쟁력을 도모하고  콘텐츠산업의 발전에 필 요한 지원체계를 마련함으로써 국가경제에 기여,1. 문화산업 진흥을 위한 정책 및 제도의 연구ㆍ조사ㆍ기획 &cr;2. 문화산업 실태조사 및 통계작성 &cr;3. 문화산업 관련 전문인력 양성 지원 및 재교육 지원 &cr;4. 문화체육관광부 소관 연구개발사업의 기획ㆍ관리ㆍ평가 및 성과 확산 등 &cr;5. 문화산업발전을 위한 제작ㆍ유통활성화 &cr;6. 문화산업의 창업  경영지원 및 해외진출 지원 &cr;7. 문화원형  학술자료  역사자료 등과 같은 콘텐츠 개발 지원 &cr;8. 문화산업활성화를 위한 지원시설의 설치 등 기반조성 &cr;9. 공공문화콘텐츠의 보존ㆍ유통ㆍ이용촉진 &cr;10. 국내외 콘텐츠 자료의 수집ㆍ보존ㆍ활용 &cr;11. 방송영상물의 방송매체별 다단계 유통ㆍ활용ㆍ수출 지원 &cr;12. 방송영상 국제공동제작 및 현지어 재제작 지원 &cr;13. 게임 역기능 해소 및 건전한 게임문화 조성 &cr;14. 이스포츠의 활성화 및 국제교류 증진 &cr;15. 콘텐츠 이용자의 권익보호 &cr;16. 국제 콘텐츠 전시회 개최 사업&cr;17. 평생교육시설 운영을 통한 교육 연수사업&cr;18. 원격평생교육사업 및 교원을 대상으로 한 원격교육연수사업&cr;19. 콘텐츠산업활성화를 위한 출판사업&cr;20. 문화산업의 투자 및 융자활성화 지원&cr;21. 정부로부터 위탁받은 업무(국가기술자격 검정업무 등)&cr;22. 지역별 특성에 기반한 문화산업의 진흥 및 육성&cr;23. 그 밖에 진흥원의 설립목적을 달성하는데 필요한 사업,2009년 5월 : 한국콘텐츠진흥원 설립&cr;2009년 6월 : 글로벌게임허브센터(판교) 개소 &cr;2014년 6월 : 본원 광주전남혁신도시(나주) 이전 &cr;2015년 3월 : 대중문화예술인지원센터(역삼) 개소&cr;2015년 12월 : CKL기업지원센터(광화문) 개소&cr;2017년 4월 : 콘텐츠인재캠퍼스(홍릉) 개소 &cr;2017년 9월 : 콘텐츠문화광장(홍릉)  스튜디오큐브(대전) 개관&cr;2018년 3월 : 콘텐츠성평등센터 보라(역삼) 개소 &cr;2018년 4월 : 콘텐츠공정상생센터(역삼) 개소&cr;2018년 6월 : 뉴콘텐츠센터(일산) 개소&cr;2018년 10월 :  글로벌게임허브센터(제2판교) 이전&cr;2019년 8월 : 게임인재원(판교) 개원&cr;2019년 10월 : 사회적가치창출센터 출범&cr;2021년 1월 : 문화체육관광 연구개발 전문기관 지정&cr;2021년 11월 : 문화체육관광기술진흥센터(대전) 개소&cr;2021년 12월 : KOCCA 뮤직 스튜디오(서울) 개관&cr;2023년 1월 : 기관유형 변경(위탁집행형 준정부기관 → 기타공공기관&cr;2023년 9월 : 다목적 실내 수상 스튜디오(대전) 개관&cr;2023년 11월 : 한국콘텐츠진흥원 어린이집(나주) 개원&cr;2025년 12월 : 버추얼 스튜디오(대전) 개관,ㅇ 미션 : 콘텐츠산업 진흥으로 문화강국 실현과 국민행복에 기여 &cr;ㅇ 비전 : K-콘텐츠 혁신성장을 선도하는 진흥기관&cr;ㅇ 핵심가치 : 도전  혁신  성장  소통 &cr;ㅇ 전략방향 &cr;- 매력 있는 K-콘텐츠 창출 &cr;- K-콘텐츠의 세계화 확대 &cr;- K-콘텐츠의 지속성장 기반 조성&cr;- 선도적인 기관 경영혁신 &cr;ㅇ 전략과제 &cr;① 세계적인 콘텐츠 IP 발굴·육성 &cr;② 신기술 융합 콘텐츠 신시장 창출&cr;③ 콘텐츠산업 R&D 지원 강화 &cr;④ K-콘텐츠 수출거점 확대&cr;⑤ K-콘텐츠 수출 지원체계 고도화 &cr;⑥ 맞춤형 해외진출 지원 강화 &cr;⑦ 미래인재 양성  창업 활성화 &cr;⑧ 가치 중심 정책금융 활성화&cr;⑨ 지역 주도 산업생태계 조성 &cr;⑩ 경영·사업구조 혁신&cr;⑪ 정책기능 고도화 &cr;⑫ 책임경영 내재화, 공석,-,-,전라남도,전라남도 나주시 교육길 35,https://www.kocca.kr/,105-82-17272,-
313,한국탄소산업진흥원,기타공공기관,산업통상부,탄소소재 융복합기술 개발 및 기반 조성 지원에 관한 법률 제9조의2,20030314,탄소소재 융복합기술 개발 및 기반 조성 지원에 관한 법률 제9조의2(한국탄소산업진흥원)에 의거하여 탄소소재 융복합기술 육성ㆍ발전을 효율적으로 지원함으로써 탄소산업 경쟁력 강화와 국민경제에 이바지함, ㅇ 탄소소재 융복합기술 관련 정책ㆍ제도의 연구ㆍ조사ㆍ기획&cr; ㅇ 탄소소재 융복합기술 실태조사 및 통계 작성&cr; ㅇ 탄소소재 융복합기술 관련 시장 창출ㆍ확산을 위한 시범사업 등의 추진&cr; ㅇ 탄소소재 융복합기술 관련 국제협력 및 해외진출 지원&cr; ㅇ 탄소소재 융복합기술 관련 제품표준의 개발ㆍ보급 및 국제표준화 활동&cr; ㅇ 탄소소재 융복합기술을 위한 지원시설의 설치 등 기반조성&cr; ㅇ 탄소소재 융복합기술 관련 기업의 창업ㆍ연구개발 등 지원&cr; ㅇ 탄소소재 융복합기술 관련 전문인력 양성&cr; ㅇ 그 밖에 진흥원의 설립목적 달성에 필요한 사업, ㅇ '03.03.14.  재단법인 전주기계산업리서치센터 법인 설립&cr; ㅇ '08.10.28.  재단법인 전주기계탄소기술원으로 명칭변경&cr; ㅇ '13.03.27.  재단법인 한국탄소융합기술원으로 명칭변경&cr; ㅇ '20.11.03.  한국탄소산업진흥원 최종 지정(한국탄소융합기술원)&cr; ㅇ '21.03.02.  한국탄소산업진흥원 출범 및 업무개시&cr; ㅇ '22.02.08.  공공기관(기타공공기관) 신규 지정(기획재정부고시 제2022-3호),[미션] 탄소융복합기술 발전을 통한 첨단산업 국가 경쟁력 향상으로 국민경제 이바지&cr;&cr;[비전] 탄소융복합산업 성장과 기술 혁신을 선도하는 종합지원 플랫폼&cr;&cr;[경영목표 및 전략] &cr;Ⅰ. 탄소소재 기반 첨단산업 연계 수요시장 확대&cr;Ⅱ. 안정적 산업 생태계 구축 및 공급망 자립&cr;Ⅲ. 탄소기술 관련 첨단산업 기술 선도&cr;Ⅳ. 혁신 성과 창출을 위한 경영혁신,김용만,20260420-20290419,전북도청 일자리경제본부장&cr;정읍시청 부시장&cr;전북도청 과학산업과장,전라북도,전라북도 전주시 덕진구 반룡로 110-11,www.kcarbon.or.kr,402-82-14671,-
314,한국토지주택공사,공기업(준시장형),국토교통부,한국토지주택공사법,20091001,토지의 취득ㆍ개발ㆍ비축ㆍ공급  도시의 개발ㆍ정비  주택의 건설ㆍ공급ㆍ관리 업무의 수행을 통해 국민주거생활의 향상과 국토의 효율적인 이용을 도모하여 국민경제 발전에 이바지,1. 토지의 취득 등에 관한 다음 각 목의 사업 &cr;가. 토지의 취득ㆍ개발ㆍ비축ㆍ관리ㆍ공급 및 임대 &cr;나. 「공공토지의 비축에 관한 법률」에 따른 토지은행사업 &cr;다. 「혁신도시 조성 및 발전에 관한 특별법」에 따른 토지 및 건축물의 매입 &cr;2. 토지 및 도시의 개발에 관한 다음 각 목의 사업 &cr;가. 주택건설용지ㆍ산업시설용지 및 대통령령으로 정하는 공공시설용지의 개발사업 나. 도시개발사업  도시재생사업  도시 및 주거환경정비사업 &cr;다. 주거ㆍ산업ㆍ교육ㆍ연구ㆍ문화ㆍ관광ㆍ휴양ㆍ행정ㆍ정보통신ㆍ복지ㆍ유통 등(이하 이 목에서 “주거등”이라 한다)의 기능을 가지는 단지 또는 주거등의 기능의 단지 및 기반시설 등을 종합적으로 계획ㆍ개발하는 복합단 지의 개발사업 &cr;라. 간척 및 매립사업 &cr;마. 남북경제협력사업 &cr;바. 토지임대부 분양주택 사업 &cr;사. 집단에너지 공급사업 &cr;3. 주택(복리시설을 포함한다)의 건설ㆍ개량ㆍ매입ㆍ비축ㆍ공급ㆍ임대 및 관리&cr;3의2. 주민 재정착ㆍ창업 지원 및 도시기능 활성화 등 공공지원을 위한 대통령령으로 정하는 건축물의 건설ㆍ매입 ㆍ개량ㆍ공급ㆍ임대 및 관리 &cr;4. 주택 또는 공용ㆍ공공용건축물의 건설ㆍ개량ㆍ공급 및 관리의 수탁 &cr;5. 주거복지사업 &cr;6. 토지의 매매ㆍ관리의 수탁 &cr;7. 「공공토지의 비축에 관한 법률」  「도시개발법」  「공공주택 특별법」  「산업입지 및 개발에 관한 법률」  「주택법」  「지역 개발 및 지원에 관한 법률」  「택지개발촉진법」  그 밖에 다른 법률에 따라 공사가 시행할 수 있는 사업 &cr;8. 제1호부터 제5호까지 및 제7호의 사업에 따른 대통령령으로 정하는 공공복리시설의 건설ㆍ공급 &cr;9. 제1호부터 제8호까지의 사업에 관련된 조사ㆍ연구ㆍ시험ㆍ기술개발ㆍ자재개발ㆍ설계ㆍ감리  정보화사업과 그 용역의 제공 &cr;10. 국가  지방자치단체 또는 「지방자치분권 및 지역균형발전에 관한 특별법」 제2조제14호에 따른 공공기관으로부 터 위탁받은 제1호부터 제3호까지  제5호  제7호부터 제9호까지에 해당하는 사업 &cr;11. 제1호부터 제10호까지의 사업에 딸린 업무 &cr;② 공사는 이사회의 의결을 거쳐 제1항 각 호에 해당하는 사업 또는 이와 유사한 사업을 행하는 법인에 대하여 출 자 또는 출연할 수 있다. &cr;③ 공사는 국외에서 제1항에 따른 사업을 수행할 수 있다.,2009.10.01. 한국토지공사와 대한주택공사의 통합으로 한국토지주택공사(LH) 설립 &cr;2015.04.30. 경상남도 진주혁신도시 본사 이전,&cr;<미션>&cr;국민 주거안정의 실현과 국토의 효율적 이용으로 삶의 질 향상과 국민경제 발전을 선도&cr;&cr;<비전>&cr;살고 싶은 집과 도시로 국민의 희망을 가꾸는 기업&cr;&cr;<전략방향 및 과제>&cr;Ⅰ. 국민 주거기본권 강화&cr;1-1. 국민 주거 안정을 위한 주택공급 확대 및 조기화&cr;1-2. 저출생ㆍ고령화 대응을 위한 맞춤형 주거지원&cr;1-3. 안전하고 쾌적한 주거환경 제공&cr;&cr;Ⅱ. 국토 균형성장 기반 구축&cr;2-1. 균형발전 성장거점 조성으로 국토경쟁력 강화&cr;2-2. 도시ㆍ주택 재정비로 노후 도시 활력 제고&cr;2-3. 친환경ㆍ탄소중립 기반 마련&cr;&cr;Ⅲ. 건설산업 혁신성장 선도&cr;3-1. 국민이 체감하는 고품질 도시·주택 건설&cr;3-2. AIㆍ디지털 혁신기술 활용 확대&cr;3-3. 건설노동자 안전 강화 및 동반성장 지원&cr;&cr;Ⅳ. 지속가능경영 기반 확립&cr;4-1. 국민중심 구조개혁을 통한 기관 신뢰 회복&cr;4-2. 사업관리와 재무개선으로 지속가능성 확보&cr;4-3. 기업문화 및 일하는 방식 개선으로 경영효율 제고&cr;, 공석,-,-,경상남도,경상남도 진주시 충의로 19  한국토지주택공사,www.lh.or.kr,129-82-10595,-
315,한국투자공사,기타공공기관,재정경제부,한국투자공사법,20050701,정부와 한국은행 등으로부터 위탁받은 자산의 운용업무를 효율적으로 수행하게 하여금융산업 발전에 이바지,정부  한국은행  공공기금 등에서 위탁받은 자산의 효율적 운용&cr;국내 금융산업 발전 지원,2005. 03 :「한국투자공사법」공포&cr;2005. 07 : 한국투자공사(KIC) 출범&cr;2006. 06 : 한국은행과 자산위탁계약 체결&cr;2006. 10 : 재정경제부와 자산위탁계약 체결&cr;2006. 11 : 글로벌 채권투자 개시&cr;2007. 04 : 글로벌 주식투자 개시&cr;2007. 04 : 「공공기관의 운영에 관한 법률」 시행에 따른 기타공공기관 지정&cr;2009. 08 : 대체투자 개시&cr;2010. 07 : 뉴욕지사 개소&cr;2011. 12 : 런던지사 개소&cr;2012. 09 : 운용자산규모 500억달러 돌파&cr;2016. 06 : 운용자산규모 1 000억달러 돌파&cr;2017. 09 : 싱가포르지사 개소&cr;2019. 10 : 운용자산규모 1 500억 달러 돌파&cr;2020. 07 : 중장기 성장전략 'SGV2035' 수립&cr;2021. 03 : 샌프란시스코 사무소 개소&cr;2021. 10 : 운용자산규모 2 000억달러 돌파&cr;2022. 12 : UN PRI 가입 등 책임투자 강화&cr;2024. 04 : 뭄바이사무소 개소,장기 수익성 증진&cr;국내 금융산업 발전 지원&cr;책임경영 구현,박일영,20240926-20270925,세계은행 상임이사&cr;기획재정부 국제경제관리관&cr;기획재정부 대외경제국장,서울특별시,서울특별시 중구 퇴계로 100 스테이트타워 남산 15  17  18  19층,www.kic.kr,104-81-95021,-
316,한국특허기술진흥원,기타공공기관,지식재산처,민법 제32조,20220804,지식재산 심사행정을 종합지원하고  지식재산 활용/확산을 선도하여 국가 산업 기술 경쟁력 제고와 국민경제 발전에 기여,o 지식재산 심사에 대한 지원 및 협력사업&cr;o 지식재산 분류 및 분류 관련 국내외 협력사업&cr;o 지식재산 정보의 활용/확산 등 진흥사업&cr;o 지식재산 정보조사 분석 및 제공 사업&cr;o 지식재산 정보 연구 사업&cr;o 지식재산 정보의 가공 및 보급 사업&cr;o 지식재산 정보에 대한 인식제고 및 활성화를 위한 교육사업&cr;o 소프트웨어 개발 및 시스템 운영 사업&cr;o 기술평가  기술거래 등 기술 컨설팅 사업&cr;o 지식재산 정보보급을 위한 인쇄출판 사업  공공기관 위탁사업 등 공익관련 사업,o 2011. 7 (재)한국특허정보원 부설 특허정보진흥센터 설립&cr;o 2014. 7 본사 이전(대전광역시)&cr;o 2022. 8 (재)한국특허기술진흥원 설립,o 경영목표&cr;- 특허기술 및 산업 촉진을 통한 지식재산 미래가치 창출&cr;&cr;o 전략목표&cr;- 미래 산업기술 변화에 대한 효율적 대응체계 구축&cr;- 신뢰받는 지식재산 심사행정 종합지원 체계 구축&cr;- 특허분류 활용 확산 가치 창출 실현&cr;- 공공 IP행정 지원 분야 글로벌 선도기관 도약,김명섭,20230601-20260531,&cr;o 특허청 특허심판원장&cr;o 특허청 산업재산정책국장&cr;o 특허청 기획조정관,대전광역시,대전광역시 서구 문정로 48번길 48(탄방동),www.kipro.or.kr,220-82-04926,-
317,한국특허전략개발원,기타공공기관,지식재산처,산업재산 정보의 관리 및 활용 촉진에 관한 법률 제25조(한국특허전략개발원의 설립 등),20200805,산업재산 정보의 관리 및 활용 촉진에 관한 법률 제25조에 따라 중앙행정기관  지방자치단체 및 공공연구기관 등의산업재산전략 수립 및 연구개발 수행에 관한 사업을 효율적으로 지원함으로써 산업경쟁력을 강화하고 국민경제의 발전에 이바지,ㅇ 산업재산 정보의 조사ㆍ분석 지원&cr;ㅇ 연구기획단계에서의 산업재산 정보의 동향조사 지원&cr;ㅇ 연구개발과정에서의 산업재산 창출 전략 지원&cr;ㅇ 표준특허 창출을 위한 지원&cr;ㅇ 국가연구개발 산업재산 성과의 조사ㆍ분석 및 관리&cr;ㅇ 산업재산 연계 연구개발 전략 관련 정책 연구ㆍ실태조사 및 성과분석&cr;ㅇ 연구노트 활용촉진 지원&cr;ㅇ 기술신탁&cr;ㅇ 평생교육시설 운영&cr;ㅇ 상기 사업의 부대사업 및 기타 전략원의 설립 목적에 부응하는 사업&cr;ㅇ 그 밖에 산업재산전략 수립 및 효율적 연구개발 수행과 관련하여 관계 중앙행정기관의 장이 위탁하는 업무,&cr;ㅇ 2012. 12. '한국지식재산전략원' 설립&cr;ㅇ 2013. 9. '연구성과 관리ㆍ유통 전담기관' 지정(과기정통부)&cr;ㅇ 2017. 9. '한국특허전략개발원'으로 기관명 변경&cr;ㅇ 2020. 8. 발명진흥법에 따른 특수법인 전환&cr;ㅇ 2022. 9. 지방이전에 따른 본사 소재지 변경(대전광역시)&cr;ㅇ 2023. 2. 공공기관 유형변경(준정부기관→기타공공기관)&cr;ㅇ 2023. 9. 국가전략기술육성법 시행령에 따른 '기술육성주체' 지정&cr;ㅇ 2024. 8. 산업재산정보법으로 설립 근거 이관&cr;,ㅇ 미션: 특허기반 연구개발 전략지원으로 국가 기술경쟁력 강화&cr;ㅇ 비전: 특허전략으로 세계를 선도하는 지식재산 허브&cr;ㅇ 핵심가치: ① 전문지식  ② 창의혁신  ③ 미래전략  ④ 상생협력&cr;&cr;ㅇ 경영목표&cr;① 국가 미래산업 기술 선도&cr;② 특허전략으로 글로벌 강소기업 육성&cr;③ 특허 서비스 확산으로 IP5 위상 제고&cr;④ ESG경영으로 지속가능성 확보&cr;&cr;ㅇ 전략목표 및 과제&cr;① 특허 빅데이터 기반 미래 유망기술 발굴&cr;1. 특허 빅데이터 기반 산업혁신전략 지원&cr;2. 특허 빅데이터 분석의 활용성 향상&cr;3. 한국형 표준특허로 고부가가치 창출&cr;&cr;② 특허전략 지원 고도화로 기술경쟁력 확보&cr;1. 국가전략산업 특허관점 연구개발지원&cr;2. 기술ㆍ환경변화에 따른 특허전략 서비스 다각화&cr;3. 특허전략 지원으로 중소기업 해외 진출 지원&cr;&cr;③ 특허 서비스 생태계 조성을 통한 글로벌 확산&cr;1. 특허전략 기반 신사업 개발 및 글로벌 확산&cr;2. 공공 특허 활용률 제고를 위한 사업화 전략 강화&cr;3. 전문인력 양성 및 사업 다각화를 통한 특허 서비스 산업 활성화&cr;&cr;④ ESG 책임 경영 실전&cr;1. ESG 기반 특허 거버넌스 구축&cr;2. 지역 상생협력 등 사회적 책임 경영&cr;3. 업무 효율화 및 혁신경영 지속,윤병수,20250512-20280511,특허청 디지털융합심사국장&cr;특허심판원 심판정책과장&cr;국가지식재산위원회 지식재산진흥관&cr;특허청 기획재정담당관,대전광역시,대전광역시 중구 대종로540 유안타증권빌딩 13 ~ 15층,www.kista.re.kr,220-82-10001,-
318,한국특허정보원,기타공공기관,지식재산처,산업재산 정보의 관리 및 활용 촉진에 관한 법률 제24조,19950707,한국특허정보원은「산업재산 정보의 관리 및 활용 촉진에 관한 법률」에 따라 산업재산 정보화 및 산업재산 정보의 활용 기반을 구축함으로써  산업경쟁력을 강화하고 국민경제의 발전에 이바지함을 목적으로 함.,&cr;o (IP정보시스템 운영) 특허넷 응용ㆍ기반시스템 운영  심사관용 검색시스템(KOMPASS) 운영  디지털 특허심판시스템 개발  IP정보통합센터 운영  정보화 품질관리&cr;o (IP정보 활용) 특허정보검색서비스(KIPRIS) 및 특허정보활용서비스(KIPRIS Plus) 운영  지식재산서비스 성장지원  한국특허영문초록 발간  데이터관리센터 운영  특허고객상담센터 운영&cr;o (IP디지털 혁신) AI기반 특허행정 혁신  기계번역 품질개선  데이터 정비ㆍ고도화   특허문서전자화센터 운영  해외정보화 컨설팅&cr;,1995.  7.  한국발명진흥회 부설 특허기술정보센터 설립(발명진흥법 제16조) &cr;2002.  1.  (재)한국특허정보원 설립(민법 제32조)&cr;2007.  4.  기타공공기관 지정(공공기관의 운영에 관한 법률 제4·6조)&cr;2011.  7.  선행기술조사 전담 부설기관 「특허정보진흥센터」설치&cr;2014.  4.  본원 대전 이전 및 서울 지원 설치&cr;&cr;&cr;&cr;2015. 11.  산업재산권 정보화전문기관 지정(발명진흥법 제20조의3)&cr;2022.  8.  특수법인 '한국특허정보원' 설립(발명진흥법 제20조의3)&cr;&cr;2024.  8.  기관 설립근거 법령 변경(발명진흥법 제20조의3 → 산업재산정보법 제24조)&cr;,o 경영목표(비전)&cr;  - 지식재산의 미래가치를 창출하는 지능정보화 전문기관&cr;o 경영전략 &cr;  - AI 대전환으로 지식재산행정서비스 혁신&cr;  - 지식재산으로 함께 성장하는 생태계 조성&cr;  - 지식재산 분야 AIㆍ디지털 미래역량 강화&cr;  - ESG 기반 책임경영 고도화, 공석,-,-,대전광역시,대전광역시 서구 청사로 136  10층(월평동  대전무역회관),www.kipi.or.kr,361-82-00425,-
319,한국학중앙연구원,기타공공기관,교육부,민법 제32조,19780630,한국문화의 심층 연구와 교육을 통하여 한국학을 진흥하고  나아가 미래 한국의 좌표를 탐구하여 민족문화 창달에 기여,1. 한국문화에 관한 인문ㆍ사회과학적 연구&cr;2. 국내외 한국학 진흥을 위한 각종 연구기획 및 사업의 지원ㆍ관리&cr;3. 국내외 한국학 분야 연구자 및 교수 요원 양성&cr;4. 한국 고전 자료의 수집ㆍ연구ㆍ번역 및 편찬&cr;5. 한국학 연구 성과의 발간 및 보급&cr;6. 한국민족문화대백과사전 및 한국향토문화전자대전 편찬ㆍ보급&cr;7. 한국학 학술 정보의 전산화 및 보급&cr;8. 한국학의 연구ㆍ보급ㆍ확산을 위한 국내외 학계와의 교류ㆍ협력&cr;9. 한국문화에 대한 국제적 이해 증진 및 지원,ㅇ 1978.06.22. 재단법인 한국정신문화연구원 설립 인가&cr;ㅇ 1978.06.24. 재단법인 설립 등기&cr;ㅇ 1978.06.30. 준공 및 개원  초대 원장 이선근 박사 취임&cr;ㅇ 1980.03.05. 한국학대학원 개원&cr;ㅇ 2005.02.01. 한국학중앙연구원으로 명칭 변경,&cr;&cr;&cr;ㅇ 미션: 한국학 진흥 및 민족문화 창달&cr;ㅇ 비전: 한국학 세계화를 선도하는 KS(Korean Studies) Standard&cr;ㅇ 핵심가치&cr;- 전문성(사업부문)&cr;- 협력(업무수행)&cr;- 신뢰(고객대응)&cr;- 청렴(공공성)&cr;ㅇ 핵심역할&cr;- KS Leadership(한국학 연구&cr;&cr;ㆍ교육 글로벌 허브)&cr;- Demand-Oriented(효과적인 한국학 가치 전달자)&cr;- Innovation KS(성과 중심의 전문가 집단)&cr;&cr;ㅇ 3대 전략방향&cr;- 한국학 연구ㆍ교육 리더십 확보&cr;- 한국학 수요 체감 및 대중화&cr;- 성과ㆍ효율 기반 혁신경영&cr;ㅇ 9대 전략과제&cr;- 한국학 연구 리더십 확보&cr;- 연구자 중심 연구환경 조성&cr;- 글로벌 교육 경쟁력 확보&cr;- 기록문화유산 관리체계 고도화&cr;- 한국학 자료 활용도 제고&cr;- 한국학 지식공유 및 성과 창출&cr;- 경영 혁신을 통한 기관 미션 달성&cr;- ESG 추진 기반 고도화&cr;- 미래대응 기반 강화&cr;,김낙년,20240729-20270728,ㅇ 동국대학교 명예교수&cr;ㅇ 낙성대경제연구소 이사장,경기도,경기도 성남시 분당구 하오개로 323(운중동), http://www.aks.ac.kr,129-82-00777,-
320,한국한의약진흥원,기타공공기관,보건복지부,한의약육성법 제13조(한국한의약진흥원),20190612,진흥원은 한의약육성법에 따라 설립되었으며  한의약 육성을 위한 기반조성과 한의약 기술 개발 및 산업 진흥을 통해 국민건강증진과 국가경제발전에 기여함을 목적으로 한다.,&cr;1. 한의약기술의 과학화 및 정보화 촉진&cr;1-2. 한의약 관련 데이터 및 통계 조사ㆍ연구ㆍ수집ㆍ분석과 활용ㆍ제공&cr;2. 우수 한약재의 재배 및 한약의 제조ㆍ유통의 지원&cr;3. 전통 한약시장의 전승ㆍ발전 지원 및 한약재 품종의 보존ㆍ연구&cr;4. 한의약 육성 관련 정책 개발 및 한의약육성종합계획 수립 지원&cr;4-2. 한의약 연구ㆍ개발 사업에 필요한 기획ㆍ관리 및 평가 등의 업무&cr;5. 한의약 관련 국내외 공동 협력 및 국제경쟁력 강화 사업&cr;5-2. 한의약의 해외진출 및 외국인환자 유치 지원 사업&cr;6. 한의약기술의 과학화 관련 홍보 및 콘텐츠 개발 사업&cr;7. 한의약기술의 산업화 지원 사업&cr;8. 한의약기술 관련 산업 육성을 위한 전문인력 양성 사업&cr;,2015.11. 한약진흥재단 설립허가(보건복지부)&cr;2016.01. 한약진흥재단 출범&cr;2016.08. 품질인증센터 의약품 등 시험검사기관 지정(식품의약품안전처)&cr;2017.02. 보건복지부 기타공공기관 지정&cr;2018.04. 원외탕전실 평가인증제 도입 및 인증전담기관 지정&cr;2018.12. 한의약육성법 개정(기관설립근거)&cr;2019.05. 한국한의약진흥원 설립통보(보건복지부)&cr;2019.06. 한국한의약진흥원 출범&cr;2019.09. 한약공공인프라(한약비임상시험센터  한약제제생산센터) 준공&cr;2021.01. 세계보건기구(WHO) 전통의학협력센터 지정&cr;2024.02. 한의약육성법 개정(법적사업 확대  보조금 법적근거 등)&cr;2025.02. 세계보건기구(WHO) 전통의학협력센터 재지정,미션 : 한의약 육성 및 산업진흥을 통한 국민의 건강한 삶과 국가 경제 기여&cr;비전 : 한의약의 미래성장을 선도하는 국민 행복 파트너  NIKOM&cr;경영목표&cr;1. 한의약 미래기반 조성&cr;2. 한의약 산업 활성화&cr;3. 한의약 정책 실현&cr;4. 국민신뢰 최고수준 달성&cr;전략방향 및 전략과제&cr;1. 기술기반의 한의약 미래가치 창출&cr;1-1) 신뢰성 확보를 위한 한의약의료기술 고도화&cr;1-2) 데이터 공유.활용을 위한 한의약 정보체계 고도화&cr;1-3) 한의약 연구성과 발굴 및 확산지원&cr;2. 한의약 생태계의 지속가능 성장지원&cr;2-1) 한약재 수급 안정화 및 공급 체계 구축&cr;2-2) 안전성 기반의 한의약산업 경쟁력 강화&cr;2-3) 한의약 기업 맞춤형 지원체계 고도화&cr;3. 수요중심의 한의약 시장 확대&cr;3-1) 맞춤형 한의약 육성계획 수립 및 정책 확산&cr;3-2) 국민과 함께하는 한의약 접근성 강화&cr;3-3) 한의약 국제화 성과 확산 지원&cr;4. ESG 경영과 국민신뢰 실현&cr;4-1) 친환경 기반 지속가능경영 실현&cr;4-2) 상생협력 기반 사회적 가치 확산&cr;4-3) 책임.투명 거버넌스 기반 경영혁신 추진,고호연,20260309-20290308,(현) 건강보험심사평가원 비상근심사위원&cr;(현) 보건의료인국가시험원 한의사시험위원회 위원장,경상북도,경상북도 경산시 화랑로 94(갑제동),www.nikom.or.kr,876-82-00081,-
321,한국항로표지기술원,기타공공기관,해양수산부,항로표지법 제41조,20180718,항로표지에 관한 기술개발 및 항로표지관련 시설의 효율적 관리,&cr;□ 정부 업무 대행사업&cr;o (법적근거) 항로표지법 제41조제4항 및 같은 법 시행령 제23조제1호&cr;o (사업내용) 국가부표 수리 및 품질관리&cr;□ 정부 업무 위탁사업&cr;o (법적근거) 등대보존활용법 제12조  제17조  제18조&cr;o (사업내용) 등대박물관 및 해양문화공간*의 운영&cr;* 해양문화공간(9개소) : 팔미도  속초  간절곶  오동도  영도  우도  소매물도  묵호  울기 등대&cr;□ 정부 보조 사업&cr;o (법적근거) 항로표지법 제41조제4항&cr;o (사업내용) 항로표지 장비·용품의 연구개발 및 전문인력 양성&cr;□ 자체 사업&cr;o (법적근거) 항로표지법 제41조제4항&cr;o (사업내용) 항로표지에 관한 조사·연구 및 홍보&cr;- 항로표지 장비 용품의 시험 검사&cr;- 항로표지 관련 R&D 및 용역사업 수행&cr;- 항로표지기술지원센터 운영&cr;- 4차 산업혁명을 주도할 특화된 연구개발&cr;- 개발도상국 등에 대한 항로표지 ODA 사업&cr;- 국제회의 주요자료 및 기술정보 등을 수록한 국제동향보고서 발간&cr;,&cr;o 1999.03.31. 재단법인설립 허가 신청&cr;o 1999.05.08. 재단법인설립 인가 및 정관 승인&cr;o 1999.12.31. 부표 및 등부표 제작수리 수탁&cr;(행정권한의 위임 및 위탁에 관한 규정 제52조)&cr;o 2000.07.01. 국제항로표지기술협회(IALA) 준회원 가입&cr;o 2002.10.10. 항로표지 장비  용품 검사대행기관 지정&cr;o 2002.11.19. 시험검사소 개소&cr;o 2004.08.07. ISO9001/KSA 9001 품질경영시스템 인증 획득&cr;o 2008.02.22. 특수법인 항로표지기술협회 설립&cr;o 2009.01.29. 공공기관(기타공공기관) 지정&cr;o 2012.07.16. 한국인정기구(KOLAS)국제공인시험  검사 기관 인정&cr;o 2018.07.18. 한국항로표지기술원 설립&cr;,&cr;o 미 션 : 안전한 뱃길로 안내하는 해양교통신호등(Aids To Navigation)&cr;o 비 전 : 항로표지기술과 해양문화를 선도하는 글로벌 공공기관&cr;o 핵심가치 : LIGHT&cr;- 리더(Leader)  혁신(Innovation)  선도(Guidance)  행복(Happiness)  신뢰(Trust)&cr;o 발전방향&cr;- 항로표지기술 선도&cr;- 해양안전문화 선도&cr;- 공공기관 사회적 책임 강화&cr;o 전략과제&cr;- 신규사업 발굴을 통한 글로벌 기술정책 기관으로 위상 정립&cr;- 항로표지분야의 국제사회 선도기관으로 도약&cr;- 교통안전시설 전담 검사기관으로 시험업무 확장&cr;- 4차 산업혁명을 주도할 특화된 연구개발 추진&cr;- 고품질 국가부표 수리로 해양안전 증진 기여&cr;- 국민중심 해양문화공간 운영&cr;- 고객서비스 확대를 통한 검사품질 강화&cr;- 항로표지분야 전문교육기관으로 도약&cr;- 업무혁신을 통한 일하는 방식 개선&cr;- 구성원 역량강화&cr;- 항로표지 분야 좋은 일자리 창출&cr;- 공직기강 확립을 위한 윤리경영 강화&cr;,박광열,20220609-20250608,- 한국해양진흥공사 경영기획본부장(2018~2021)&cr;- 해양수산부 부산지방해양수산청장(2017~2018)&cr;- 해양수산부 해사안전국장(2015~2017)&cr;- 대전지방국토관리청장(2012~2013),세종특별자치시,세종특별자치시 아름서1길 13-9  6층(아름동  다올비즈니스센터),www.katon.or.kr,839-82-00248,-
322,한국해양과학기술원,기타공공기관,해양수산부,한국해양과학기술원법,20120701, 해양과 해양수산자원의 체계적 연구와 개발  관리와 이용 및 해양분야 우수 전문인력양성으로 국가해양과학기술 발전과 국제적 경쟁력 확보에 이바지하기 위하여 설립&cr;(한국해양과학기술원법 제1조 목적),○ 해양과학기술 및 해양산업 발전에 필요한 원천연구  응용 및 실용화 연구&cr;○ 해양 및 극지과학기술 정책  제도 연구&cr;○ 해양분야 우수 전문인력 양성 및 대국민 서비스&cr;○ 해양관련 기기·장비 기술개발과 검·교정&cr;○ 해양과학기지 등 해양인프라 구축 및 운영&cr;○ 국내·외 대학  연구기관  산업체 등과 수탁·위탁연구  공동연구 및 기술제휴&cr;○ 상기 내용에 부대되는 사업과 연구개발성과의 실용화 및 기타 기관의 목적 달성을 위하여 필요한 사업,○ 1973. 10. 30. KIST 부설 해양개발연구소 창립&cr;○ 1990. 06. 01. 재단법인 한국해양연구소 설립&cr;○ 2001. 01. 01. 한국해양연구원으로 명칭 변경&cr;○ 2004. 04. 16. 부설 극지연구소 설치(인천 송도)&cr;○ 2012. 07. 01. 한국해양과학기술원 출범&cr;○ 2014. 01. 01. 부설 선박해양플랜트연구소 설치(대전 유성)&cr;○ 2017. 12. 22. 본원 부산 이전(부산혁신도시 동삼지구),○ 경영목표&cr;- 도전적 융복합 연구로 선도적 해양과학기술 역량 강화&cr;- 해양 신산업 발굴  육성 및 산업화 기반 기술 개발&cr;- 국가사회 현안 해결을 위한 체계적 해양과학기술 지원&cr;&cr;○ 추진전략&cr;- 임무중심 조직 운영 및 과제 대형화&cr;- 4차산업혁명 대응 해양산업 허브 조성&cr;- 국민생활 공감형 협력연구 수행&cr;- 공정·윤리기반 연구중심 경영체제 확립,이희승,20240527-20280526,(사)한국해양바이오학회 회장&cr;해양수산부 해양수산발전위원회 민간위원,부산광역시,부산광역시 영도구 해양로 385,www.kiost.ac.kr,134-82-01458,-
323,한국해양교통안전공단,준정부기관(위탁집행형),해양수산부,한국해양교통안전공단법(법률 제16160호  2018.12.31.제정),20190701,한국해양교통안전공단은 해양교통사고 예방을 위한 사업 및 해양교통체계 운영ㆍ관리 지원을 위한 사업을 수행함으로써 해양교통 안전을 확보하여 국민의 생명ㆍ신체 및 재산 보호에 기여함을 목적으로 하고 있습니다.,ㅇ 해양교통안전에 관한 교육ㆍ방송ㆍ기술개발 업무&cr;ㅇ 선박안전에 관한 국제협약에 따른 기술기준 및 선박 검사 제도의 연구&cr;ㅇ 해양교통안전에 관한 자료의 수집  조사ㆍ연구 및 국제협력&cr;ㅇ 선박검사 및 여객선 안전운항관리 등 정부업무의 대행ㆍ위탁 사업&cr;ㅇ 해양교통 및 선박정보시스템 운영과 정보제공에 관한 사업&cr;ㅇ 선박에 의한 온실가스 및 대기오염물질 배출관리 업무 등,ㅇ 1979.01.01. : 한국어선협회 설립(어선법 제정)&cr;ㅇ 1998.07.01. : 한국선박안전기술원 설립(선박안전법 개정)&cr;ㅇ 1999.10.16. : 선박검사기술협회로 명칭 변경(선박안전법 개정)&cr;ㅇ 2007.04.04. : 선박안전기술공단 설립(선박안전법 개정)&cr;ㅇ 2015.02.13. : 공단 본부 사옥 세종특별자치시 이전&cr;ㅇ 2015.07.07. : 여객선 안전운항관리 업무 인수(해운법 개정)&cr;ㅇ 2019.07.01. : 한국해양교통안전공단 출범(한국해양교통안전공단법 제정),[경영목표 1] 해양사고 저감&cr;[전략방향 1] 해양사고 예방 체계 강화&cr;1. 선박안전관리 내실화&cr;2. 여객선 운항관리 선진화&cr;3. 해양교통안전 정책 지원 및 해양 안전기술 연구ㆍ개발&cr;4. 어선원 안전보건 관리체계 구축&cr;&cr;[경영목표 2] 해양교통 서비스 확대&cr;[전략방향 2] AIㆍ디지털 기반 해양교통 혁신&cr;1. 해양교통 데이터플랫폼 구현&cr;2. 맞춤형 공공해상교통서비스 확대&cr;3. 스마트 선박안전 인프라 구축&cr;4. 해상교통 사각지대 서비스 혁신&cr;&cr;[경영목표 3] 해양교통 친환경 전환&cr;[전략방향 3] 깨끗한 해양환경구현&cr;1. 해양환경 탄소중립정책 강화&cr;2. 친환경 해양교통 기술 적용 확대&cr;3. 해양환경 글로벌 리더십 강화&cr;4. 전문인재 육성 체계 확보&cr;&cr;[경영목표 4] 국민 신뢰 최우수기관 &cr;[전략방향 4] ESG 기반 책임 경영&cr;1. 국민과 근로자의 안전 구현&cr;2. 일자리창출 및 상생협력 강화&cr;3. 성과지향 자원 운용 최적화&cr;4. 윤리ㆍ투명경영 및 참여ㆍ소통 경영 강화 &cr;,안영철,20260506-20290505,ㅇ 부산국제교류재단 사무차장&cr;ㅇ 대통령직속정책기획위원회 자문위원&cr;ㅇ 국가균형발전위원회 자문위원&cr;ㅇ 사)희망나무 사회적 협동조합 이사장&cr;ㅇ 사)한국기후경제사회연구소 이사장&cr;ㅇ 부산외국어대 초빙교수,세종특별자치시,세종특별자치시 아름서길 27(아름동),https://www.komsa.or.kr,107-82-06242,-
324,한국해양수산개발원,기타공공기관,국무조정실,정부출연기관 등의 설립  운영 및 육성에 관한 법률,19970418,해양  수산  해운  항만 및 그와 관련된 물류 산업의 발전과 이와 관련된 제부문의 과제를 종합적·체계적으로 연구·개발하고  각종 동향과 정보를 신속히 수집·분석하여 이를 널리 보급·활용하게 함으로써 국가발전 및 국민편익 증진에 이바지함, ○ 해양  수산  해운  항만 및 그와 관련된 물류(이하 '해양수산') 분야의 국가발전 및 국민편익 증진을 위한 연구·개발&cr;○ 해양수산 관련 산업발전을 위한 정책과 법·제도에 관한 연구·개발&cr;○ 해양수산 관련 국내외 동향과 정보 수집 및 연구·개발&cr;○ 해양수산 분야 산·학·연·관 협력과 해양클러스터 등 지역발전을 위한 연구·개발 및 사업&cr;○ 상기 연구 또는 사업에 관련된 조사  교육·연수  연구성과 확산  공동연구  수탁 등에 관한 사항 및 부대사업 또는 개발원의 목적 달성을 위하여 필요한 사업,○ 1984. 2. 「한국해운기술원」 설립&cr;○ 1988. 12. 「해운산업연구원」으로 변경&cr;○ 1997. 4. 「한국해양수산개발원」설립&cr;※ 해운산업연구원  한국해양연구원 해양정책분야  한국농촌경제연구원 수산정책분야  국립수산과학원 수산경영분야 통합&cr;○ 1999. 1.「정부출연연구기관등의 설립·운영 및 육성에 관한 법률」 에 의거 국무총리실 산하로 소속 변경&cr;○ 2005. 12. 해외사무소(중국 현지 상해연구센터) 개소&cr;○ 2015. 4. 부산시 영도구(동삼혁신도시)로 청사 이전,Ⅰ. 과학기술 기반 해양수산 청색미래 선도&cr;Ⅰ-1. 국가 해양수산 전략을 선도하는 혁신적 지식기반 정책연구 확대&cr;Ⅰ-2. 국가 경제성장을 견인하는 디지털 청색경제 생태계 조성&cr;Ⅱ. 해양수산 현안·현장연구를 통한 민생·경제 회복&cr;Ⅱ-1. 선순환 연구체계 구축으로 해양수산 정책 현안과 현장 대응력 강화&cr;Ⅱ-2. 지역 혁신과 균형발전을 위한 연안·해양 활력 촉진&cr;Ⅱ-3. 지속가능한 경제 발전을 견인하는 해양수산업 경쟁력 강화&cr;Ⅲ. 경계를 뛰어넘는 융복합 협력 강화&cr;Ⅲ-1. 창조적 융합과 상생을 위한 다학제간 연구협력 활성화&cr;Ⅲ-2. 글로벌 아젠다 선도를 위한 교류 협력 확대&cr;Ⅳ. 믿고 참여하는 경영혁신 추진&cr;Ⅳ-1. 개방과 신뢰에 기반한 연구환경 조성&cr;Ⅳ-2. 국책연구기관으로서 공공책임 실현,조정희,20250428-20280427,○ 한국해양수산개발원 경영부원장&cr;○ 해양수산부 정책자문위원회 위원&cr;○ 한국수산경영학회 회장&cr;○ 한국어촌어항공단 비상임이사,부산광역시,부산광역시  영도구 해양로301번길 26(동삼동),www.kmi.re.kr,120-82-04325,-
325,한국해양수산연수원,기타공공기관,해양수산부,한국해양수산연수원법,19980101,한국해양수산연수원법 제1조&cr;-해양수산인력의 교육  기술훈련 등에 관한 업무 수행으로 해양수산분야의 발전 도모,-해양수산관련 사업종사자의 교육훈련&cr;-정부로부터 수탁한 해기사 등 국가자격시험의 관리&cr;-해양수산기술훈련에 관한 국제교류증진을 위한 사업&cr;-선원정책 수행을 위한 정부지원 업무&cr;-선박운항 및 어업기술의 연구개발,-1965.7. : 원양어업기술훈련소 창설&cr;-1978.7. : 특수법인 한국어업기술훈련소 설립&cr;-1983.6. : 한국해기연수원 설립&cr;-1998.1. : 한국어업기술훈련소와 한국해기연수원 통합&cr;한국해양수산연수원 발족(법률 제5364호)&cr;-2007.4. : 위탁집행형 준정부기관 지정(공공기관의 운영에 관한 법률  기획예산처 고시 제2007-28호)&cr;-2023.1. : 기타공공기관 지정,□ 경영목표&cr; ○ 교육 인력 25만명(누계)&cr; ○ 국가자격시험 3無달성(무사고  무결점  무지연)&cr; ○ 신규교육과정 개발 60건(누계)&cr; ○ 디지털 전환 교육 이수인원 1만명(누계)&cr; ○ 온실가스 감축목표 50% 달성&cr; ○ 중대재해 ZERO&cr; ○ 고객만족도 우수등급&cr; ○ 부채비율 50%이하 달성&cr;&cr;□ 12대 전략과제&cr; ○ 해양수산 인재 전문역량 강화&cr; ○ 해양수산 인재 첫걸음 지원&cr; ○ 국가자격검정 품질관리 고도화&cr; ○ 글로벌 해양시대 교육 및 연구 선도&cr; ○ K-해기교육 글로벌 선도·확산&cr; ○ 디지털 바다 선도 허브 실현&cr; ○ 해양수산 친환경 경영 확산&cr; ○ 지역상생  대국민 서비스 확대&cr; ○ 윤리경영 및 안전관리 강화&cr; ○ 혁신 기반 경영 효율화&cr; ○ 조직  인력 운영체계 고도화&cr; ○ 소통  협력 중심 긍정 조직문화 구현,김민종,20220204-20250203,-2014. : 해양수산부 해사안전국 해사안전정책과장&cr;-2017. : 중앙해양안전심판원 수석조사관  세월호후속추진단장&cr;-2018. : 해양수산부 해사안전국장&cr;-2020. : 중앙해양안전심판원장,부산광역시,부산광역시 부산광역시 영도구 해양로 367,www.seaman.or.kr,617-82-01894,-
326,한국해양조사협회,기타공공기관,해양수산부,해양조사와 해양정보 활용에 관한 법률 제54조,20040227,해양조사에 관한 기술·제도의 연구·개발 및 교육훈련  해양에 관한 자료를 수집·제공을 위함,&cr;□「해양조사와 해양정보 활용에 관한 법률」제60조제2항 및 시행령 제25조        제2항에 따른 위탁사업&cr; ㅇ 국가해양기준점 표지의 설치·관리&cr; ㅇ 국가해양기준점 표지의 이전&cr; ㅇ 국가해양관측망의 운영 업무&cr; ㅇ 해양조사기술자의 신고 접수  경력관리&cr; ㅇ 해양정보의 품질관리&cr; ㅇ 항해용 간행물의 간행·배포&cr; ㅇ 해양조사기술경력증 발급&cr;&cr;□「협회 정관」제5조에 의한 사업&cr; ㅇ 항해참고용·해양 및 연안관련 정보물의 개발·제작 및 공급&cr; ㅇ 해양조사기술· 항해안전· 해양관측 및 해양재해 등에 관한 자료·정보의        수집·제공&cr; ㅇ 해양조사 기술·장비 및 표준화·개발에 관한 연구&cr; ㅇ 해양조사 및 해양정보에 관한 연구 및 홍보&cr; ㅇ 해양조사기술자의 양성 및 교육훈련&cr; ㅇ 해양조사와 해양정보관련 기술교재 개발 및 지식 전파 &cr; ㅇ 해양조사와 해양정보에 관한 DB구축  S/W프로그램·시스템 개발 등 &cr;     정보화 사업&cr; ㅇ 해양조사와 해양정보(해양공간계획을 포함한다)에 관한 자문 및 평가 &cr; ㅇ 그 밖에 협회의 설립목적을 달성하기 위하여 필요한 사업&cr;,&cr;□ 2004. 2. 재단법인 한국해양조사협회 창립 및 해양수산부장관 설립허가 승인&cr;□ 2006. 1. 「수로업무법」개정으로 한국해양조사협회 특수법인으로 전환&cr;□ 2015. 1. 「공공기관 운영에 관한 법률」에 의거 기타공공기관 지정&cr;□ 2015. 12. 수로분야 전문 교육기관 지정(해양수산부 고시 제2015-184호)&cr;□ 2018. 12. 고용노동부 직업능력심사평가원 훈련기관 인증&cr;□ 2021. 2. 「해양조사와 해양정보 활용에 관한 법률」시행에 따른 사업 확대&cr;□ 2021. 12. 해양조사기술자 전문교육기관 지정&cr;,□ 미션: 해양정보 서비스의 미래가치 창출로 국민안전과 해양강국 실현에 기여&cr;&cr;□ 비전: 안전한 해양공간의 미래가치를 창출하는 해양정보 서비스 전문기관&cr;&cr;□ 핵심가치: 전문역량  소통·신뢰  지속가능  국민안전&cr;&cr;□ 전략목표:&cr; ㅇ 지속성장 해양정보 산업생태계 조성&cr; ㅇ 신뢰받는 해양정보 생산 환경 구축&cr; ㅇ 국민체감 책임경영 실현,김백수,20240513-20270512,□ 국립해양조사원 해양관측과장('21.7.~'23.6.)&cr;□ 국립해양조사원 수로측량과장('23.7.~'24.4.),서울특별시,서울특별시 금천구 가산디지털1로 70,www.khra.kr,107-82-11143,-
327,한국해양진흥공사,기타공공기관,해양수산부,한국해양진흥공사법(법률)(제21518호) 제1조,20180705,(한국해양진흥공사법 제1조) 해운기업들의 안정적인 선박 도입과 유동성 확보를 지원하고  해운산업 성장에 필요한 서비스를 제공하는 등 우리나라의 해운경쟁력을 강화함으로써 국가경제 발전에 이바지함,(한국해양진흥공사법 제11조)&cr;1. 선박  항만터미널 등 해운항만업 관련 자산에 대한 투자&cr;2. 선박  항만터미널 등 해운항만업 관련 자산의 취득을 위하여 해운항만사업자가 차입하는 자금에 대한 채무보증&cr;2의2. 해운항만사업자가 선박  항만터미널 등 해운항만업 관련 자산을 담보로 차입하는 자금에 대한 채무보증&cr;2의3. 긴급한 경제적ㆍ사회적 위기 대응 등 대통령령으로 정하는 바에 따라 해운항만업에 대한 지원이 필요한 경우로서 해운항만사업자가 「신용보증기금법」 제2조제3호에 따른 금융회사등으로부터 차입하는 자금에 대한 채무보증&cr;2의4. 해운항만사업자가 체결하는 화물운송계약과 관련한 입찰보증 및 계약이행보증&cr;3. 해운항만업 관련 채권ㆍ주식의 매입 및 중개&cr;4. 선박  항만터미널 등 해운항만업 관련 자산의 취득ㆍ관리ㆍ처분 및 그 수탁&cr;5. 해외항만개발사업 및 해외항만물류사업에 대한 투자  채무보증&cr;6. 「해운법」 제40조의2제2항에 따른 해운산업 지원 전문기관의 업무&cr;7. 운임선도거래 시장 운영&cr;8. 해운항만물류 관련 전문인력의 양성&cr;9. 해운항만사업자의 해외 물류시장 투자 등에 대한 컨설팅&cr;9의2. 「환경친화적 산업구조로의 전환촉진에 관한 법률」 제2조제5호에 따른 녹색경영에 대한 해운항만업의 대응력을 높이기 위한 지원&cr;9의3. 국제기구  국제협약 및 외국정부의 국제환경규제에 대한 해운항만업의 대응력을 높이기 위한 지원&cr;10. 제1호  제2호  제2호의2부터 제2호의4까지  제3호부터 제9호까지  제9호의2 및 제9호의3의 업무와 관련된 조사 및 연구&cr;11. 국가  지방자치단체  공공기관 등이 위탁하는 업무&cr;12. 정부시책으로 추진하는 해운항만사업자에 대한 보조금 지원&cr;13. 그 밖에 해운항만 시장의 건전한 거래질서 확립과 산업 발전을 위하여 대통령령으로 정하는 업무,ㅇ「한국해양진흥공사법」공포: '18.1.16.&cr;ㅇ 공사 설립위원회 발족: '18.2.5.&cr;ㅇ 한국해양진흥공사 설립: '18.7.5.&cr;ㅇ 기타공공기관 지정: '19.1.30.&cr;ㅇ「한국해양진흥공사법」개정: '26.3.31.(시행 '26.3.31.),ㅇ 미션: 해양산업의 성장을 위한 금융 등을 지원하고 산업경쟁력을 강화하여 국가 경제발전에 이바지&cr;ㅇ 비전: 글로벌 해양강국의 종합해양지원기관&cr;ㅇ 2030 경영목표: 해양금융공급 24조 달성('26~'30 누적)  신사업 매출액 비중 20%  해양정보서비스 고객만족도 최우수 등급(해수부)  ESG·청렴경영지수 최우수 등급&cr;ㅇ 전략방향 및 전략과제: &cr;  ① 금융 기반 글로벌 해양강국 도약 - 선박금융 공급 다변화 및 질적 성장 기반 정착  인프라 금융 활성화로 국내외 거점 확보  금융 기반 해상 공급망 안정화&cr;  ② 지속 가능한 신성장 동력 확보 -  글로벌 종합해양지원기관으로서 공사 역할 확대  북극항로 개척과 해상 공급망 안전판 수행  친환경·해상풍력 지원으로 지속가능 에너지 전환&cr;  ③ 해양산업의 AX 지원 - 공공·민간 데이터 통합 기반 해양정보 허브 조성  AI 기반 해양정보 서비스 제공 및 AX 생태계 조성  해양지수 글로벌화 및 해양거래 인프라 구축&cr;  ④ 국민 상생의 책임경영 강화 - 디지털 혁신체계 확립과 대내외 경영혁신  신뢰 기반 인재경영과 재무·리스크 관리 고도화  국민체감 ESG 경영 강화,안병길,20241002-20271001,- 제21대 국회의원&cr; - 부산일보 대표이사&cr; - 부산일보 편집국장,부산광역시,부산광역시 해운대구 마린시티2로 38  씨1동 7층(우동  해운대아이파크),www.kobc.or.kr,669-82-00218,-
328,한국해외인프라도시개발지원공사,기타공공기관,국토교통부,해외건설 촉진법 제28조의2,20180608,해외인프라ㆍ도시개발사업에 대한 사업발굴  개발  금융지원 등 종합 서비스를 제공&cr;함으로써 우리 기업의 해외 진출을 확대하고 살기 좋은 지구촌 건설에 이바지함,ㅇ 해외인프라ㆍ도시개발사업의 발굴 및 추진&cr;ㅇ 해외인프라ㆍ도시개발사업에 대한 투자  출자 및 금융자문&cr;ㅇ 제1호와 관련된 외국정부ㆍ발주자와의 협상 지원 &cr;ㅇ 해외인프라ㆍ도시개발사업 관련 국제협력&cr;ㅇ 정부로부터 위탁받은 업무&cr;ㅇ 해외인프라ㆍ도시개발사업 전문가 육성을 위한 교육&cr;ㅇ 그 밖에 해외인프라ㆍ도시개발사업에 관련된 업무로서 대통령령으로 정하는 업무,ㅇ 2018.06. 한국해외인프라도시개발지원공사 설립&cr;ㅇ 2019.01. 기타공공기관 지정&cr;ㅇ 2019.05. 정책펀드 관리기관 지정&cr;ㅇ 2019.06.~07. 인도네시아  베트남  케냐 인프라협력센터 개소&cr;ㅇ 2020.03. 해외 스마트시티지원사업(KCN) 운영기관 선정&cr;ㅇ 2020.06. 인도네시아 수도이전 프로그램(EIPP) 총괄기관 지정&cr;ㅇ 2023.08. 해외건설촉진법 개정을 통해 법정자본금 한도 2조원으로 상향&cr;ㅇ 2023.08.~09. 사우디아라비아 인프라협력센터  폴란드 사무소 개소&cr;ㅇ 2024.05. 녹색인프라해외수출지원펀드(환경부)의 관리전문기관으로 지정&cr;ㅇ 2024.08. PIS 2단계 펀드의 관리전문기관으로 지정,ㅇ 경영목표&cr;1. 해외투자승인 30억불  해외 수주기여 450억불&cr;2. 금융투자지원 4.5조원&cr;3. 납입자본금 2조원  KIND 역할강화기반 확립&cr;4. ESG 경영 1등급  안전경영체계 확립&cr;&cr;ㅇ 전략방향&cr;1. 해외 투자개발사업 및 국가정책 이행 선도&cr;2. 금융투자· 운용 및 사업관리 강화&cr;3. 미래 혁신성장 기반 구축&cr;4. ESG· 안전 기반의 국민신뢰 경영 정착,김복환,20241111-20271110,ㅇ 국토교통부 혁신도시추진단 부단장&cr;ㅇ 국토교통부 도시정책관&cr;ㅇ 국토교통부 철도안전정책관&cr;ㅇ 행복청 도시계획국장,서울특별시,서울특별시 영등포구 국제금융로 10  50층(여의도동  Three IFC),https://www.kindkorea.or.kr/,797-86-00957,-
329,한국행정연구원,기타공공기관,국무조정실,정부출연연구기관 등의 설립ㆍ운영 및 육성에 관한 법률,19910927,행정체제의 발전과 행정제도 및 그 운영의 개선에 관한 사항을 종합적이고 체계적으로 연구하고 관련 사업을 수행함으로써 국가의 정책 수립과 행정 분야 발전에 이바지함,ㅇ조직·인사·재무·규제·평가 등에 관한 행정 제도·운영 및 정책 연구&cr;ㅇ정부혁신·사회통합·재난안전·글로벌행정 등에 관한 행정 제도·운영 및 정책 연구&cr;ㅇ행정에 관련된 각종 국내외 정보·자료의 생산· 수집·관리·지원&cr;ㅇ국내외 연구기관 등과의 교류·협력&cr;ㅇ연구 또는 사업에 관련된 조사  교육·연수  연구성과 확산  공동연구  수탁 등에 관한 사항&cr;ㅇ상기의 사업에 부대사업 및 기타 연구원의 목적달성을 위하여 필요한 사업 등,ㅇ1991. 01. 14. 한국행정연구원법 제정&cr;ㅇ1991. 05. 20. 한국행정연구원법시행령 제정·공포(대통령령 제13371호)&cr;ㅇ1991. 10. 05. 한국행정연구원 개원&cr;ㅇ1999. 01. 29. 정부출연연구기관등의설립·운영및육성에관한법률 및 동법 시행령 제정ㆍ공포로 국무총리실 산하 인문사회연구회로 소속 변경&cr;ㅇ2001. 07. 14. 정부업무평가 전문연구기관 지정&cr;ㅇ2002. 04. 17. 규제 전문연구기관 지정&cr;ㅇ2005. 07. 01. 경제·인문사회연구회로 소속 변경&cr;ㅇ2007. 09. 05. 갈등관리 전문연구기관 지정&cr;ㅇ2010. 01. 04. 갈등관리 전문교육기관 지정&cr;ㅇ2011. 03. 29. 사회조사센터 개소&cr;ㅇ2014. 01. 01. 국제행정협력센터 개소&cr;ㅇ2014. 06. 18. 행정·사회분야 규제비용분석 전문기관 지정 및 규제연구센터 개소&cr;ㅇ2017. 04. 28. 조직관리 전문연구기관 지정&cr;ㅇ2018. 08. 세종리더십센터 개소&cr;ㅇ2020. 01. 정부조직디자인센터 개소&cr;ㅇ2021. 04. 정부업무평가지원센터 개소,&cr;Ⅰ. 사회 대전환 시대가 요구하는 정부혁신·국가역량 발전 중장기 연구&cr;Ⅰ-1. 미래 사회가 요구하는 국가역량발전 융합연구&cr;Ⅰ-2. 사회구조 변화에 대응하는 창의적 정부혁신 연구&cr;  &cr;Ⅱ. 국가 정책현안에 대하여 적실성·파급성 높은 연구성과 창출&cr;Ⅱ-1. 정부경쟁력과 회복력을 지원하는 적실성·파급성 높은 연구&cr;Ⅱ-2. 정·산·학·연 협력 네트워크 기반 정책현안 대응&cr;  &cr;Ⅲ. 글로벌 연구 허브로 도약을 위한 네트워크 고도화&cr;Ⅲ-1. 글로벌 중추국가의 국책연구기관으로 국내외 네트워크 고도화&cr;  &cr;Ⅳ. 자율과 책임에 따른 공정하고 창의적인 경영혁신&cr;Ⅳ-1. 디지털  AI 전환으로 지능형 연구·행정 체계 구현&cr;Ⅳ-2. 최적의 연구 환경 구축 및 인적 역량 강화 &cr;Ⅳ-3. 상호존중과 공감에 기반한 공정한 조직 운영 &cr;,권혁주,20240926-20270925,ㅇ서울대학교 행정대학원 교수 (2008~현재)&cr;ㅇ영국 사회과학학술원 (Academy of Social Science) 정회원 (2024~현재)&cr;ㅇ국무총리 소속 정부업무평가위원회 위원 (2022~2024)&cr;ㅇ국제개발협력학회 회장 (2019~2020)&cr;ㅇ유엔 사회개발연구원 (UNRISD) 연구조정관(2002~2005),서울특별시,서울특별시 은평구 진흥로 235,www.kipa.re.kr, 220-82-00838,-
330,한국형사·법무정책연구원,기타공공기관,국무조정실, 정부출연연구기관 등의 설립ㆍ운영 및 육성에 관한 법률 제8조(연구기관의 설립),19890316,범죄의 실태와 원인 및 그 대책을 종합적ㆍ체계적으로 분석ㆍ연구함으로써 국가의&cr;형사정책수립과 범죄방지에 이바지하며  법무분야에 대한 실증적ㆍ종합적인 분석ㆍ&cr;연구를 통해 법무정책의 수립과 발전에 기여함,1. 범죄의 동향과 원인 등에 대한 조사ㆍ분석과 그 대책에 관한 연구ㆍ사업&cr;2. 형사관계법령 및 형사정책에 관한 종합적인 연구ㆍ사업&cr;3. 민ㆍ상사  송무  국제법무  인권법무  출입국법무  법조인력정책 등 법무관계&cr;법령 및 법무정책에 관한 종합적인 연구ㆍ사업&cr;4. 제1호부터 제3호까지의 연구 또는 사업에 관련된 조사  교육ㆍ연수  성과확산&cr;  출판  공동연구  국내ㆍ외 교류협력  위ㆍ수탁  통계정보 관리ㆍ제공 등에&cr;관한 사항&cr;5. 제1호부터 제4호까지의 부대사업 기타 연구원의 목적달성을 위하여 필요한&cr;사업,ㅇ1989.03.16 초대 정해창 원장 임명 (업무개시)&cr;ㅇ1999.01.29.「정부출연연구기관등의설립ㆍ운영및육성에관한법률」공포ㆍ시&cr;행으로 국무총리산하 인문사회연구회로 소관 변경&cr;ㅇ2005.07.01.「정부출연연구기관등의설립ㆍ운영및육성에관한법률」개정으&cr;로 국무총리산하 경제ㆍ인문사회연구회로 소관 변경&cr;ㅇ2021.05.18.「정부출연연구기관등의설립ㆍ운영및육성에관한법률」개정으&cr;로 한국형사ㆍ법무정책연구원으로 명칭 변경,Ⅰ. 국민으로부터 신뢰받는 형사·법무 정책연구&cr;Ⅰ-1. 국정과제 지원을 위한 정책연구&cr;Ⅰ-2. 국민의 니즈에 부합하는 현안 대응 연구&cr;Ⅱ. 미래와 세계를 향한 형사·법무 정책연구&cr;Ⅱ-1. 미래를 선도하는 연구&cr;Ⅱ-2. 세계를 선도하는 연구&cr;Ⅲ. 디지털 대전환에 부응하는 연구 지원 체계 구축&cr;Ⅲ-1. 수요자 맞춤형 연구수행 및 연구성과 확산 체계 강화&cr;Ⅲ-2. 업무환경 및 조직문화 개선,정웅석,20240822-20270821,ㅇ 대검찰청 검찰개혁추진위원회 위원&cr;ㅇ 법무부 책임수사시스템 정비 협의회 정책위원&cr;ㅇ (사)한국형사소송법학회장&cr;ㅇ (사)4차산업혁명융합법학회장,서울특별시,서울특별시 서초구 태봉로 114,http://www.kicj.re.kr,229-82-00121,-
331,한국환경공단,준정부기관(위탁집행형),기후에너지환경부,한국환경공단법,20100101,환경오염방지ㆍ환경개선ㆍ자원순환촉진 및 기후위기대응을 위한 온실가스 감축사업 등 탄소중립 사회로의 이행을 효과적으로 추진함으로써 환경친화적 국가발전에 이바지함,ㅇ 기후위기 대응 및 온실가스배출 저감 등 환경 관련 국제협약 대응&cr;ㅇ 기후대응기금 수탁사업 및 온실가스감축인지예산제 관리&cr;ㅇ 대기ㆍ수질 등 환경측정망 및 관제센터 구축ㆍ운영&cr;ㅇ 수생태 복원 및 토양ㆍ지하수 환경조사ㆍ평가ㆍ정화&cr;ㅇ 하ㆍ폐수처리시설 및 폐자원에너지화시설 등 환경시설 설치ㆍ운영&cr;ㅇ 폐기물의 발생억제ㆍ순환이용 및 친환경 처리사업&cr;ㅇ 환경오염방지ㆍ환경개선 및 자원순환 관련 정책 수행&cr;ㅇ 화학물질 안전관리 및 환경 유해물질 검사ㆍ분석,ㅇ 1980.09 한국자원재생공사 설립&cr;ㅇ 1987.03 환경오염방지사업단 설립&cr;ㅇ 1987.11「환경관리공단법」제정&cr;(환경오염방지사업단 → 환경관리공단으로 명칭변경)&cr;ㅇ 2004.07「한국환경자원공사법」제정&cr;(한국자원재생공사 → 한국환경자원공사로 명칭변경)&cr;ㅇ 2009.02「한국환경공단법」제정&cr;ㅇ 2010.01 한국환경공단 설립&cr;ㅇ 2012.05「한국환경공단법」개정&cr;(기후변화 대응 등 설립목적 재정립)&cr;ㅇ 2022.12「한국환경공단법」개정&cr;(탄소중립 이행 추진 등 설립목적 재정립),ㅇ 미션: 지속가능한 미래  함께 누리는 환경&cr;ㅇ 비전: 탄소중립시대를 선도하는 글로벌 환경전문기관&cr;ㅇ 핵심가치: 신뢰  전문  안전  혁신&cr;ㅇ 경영방침: 미래경영  소통경영  안전경영  혁신경영&cr;ㅇ 5대 전략목표&cr;- 온실가스 감축ㆍ청정대기 실현&cr;- 건강한 물환경 조성&cr;- 순환경제사회로의 전환&cr;- 국민체감 안전환경 조성&cr;- 경영혁신 및 ESG 경영 실천,임상준,20250131-20280130,전) 환경부 차관&cr;전) 대통령실 국정과제비서관&cr;전) 국무조정실 기획총괄정책관,인천광역시,인천광역시 서구 환경로 42(경서로  종합환경연구단지),www.keco.or.kr,137-82-07000,-
332,한국환경보전원,기타공공기관,기후에너지환경부,「환경정책기본법」 제59조(한국환경보전원),20231201,환경보전에 관한 조사연구  기술개발 및 교육·홍보  생태복원 등을 효율적으로 수행하여 쾌적한 환경을 유지시키고 국민생활 향상에 기여,&cr;○ 환경기술인 등 대국민 환경교육사업 및 국가·지방자치단체 환경교육의 강화·지원사업&cr;○ 수질개선을 위한 수계별 매수토지 등의 관리·활용  수변생태계 복원  수질·유량조사 등의 물환경보전사업&cr;○ 훼손된 자연환경 및 생태계를 복원하기 위한 자연환경복원사업&cr;○ 환경오염에 대한 측정·조사·검사·평가·연구사업&cr;○ 환경오염 방지를 위한 시설 등의 진단·개선·지원사업&cr;○ 환경보전 또는 기후변화 등에 관한 홍보사업 및 국내외 교류·협력·지원사업&cr;,○ 1968. 12. 「공해방지협회」 설립 (당시 「공해방지법」 제17조)&cr;○ 1978. 10. 「공해방지협회」 해산 및 「환경보전협회」 설립·전환 (당시 「환경보전법」 제61조)&cr;○ 1979. 07. 제1회 국제환경오염방지기기전(현 ENVEX) 개최&cr;○ 1983. 09. 환경기술인 교육훈련기관 지정 (당시 「환경보전법 시행규칙」 제76조)&cr;○ 2004. 01. 한강유역환경청 수변생태벨트 유지관리사업 위탁 수행&cr;○ 2004. 03. 기후에너지환경부 환경교육이동차량 운영사업 위탁 수행&cr;○ 2008. 02. 환경교육 권한위탁기관 지정 (당시「환경교육진흥법」 제18조)&cr;○ 2012. 10. 기후에너지환경부 국가환경교육센터 최초 지정&cr;○ 2013. 02. 4대강 수계(한강  낙동강  금강  영산강·섬진강) 생태복원사업 총괄 추진&cr;○ 2015. 08. 고용노동부 석면조사기관 지정&cr;○ 2016. 07. 4대강 수계 생태복원사업 위탁 법제화(「4대강수계법 시행령」)&cr;○ 2017. 02. 기타공공기관 지정 (「공공기관운영법」)&cr;○ 2018. 01. 환경영향평가기술자 교육·훈련기관 지정 (「환경영향평가법 시행령」제77조)&cr;○ 2020. 12. 측정대행계약관리기관 지정 (「환경분야 시험·검사 등에 관한 법률 시행령」제13조의5)&cr;○ 2020. 12. 환경보건교육 위탁기관 지정 (「환경보건법 시행령」제22조)&cr;○ 2022. 03. 탄소중립 교육·홍보 등 사업 위탁근거 신설(「탄소중립기본법 시행령」제74조)&cr;○ 2022. 06. 기관 설립근거법(환경정책기본법 제59조) 개정·공포(2023년 6월 시행)&cr;○ 2023. 12. 「환경보전협회」 해산 및 「한국환경보전원」 설립·전환(「환경정책기본법」제59조)&cr;○ 2024. 07. 자연환경복원사업 업무 위탁기관 지정(「자연환경보전법 시행령」제52조의2)&cr;○ 2024. 08. 손실보상업무 위탁기관 지정(「하천법 시행령」제90조)&cr;○ 2025. 01. 유해화학물질 안전교육 전문기관 지정(화학물질안전원 고시 제2025-31호)&cr;○ 2025. 03. 화학물질등록평가 업무 위탁기관 지정(「화학물질등록평가법 시행령」제48조)&cr;○ 2026. 04. 자연환경복원지원센터 지정(기후에너지환경부고시 제2026-86호),&cr;○ 미션 : 환경보전을 위한 생태복원  교육 및 문화 확산을 통해 건강하고 쾌적한 국민 삶의 질 보장&cr;○ 비전 : 「탄소중립 실천과 생태복원으로」 녹색전환을 선도하는 환경보전 전문기관&cr;○ 핵심가치 : 혁신전문  지속가능  소통협업  책임신뢰&cr;○ 경영목표 : 탄소흡수량 연간 10% 확대  녹색인재 양성지수 최우수 등급  A·D·P혁신지수 A등급  ESG경영지수 1등급&cr;○ 전략방향 : 생태복원으로 기후변화대응·생물다양성 증진  친환경 생활화와 미래 녹색인재 양성  녹색성장 혁신플랫폼 선도  국민 체감 ESG 성과 창출&cr;,신진수,20231113-20261112,기후에너지환경부 물관리정책실장&cr;중앙환경분쟁조정위원회 위원장&cr;기후에너지환경부 낙동강유역환경청장&cr;기후에너지환경부 자원순환국장&cr;국립환경인재개발원장,서울특별시,서울특별시 성동구 광나루로 320-2,www.keci.or.kr,104-82-04056,-
333,한국환경산업기술원,준정부기관(위탁집행형),기후에너지환경부,한국환경산업기술원법,20090408,[한국환경산업기술원법]제1조(목적) 환경기술의 개발지원 및 보급을 촉진하고 환경산업 육성과 친환경생활 확산을 통하여 국민의 환경복지 서비스 향상 및 지속가능한 국가발전에 기여하기 위함,ㅇ 환경기술 개발사업 기획ㆍ평가ㆍ관리  보급 및 실용화 촉진&cr;ㅇ 환경산업 육성 및 해외시장 진출 지원&cr;ㅇ 환경인증제도 운영 및 녹색제품 보급 촉진&cr;ㅇ 산업계 ESG 경영 및 녹색경제 활성화&cr;ㅇ 환경신기술 인증 및 기술검증&cr;ㅇ 환경산업ㆍ기술 전문인력 양성 및 일자리 창출&cr;ㅇ 환경산업ㆍ기술 정보 수집ㆍ활용ㆍ교육ㆍ홍보&cr;ㅇ 가습기살균제 피해자 지원 및 환경오염피해 구제 업무 등,ㅇ 환경기술진흥원 및 친환경상품진흥원 법정법인화('05.7/'05.9)&cr;ㅇ 환경기술진흥원 및 친환경상품진흥원 통합 결정('08.8)&cr;  * 관련근거 : 제2차 공공기관 선진화방안(기획재정부)&cr;ㅇ 환경기술개발 및 지원에 관한 법률 일부 개정ㆍ공포('09.1)&cr;ㅇ 한국환경산업기술원 설립('09.4.8)&cr;ㅇ 한국환경산업기술원법 시행('16.12.2),ㅇ 경영목표&cr;- 최고기술국 대비 환경기술수준 90% 달성&cr;- 환경산업체 성장규모 30조원 달성&cr;- 탄소감축 기여 1천만톤 CO2 달성&cr;- 환경보건 체감 만족지수 90점 달성&cr;- 공공혁신 성장지수 S등급 달성&cr;&cr;ㅇ 전략방향&cr;- 현장중심 환경기술 개발&cr;- 성장동력 녹색산업 육성&cr;- 경제사회 녹색전환 확대&cr;- 공정·상생 환경보건 실현&cr;- 공공신뢰 경영혁신 구현,남광우,20260424-20290423,&cr;ㅇ 환경보전협회 상근부회장&cr;&cr;(2018.5 ~ 2021.7)&cr;&cr;ㅇ 성남시설관리공단 사업본부장&cr;(2011.2 ~ 2014.2)&cr;&cr;ㅇ 한국고용정보원 전략기획팀장&cr;(2006.8 ~ 2011.2)&cr;&cr;ㅇ 성남시민모임 사무국장&cr;(1994.11 ~ 2000.4)&cr;,서울특별시,서울특별시 은평구 진흥로 215,www.keiti.re.kr,110-82-13846,-
334,한국환경연구원,기타공공기관,국무조정실,정부출연연구기관 등의 설립·운영 및 육성에 관한 법률,19930129,환경과 관련된 정책 및 기술의 연구개발과 환경영향평가의 전문성  공정성 제고를 통하여 환경문제의 예방과 해결에 기여,ㅇ 지속가능발전을 위한 환경정책과 관리기법의 연구·개발  환경관리 계획의 수립 및 환경정책운용성과의 평가&cr;ㅇ 자연생태계 보전 및 환경안정성 확보를 위한 정책 및 기법 개발&cr;ㅇ 탄소중립 및 기후변화 평가·대응 관련 환경정책 및 기법 개발&cr;ㅇ 환경영향평가서의 전문적 검토  환경영향재평가 실시  환경영향평가 관련 연구 및 기법 개발·보급&cr;ㅇ 지구·지역환경문제  환경 관련 국제협약 및 무역에 관한 연구&cr;ㅇ 환경기술과 녹색기술 확산을 위한 정책연구 및 기법 개발&cr;ㅇ 환경정보 생산·제공과 환경정책 교육·훈련·홍보 및 환경전문인력 육성&cr;ㅇ 연구 또는 사업과 관련된 기획·조정·평가  정보생산·제공  성과확산  공동연구  수탁 등에 관한 사항&cr;ㅇ 부대사업 및 기타 연구원의 목적달성을 위하여 필요한 사업,ㅇ 1992.12. 「한국환경기술개발원」(재단법인) 설립&cr;ㅇ 1997.09. 「한국환경정책·평가연구원」으로 개편&cr;ㅇ 1999.01. 「정부출연연구기관 등의 설립·운영 및 육성에 관한 법률」제정에 따라 국 무총리실 산하 정부출연연구기관으로 전환&cr;ㅇ 2005.08. 「정부출연연구기관 등의 설립·운영 및 육성에 관한 법률」개정으로 국무 총리실산하 경제·인문사회연구회로 소관 통합 변경&cr;ㅇ 2021.08. 「정부출연연구기관 등의 설립·운영 및 육성에 관한 법률」개정으로 한국 환경정책·평가연구원에서 한국환경연구원으로 기관 명칭 변경,Ⅰ. 통합형 환경정책 연구 추진&cr;Ⅱ. 환경평가 신뢰성 및 수용성 강화&cr;Ⅲ. 연구-정책 연계 강화 및 환경연구허브 기능 확대&cr;Ⅳ. 경영혁신 추진,김홍균,20250331-20280330,ㅇ한양대학교 법학전문대학원 교수&cr;ㅇ국가물관리위원회 위원&cr;ㅇ한국환경법학회 회장&cr;ㅇ환경부 중앙환경정책위원회 위원&cr;ㅇ토양정화자문위원회 위원장,세종특별자치시,세종특별자치시 시청대로 370 세종국책연구단지 B동 8~11층,https://www.kei.re.kr,108-82-04140,-
335,한식진흥원,기타공공기관,농림축산식품부,한식진흥법 제16조,20100310,한식 및 한식산업의 진흥과 발전을 통해 한식산업의 경쟁력을 강화함으로써 국민의 삶의 질 향상과 국가경제 발전에 이바지함,&cr;1. 한식 진흥 기반 조성을 위한 조사ㆍ연구  실태조사  정보체계 구축 등에 관한 사업&cr;2. 한식의 국내외 확산을 위한 사업&cr;3. 한식산업 경쟁력 강화를 위한 전문인력의 양성 등에 관한 사항&cr;4. 그 밖에 한식진흥법 또는 다른 법령에 따라 위탁받은 사항과 한식 진흥을 위하여 농림축산식품부 장관이 위탁하는 사항&cr;,2024년 제7대 이규민 이사장 취임&cr;2022년 한식복합문화공간 이음 개관&cr;2021년 제6대 임경숙 이사장 취임&cr;2020년 특수법인 '한식진흥원'으로 전환&cr;2019년 '한식진흥법' 공포(8월)&cr;2018년 제5대 이용자 이사장 취임&cr;2017년 (재)한식진흥원으로 명칭 변경&cr;2016년 제4대 윤숙자 이사장 취임&cr;2015년 기타공공기관 지정&cr;2014년 제3대 강민수 이사장 취임&cr;2013년 한식조리특성화학교 지원사업  해외한식당 협의체 지원사업 실시&cr;2012년 한식세계화 사업 추진기관 지정(농림축산식품부)&cr;2011년 제2대 양일선 이사장 취임&cr;2010년 (재)한식재단 설립  제1대 정운천 이사장 선임&cr;2009년 (재)한식재단 설립 준비 위원회 구성  한식세계화 추진단 출범,<미션> 한식진흥을 통한 국가경쟁력 제고&cr;<비전> 한식의 미래가치를 선도하는 한식전문 공공기관&cr;<경영전략>&cr;1. 한식 진흥 기반 조성&cr;2. K-미식 붐 활성화&cr;3. 향토음식 진흥센터 조성,이규민,20241031-20271030,현) 경희대학교 호텔관광대학 hospitality 경영학과 교수&cr;현) 한국외식산업정책학회 회장&cr;전) 농림축산식품부 외식산업진흥과장,서울특별시,서울특별시 종로구 북촌로 18(재동),https://www.hansik.or.kr,214-82-12227,-
336,한전KDN,공기업(준시장형),기후에너지환경부,상법 제317조,19920123,에너지ICT 기술 전문화 및 고도화를 통해 에너지산업 발전에 기여,○ 전력사업과 관련된 시스템 통합(SI) 및 시스템 운영(SM) 사업&cr;○ 지능형 전력망(Smart-Grid) 관련사업&cr;○ 정보통신·전기·소방시설 공사 및 관련 감리·컨설팅&cr;○ 정보통신서비스  방송 및 기타 정보기술(IT)을 활용한 사업&cr;○ 신·재생에너지 관련사업&cr;○ 정부 등의 위탁사업&cr;○ 위 사업관련 제조  연구개발  출자  임대 및 부대사업,1992.01. 세일정보통신 설립&cr;2000.04. 한전KDN(주) 사명 변경&cr;2008.07. 산업통상자원부 『사이버안전센터 운영기관』 지정&cr;2014.12. 본사사옥 광주전남혁신도시 이전&cr;2017.02. 준시장형 공기업 지정&cr;2021.09. 산업통상자원부 『데이터 결합 전문기관』 지정&cr;2022.04. 국가산업대상 동반성장 부문 대상 3년 연속 수상&cr;2023.11. 제49회 국가품질경영대회 국가품질대상 대통령상 수상&cr;2024.11. 『친환경  탄소중립 에너지대상』 산업통상자원부 장관상 수상&cr;2025.09. 『2025 한국경영대상』 CEO-AI경영 부문 대상 수당,○ 미      션 : 에너지ICT 기술 전문화 및 고도화를 통해 에너지산업 발전에 기여&cr;○ 비      전 : 디지털 혁신  에너지 대전환을 선도하는 글로벌 에너지ICT의 중심&cr;○ 핵심가치 : 미래주도  기술선도  도전의식  소통협력  청렴윤리&cr;○ 전략방향&cr;  - (디지털 융합) AI기반의 독자솔루션으로 에너지산업 DX주도&cr;  - (사업 다각화) 미래산사업 경쟁력 확보로 글로벌 에너지ICT 신시장 창출&cr;  - (ESG 선도)    디지털 기반 ESG가치 창출로 에너지ICT 생태계 주도&cr;  - (시스템 경영) 혁신주도형 시스템 경영으로 지속가능성과 확대,박상형,20241104-20271103,○ 숭실대학교 IT대학 컴퓨터학부 겸임교수&cr;○ 한국수력원자력 상임이사&cr;○ 한국수력원자력 처장,전라남도,전라남도 나주시 빛가람로 661 한전KDN,www.kdn.com,116-81-32242,-
337,한전KPS(주),공기업(준시장형),기후에너지환경부,상법 제317조,19840401,전력설비의 성능과 신뢰도를 제고하여 &cr;전력의 안정적 공급 및 전력산업 발전에 이바지,○ 발전ㆍ송전설비 및 관련 시설물에 대한 진단 및 정비&cr;○ 가스터빈 부품 수리  원자력 핵심설비 안정성 검사 및 진단&cr;○ 해외 발전설비 O&M(Operation & Maintenance(운전 및 정비))&cr;○ 풍력  수소 등 재생에너지 관련 사업 등,○ 1984.04 한전 전액출자「한국전력보수(주)」설립&cr;○ 1992.11 회사 상호를 「한전기공(주)」로 변경&cr;○ 2007.01 회사 상호를「한전KPS(주)」로 변경&cr;○ 2007.12 유가증권시장 상장&cr;○ 2010.08 회사 영문상호를「KEPCO Plant Service & Engineering Co.  Ltd」로 변경&cr;(약칭「KEPCO KPS」)&cr;○ 2014.12 광주전남혁신도시(전남 나주시) 본사 이전&cr;○ 2017.02 공공기관 유형 변경지정 (기타공공기관→준시장형 공기업),○ 중장기(2026~2030) 경영목표&cr; - 정비산업 생태계 경쟁력 강화&cr; - 신성장사업 전략적 육성&cr; - 지속가능 경영혁신체계 구축&cr; - 국민신뢰 ESG경영 실현&cr;&cr;○ 2026년도 경영목표&cr; - 정비산업 생태계 경쟁력 강화&cr; - 신성장사업 전략적 육성&cr; - 지속가능 경영혁신체계 구축&cr; - 국민신뢰 ESG경영 실현&cr;&cr;○ VISION2030 중장기 경영전략&cr; 1. 정비산업 생태계 경쟁력 강화&cr;  - 국가 전력망 구축 및 설비 안정화&cr;  - 고품질·무결점 안전정비 수행&cr;  - 정비산업 기술·품질 리더십 강화&cr; 2. 신성장사업 전략적 육성&cr;  - 재생e 중심 에너지신사업 개발&cr;  - 성능개선 및 특화산업 리딩&cr;  - 글로벌 정비서비스 수출 확대&cr; 3. 지속가능 경영혁신체계 구축&cr;  - AI 안전·정비·행정 기반 구축&cr;  - 안전 최우선 경영체계 확산&cr;  - 실용·공정한 조직문화 조성&cr; 4. 국민신뢰 ESG경영 실현&cr;  - 기후변화 대응 ESG경영 강화&cr;  - 상생의 동반성장 및 지역발전 촉진&cr;  - 소통과 신뢰의 책임경영,김홍연,20210625-20240624,前 한국전력공사 서울지역본부장&cr;前 한국전력공사 그룹경영실장&cr;前 한국전력공사 해외사업운영처장,전라남도,전라남도 나주시 문화로 211(빛가람동 377),www.kps.co.kr,203-81-58100,-
338,한전MCS(주),기타공공기관,기후에너지환경부,상법 제317조,20190325,전력 현장서비스 및 전력량계 연관사업 수행을 통한 전력산업 필수 지원역할 수행과 대국민 전기 관련 공공서비스 제고를 통해 국민의 효율적인 전기사용에 기여,1. 전기검침  전기요금청구서 송달 및 수금 관련 활동&cr;2. 전기 관련 설비 유지보수 및 점검&cr;3. 전력계량설비 시험 및 공사&cr;4. 소규모전력 중개&cr;5. 전기공사업&cr;6. 정보통신공사업&cr;7. 전기자동차충전업 및 유지보수&cr;8. 신재생 에너지사업&cr;9. 전력량정보 제공업&cr;10. 기타 요금 청구서 송달 및 수금 관련 활동&cr;11. 전기통신사업&cr;12. 국가·지방자치단체 등으로부터 위탁받은 사업&cr;13. 도서전력 전력공급 설비운영 및 유지보수&cr;14. 위 각호에 부대하는 일체의 사업,('19.03.25) 한전MCS 주식회사 설립&cr;('19.05.01) 한국전력공사 영업현장업무용역 개시&cr;('20.12.18) 안전보건경영시스템(ISO45001) 인증&cr;('21.01.29) 기타공공기관 지정&cr;('22.10.28) 부패방지경영시스템(ISO37001) 인증&cr;('23.06.29) 국가서비스대상 '종합전력검침서비스' 부문 수상&cr;('23.06.29) 환경부  '환경데이터활용 및 분석 공모전' 최우수상 수상&cr;('23.07.25) 교육부  '사회정책 아이디어 공모전' 대상 수상&cr;('23.08.10) 산업통상자원부  '공공데이터 활용 비즈니스 공모전' 우수상 수상&cr;('24.06.27) 국가서비스대상 '종합전력검침서비스' 부문 2년 연속 수상,(미션) 전력서비스  그 이상의 가치로 고객의 삶을 풍요롭게&cr;(비전) 기술력과 전문성으로 국민에게 신뢰받는 종합 에너지 서비스 기업&cr;(핵심가치) 책임경영  고객최우선  신뢰확보  전문성&cr;(경영방침) KEPCOMCS  변화와 혁신으로 ESG경영 선도&cr; - ESG 선도 경영&cr;  ·ESG경영 전략체계 구축으로 경쟁력 제고와 지속가능한 발전 지향&cr; - 공공책임 경영&cr;  ·공익성과 수익성의 균형 추구를 통한 지속가능한 경영 실현&cr; - 혁신성장 경영&cr;  ·창조적인 혁신으로 경쟁우위를 확보하여 지속가능한 성장 추구&cr; - 안전리더 경영&cr;  ·리더가 안전을 최우선 가치로 두는 안전한 일터 구현&cr; - 현장중심 경영&cr;  ·가치체계를 공유하는 소통의 활성화로 경영 현안 해결,정성진,20230201-20260131,호서대학교 경영학과 초빙교수&cr;한국서부발전(주) 상임감사&cr;한전산업개발(주) 지사장,전라남도,전라남도 나주시 상야1길 7  506호 (빛가람동),https://www.kepcomcs.co.kr,222-88-01266,-
339,한전원자력연료주식회사,기타공공기관,기후에너지환경부,상법 제317조,19821111,원자력연료 국산화 및 기술자립,- 원자력연료의 설계 ·제조 ·가공&cr;- 비연료 노심구성품의 설계 ·제조&cr;- 원자력연료 엔지니어링 서비스&cr;- 원자력연료 자원개발&cr;- 방사성 오염물질 제염 ·감용 등 처리&cr;- 증기발생기 전열관 설계 ·제조&cr;- 상기와 관련된 기술개발 및 사업,- '82. 11. 한국핵연료주식회사 설립(제31차 경제장관협의회 결정)&cr;- '86. 11. 원자력연료 성형가공공장(경수로) 착공&cr;- '89. 01. 경수로형 원자력연료 상업생산 개시(200톤-U/년 규모)&cr;- '92. 01. 설계기술 자립을 위해 기술연구소 설립&cr;- '94. 10. 교체노심 원자력연료 독자설계 개시&cr;- '96. 12. 한국원자력연구소의 원자력연료 설계업무 인수&cr;- '98. 01. 경수로 공장 증설 완공 및 중수로용 원자력연료 상업생산 개시&cr;- '06. 04. 한국표준형 원전용 개량원자력연료(PLUS7) 상용 공급&cr;- '08. 04. WH형 원전용 개량원자력연료(ACE7) 상용 공급&cr;- '08. 12. 세라믹공정 설비증설(경수로 총 550톤-U/년 규모)&cr;- '09. 01. 원자력연료 금속 피복관 제조공장 상업 가동&cr;- '09. 12. UAE 신규원전 원자력연료 수주&cr;- '14. 04. 고유 노심설계코드 인허가 획득&cr;- '15. 12. 정보보호 국제표준 ISO 27001 인증 획득&cr;- '16. 08. 수출형 고유 원전운전지원시스템(OASIS) 개발&cr;- '17. 01. 원자력연료 금속 피복관 제조공장 상업 가동(NSA플랜트)&cr;- '19. 08. 한국형 신형 원전 APR1400 미국 원자력규제위원회 설계인증 취득&cr;- '19. 10. 원자력연료 안전운송 1 000회 달성&cr;- '20. 01. 3공장 건설 착공(2022년 상업생산 예정  총 700톤-U/년)&cr;- '20. 11. 국가품질경쟁력우수기업 20년 연속 선정&cr;- '21. 12. 공공부문 온실가스 감축목표 10년 연속 달성&cr;- '22. 11. 제48회 국가품질경영대회 대통령표창 '국가품질경영상'수상&cr;- '23. 12. 공공기관 종합청렴도 평가 1등급 달성&cr;- '24. 02. 고유원전연료 HIPER16 최초 상용장전 인허가 획득&cr;- '25. 01. 경수로 원전연료 성형가공시설(핵연료3동) 증설 및 상업가동 개시&cr;- '25. 01. 사고저항성 핵연료 시범집합체 출하&cr;- '25. 12. 공공기관 종합청렴도 평가 1등급 달성,○ 미션 : 안전하고 깨끗한 원자력 에너지로 인류의 풍요로운 미래를 만들어갑니다.&cr;○ 비전 : 지속가능한 미래를 선도하는 원자력 전주기 파트너&cr;○ 핵심가치 : 안전(Safety)  협력(Unity)  책임(Responsibility)  진화(Evolution)&cr;○ 경영목표&cr;- 차세대 연료 분야 기술적 리더십 확보&cr;- AX 기반 스마트팩토리 구축&cr;- 핵연료 전주기 서비스 강화&cr;- 국내·외 ESG 리더십 확보&cr;○ 전략방향&cr;- 탄소중립 이행을 위한 차세대 원자력연료 솔루션 개발&cr;- AI/DX 기반 무결점 생산 및 공정 대혁신&cr;- 글로벌 파트너십 기반의 원자력연료 전주기 서비스 강화&cr;- ESG 기반의 글로벌 경영체계 개선,정창진,20240905-20270904,(전) 한전원자력연료주식회사 경영관리본부장&cr;(전) 한국전력공사 요금기획처장&cr;(전) 한국전력공사 광주지사장,대전광역시,대전광역시 유성구 대덕대로 989번길 242(덕진동),www.knfc.co.kr,314-81-00849,-
340,항공안전기술원,기타공공기관,국토교통부,항공안전기술원법(공포 2014.5.21  시행 2014.11.22),20130419,항공안전에 필요한 항공안전기술 전문인력의 양성  항공 사고 예방에 관한 인증·시험·연구·기술개발 등을 전문적으로 수행하게 함으로써 항공안전을 확보하고  항공산업 발전에 이바지,ㅇ「항공안전법」제23조제8항에 따른 감항성개선지시 등의 명령을 위한 항공기 구조상 결함분석 및 개선방안 연구 및 지원&cr;ㅇ 「항공안전법」제20조  제22조  제27조  제28조  제108조제1항  제124조 및 「공항시설법」제52조에 따른 증명  승인  인증 등의 기술연구 및 지원&cr;ㅇ 항공기 등에 대한 국가공인 비행시험과 국가공인 비행시험 시설의 운영 및 관리&cr;ㅇ 항공사고 예방기술 개발 및 항공안전 국제표준화 기술연구&cr;ㅇ 국가  지방자체단체 또는 「공공기관의 운영에 관한 법률」에 따른 공공기관 등으로부터 위탁받은 사업&cr;ㅇ 그 밖에 항공안전과 관련한 대통령령으로 정하는 사업으로서 국토교통부장관이 필요하다고 인정하는 사업,ㅇ 2013.01.10. 「민법」제32조에 따라 재단법인 항공안전기술센터 설립 허가&cr;ㅇ 2013.04.19. 항공안전기술센터 공식 출범&cr;ㅇ 2014.01.24. 「공공기관의 운영에 관한 법률」제6조에 따라 공공기관(기타공공기관) 지정&cr;ㅇ 2014.05.21. 「항공안전기술원법」공포(시행 '14.11.22.)&cr;ㅇ 2014.07.14. 항행안전시설 성능적합증명 검사기관 지정&cr;ㅇ 2014.11.19. 「항공안전기술원법 시행령」제정(시행 '14.11.22.)&cr;ㅇ 2014.11.24. 항공안전기술원 공식 출범 및 항공안전기술원 설립등기 완료&cr;ㅇ 2014.11.26. 항공안전기술센터 해산등기 완료&cr;ㅇ 2015.04.15. 항공기 인증 전문검사기관 지정&cr;ㅇ 2015.11.03. 경량항공기 및 초경량비행장치 안전성 인증기관 지정(시행 '17.11.3.)&cr;ㅇ 2017.07.17. 항공안전자료 분석 및 국제표준연구 위탁&cr;ㅇ 2017.11.07. 무인비행장치 특별비행 적합성 안전기준 검사 위탁&cr;ㅇ 2017.11.10. 무인항공산업(드론) 안전증진 및 활성화 업무 위탁&cr;ㅇ 2018.10.25. 항공보안장비 성능인증 업무 위탁&cr;ㅇ 2019.12.20. 항공기용 복합재료 국산소재 인증 착수&cr;ㅇ 2020.05.03. 국산 드론 정보 제공 헬프데스크 운영&cr;ㅇ 2020.06.24. 도심항공교통 민관협의체(UAM Team Korea) 간사기관&cr;ㅇ 2021.05.27. 항공안전데이터분석센터 개소&cr;ㅇ 2022.10.24. 국가종합비행성능시험장 준공&cr;ㅇ 2024.10.17. 드론인증센터 준공,ㅇ 미션 : 항공안전에 관한 기술개발  정책연구  시험·인증·분석을 통해 국민안전 확보 및 항공산업 발전에 기여&cr;ㅇ 비전 : 국민과 함께 항공안전의 미래 가치를 창조하는 전문기관&cr;ㅇ 전략목표 및 전략과제&cr;1. 안전하고 효율적인 항공운항체계 고도화&cr;- 데이터 중심 항공안전 강화&cr;- 미래항공교통시스템 기반 조성&cr;- 국제기준 연구 선도를 통한 역할 확대&cr;2. 첨단항공기 인증 기술대응 역량 고도화&cr;- 항공기 인증 글로벌경쟁력 제고&cr;- 신기술 대응역량 확보&cr;- 스마트 보안·항행인증역량 강화&cr;3. 안전한 미래 항공산업 생태계 육성&cr;- 미래항공산업 생태계 조성 및 활성화 &cr;- 안전 컨설팅 및 기술지원 활성화 &cr;- 전문인력 양성체계 구축 및 안전문화 확산&cr;4. 지속가능한 경영체계 구축 및 운영 효율화&cr;- ESG 중심 지속가능 경영시스템 강화&cr;- 재정 효율화 및 경영 투명성 제고&cr;- 상생의 근로환경 조성,황호원,20250306-20280305,&cr;-한국항공대 항공우주정책대학원 원장&cr;-한국항공대 항공교통물류학부 교수&cr;-한국형사정책연구원 연구원&cr;,인천광역시,인천광역시 서구 로봇랜드로 155-11 로봇타워 16-18층,www.kiast.or.kr,121-82-16407,-
341,해양수산과학기술진흥원,기타공공기관,해양수산부,해양수산과학기술 육성법 제23조,20051116, 「해양수산과학기술 육성법」 제23조에 따라 해양수산과학기술 육성을 위한 연구개발사업 등의 기획·관리·평가 등의 업무를 효율적으로 지원함으로써 해양수산과학기술 육성 및 해양수산 관련 산업 발전에 기여함,ㅇ 해양수산과학기술 정책수립(과학기술 육성 기본계획 등) 지원&cr;ㅇ 해양수산과학기술의 수요조사  동향분석 및 예측&cr;ㅇ 해양수산 연구개발사업 기획  평가  관리&cr;ㅇ 해양수산신기술 인증 및 기술가치 평가&cr;ㅇ 해양수산과학기술 연구개발 인력의 양성과 활용 지원&cr;ㅇ 해양수산과학기술 연구개발 성과 기술이전  사업화 지원&cr;ㅇ 해양수산 창업투자 지원  연구시설 공동활용 지원&cr;ㅇ 해양수산 기업 해외 진출 및 수출 지원,ㅇ 2005.11. 한국해양수산기술진흥원 설립(법인등기)&cr;ㅇ 2006.05. 개원(양재동)&cr;ㅇ 2009.01. 기타공공기관 신규지정&cr;ㅇ 2009.10. 법인명칭 변경(한국해양과학기술진흥원)&cr;ㅇ 2013.06. 법정기관 전환(해양수산발전기본법)&cr;ㅇ 2015.01. 준정부기관 지정(기타공공기관→위탁집행형 준정부기관)&cr;ㅇ 2017.06. 법인명칭 변경(해양수산과학기술 육성법)&cr;ㅇ 2018.03. 해양수산 창업투자 전담기관 지정&cr;ㅇ 2019.01. 해양수산부 기술평가기관 지정&cr;ㅇ 2019.03. 해양경찰청 R&D 위탁관리지관 지정&cr;ㅇ 2019.11. 한국거래소 기술특례상장(코스닥) 전문평가기관 지정&cr;ㅇ 2020.11. 한국거래소 기술특례상장(코넥스) 전문평가기관 지정&cr;ㅇ 2022.01. 해양수산 인프라공유센터 신설&cr;ㅇ 2023.01. 기타공공기관 변경(위탁집행형 준정부기관→기타공공기관)&cr;ㅇ 2023.05. 해양수산 과학기술 인력양성 전담기관 지정,ㅇ 미션: 해양수산과학기술을 산업성장동력으로 육성하여 국민 행복에 기여&cr;ㅇ 비전: 해양수산 미래가치를 실현하는 혁신성장 파트너&cr;ㅇ 전략목표&cr;- 해양수산 미래 신기술 개발&cr;- 해양수산 기업 혁신성장 촉진&cr;- 지속가능 R&D 생태계 조성&cr;- 혁신소통 기관역량 제고,전재우,20250203-20280202,해양수산부 기획조정실장&cr;해양수산부 해운물류국장&cr;해양수산부 수산정책관,서울특별시,서울특별시 서초구 마방로 60 동원에프앤비 빌딩 8~10층, https://www.kimst.re.kr,114-82-08423,-
342,해양환경공단,공기업(준시장형),해양수산부,해양환경관리법 제96조,20080121,해양환경의 보전 관리 개선을 위한 사업  해양환경 연구사업  해양오염방제사업 &cr;해양환경 오염 관련 기술개발 및 교육훈련을 위한 사업 등을 수행&cr;(해양환경관리법 제96조),ㅇ 해양환경의 보전ㆍ관리&cr;ㅇ 해양환경 관련 시험ㆍ조사ㆍ연구ㆍ설계ㆍ개발 및 공사감리&cr;ㅇ 해양환경 관련 국제협력 및 기술용역&cr;ㅇ 해양환경에 대한 교육ㆍ훈련 및 홍보&cr;ㅇ 오염물질의 수거ㆍ처리&cr;ㅇ 오염물질 저장시설의 설치ㆍ운영 및 수탁관리&cr;ㅇ 오염물질의 배출방지를 위한 선박의 인양ㆍ예인&cr;ㅇ 해양오염방제업무 및 방제선등의 배치ㆍ설치&cr;ㅇ 해양오염방제에 필요한 자재ㆍ약제의 비치 및 보관시설의 설치 등&cr;ㅇ 국가 또는 지방자치단체로부터 위탁받은 사업,ㅇ '97.11. 13. 한국해양오염방제조합 설립&cr;ㅇ '01. 4. 해양환경보전 종합계획 수립(국무총리 수질개선기획단)&cr;ㅇ '07. 1. 19. 해양환경관리법 제정&cr;ㅇ '08. 1. 21. 해양환경관리공단 설립&cr;※ 한국해양오염방제조합의 기능을 확대하여 해양환경 종합기관으로 재편&cr;ㅇ '10. 11. 25. 해양환경교육원 개원&cr;ㅇ '13. 1. 31. 준시장형 공기업 지정&cr;ㅇ '18. 5. 1. 해양환경공단으로 기관 명칭 변경&cr;ㅇ '19. 3. 22. 해양환경조사연구원 개원,ㅇ (전략목표 Ⅰ) 건강한 해양생태계 보전&cr;(1) 해양환경 탄소중립 생태계 조성&cr;(2) 해양폐기물 전주기 관리 강화&cr;(3) 해양환경 조사 및 연구 강화&cr;ㅇ (전략목표 Ⅱ) 안전한 해양환경 조성&cr;(1) AI 기반 해양사고 대응역량 강화&cr;(2) 해양오염 예방ㆍ대응 강화&cr;(3) 안전한 항만 해상구역 실현&cr;ㅇ (전략목표 Ⅲ) AI/AX 기반 경영혁신 역량강화&cr;(1) 미래성장사업 발굴 및 글로벌 역량 강화&cr;(2) AIㆍ데이터 기반 해양환경 관리체계 구축&cr;(3) 해양환경 데이터 개방 및 활용 강화&cr;ㅇ (전략목표 Ⅳ) ESG 경영기반 국민 신뢰 제고&cr;(1) 사회적 책임 강화 및 가치 창출&cr;(2) 안전관리 고도화 및 중대재해 예방&cr;(3) 청렴문화 확립 및 대국민 소통체계 강화,강용석,20240729-20270728,'14. 12. 대통령비서실 해양수산비서관실 선임행정관&cr;'16. 11. 해양수산부 해양환경정책관&cr;'18. 12. 해양수산부 해양조사원장&cr;'19. 9. 해양수산부 정책기획관&cr;'21. 4. 해양수산부 부산지방해양수산청장&cr;'22. 9. 해양수산부 중앙해양안전심판원장&cr;'24. 7. (현)해양환경공단 이사장,서울특별시,서울특별시 송파구 송파대로28길 28,www.koem.or.kr,116-82-09831,-
343,국가수리과학연구소,기타공공기관,과학기술정보통신부,「국제과학비즈니스벨트 조성 및 지원에 관한 특별법」제14조의2 및 기초과학연구원 정관 제37조의2,20051001, 전문적인 수학연구를 통해 수학분야의 국가경쟁력을 확보하고 전문인력을 양성하며  수학을 기반으로 과학기술 및 산업과의 연계 강화,○ 수학을 기반으로 과학기술 및 산업과의 연계 강화&cr;○ 수리과학 관련 인력양성 및 대내ㆍ외 협력&cr;○ 수리과학 대중화 및 기타 필요한 사업 운영&cr;○ 수리과학 관련 학술 및 연구정보의 수집ㆍ제공&cr;○ 수리과학 관련 연구,○ 2005. 10. 한국기초과학지원연구원 부설 국가수리과학연구소 설립&cr;○ 2012. 08. 미래창조과학부 직할 기초과학연구원 부설연구소 이관&cr;○ 2013. 11. 수학원리응용센터(CAMP) 출범 및 국제포럼 개최&cr;○ 2016. 03. 산업수학혁신센터(ICIM) 개소(판교 스타트업캠퍼스 내),○ 미션&cr;- 수학의 과학기술 적용 및 산업적 활용으로 수학적 국가경쟁력 향상에 기여한다.&cr;○ 핵심가치&cr;- 전문성  실용성  공공성  신뢰성&cr;○ 비전&cr;- 2028년 산업수학 연구 글로벌 경쟁력 10위권 진입&cr;○ 전략목표&cr;- 미래대응 산업수학 핵심기술을 확보한다.&cr;- 산업수학의 사회적 가치를 확산한다.&cr;- 조직의 지속 가능성을 제고한다.,최윤성,20250106-20280105,포항공과대학교 수학과 명예교수(현)&cr;포항공과대학교 이학장&cr;한국과학기술한림원 과학기술유공자 후보발굴위원회 위원&cr;대한수학회 대한수학회지 주편집인&cr;세계수학자대회(ICM) 조직위원회 위원,대전광역시,대전광역시 유성구 유성대로 1689번길 70, http://www.nims.re.kr,314-82-16066,기초과학연구원
344,소프트웨어정책연구소,기타공공기관,과학기술정보통신부, 소프트웨어 진흥법 제8조(소프트웨어산업 진흥 전담기관 등),20140331,국가 SW정책 중앙연구소로서 SW를 활용하여 산업의 경쟁력을 제고하고 사회혁신을도모하는 정책대안 수립,ㅇ 소프트웨어 정책연구&cr;ㅇ 소프트웨어산업 관련 통계 및 정보의 분석ㆍ제공ㆍ공유&cr;ㅇ 소프트웨어 신사업 발굴 및 기획&cr;ㅇ 소프트웨어 진흥 및 융합 활성화 관련 중장기 정책의 마련을 위한 연구&cr;ㅇ 해외 소프트웨어산업 및 정책 동향 분석&cr;ㅇ 소프트웨어 정책 관련 자문&cr;ㅇ 그 밖에 소프트웨어산업의 진흥ㆍ발전을 효율적으로 지원하기 위하여 과학기술정보통신부장관이 필요하다고 인정하는 사업,ㅇ 2013.07.30. : 정보통신산업진흥원 이사회  소프트웨어정책연구소 설립 의결&cr;ㅇ 2013.08.13. : 「정보통신 진흥 및 융합 활성화 등에 관한 특별법」제정으로 소프트웨어정책연구소 운영 근거 마련&cr;ㅇ 2013.12.13. : 정보통신산업진흥원 이사회  소프트웨어정책연구소 설립 의결&cr;ㅇ 2014.01.02. : 정보통신산업진흥원 부설 소프트웨어정책연구소 사업자등록&cr;ㅇ 2014.03.31. : 소프트웨어정책연구소 개소&cr;ㅇ 2020.12.10. : 소프트웨어 진흥법 전부개정안 시행으로 운영근거 변경(제8조)&cr;ㅇ 2023.01.30. : 공공기관운영위원회  「2023년 공공기관 지정안」 의결에 따라 공공기관 유형 변경(위탁집행형 준정부기관 → 기타공공기관),ㅇ 미래상(Vision) : 디지털 경제를 움직이는 원동력인 AIㆍSW의 정책 싱크탱크&cr;ㅇ 미션 : 국가의 디지털전략을 선도하는 AIㆍSW 정책 연구&cr;ㅇ 전략방향&cr;① 기반조성 : SW기반 생태계 체질개선&cr;② SW 산업 : 디지털서비스 중심의 SW산업 글로벌화 전략 개발&cr;③ 인공지능 : 국가  산업의 AI 확산 전략 개발&cr;④ SW 융합 : 디지털 융합 신대륙 진출 전략 개발&cr;⑤ 관리혁신 : 강소 연구소를 지향하는 경영 혁신, 공석,-,-,경기도,경기도 성남시 분당구 대왕판교로 712번길 22 글로벌 R&D센터 연구동 B 4층,https://www.spri.kr/,215-82-14908,정보통신산업진흥원
345,정보통신기획평가원,준정부기관(위탁집행형),과학기술정보통신부,정보통신 진흥 및 융합 활성화 등에 관한 특별법 제32조(정보통신 융합 등 기술·서비스 개발 등의 지원),20140401,ICT R&D지원을 통한 정보통신기술 및 산업진흥,1. 정보통신·방송 연구개발 전략수립 및 기술기획&cr;2. 정보통신·방송 연구개발 정책연구  정보 조사·분석 및 서비스&cr;3. 정보통신·방송 연구개발 평가 및 관리&cr;4. 정보통신·방송 성과확산 및 기술이전·사업화 촉진&cr;5. 정보통신·방송 전문인력 양성  연구기반조성  표준화 지원 등,2014.06.05 : NIPA 부설 정보통신기술진흥센터 개소&cr;2018.12.24 : 정보통신기획평가원으로 기관명 변경&cr;2019.01.01 : 한국연구재단 부설기관으로 통합,o 미션 : 우리나라 진짜성장과 AI G3 도약을 주도하는 기술개발과 인재양성으로  국가 AI핵심 혁신과 AX 확산을 이끌 촉진자가 되겠습니다.&cr;o 비전 : Global AI·ICT Frontier&cr;o 전략목표&cr; - (Commitment) 전략적 AI 집중&cr; - (Competitiveness) 성과중심 AI 경쟁력 강화&cr; - (Coevolution) 전사적 AI역량 결집,홍진배,20240219-20270218,o 2013~2018 : 미래창조과학부 정보보호정책과장  과학기술정보통신부 정책총괄과장 등&cr;o 2018~2024 : 경북지방우정청장  과학기술정보통신부 네트워크정책실장 등,대전광역시,대전광역시 유성구 유성대로 1548,http://www.iitp.kr,614-82-02934,한국연구재단
346,국방기술진흥연구소,기타공공기관,방위사업청,- 국방과학기술혁신 촉진법 제16조 국방과학기술혁신 촉진의 지원 등&cr;- 방위산업 발전 및 지원에 관한 법률 제18조 방위산업 발전의 지원 등&cr;- 국방기술품질원 정관 제16조의 2(부설기관),20210101,국방기술기획  관리  평가와 방위산업 육성  수출지원을 위해 설립,1) 국방기술기획  관리  평가 &cr;2) 방위산업 육성 및 수출진흥&cr;3) 방위력 개선사업 지원&cr;4) 전력지원체계 연구,- 2021. 1. : 국방기술진흥연구소 설립,○ 미션 : 국방R&D 혁신 및 방위산업 발전 견인&cr;○ 비전 : 첨단 국방기술의 실현으로 글로벌 방산육성을 선도하는 국가 핵심 연구기관&cr;○전략목표&cr;1) 목표지향적 국방기술 기획·관리·평가&cr;2) 국가 전략산업화를 위한 수출형 방위산업 육성&cr;3) 획득연구 고도화 및 성과관리·확산 강화&cr;4) 소통·전문성 기반의 신뢰받는 기관경영 ,손재홍,20230407-20260406, ○ 2023. 4. ~ 현재      국방기술진흥연구소장&cr; ○ 2018. 6. ~ 2023. 2.  국방과학연구소 연구위원&cr; ○ 2016.12. ~ 2018. 6.  국방과학연구소 제5기술연구본부장 &cr; ○ 2015.10. ~ 2016.12.  국방과학연구소 기동화력체계개발단장 &cr; ○ 2011. 1. ~ 2015.10.  국방과학연구소 기동화력기술부장&cr; ○ 2009. 6. ~ 2010.12.  국방과학연구소 정책기획부 제도기획실장&cr; ○ 2002. 4. ~ 2009. 6.  국방과학연구소 K-21 장갑차 체계종합팀장&cr; ○ 1993. 9. ~ 1998.12.  국방과학연구소 K-9 자주포 체계설계 담당,경상남도,경상남도 진주시 충무공동 사들로 123-40번길 국방기술진흥연구소,www.krit.re.kr,789-82-00400,국방기술품질원
347,극지연구소,기타공공기관,해양수산부,한국해양과학기술원 정관 제50조,20040416,남·북극 관련 과학기술에 대한 국가전략의 수립과 극지연구 전문기관으로서의 역할 수행,○ 극지와 관련 지역에서의 기초 및 첨단 응용과학 연구&cr;○ 극지인프라(남·북극 과학기지  쇄빙연구선 등) 및 해외 지원 사무소의 운영과 연구 활동 지원&cr;○ 극지과학기술정책 및 제도 연구&cr;○ 국내·외 관련 기관과의 대외협력 및 우수 전문인력 양성&cr;○ 국내 산·학·연 극지연구 프로그램의 개발 및 시행&cr;○ 극지 활동에 관한 대국민 홍보,○ 1987. 3.  한국해양연구소 극지연구실 설치&cr;○ 1988. 2.  남극세종과학기지 준공&cr;○ 2002. 4.  북극다산과학기지 설치&cr;○ 2004. 4.  한국해양연구원 부설 극지연구소 설립&cr;○ 2009.11. 쇄빙연구선 「아라온」건조&cr;○ 2013. 4.  신청사 준공&cr;○ 2014. 2.  남극장보고과학기지 준공&cr;○ 2016. 7.  청사 2단계 준공,○ 비전 : 세계의 모범  국가의 자산이 되는 극지연구소&cr;○ 경영목표 : 세계적 학술성과를 통한 글로벌 영향력 강화 및 사회적 가치 실현&cr; - 극지연구의 브랜드 프로그램화와 국제공동연구 구심점 역햘l 수행(연구 수월성)&cr; - 미답 영역의 전략적 개척과 공유(개척자 정신)&cr; - 창의적·도전적 극지연구생태계 조성(개척자 정신)&cr; - 극지인프라와 연구지원 플랫폼의 개방적·효율적 운영(사회적 책임)&cr; - 연구 성과의 사회적 효용과 국민 공감 제고(사회적 책임),신형철,20231214-20261213,- 현  한국해양학회 제30대 회장&cr;- 전  한국해양과학기술원 부설 극지연구소 부소장&cr;- 전  남극프로그램 국가운영자위원회 부의장 ,인천광역시,인천광역시 연수구 송도미래로 26 극지연구소,https://www.kopri.re.kr,134-82-06870,한국해양과학기술원
348,선박해양플랜트연구소,기타공공기관,해양수산부,한국해양과학기술원법&cr;한국해양과학기술원 정관,20131028,선박해양플랜트 분야 원천기술 개발  응용 및 실용화 연구 등 종합연구역량 수월성 확보를 통하여 국가 현안문제를 해결하고  국제 표준을 선도하는 창조적 연구수행,- 차세대 선박기술 선점으로 조선해운산업 초격차 선도&cr;- 미래 해양플랜트 기술개발을 통한 해양신산업 창출&cr;- 해양 로봇·ICT 융복합 기술혁신을 통한 해양영토 주권 강화&cr;- 해양교통 및 사고대응 기술확산으로 국민안심 해양 구현,- 1973.10. 한국과학기술연구소 부설 선박연구소 설립&cr;- 1976.11. 한국선박해양연구소&cr;- 1978.04. 한국선박연구소&cr;- 1981.01. 한국기계연구소 대덕선박분소&cr;- 1989.10. 한국기계연구소 부설 해사기술연구소&cr;- 1993.04. 한국기계연구원 선박해양공학연구센터&cr;- 1999.05. 한국해양연구소 선박해양공학분소&cr;- 2001.03. 한국해양연구원 해양시스템안전연구소&cr;- 2012.07. 한국해양과학기술원 선박해양플랜트연구소&cr;- 2013.10. 한국해양과학기술원 부설 선박해양플랜트연구소(KRISO)&cr;* KRISO(Korea Research Institute of Ships and Ocean engineering),○ 경영목표 : 개방ㆍ협력의 안정적 연구환경 구축으로 창조경제를 견인하는 선박해양플랜트 성과 창출&cr;- 글로벌 기술 경쟁력 확보 : 국내외 기술료 징수액 실적 50억원 달성&cr;- 산업생태계 핵심 기반 조성 : 심해공학수조 및 해양플랜트산업지원센터 구축&cr;- 안정적.창의적 운영체계 확립 : 출연금 비중 40% 달성 및 열린 조직 체계 구축&cr;&cr;○ 연구부문 전략목표&cr;- 신산업 창출을 위한 해양플랜트 연구기반 구축 및 핵심역량 강화&cr;- 국민이 행복한 청정하고 안전한 바다를 실현하는 융복합 기술 개발&cr;- 지속가능한 조선사업 발전을 선도하는 청정선박과 첨단운송 신기술 구현&cr;- 미래 해양공간 개척을 위한 해양시스템 기술 확보&cr;&cr;○ 경영부문 성과목표&cr;- 임무중심형 탄력적 조직 운용과 열린 인사제도 구축&cr;- 예산 투명성 및 연구윤리 강화를 위한 통합 서비스 제공&cr;- 전 준기적 연구지원을 통한 우수 성과창출 및 확산 체계 구축&cr;- 국민과 소통하는 정부 정책 실현&cr;- 안정적  창의적 연구 환경 조성&cr;- 개방.협력의 네트워크 허브 기반 구축,홍기용,20221121-20251120,&cr;- 한국해양환경·에너지학회 회장('17.01~'18.12)&cr;- 해양수산과학기술진흥원 전문평가단(1기) 해양자원분과 분과위원장('17.07~'19.07)&cr;- 동아시아해양환경에너지네트워크 의장('20.01~'21.12),대전광역시,대전광역시 유성구 유성대로 1312번길 32, www.kriso.re.kr,314-82-05972,한국해양과학기술원
349,국가과학기술인력개발원,기타공공기관,과학기술정보통신부,한국과학기술기획평가원 정관 제1장 제3조,20071101,과학기술인력의 자기계발과 변화·혁신에 필요한 교육 제공 및 조사연구를 통해&cr;국가R&D투자 효율성과 생산성 제고,○ 과학기술인 역량강화를 위한 교육 프로그램 개발·운영&cr;○ 과학기술인 생애주기별 경력성장 지원 및 경력개발 체계 구축·운영&cr;○ 과학기술 인재개발 조사·연구 및 정부 정책 지원&cr;○ 과학기술인 간 소통·협력 및 국내외 네트워크 교류 지원&cr;○ 정부 등에서 위임·위탁하는 과학기술 인재개발에 관한 사업 수행&cr;○ 기타 과학기술 진흥을 위한 제반 인재개발 사업 수행,○ '07. 11 : 한국과학기술기획평가원 부설 연구개발인력교육원 설립&cr;○ '10. 08 : 연구개발 전문교육기관 지정&cr;  - 국가연구개발사업의 관리 등에 관한 규정 제33조&cr;○ '14. 01 : '국가과학기술인력개발원'으로 기관명 변경&cr;○ '15. 01 : 과학기술인력 기술교육 및 재교육 실시기관 지정&cr;  - 과학기술기본법 시행령 제37조&cr;○ '15. 04 : 재난안전 전문교육 실시기관 지정&cr;  - 재난 및 안전관리 기본법 제29조의2  동법 시행령 제37조의 2&cr;○ '15. 08 : 청사 건립(충청북도 청주시)&cr;○ '17. 11 : 「KIRD 미래비전 2030; 도전과 비상」수립&cr;○ '19. 05 : KIRD 혁신방안 수립&cr;○ '21. 09 : 교육부·고용노동부 주관 2021인적자원개발(Best HRD) 최우수기관 선정&cr;○ '21. 11 : 국가품질혁신상(인재개발 부문) 대통령 표창 수상&cr;○ '22. 03 : 과학기술인 온·오프라인 통합 교육시스템 「알파캠퍼스」 오픈&cr;○ '23. 01 : 「2020-2023 연구사업·기관운영평가」우수 등급 달성&cr;○ '24. 12 : 여성가족부 가족친화인증 대통령 표창 수상,○ 경영목표 : 새 시대에 맞는 임무와 역량  가치 체계로 변화하여 과학기술인재 양성 지원 최고(Top-class) 기관으로 도약&cr;○ 전략&cr;  - 중장기 미래 전략 기반 임무와 수행 체계 전환&cr;  - 인적자원 역량 강화로 과학기술인 성장 지원 성과 제고&cr;  - 자율성과 책임성 높은 인재개발 공공기관으로 성장,배태민,20230816-20260815,○ 2023.08 ~ : 국가과학기술인력개발원 원장&cr;○ 2019.04 ~ 2022.03 : 육군 미래혁신연구센터 센터장&cr;○ 2017.11 ~ 2019.03 : 국립중앙과학관 관장&cr;○ 2016.02 ~ 2017.10 : 미래창조과학부/과학기술정보통신부 거대공공연구정책관&cr;○ 2014.02 ~ 2015.02 : 미래창조과학부 성과평가국장&cr;○ 2013.03 ~ 2013.09 : 대통령비서실 과학기술비서관실 선임행정관&cr;○ 2009.02 ~ 2011.05 : 대통령비서실 과학기술비서관실 행정관&cr;○ 2004.11 ~ 2009.02 : 산업자원부  과학기술부 과장&cr;○ 1990.04 ~ 2004.11 : 과학기술처  과학기술부 사무관/서기관,충청북도,충청북도 청주시 청원구 오창읍 양청4길 45,www.kird.re.kr,314-82-17255,한국과학기술기획평가원
350,KDI국제정책대학원,기타공공기관,국무조정실,정부출연연구기관 등의 설립 운영 및 육성에 관한 법률 부칙<제5733호> 제9조 &cr;한국개발연구원 정관 제27조,19971205,개발 및 공공정책  공공관리 분야 국내외 전문인력 양성,학위 및 비학위과정 운영을 통한 공공분야 국내외 전문인력 양성&cr;한국발전전략 공유를 위한 연구 및 자문&cr;국내외 기관과의 교육협력을 통한 공공외교 강화,1997.12 국제대학원대학 설립인가&cr;1998.03 대학원 개원(석사학위과정 개설)&cr;2001.01 세계은행 세계개발교육네트워크(GDLN) 한국센터로 선정 &cr;2001.03 박사학위과정 개설&cr;2012.01 석사 및 박사학위과정 개편(정책학  개발정책학)&cr;2014.06 GDLN 세계 사무국 유치&cr;2015.01 세종시 이전&cr;2015.01 석사학위과정 신설(공공관리학) &cr;2020.01 박사학위과정 신설(공공관리학) &cr;2020.01 지식재산개발정책학석사과정 신설 &cr;2020.09 석사학위과정(국가정책학) 신설 &cr;2023.02 박사학위과정(국가정책학) 신설&cr;2024.09 석사학위과정 신설(MDS  공공정책데이터사이언스)&cr;2024.09 세종공동캠퍼스 개교,1. 혁신적 교육프로그램 강화 &cr;- 전략1: 정책 문제 해결 중심의 교과과정 혁신&cr;- 전략2: 우수 인재 유치 및 대외 인식 제고&cr;&cr;2. 글로벌 파트너십 강화&cr;- 전략3: 개발 전문 및 공공정책 대학원으로 세계적 위상 확립&cr;- 전략4: 해외석학 초청  주요 대학 및 국제기구와의 협력 강화&cr;&cr;3. 공익 증진을 위한 공공가치 실현&cr;- 전략5: 글로벌 추세 및 새로운 정책 아젠다에 부합하는 정책 연구ㆍ교육 생태계 고도화&cr;- 전략6: 지역사회(세종시) 공공부문 교육ㆍ연구협력 강화 &cr;- 전략7: 지역상생을 위한 밀착형 공공기여 확대&cr;&cr;4. 경영혁신 추진&cr;- 전략8: 공정하고 효율적인 성과평가 시스템 구축&cr;- 전략9: 안정적인 교육 및 연구 기반 구축,김준경,20241108-20271107,2024. KDI국제정책대학원 원장&cr;2019. 박정희대통령 기념재단 이사&cr;2019. 제14대 KDI 원장&cr;2012. 한국개발정책학회 학장&cr;2008. KDI국제정책대학원 교수&cr;2008. 대통령실 재정경제2비서관&cr;1998. 대통령 정책기획위원회 위원&cr;1996. 미국 컬럼비아대 초빙교수&cr;1988. 미국 버지니아 공대 조교수,세종특별자치시,세종특별자치시 남세종로 263,www.kdischool.ac.kr,205-82-05493,한국개발연구원
351,동남권원자력의학원,기타공공기관,과학기술정보통신부,방사선 및 방사성동위원소 이용진흥법 제13조의 3,20100716,정부의 과학기술진흥 및 국가균형발전을 위해 방사선 및 방사성동위원소의 이용확대와 핵심연구기능의 지방분산 정책시행&cr;방사능 재난시 현장 비상진료기능과 원전지역 주민에게 첨단 의료 서비스 제공을 통해 원전의 사회적 수용성 확대,방사선 등의 의학적 이용 및 연구개발 사업수행&cr;- 방사선 등의 의학적 이용에 관한 사업&cr;- 방사선의학에 관한 연구 및 기술개발&cr;- 원자력시설 주변지역의 의료지원사업&cr;- 암병원 등 의학원의 목적달성을 위해 필요한 사업,2004.02 : 동남권원자력의학원 설립추진단 발족&cr;2006.03 : 동남권원자력의학원 기공식&cr;2010.04.23 : 동남권원자력의학원 준공식&cr;2010.07.16 : 동남권원자력의학원 개원식&cr;2010.12.15 : 연구센터동 오픈&cr;2012.06.04 : 생활복지관 준공식&cr;2022.06.02 : 호흡기&cr;&cr;.감염병센터 개소식&cr;2023.12.12 : 방사선의학실용화센터 개소식&cr;,의료용가속기 연구의 중심&cr;동남권 최고의 암센터&cr;탁월한 직원 행복한 직장,정승필,20260323-20280322,&cr;1987.03. ∼ 1990.02. 서울대학교병원 가정의학과 전공의&cr;&cr;1990.09. ∼ 1994.03. 영남대학교병원 가정의학과 과장&cr;(1994~2004. 학과장 역임)&cr;1994.04. ∼ 2026.03. 영남대학교병원 가정의학교실 교수&cr;(1994~2004. 주임교수 역임)&cr;1990.02. ∼ 현재  대학가정의학회 정회원&cr;(기획이사  정보통신이사 역임)&cr;&cr;2005.01. ∼ 현재  대한임상건강증진학회 정회원&cr;(기획이사  특임이사 역임)&cr;2008.11. ∼ 현재  대한보완통합의학회 정회원 및 임원&cr;&cr;2022.08. ∼ 현재  한국과학기술단체 총연합회 경북지역연합회 부회장&cr;2015.01. ~  현재  법원행정처 법원전문 심리위원&cr;2008.10. ~  현재  산업통상자원부 산업융합촉진 옴부즈만 자문위원회 위원&cr;&cr;2018.10. ~  현재  산업통상자원부 융합신산업 촉진위원회 자문위원&cr;2022.10. ~  현재  한국의료기기 안전정보원 비상임이사&cr;&cr;2026.03. ∼ 현재  동남권원자력의학원장&cr;&cr;,부산광역시,부산광역시 기장군 장안읍 좌동길 40,www.dirams.re.kr,621-82-11241,한국원자력의학원
352,분당서울대학교병원,기타공공기관,교육부,서울대학교병원설치법 제2조(법인)  제3조(설립)&cr;서울대학교병원정관 제3조(목적)  제4조(소재지)  제27조의 3(분당병원),20030415,「고등교육법」에 따른 의학  간호학 및 약학 등에 관한 교육·연구와 진료를 통하여 의학 발전을 도모하고 국민보건 향상에 기여함,1. 국립대학법인 서울대학교 의학계 학생의 임상교육&cr;2. 전공의와 전임의의 수련과 기타 의료요원의 훈련&cr;3. 의학계 관련 연구&cr;4. 임상연구&cr;5. 진료사업&cr;6.「공공보건의료에 관한 법률」 제2조 제2호에 따른 공공보건의료사업&cr;7.「의료해외진출 및 외국인환자 유치 지원에 관한 법률」 제2조 제1호에 따른 의료해외진출&cr;8. 그 밖에 국민보건향상에 필요한 사업,2003. 04. 분당서울대학교병원 설립&cr;2003. 05. 진료개시(575병상)&cr;2004. 11. 의학연구소 개소&cr;2005. 09. 뇌졸중센터 개소&cr;2005. 11. 심혈관조영술 5 000례 돌파&cr;2006. 11. 전임상실험실 개소&cr;2007. 04. 「공공기관의 운영에 관한 법률」시행에 따른 기타공공기관 지정&cr;2008. 09. 국립대병원 최초 HRD 우수기관 인증&cr;2009. 01. 종합전문요양기관 (3차) 지정&cr;2009. 06. 감마나이프센터 개소&cr;2010. 03. 외과 세계 최초 간이식 공여자 복강경 간우엽 절제술 성공&cr;2010. 10. HIMSS선정 의료정보화 세계 최고 수준 인증&cr;2011. 01. 보건복지부 의료기관 인증 최초 획득&cr;2011. 02. 경기전임상분자영상지원센터 개소&cr;2012. 02. 보건복지부 지정 신생아 집중 치료센터 선정&cr;2012. 09. 2012 대한민국 IT이노베이션 대상 대통령 표창 수상&cr;2012. 11. 보건복지부 지정 권역 심뇌혈관질환센터 선정&cr;2013. 03. 신관 개원&cr;2013. 10. 새로운 비전 선포&cr;2014. 02. 러시아 모스크바시 보건국 교육연수 실시&cr;2014. 06. 차세대 HIS 사우디 수출&cr;2014. 11. 2014년 공공부문 인적자원개발 우수기관 인증&cr;2014. 12. 네트워크 KOREA 2014 미래창조과학부 장관상 수상&cr;2014. 12. LH 본사 사옥 및 부지 매입&cr;2015. 08. 행정동 및 어린이집(3동) 개원&cr;2016. 04. 헬스케어 혁신 파크 개원&cr;2016. 09. 전립선암 수술 3 000례 및 로봇수술 2 000례 달성&cr;2017. 02. 고위험 산모 신생아 통합치료센터 개소&cr;2018. 05. Outcomes Book 1st Edition 발간&cr;2019. 03. Smart OR 개소&cr;2019. 07. 지석영 의생명연구소 개소&cr;2019. 09. 스카이워크 개통&cr;2020. 03. 경기도 제1호 생활치료센터 운영&cr;2020. 12. 'npj Digital Medicine 저널' 공동운영 파트너십 체결&cr;2021. 02. 서울대학교 융합과학기술대학원 헬스케어융합학과 개원&cr;2022. 03. 수도권 감염병전문병원 선정&cr;2022. 06. K-바이오헬스 지역센터 개소&cr;2023. 01. SMART 시뮬레이션센터 개소&cr;2023. 07. HIP 임상시험센터 확장 개소&cr;2024. 06. 1동-2동 수직동선(연결통로) 개통&cr;2024. 10. 개원 21주년 뉴비전 선포,[미션] 분당서울대학교병원은 세계 최고의 교육·연구·진료를 통하여 인류가 건강하고 행복한 삶을 누릴 수 있도록 한다.&cr;&cr;[비전] 건강한 미래의 지평을 여는 국민의 병원&cr;- 첨단의료의 선두주자&cr;- 미래인재의 아카데미&cr;- 바이오헬스 혁신 생태계&cr;- 다가가는 공공의료&cr;- 함께하는 스누비안&cr;&cr;[핵심가치] 최고지향  환자중심  인재양성  혁신추구  사회공헌  상호존중, 공석,-,-,경기도,경기도 성남시 분당구 구미로173번길 82(구미동),www.snubh.org,129-82-06989,서울대학교병원
353,국민건강보험공단 일산병원,준정부기관(위탁집행형),보건복지부,국민건강보험법 제14조(업무 등) 제1항 제7호 '의료시설의 운영',20000303,보험자 직영 병원으로서 가입자의 의료이용편의 도모  보건의료 수요 충족  임상의학 연구와 건강보험 전반의 각종 조사 분석을 통하여 국민 보건의료 수준 향상과 건강보험 제도 발전에 기여하기 위함,&cr;o 진료사업&cr;o 의료복지 증진을 위한 사업&cr;o 건강보험제도 발전을 위한 연구 및 평가&cr;o 전공의 수련 및 임상의학 연구&cr;o 의료법 제49조에 해당하는 부대사업 및 해당 사업 운영자에 대한 시설물의 임대&cr;o 그 밖에 국민보건 향상을 위하여 필요한 사업&cr;,&cr;o 1999.02 연세대학교와 의료지원협약 체결&cr;o 1999.12 초대 홍원표 병원장 취임&cr;o 2000.03 병원 개원(허가병상수 744병상)&cr;o 2001.09~2004.09 원가분석시스템 구축&cr;o 2006.07 의학연구소 개소&cr;o 2006.09 모자병원 결연협약 체결(연세대학교의과대학 세브란스병원)&cr;o 2009.03 제4대 김광문 병원장 취임&cr;o 2009.04 신포괄지불제도 시범사업 수행&cr;o 2009.05 최우수 지역응급의료센터 선정(보건복지부)&cr;o 2010.06 연구소 확장 개소&cr;o 2011.02 의료기관평가 인증 획득&cr;o 2011.11 통합의료정보시스템 구축&cr;o 2013.02 암치료센터 개소&cr;o 2013.07 간호간병 통합서비스 시범사업 수행&cr;o 2014.10 공공보건의료기관평가 최우수 등급 획득(보건복지부)&cr;o 2015.02 2주기 의료기관인증 획득&cr;o 2015.03 제6대 강중구 병원장 취임&cr;o 2015.06 완화의료센터 설치&cr;o 2016.11 세종대왕 나눔봉사대상 본상  보건복지위원회 위원장상 &cr; 아름다운 대한국인상 수상&cr;o 2017.01 신생아 집중치료지역센터 개소&cr;o 2017.02 응급실 기반 자살시도자 사후관리 사업 수행&cr;o 2017.06 허가병상수 변경(830병상)&cr;o 2018.01 허가병상수 변경(818병상)&cr;o 2018.03 제7대 김성우 병원장 취임&cr;o 2018.05 (종합병원) 진료 의뢰-회송사업 수행&cr;o 2018.05 허가병상수 변경(817병상)&cr;o 2018.06 고위험 산모·신생아 통합치료센터 사업기관 선정&cr;o 2018.11 경영이념 선포&cr;o 2019.03 고위험 산모·신생아 통합치료센터 개소&cr;o 2019.08 응급 및 감염관리센터 준공&cr;o 2019.10 하이브리드 수술실 개소&cr;o 2019.12 심뇌혈관질환센터 개소&cr;o 2020.02 코로나-19 국민안심병원 지정(보건복지부)&cr;o 2020.09 스마트병원 선도모델 개발지원 사업 선정(보건복지부)&cr;o 2020.12 코로나-19 거점전담병원 지정(보건복지부)&cr;o 2021.05 대국민 코로나19 백신접종센터 운영 게시&cr;o 2021.06 보건복지부 주관 난임시술 의료기관 선정&cr;o 2021.07 보건복지부 주관 공공어린이재활병원 선정&cr;o 2021.08 스마트병원 개발지원 사업 이달의 한국판 뉴딜 선정&cr;o 2021.12 공공보건의료 최우수 기관 선정(보건복지부)&cr;o 2022.03 코로나19 환자 재택치료 단기·외래진료센터 지정&cr;o 2022.03 지역책임의료기관(고양시  김포시) 지정&cr;o 2022.08 코로나19 중증전담치료병상 운영&cr;o 2022.10 지역장애인보건의료센터(경기도 북부) 지정&cr;o 2023.01 경기도 북부 지역장애인보건의료센터 사업 개시&cr;o 2023.03 4주기 의료기관인증 수검&cr;o 2023.04 표준일차의료개발센터 개소&cr;o 2023.04 장애친화산부인과 사업 개시&cr;o 2023.05 경기 서북권 권역응급의료센터 지정&cr;o 2023.05 4주기 의료기관평가 인증 획득&cr;o 2023.07 신종감염병 대비 긴급치료병상 확충사업 지원기관 선정&cr;o 2023.08 첨단재생의료 실시기관 지정(보건복지부)&cr;o 2023.10 간호간병통합서비스 패널병원 선정&cr;o 2023.10 권역응급의료센터 운영 개시&cr;o 2023.11 2023 대한민국 커뮤니케이션 대상 SNS부문 최우수상 수상&cr;o 2023.12 심뇌혈관질환 인적 네트워크 건강보험 시범사업 선정(보건복지부)&cr;o 2024.01 AI기반 실시간 소화기 내시경 영상분석 시스템 도입&cr;o 2024.02 정신질환자 지속치료 지원 시범사업 기관 선정(보건복지부)&cr;o 2024.02 심뇌혈관질환 인적 네트워크 시범사업 운영 개시(보건복지부)&cr;o 2024.03 최첨단 암치료기 트루빔(TrueBeam) 도입&cr;o 2024.03 제9대 한창훈 병원장 취임&cr;o 2024.04 정신의료기관환경개선 사업 선정(보건복지부)&cr;o 2024.04 2024 마이데이터 종합기반 사업 수행기관 선정(과학기술정보통신부)&cr;o 2024.07 소셜아이어워드 2024 종합의료 블로그 분야 대상 수상&cr;o 2024.08 로봇탈장수술 100례 달성(외과 이형순 교수 국내 최다 집도)&cr;o 2024.10 경기도 북부 아토피·천식 교육정보센터 위탁 의료기관 선정(복지부)&cr;o 2024.11 2024년 감염병관리 유공 대통령 표창 수상(질병관리청)&cr;o 2024.12 2024년 제3차 국가 통합 바이오 빅데이터 구축 사업 선정(보건복지부)&cr;o 2024.12 2년 연속 공공보건의료계획 '최우수 기관'선정(보건복지부)&cr;o 2025.01 비대면진료기술개발사업 CES 2025 혁신상 수상&cr;o 2025.02 지역심뇌혈관질환센터 지정 기관 선정(보건복지부)&cr;o 2025.04 경기도 북부 아토피·천식 교육정보센터 개소&cr;o 2025.05 모자의료 진료협력 시범사업 경기북부 대표기관 선정&cr;o 2025.07 포괄2차 종합병원 지원사업 선정&cr;,&cr;○ 사 명(Mission)&cr;: 국민의 건강한 삶과 올바른 의료표준을 선도하는 건강보험 모델병원&cr;&cr;○ 이 상(Vision)&cr;: 보다 앞선 의료서비스  신뢰받는 평생건강파트너&cr; &cr;○ 핵심가치&cr;1. 환자중심&cr;: 환자는 병원의사결정의 중심이며  항상 환자의 입장과 의견을 존중하고 &cr;상호신뢰를 바탕으로 최상의 진료와 서비스를 제공하기 위해 노력한다.&cr;2. 탁월한 전문성&cr;: 변화하는 환경에 선도적으로 대응하고  한발 앞선 역량과 전문성을 보유하기&cr;위해 항상 혁신적인 사고로 새로운 시도와 도전을 추구한다.&cr;3. 행복한 일터&cr;: 조직은 모든 구성원이 행복하게 일할 수 있는 여건을 만들기 위해 최선을&cr;다하고  구성원은 공동의 목표를 위해 화합하고 소통하며  스스로 맡은일에&cr;자부심과 긍지를 가질 수 있는 조직문화를 구현한다.&cr;, 공석,-,-,경기도,경기도 고양시 일산동구 일산로 100,https://www.nhimc.or.kr,128-82-06481,국민건강보험공단
354,서울요양원,준정부기관(위탁집행형),보건복지부,노인장기요양보험법 제48조(관리운영기관 등) 제2항제13호,20141111,장기요양급여 제공기준 개발 및 급여비용의 적정성 검토를 통해 서비스 수준 향상과 장기요양기관의 표준모델을 제시,<장기요양급여의 제공기준 개발>&cr;ㅇ 표준 업무매뉴얼 정립을 통한 급여제공기준 표준화&cr;ㅇ 급여제공체계에 따른 맞춤형 케어매니지먼트로 서비스 질 표준화&cr;<장기요양급여비용의 적정성 검토>&cr;ㅇ 적정 원가분석을 위한 정확도 높은 기초자료 수집 및 점검&cr;ㅇ 원가분석시스템에 대한 지속적인 모니터링 및 분석방법 다양화,2011.05. 직영시설 건립 승인(보건복지부장관)&cr;2012.12.~2014.07. 요양원 신축&cr;2014.10. 서울요양원 설치신고 및 장기요양기관 지정(강남구청)&cr;2014.11.11. 요양원 개원&cr;2015.01.05. 주야간보호 개소&cr;2015.02.09. 운영위원회 구성&cr;2016.07.~12. 서울요양원 종합정보시스템 구축&cr;2018.04.~ 주야간보호센터 치매전담실 도입&cr;2018.07.~ 방문요양  방문목욕  방문간호 서비스 시작&cr;2019.04.~ 입소시설 전문요양실 시범사업 참여&cr;2019.01.~ 통합재가 서비스 시범사업 참여&cr;2019.09.~ 주야간보호센터 내 단기보호 시범사업 참여&cr;2021.10.~ 통합재가 서비스 예비사업 참여,&cr;ㅇ 목표: 장기요양서비스 표준모델 기반 구축&cr;ㅇ 운영방향&cr;- 비용적정성 검토 기능 강화로 보험자 직영시설 역할 정립&cr;- 국민  취약계층과 함께하는 혁신경영으로 사회적 가치 실현&cr;ㅇ 주요세부사업&cr;- (특화된 서비스로 이용자의 삶의 질 향상)&cr;* 가족친화적 맞춤형프로그램 확대: 개인별 특성에 맞는 욕구지원과 인지적 기능 프로그램 개발&cr;* 전문요양실 건강관리강화사업 참여: 이용자 중심의 의료-요양 통합서비스 제공기반 조성&cr;* 원격협진으로 거동 불편자의 편의성 제공: 현장중심의 직원역량 교육강화: 상시 직종별 맞춤교육으로 고품격 서비스 제공기반 구축&cr;- (One-stop 통합케어로 사회적 가치 실현)&cr;* 통합재가서비스 기반 확대: 주야간보호 및 가정방문 통합형 이용자 확보로 커뮤니티 기반조성&cr;* (주야간보호) 이용자를 위한 사회적응 케어 프로그램 운영: 치매 및 퇴화가 진행 중인 수급자 잔존기능 유지 및 자존감 향상&cr;* (가정방문급여) 이용자별 맞춤형서비스 제공체계 구축 : 통합재가 전산&cr;프로그램 개발 구축 및 업무매뉴얼 제작&cr;- (원가분석을 통한 급여비용 적정성 확보)&cr;* 전문팀 운영으로 원가분석 시스템 기반조성: (협의체 운영) 정책연구원 &cr;공단본부  전문가 등과 협업 추진&cr;* 서울요양원 서비스 매뉴얼 제작: 급여제공 표준 매뉴얼 정비&cr;* 종합전산시스템 고도화 추진: 원가시스템 활용을 통한 급여비용 적정성&cr;검토&cr;,김강수,20241202-20271201,ㅇ 前 엠마오사랑병원 재활치료팀 팀장&cr;ㅇ 前 신광의 집 원장&cr;ㅇ 前 신광요양원 원장&cr;ㅇ 前 신광노인복지센터 원장 ,서울특별시,서울특별시 강남구 헌릉로590길 50(세곡동 520번지),www.서울요양원.kr,120-82-67825,국민건강보험공단
355,육아정책연구소,기타공공기관,국무조정실,국무총리 주재 '국정현안정책조정회의'(2005.8.17) 결과에 따라 설립,20050930,국가인적자원 육성을 위한 육아정책개발 관련 연구업무를 종합적·체계적으로 수행하고  유아교육과 보육의 발전을 위한 합리적 정책방안을 제시함으로써 우리나라가 육아선진국으로 도약하는데 기여,○ 육아정책 방안 연구&cr;○ 육아지원 프로그램 및 교재 개발&cr;○ 육아정책 관련 국내외 정보·자료의 공유 및 관리&cr;○ 육아정책 관련 국제 협동연구 및 교류 협력&cr;○ 기타 주요 육아정책사업 지원,2005. 09. 육아정책개발센터 설립관련 연구기관 정관 개정&cr;2005. 09. 육아정책개발센터 설치운영을 위한 양해각서 체결&cr;2005. 12. 개소식&cr;2008. 09. 육아정책개발센터 설치·운영 규정 개정  협력기관 2개로 조정&cr;2009. 12. 육아정책연구소로 기관명 개칭&cr;2010. 01. 교육과학기술부 유아교육선진화사업지원단 업무 위탁&cr;2014. 09. 국무조정실 영유아교육·보육통합추진단 업무 지원을 위한 ‘유보통합지원단’ 발족&cr;2015. 12. OECD ECEC(유아교육·보육) Network 연구기관 지정&cr;2019. 03. 교육부 유아교육 교육력제고 사업 위탁&cr;2020. 07. '저출생·인구절벽대응 국회포럼' 협력기관 선정&cr;2024. 05. 육아정책연구소 7대 소장 선임,○ 비전: 미래인재의 행복한 성장을 위한 육아정책연구의 허브&cr;○ 경영목표&cr;  [목표1] 아동의 행복한 성장을 위한 미래지향적 정책연구 선도&cr;  [목표2] 국내외 의제에 대응하는 육아정책연구의 플랫폼 실현&cr;  [목표3] 포용적 경영혁신을 통한 기관 위상 제고&cr;○ 추진전략&cr;  [목표1] 아동의 행복한 성장을 위한 미래지향적 정책연구 선도&cr;   - 아동 권리와 생애주기에 기반한 연구영역 확장&cr;   - 미래대응 유아교육·보육의 협력과 발전을 위한 선도적 정책 연구 강화&cr;   - 육아친화적 가정 및 사회 조성을 위한 연구 주도&cr;   - 정책화 기여도 제고를 위한 연구사업 관리 체계 개선&cr;  [목표2] 국내외 의제에 대응하는 육아정책연구의 플랫폼 실현&cr;   - 포스트코로나 대응 국내·외 육아정책연구플랫폼 활성화&cr;   - 정책수요자와의 소통 강화 및 성과공유 다각화&cr;   - 학제간 융합과 협력을 통한 육아정책연구생태계 조성&cr;  [목표3] 포용적 경영혁신을 통한 기관 위상 제고&cr;   - 법인화 추진과 인권·윤리경영 강화&cr;   - 사회적 가치를 실현하는 포용적 조직문화 강화&cr;   - 경영혁신을 통한 조직관리 효율화,황옥경,20240509-20270508,서울신학대학교 아동보육학과 교수&cr;사랑의열매 사회복지공동모금회 이사&cr;대통령직속 국민경제자문회의 미래경제분과 위원&cr;대통령직속 저출산고령사회위원회 전문가 자문위원&cr;교육부 영유아교육보육통합추진위원회 위원,서울특별시,서울특별시 중구 소공로 70  5층  9층,www.kicce.re.kr,101-82-63930,경제인문사회연구회
