no,name,category
1,(사)남북교류협력지원협회,공공기관
2,(재)예술경영지원센터,공공기관
3,(재)우체국금융개발원,공공기관
4,(재)우체국물류지원단,공공기관
5,(재)우체국시설관리단,공공기관
6,(재)일제강제동원피해자지원재단,공공기관
7,(재)축산환경관리원,공공기관
8,(재)한국보건의료정보원,공공기관
9,(재)한국우편사업진흥원,공공기관
10,(재)한국통계정보원,공공기관
11,(재)한국통계진흥원,공공기관
12,(주)강원랜드,공공기관
13,(주)공영홈쇼핑,공공기관 / 공공기관 자회사
14,(주)한국가스기술공사,공공기관 / 공공기관 자회사
15,88관광개발(주),공공기관
16,KDI국제정책대학원,공공기관
17,가덕도신공항건설공단,공공기관
18,가축위생방역지원본부,공공기관
19,강원대학교병원,공공기관
20,강원대학교치과병원,공공기관
21,건강보험심사평가원,공공기관
22,건설근로자공제회,공공기관
23,건축공간연구원,공공기관
24,게임물관리위원회,공공기관
25,경북대학교병원,공공기관
26,경북대학교치과병원,공공기관
27,경상국립대학교병원,공공기관
28,경제인문사회연구회,공공기관
29,공간정보산업진흥원,공공기관
30,공간정보품질관리원,공공기관
31,공무원연금공단,공공기관
32,과학기술사업화진흥원,공공기관
33,과학기술정책연구원,공공기관
34,국가과학기술인력개발원,공공기관
35,국가생명윤리정책원,공공기관
36,국가수리과학연구소,공공기관
37,국가아동권리보장원,공공기관
38,국가유산진흥원,공공기관
39,국가철도공단,공공기관
40,국가평생교육진흥원,공공기관
41,국립공원공단,공공기관
42,국립광주과학관,공공기관
43,국립낙동강생물자원관,공공기관
44,국립농업박물관,공공기관
45,국립대구과학관,공공기관
46,국립박물관문화재단,공공기관
47,국립부산과학관,공공기관
48,국립생태원,공공기관
49,국립아시아문화전당재단,공공기관
50,국립암센터,공공기관
51,국립울진해양과학관,공공기관
52,국립인천해양박물관,공공기관
53,국립중앙의료원,공공기관
54,국립항공박물관,공공기관
55,국립해양박물관,공공기관
56,국립해양생물자원관,공공기관
57,국립호남권생물자원관,공공기관
58,국민건강보험공단,공공기관
59,국민건강보험공단 일산병원,공공기관
60,국민연금공단,공공기관
61,국방과학연구소,공공기관
62,국방기술진흥연구소,공공기관
63,국방기술품질원,공공기관
64,국방전직교육원,공공기관
65,국악방송,공공기관
66,국제방송교류재단,공공기관
67,국제식물검역인증원,공공기관
68,국토교통과학기술진흥원,공공기관
69,국토안전관리원,공공기관
70,국토연구원,공공기관
71,그랜드코리아레저(주),공공기관 / 공공기관 자회사
72,극지연구소,공공기관
73,근로복지공단,공공기관
74,기술보증기금,공공기관
75,기초과학연구원,공공기관
76,노사발전재단,공공기관
77,농림수산식품교육문화정보원,공공기관
78,농림식품기술기획평가원,공공기관
79,농업정책보험금융원,공공기관
80,대구경북첨단의료산업진흥재단,공공기관
81,대외경제정책연구원,공공기관
82,대한무역투자진흥공사,공공기관
83,대한법률구조공단,공공기관
84,대한석탄공사,공공기관
85,대한장애인체육회,공공기관
86,대한적십자사,공공기관
87,대한체육회,공공기관 / 언론사
88,독립기념관,공공기관
89,동남권원자력의학원,공공기관
90,동북아역사재단,공공기관
91,무역안보관리원,공공기관
92,민주화운동기념사업회,공공기관
93,부산대학교병원,공공기관
94,부산대학교치과병원,공공기관
95,부산항만공사,공공기관
96,북한이탈주민지원재단,공공기관
97,분당서울대학교병원,공공기관
98,사립학교교직원연금공단,공공기관
99,산업연구원,공공기관
100,새만금개발공사,공공기관
101,서민금융진흥원,공공기관
102,서울대학교병원,공공기관
103,서울대학교치과병원,공공기관
104,서울올림픽기념국민체육진흥공단,공공기관
105,서울요양원,공공기관
106,선박해양플랜트연구소,공공기관
107,세종학당재단,공공기관
108,소상공인시장진흥공단,공공기관
109,소프트웨어정책연구소,공공기관
110,수도권매립지관리공사,공공기관
111,스포츠윤리센터,공공기관
112,시청자미디어재단,공공기관
113,식품안전정보원,공공기관
114,신용보증기금,공공기관
115,신용보증재단중앙회,공공기관
116,아시아·태평양경제협력체 기후센터,공공기관
117,양육비이행관리원,공공기관
118,에너지경제연구원,공공기관
119,여수광양항만공사,공공기관
120,연구개발특구진흥재단,공공기관
121,영상물등급위원회,공공기관
122,영화진흥위원회,공공기관
123,예금보험공사,공공기관
124,예술의전당,공공기관
125,오송첨단의료산업진흥재단,공공기관
126,울산항만공사,공공기관
127,육아정책연구소,공공기관
128,의료기관평가인증원,공공기관
129,인천국제공항공사,공공기관
130,인천항만공사,공공기관
131,자동차손해배상진흥원,공공기관
132,재단법인 건설기술교육원,공공기관
133,재단법인 대한건설기계안전관리원,공공기관
134,재단법인 장애인기업종합지원센터,공공기관
135,재단법인 한국공공조직은행,공공기관
136,재단법인 한국에너지재단,공공기관
137,재단법인 한국자활복지개발원,공공기관
138,재단법인 한국장기조직기증원,공공기관
139,재외동포협력센터,공공기관
140,전국재해구호협회,공공기관
141,전남대학교병원,공공기관
142,전북대학교병원,공공기관
143,전쟁기념사업회,공공기관
144,정보통신기획평가원,공공기관
145,정보통신산업진흥원,공공기관
146,정보통신정책연구원,공공기관
147,정부법무공단,공공기관
148,제주국제자유도시개발센터,공공기관
149,제주대학교병원,공공기관
150,주식회사 에스알,공공기관
151,주택관리공단(주),공공기관 / 공공기관 자회사
152,주택도시보증공사,공공기관
153,중소기업기술정보진흥원,공공기관
154,중소기업은행,공공기관
155,중소벤처기업연구원,공공기관
156,중소벤처기업진흥공단,공공기관
157,중앙사회서비스원,공공기관
158,차세대수치예보모델개발사업단,공공기관
159,창업진흥원,공공기관
160,축산물품질평가원,공공기관
161,충남대학교병원,공공기관
162,충북대학교병원,공공기관
163,코레일관광개발(주),공공기관
164,코레일네트웍스(주),공공기관
165,코레일로지스(주),공공기관
166,코레일유통(주),공공기관
167,코레일테크(주),공공기관
168,태권도진흥재단,공공기관
169,통일연구원,공공기관
170,학교법인한국폴리텍,공공기관
171,한국가스공사,공공기관
172,한국가스안전공사,공공기관
173,한국개발연구원,공공기관
174,한국건강가정진흥원,공공기관
175,한국건강증진개발원,공공기관
176,한국고용노동교육원,공공기관
177,한국고용정보원,공공기관
178,한국고전번역원,공공기관
179,한국공예디자인문화진흥원,공공기관
180,한국공정거래조정원,공공기관
181,한국공항공사,공공기관
182,한국과학기술기획평가원,공공기관
183,한국과학창의재단,공공기관
184,한국관광공사,공공기관
185,한국관세정보원,공공기관
186,한국광해광업공단,공공기관
187,한국교육개발원,공공기관
188,한국교육과정평가원,공공기관
189,한국교육학술정보원,공공기관
190,한국교통안전공단,공공기관
191,한국교통연구원,공공기관
192,한국국방연구원,공공기관
193,한국국제교류재단,공공기관
194,한국국제보건의료재단,공공기관
195,한국국제협력단,공공기관
196,한국국토정보공사,공공기관
197,한국기상산업기술원,공공기관
198,한국기술교육대학교,공공기관
199,한국나노기술원,공공기관
200,한국남동발전(주),공공기관
201,한국남부발전(주),공공기관
202,한국노동연구원,공공기관
203,한국노인인력개발원,공공기관
204,한국농수산식품유통공사,공공기관
205,한국농어촌공사,공공기관
206,한국농업기술진흥원,공공기관
207,한국농촌경제연구원,공공기관
208,한국데이터산업진흥원,공공기관
209,한국도로공사,공공기관
210,한국도로공사서비스(주),공공기관
211,한국도로교통공단,공공기관
212,한국도박문제예방치유원,공공기관
213,한국동서발전(주),공공기관
214,한국등산·트레킹지원센터,공공기관
215,한국디자인진흥원,공공기관
216,한국로봇산업진흥원,공공기관
217,한국마사회,공공기관
218,한국마약퇴치운동본부,공공기관
219,한국무역보험공사,공공기관
220,한국문학번역원,공공기관
221,한국문화관광연구원,공공기관
222,한국문화예술교육진흥원,공공기관
223,한국문화예술위원회,공공기관
224,한국문화정보원,공공기관
225,한국문화진흥주식회사,공공기관
226,한국물기술인증원,공공기관
227,한국발명진흥회,공공기관
228,한국방송광고진흥공사,공공기관
229,한국방송통신전파진흥원,공공기관
230,한국법무보호복지공단,공공기관
231,한국법제연구원,공공기관
232,한국벤처투자,공공기관 / 공공기관 자회사
233,한국보건복지인재원,공공기관
234,한국보건사회연구원,공공기관
235,한국보건산업진흥원,공공기관
236,한국보건의료연구원,공공기관
237,한국보건의료인국가시험원,공공기관
238,한국보육진흥원,공공기관
239,한국보훈복지의료공단,공공기관
240,한국부동산원,공공기관
241,한국사학진흥재단,공공기관
242,한국사회보장정보원,공공기관
243,한국사회복지협의회,공공기관
244,한국사회적기업진흥원,공공기관
245,한국산림복지진흥원,공공기관
246,한국산업기술기획평가원,공공기관
247,한국산업기술시험원,공공기관
248,한국산업기술진흥원,공공기관
249,한국산업단지공단,공공기관
250,한국산업안전보건공단,공공기관
251,한국산업은행,공공기관
252,한국산업인력공단,공공기관
253,한국상하수도협회,공공기관
254,한국생명존중희망재단,공공기관
255,한국서부발전(주),공공기관
256,한국석유공사,공공기관
257,한국석유관리원,공공기관
258,한국세라믹기술원,공공기관
259,한국소방산업기술원,공공기관
260,한국소비자원,공공기관
261,한국수력원자력(주),공공기관
262,한국수목원정원관리원,공공기관
263,한국수산자원공단,공공기관
264,한국수자원공사,공공기관
265,한국수자원조사기술원,공공기관
266,한국수출입은행,공공기관
267,한국스포츠레저(주),공공기관 / 공공기관 자회사
268,한국승강기안전공단,공공기관
269,한국식품산업클러스터진흥원,공공기관
270,한국식품안전관리인증원,공공기관
271,한국양성평등교육진흥원,공공기관
272,한국어촌어항공단,공공기관
273,한국언론진흥재단,공공기관
274,한국에너지공단,공공기관
275,한국에너지기술평가원,공공기관
276,한국에너지정보문화재단,공공기관
277,한국여성과학기술인육성재단,공공기관
278,한국여성인권진흥원,공공기관
279,한국여성정책연구원,공공기관
280,한국연구재단,공공기관
281,한국영상자료원,공공기관
282,한국예술인복지재단,공공기관
283,한국원산지정보원,공공기관
284,한국원자력안전기술원,공공기관
285,한국원자력안전재단,공공기관
286,한국원자력의학원,공공기관
287,한국원자력통제기술원,공공기관
288,한국원자력환경공단,공공기관
289,한국의료기기안전정보원,공공기관
290,한국의료분쟁조정중재원,공공기관
291,한국의약품안전관리원,공공기관
292,한국인터넷진흥원,공공기관
293,한국임업진흥원,공공기관
294,한국자산관리공사,공공기관
295,한국잡월드,공공기관
296,한국장애인개발원,공공기관
297,한국장애인고용공단,공공기관
298,한국장학재단,공공기관
299,한국재정정보원,공공기관
300,한국저작권보호원,공공기관
301,한국저작권위원회,공공기관
302,한국전기안전공사,공공기관
303,한국전력거래소,공공기관
304,한국전력공사,공공기관
305,한국전력국제원자력대학원대학교,공공기관
306,한국전력기술주식회사,공공기관
307,한국제품안전관리원,공공기관
308,한국조세재정연구원,공공기관
309,한국조폐공사,공공기관
310,한국주택금융공사,공공기관
311,한국중부발전(주),공공기관
312,한국중소벤처기업유통원,공공기관
313,한국지능정보사회진흥원,공공기관
314,한국지식재산보호원,공공기관
315,한국지식재산연구원,공공기관
316,한국지역난방공사,공공기관
317,한국직업능력연구원,공공기관
318,한국철도공사,공공기관
319,한국청소년상담복지개발원,공공기관
320,한국청소년정책연구원,공공기관
321,한국청소년활동진흥원,공공기관
322,한국체육산업개발(주),공공기관 / 공공기관 자회사
323,한국출판문화산업진흥원,공공기관
324,한국치산기술협회,공공기관
325,한국콘텐츠진흥원,공공기관
326,한국탄소산업진흥원,공공기관
327,한국토지주택공사,공공기관
328,한국투자공사,공공기관
329,한국특허기술진흥원,공공기관
330,한국특허전략개발원,공공기관
331,한국특허정보원,공공기관
332,한국학중앙연구원,공공기관
333,한국한의약진흥원,공공기관
334,한국항로표지기술원,공공기관
335,한국해양과학기술원,공공기관
336,한국해양교통안전공단,공공기관
337,한국해양수산개발원,공공기관
338,한국해양수산연수원,공공기관
339,한국해양조사협회,공공기관
340,한국해양진흥공사,공공기관
341,한국해외인프라도시개발지원공사,공공기관
342,한국행정연구원,공공기관
343,한국형사·법무정책연구원,공공기관
344,한국환경공단,공공기관
345,한국환경보전원,공공기관
346,한국환경산업기술원,공공기관
347,한국환경연구원,공공기관
348,한식진흥원,공공기관
349,한전KDN,공공기관
350,한전KPS(주),공공기관
351,한전MCS(주),공공기관
352,한전원자력연료주식회사,공공기관
353,항공안전기술원,공공기관
354,해양수산과학기술진흥원,공공기관
355,해양환경공단,공공기관
356,(유)훗고르샤나가,공공기관 자회사
357,(주)8푸드,공공기관 자회사
358,(주)국민행복기금,공공기관 자회사
359,(주)금양스텐,공공기관 자회사
360,(주)기보메이트,공공기관 자회사
361,(주)기원무역,공공기관 자회사
362,(주)대오,공공기관 자회사
363,(주)더마로닉,공공기관 자회사
364,(주)데코데코,공공기관 자회사
365,(주)도시재생앵커제1호위탁관리부동산투자회사,공공기관 자회사
366,(주)동진,공공기관 자회사
367,(주)로드파크,공공기관 자회사
368,(주)모이어,공공기관 자회사
369,(주)반석,공공기관 자회사
370,(주)베스트비투비,공공기관 자회사
371,(주)부산데이터복구서버유에스비외장하드복구데이터세이브,공공기관 자회사
372,(주)부산항보안공사,공공기관 자회사
373,(주)비에프이커머스,공공기관 자회사
374,(주)산단재생1호서대구지식산업센터위탁관리부동산투자회사,공공기관 자회사
375,(주)상록골프앤리조트,공공기관 자회사
376,(주)새누리,공공기관 자회사
377,(주)새연에스엔에스,공공기관 자회사
378,(주)서울창동창업문화도시재생위탁관리부동산투자회사,공공기관 자회사
379,(주)선메트,공공기관 자회사
380,(주)섬김컴퍼니,공공기관 자회사
381,(주)셀로긴,공공기관 자회사
382,(주)소리안,공공기관 자회사
383,(주)스노파,공공기관 자회사
384,(주)시누스,공공기관 자회사
385,(주)쓰리케이솔루션,공공기관 자회사
386,(주)씽크리에이티브,공공기관 자회사
387,(주)아이디어하이,공공기관 자회사
388,(주)아이컨택트,공공기관 자회사
389,(주)안온,공공기관 자회사
390,(주)애니닥터헬스케어,공공기관 자회사
391,(주)애드피디,공공기관 자회사
392,(주)앨리스에프엑스,공공기관 자회사
393,(주)에스비하이텍,공공기관 자회사
394,(주)에스앤유에이치벤처,공공기관 자회사
395,(주)에스엠하이텍,공공기관 자회사
396,"(주)에스피아이(SPICO.,LTD.)",공공기관 자회사
397,(주)엑스젠테크놀러지,공공기관 자회사
398,(주)엔보이비젼,공공기관 자회사
399,(주)엔젤스포츠,공공기관 자회사
400,(주)엘에이치이앤에스,공공기관 자회사
401,(주)엠오엠티,공공기관 자회사
402,(주)연구개발특구에프엔에스,공공기관 자회사
403,(주)예울에프엠씨,공공기관 자회사
404,(주)오승이에스,공공기관 자회사
405,(주)왓스업,공공기관 자회사
406,(주)우프컴퍼니,공공기관 자회사
407,(주)육일침장,공공기관 자회사
408,(주)제이에스테크,공공기관 자회사
409,(주)제이엘디앤아이,공공기관 자회사
410,(주)제인스,공공기관 자회사
411,(주)중소벤처기업인증원,공공기관 자회사
412,(주)지이테크,공공기관 자회사
413,(주)지이티,공공기관 자회사
414,(주)쵸이스맨파워,공공기관 자회사
415,(주)케이아이비보험중개,공공기관 자회사
416,(주)케이알앤씨,공공기관 자회사
417,(주)케이에스티정보통신,공공기관 자회사
418,(주)케이탑뷰티,공공기관 자회사
419,(주)코람코주택도시기금위탁관리부동산투자회사,공공기관 자회사
420,(주)코베리,공공기관 자회사
421,(주)코아에이스,공공기관 자회사
422,(주)코웍스,공공기관 자회사
423,(주)키콕스파트너스,공공기관 자회사
424,(주)킨스파트너스,공공기관 자회사
425,(주)트로젝트,공공기관 자회사
426,(주)파워젠,공공기관 자회사
427,(주)포이파트너스,공공기관 자회사
428,(주)퓨젼스포츠코리아,공공기관 자회사
429,(주)하이원추추파크,공공기관 자회사
430,(주)하이원파트너스,공공기관 자회사
431,(주)한국중소벤처기업유통원,공공기관 자회사
432,(주)한몽에너지,공공기관 자회사
433,(주)한빛씨에스,공공기관 자회사
434,(주)핸섬피쉬,공공기관 자회사
435,(주)햇살유통,공공기관 자회사
436,(주)홈디,공공기관 자회사
437,(주)휴,공공기관 자회사
438,(주)희광에너지,공공기관 자회사
439,2024딥다이브파트너스사모투자합자회사,공공기관 자회사
440,2025IBKVC-대신넥스트밸류업펀드,공공기관 자회사
441,500코리아III투자조합,공공기관 자회사
442,ANKORE&PHoldingsCorp.,공공기관 자회사
443,ASM-BGInvesticiiAD,공공기관 자회사
444,"B2BLOGISTICS(BUSANBARCELONAHUB), S.L.",공공기관 자회사
445,BANCOKDBDOBRASILS.A.,공공기관 자회사
446,BusanPortAuthorityB.V.,공공기관 자회사
447,DKIGrowingStar3호투자조합,공공기관 자회사
448,DSC유망서비스산업펀드,공공기관 자회사
449,DanaPetroleumLtd.,공공기관 자회사
450,EWP(Barbados)1SRL,공공기관 자회사
451,"EWPAmerica, Inc.",공공기관 자회사
452,EWPAustraliaPtyLtd,공공기관 자회사
453,EWPBylongPtyLimited,공공기관 자회사
454,ErmaniLtd.,공공기관 자회사
455,GLOBALKOMSCODAEWOOLLC.,공공기관 자회사
456,HarvestOperationsCorp,공공기관 자회사
457,IBK-스톤브릿지라이징2호투자조합,공공기관 자회사
458,IBK금융그룹미래성장동력투자조합,공공기관 자회사
459,IBK금융그룹창업기업일자리창출투자조합,공공기관 자회사
460,IBK금융그룹크라우드펀딩매칭투자조합,공공기관 자회사
461,IBK미얀마은행,공공기관 자회사
462,IBK신용정보㈜,공공기관 자회사
463,IBK연금보험㈜,공공기관 자회사
464,IBK인도네시아은행,공공기관 자회사
465,IBK자산운용㈜,공공기관 자회사
466,IBK창공비상1호투자조합,공공기관 자회사
467,IBK창공비상2호투자조합,공공기관 자회사
468,IBK투자증권㈜,공공기관 자회사
469,IBK폴란드은행,공공기관 자회사
470,IPKoreaCenterInc,공공기관 자회사
471,IncheonAirportPhilippinesCorporation,공공기관 자회사
472,IncheonKoreaforAirportServicesCompanyS.P.C,공공기관 자회사
473,JSCKDBBANKUZBEKISTAN,공공기관 자회사
474,JSCNenskraHydro,공공기관 자회사
475,KADOCLtd.,공공기관 자회사
476,KAPowerLimited,공공기관 자회사
477,KDBASIALIMITED,공공기관 자회사
478,KDBBANKEUROPELIMITED,공공기관 자회사
479,KDBC공동투자사모투자합자회사,공공기관 자회사
480,KDBIRELANDDESIGNATEDACTIVITYCOMPANY,공공기관 자회사
481,"KDBOCCASIOII, L.P.",공공기관 자회사
482,KDBSILICONVALLEYLLC,공공기관 자회사
483,"KDBSynergy, L.P.",공공기관 자회사
484,KDSHydroPte. Ltd.,공공기관 자회사
485,KEPCOKPSPhilippinesCorp.,공공기관 자회사
486,"KEPCOKPSSouthAfricaPty., Ltd.",공공기관 자회사
487,KG-SEAGPCompanyLimited,공공기관 자회사
488,KGKruengManeLtd.,공공기관 자회사
489,KGMozambiqueLtd.,공공기관 자회사
490,KHNPCanadaEnergyLtd.,공공기관 자회사
491,KHNPChileSpA,공공기관 자회사
492,KHNPUSALLC,공공기관 자회사
493,KINDUSALLC,공공기관 자회사
494,KNFCanadaEnergyLtd.,공공기관 자회사
495,KNOCEaglefordCorp.,공공기관 자회사
496,KNOCKazB.V.,공공기관 자회사
497,KNOCNigerianEastOilCompanyLtd.,공공기관 자회사
498,KNOCNigerianWestOilCompanyLtd.,공공기관 자회사
499,KNOCSumatraLtd.,공공기관 자회사
500,KNOCTradingSingapore.Pte.Ltd,공공기관 자회사
501,KNOCYemenLtd.,공공기관 자회사
502,KOAKPowerLimited,공공기관 자회사
503,KOBCCONTAINERLEASINGNO. 1LIMITED,공공기관 자회사
504,KOBCCONTAINERLEASINGNO. 2LIMITED,공공기관 자회사
505,KOBCCONTAINERLEASINGNO. 3LIMITED,공공기관 자회사
506,KOBCUSALLC,공공기관 자회사
507,"KOENBylongPty., Ltd.",공공기관 자회사
508,KOFPI.PARAGUAY.S.A,공공기관 자회사
509,KOGAMEXInvestmentManzanilloB.V.,공공기관 자회사
510,KOGASAkkasB.V.,공공기관 자회사
511,KOGASAustraliaPty. Ltd.,공공기관 자회사
512,KOGASBadraB.V.,공공기관 자회사
513,KOGASCanadaEnergyLtd.,공공기관 자회사
514,KOGASCyprusLtd.,공공기관 자회사
515,KOGASInternationalPte. Ltd.,공공기관 자회사
516,KOGASIraqB.V.,공공기관 자회사
517,KOGASMansuriyaB.V.,공공기관 자회사
518,KOGASMozambiqueLda.,공공기관 자회사
519,KOGASPreludePty. Ltd.,공공기관 자회사
520,KOLATSpA,공공기관 자회사
521,"KOMEX-GAS, S. deR. L. deC.V.(주3)",공공기관 자회사
522,KOMIPOAmericaInc.,공공기관 자회사
523,KOMIPOAustraliaPtyLtd.,공공기관 자회사
524,KOMIPOBylongPtyLtd,공공기관 자회사
525,KOMIPOEuropeB.V.,공공기관 자회사
526,KOMIPOGlobalPteLtd.,공공기관 자회사
527,KOMIPOVanPhongPowerServiceLLC,공공기관 자회사
528,KORESCANADACorp.,공공기관 자회사
529,"KOSEPAustraliaPty.,Ltd.",공공기관 자회사
530,"KOSPOAustraliaPty., Ltd.",공공기관 자회사
531,"KOSPOBylongPty., Ltd.",공공기관 자회사
532,KOSPOChileSpA,공공기관 자회사
533,KOSPOJORDANL.L.C.,공공기관 자회사
534,KOSPOUSAInc.,공공기관 자회사
535,"KOWEPOAustraliaPty.,Ltd.",공공기관 자회사
536,"KOWEPOBylongPty.,Ltd",공공기관 자회사
537,KOWEPOEuropeB.V.,공공기관 자회사
538,KOWEPOHoldingLimited,공공기관 자회사
539,KOWEPOInternationalCorporation,공공기관 자회사
540,KOWEPOLaoInternational,공공기관 자회사
541,KRCThailand. Co.Ltd,공공기관 자회사
542,"KTLChinaCo.,Ltd",공공기관 자회사
543,KVICASIAPTELTD,공공기관 자회사
544,KVICSILICONVALLEYInc,공공기관 자회사
545,KoFC-BKPioneerChamp2010-13호투자조합,공공기관 자회사
546,KoFC-KVIC일자리창출펀드2호,공공기관 자회사
547,KoreaRasLaffanLNGLtd.(주1),공공기관 자회사
548,KoreanBoleoCorp,공공기관 자회사
549,KoresAustraliaPtyLtd,공공기관 자회사
550,"LHPRIMORYE, LLC",공공기관 자회사
551,LSGHydroPowerLtd.,공공기관 자회사
552,MiraPowerLimited,공공기관 자회사
553,"NepalWater&EnergyDevelopmentCompanyPty.,Ltd.",공공기관 자회사
554,PT. EWPIndonesia,공공기관 자회사
555,PT. KOMIPOEnergyIndonesia,공공기관 자회사
556,PT. KOMIPOPembangkitanJawaBali,공공기관 자회사
557,PT. MitraIncheonIndonesia,공공기관 자회사
558,PT. koreaEnergyIndonesia,공공기관 자회사
559,PTHasangOperationandMaintenance,공공기관 자회사
560,PTKDBTIFAFINANCETBK,공공기관 자회사
561,PTKarianWaterServices,공공기관 자회사
562,PatrindO&M(Private)Limited,공공기관 자회사
563,RESTechnologyAD,공공기관 자회사
564,SLI소재부품투자펀드2014-1호,공공기관 자회사
565,TinaHydropowerLimited,공공기관 자회사
566,㈜ 경기리츠공공임대제1호위탁관리부동산투자회사,공공기관 자회사
567,㈜ 엔에이치에프제16호공공임대위탁관리부동산투자회사,공공기관 자회사
568,㈜ 코엔서비스,공공기관 자회사
569,㈜IBK벤처투자,공공기관 자회사
570,㈜IBK서비스,공공기관 자회사
571,㈜IBK시스템,공공기관 자회사
572,㈜IBK저축은행,공공기관 자회사
573,㈜IBK캐피탈,공공기관 자회사
574,㈜국민행복주택제1호위탁관리부동산투자회사,공공기관 자회사
575,㈜국민행복주택제2호위탁관리부동산투자회사,공공기관 자회사
576,㈜뉴스테이허브제1호위탁관리부동산투자회사,공공기관 자회사
577,㈜뉴스테이허브제2호위탁관리부동산투자회사,공공기관 자회사
578,㈜뉴스테이허브제3호위탁관리부동산투자회사,공공기관 자회사
579,㈜대한제1호뉴스테이위탁관리부동산투자회사,공공기관 자회사
580,㈜동탄2대우코크렙뉴스테이기업형임대위탁관리부동산투자회사,공공기관 자회사
581,㈜민간임대허브제4호위탁관리부동산투자회사,공공기관 자회사
582,㈜민간임대허브제5호위탁관리부동산투자회사,공공기관 자회사
583,㈜민간임대허브제6호위탁관리부동산투자회사,공공기관 자회사
584,㈜민간임대허브제7호위탁관리부동산투자회사,공공기관 자회사
585,㈜민간임대허브제8호위탁관리부동산투자회사,공공기관 자회사
586,㈜서울리츠임대주택제1호위탁관리부동산투자회사,공공기관 자회사
587,㈜서울사회주택토지지원위탁관리부동산투자회사,공공기관 자회사
588,㈜에스이그린에너지,공공기관 자회사
589,㈜에이치엘제2호위탁관리부동산투자회사,공공기관 자회사
590,㈜에이치엘제5호위탁관리부동산투자회사,공공기관 자회사
591,㈜에이팸,공공기관 자회사
592,㈜엔에이치에프제10호공공임대위탁관리부동산투자회사,공공기관 자회사
593,㈜엔에이치에프제11호공공임대위탁관리부동산투자회사,공공기관 자회사
594,㈜엔에이치에프제12호공공임대위탁관리부동산투자회사,공공기관 자회사
595,㈜엔에이치에프제13호공공임대위탁관리부동산투자회사,공공기관 자회사
596,㈜엔에이치에프제14호공공임대위탁관리부동산투자회사,공공기관 자회사
597,㈜엔에이치에프제15호공공임대위탁관리부동산투자회사,공공기관 자회사
598,㈜엔에이치에프제1호공공임대위탁관리부동산투자회사,공공기관 자회사
599,㈜엔에이치에프제2호공공임대위탁관리부동산투자회사,공공기관 자회사
600,㈜엔에이치에프제3호공공임대위탁관리부동산투자회사,공공기관 자회사
601,㈜엔에이치에프제4호공공임대위탁관리부동산투자회사,공공기관 자회사
602,㈜엔에이치에프제5호공공임대위탁관리부동산투자회사,공공기관 자회사
603,㈜엔에이치에프제6호공공임대위탁관리부동산투자회사,공공기관 자회사
604,㈜엔에이치에프제7호공공임대위탁관리부동산투자회사,공공기관 자회사
605,㈜엔에이치에프제8호공공임대위탁관리부동산투자회사,공공기관 자회사
606,㈜엔에이치에프제9호공공임대위탁관리부동산투자회사,공공기관 자회사
607,㈜예미지뉴스테이기업형임대위탁관리부동산투자회사,공공기관 자회사
608,㈜우리천안두정위탁관리부동산투자회사,공공기관 자회사
609,㈜위례뉴스테이기업형임대위탁관리부동산투자회사,공공기관 자회사
610,㈜인천도화공공임대위탁관리부동산투자회사,공공기관 자회사
611,㈜인천도화뉴스테이기업형임대위탁관리부동산투자회사,공공기관 자회사
612,㈜인천도화위탁관리부동산투자회사,공공기관 자회사
613,㈜조흥포장,공공기관 자회사
614,㈜청년희망임대주택위탁관리부동산투자회사,공공기관 자회사
615,㈜캠코씨에스,공공기관 자회사
616,㈜캠코에프엠씨,공공기관 자회사
617,㈜케이솔라신안,공공기관 자회사
618,㈜케이원제16호분당위탁관리부동산투자회사,공공기관 자회사
619,㈜코시트,공공기관 자회사
620,㈜콤스코시큐리티,공공기관 자회사
621,㈜콤스코투게더,공공기관 자회사
622,㈜토지지원리츠제2호위탁관리부동산투자회사,공공기관 자회사
623,㈜페타미디어,공공기관 자회사
624,㈜펨코제7호민간임대주택위탁관리부동산투자회사,공공기관 자회사
625,㈜하나스테이제1호위탁관리부동산투자회사,공공기관 자회사
626,㈜하나트러스트제8호위탁관리부동산투자회사,공공기관 자회사
627,㈜해피투게더스테이제1호위탁관리부동산투자회사,공공기관 자회사
628,강릉영동대학교행복기숙사유한회사,공공기관 자회사
629,경기그린에너지㈜,공공기관 자회사
630,경기산업(주),공공기관 자회사
631,경북글로벌교류센터유한회사,공공기관 자회사
632,경인여자대학교행복기숙사유한회사,공공기관 자회사
633,경주풍력발전(주),공공기관 자회사
634,경희대학교국제캠퍼스학생기숙사유한회사,공공기관 자회사
635,경희대학교서울캠퍼스행복기숙사유한회사,공공기관 자회사
636,고속도로태양광발전㈜,공공기관 자회사
637,고신대학교행복기숙사유한회사,공공기관 자회사
638,광운대학교행복기숙사유한회사,공공기관 자회사
639,국제28호선박투자회사,공공기관 자회사
640,국제34호선박투자회사,공공기관 자회사
641,국제35호선박투자회사,공공기관 자회사
642,국제37호선박투자회사,공공기관 자회사
643,국제41호선박투자회사,공공기관 자회사
644,국제43호선박투자회사,공공기관 자회사
645,국제44호선박투자회사,공공기관 자회사
646,국제45호선박투자회사,공공기관 자회사
647,국제46호선박투자회사,공공기관 자회사
648,국제47호선박투자회사,공공기관 자회사
649,국제49호선박투자회사,공공기관 자회사
650,국제통신(주),공공기관 자회사
651,그린이니셔티브2호사모투자합자회사,공공기관 자회사
652,극동대학교행복기숙사유한회사,공공기관 자회사
653,기술금융제일호사모투자전문회사,공공기관 자회사
654,기업구조혁신사모투자합자회사4호,공공기관 자회사
655,기업구조혁신재정사모투자합자회사5호,공공기관 자회사
656,기업구조혁신재정사모투자합자회사6호,공공기관 자회사
657,기업구조혁신정책사모투자합자회사5호,공공기관 자회사
658,기업구조혁신정책사모투자합자회사6호,공공기관 자회사
659,기업유동성지원기구,공공기관 자회사
660,기업은행(중국)유한공사,공공기관 자회사
661,김포공항및주변지역개발사업주식회사,공공기관 자회사
662,나사렛대학교행복기숙사유한회사,공공기관 자회사
663,남부공항서비스주식회사,공공기관 자회사
664,노앤자원순환제1호사모투자합자회사,공공기관 자회사
665,단국대학교행복기숙사유한회사,공공기관 자회사
666,대경대학교행복기숙사유한회사,공공기관 자회사
667,대구한의대학교행복기숙사유한회사,공공기관 자회사
668,대전보건대학교행복기숙사유한회사,공공기관 자회사
669,대진대학교행복기숙사유한회사,공공기관 자회사
670,도로교통안전관리주식회사,공공기관 자회사
671,동남보건대학교행복기숙사유한회사,공공기관 자회사
672,동해부유식해상풍력발전㈜,공공기관 자회사
673,드림비전스(주),공공기관 자회사
674,디지털혁신성장펀드,공공기관 자회사
675,베스람코리아(주),공공기관 자회사
676,베이징KIDP산업디자인서비스유한공사,공공기관 자회사
677,부산울산고속도로,공공기관 자회사
678,북경한능환보기술자문유한공사,공공기관 자회사
679,브랜드케이청년창조기술금융사모투자합자회사,공공기관 자회사
680,블루오션기업재무안정제1호사모투자전문회사합자회사,공공기관 자회사
681,비전소재부품장비벤처투자조합제1호((주)리비콘에대한투자),공공기관 자회사
682,산은비즈(주),공공기관 자회사
683,산은인베스트먼트(주),공공기관 자회사
684,산은인프라자산운용(주),공공기관 자회사
685,산은캐피탈(주),공공기관 자회사
686,상명대학교행복기숙사유한회사,공공기관 자회사
687,상지대학교행복기숙사유한회사,공공기관 자회사
688,"서부발전창기태양광(주)(구,삼양태양광(주))",공공기관 자회사
689,서영대학교행복기숙사유한회사,공공기관 자회사
690,서울보증보험(주),공공기관 자회사
691,성공회대학교행복기숙사유한회사,공공기관 자회사
692,성민산업(주),공공기관 자회사
693,세종대학교행복기숙사유한회사,공공기관 자회사
694,송원대학교행복기숙사유한회사,공공기관 자회사
695,수성대학교행복기숙사유한회사,공공기관 자회사
696,수은베트남리스금융회사,공공기관 자회사
697,수은싱가포르,공공기관 자회사
698,수은아주금융유한공사,공공기관 자회사
699,수은영국은행,공공기관 자회사
700,수은인니금융,공공기관 자회사
701,수은플러스(주),공공기관 자회사
702,스마일게이트소재부품투자펀드2014-3호,공공기관 자회사
703,스타트업코리아IBKVC-FP2024펀드,공공기관 자회사
704,스타트업코리아IBKVC-코오롱2024펀드,공공기관 자회사
705,시큐텍㈜,공공기관 자회사
706,신보글로벌2024제2차유동화전문회사(유),공공기관 자회사
707,신보운영관리(주),공공기관 자회사
708,신한대학교의정부캠퍼스행복기숙사유한회사,공공기관 자회사
709,아리랑TV미디어,공공기관 자회사
710,아세안바이오메디컬투자조합,공공기관 자회사
711,아이비케이금융그룹창공1호투자조합,공공기관 자회사
712,아이비케이비엔더블유기술금융2018사모투자합자회사,공공기관 자회사
713,아이비케이비엔더블유산업경쟁력성장지원사모투자합자회사,공공기관 자회사
714,아이비케이스톤브릿지뉴딜이에스지유니콘사모투자합자회사,공공기관 자회사
715,아이비케이스톤브릿지혁신성장사모투자합자회사,공공기관 자회사
716,아이비케이에스중소기업도약사모투자합자회사,공공기관 자회사
717,아이비케이엘엑스지스케일업수출지원사모투자합자회사,공공기관 자회사
718,아이비케이케이아이피성장디딤돌제1호사모투자합자회사,공공기관 자회사
719,아이비케이키움사업재편사모투자합자회사,공공기관 자회사
720,아이비케이키움중소중견점프업사모투자합자회사,공공기관 자회사
721,아이비케이티에스엑시트제2호사모투자합자회사,공공기관 자회사
722,아이비케이포스코트루벤기업재무안정사모투자전문회사,공공기관 자회사
723,아이비케이한국투자성장사다리사모투자합자회사,공공기관 자회사
724,아주대학교행복기숙사유한회사,공공기관 자회사
725,알바트로스퓨처코리아투자조합,공공기관 자회사
726,알이비파트너스주식회사,공공기관 자회사
727,앨리스-하나에스앤비소부장신기술투자조합,공공기관 자회사
728,양구수상태양광(주),공공기관 자회사
729,에너지혁신성장펀드1호,공공기관 자회사
730,에듀이십일건국대기숙사유한회사,공공기관 자회사
731,에스비케이엘지엘사모투자합자회사,공공기관 자회사
732,에스비케이와스카사모투자합자회사,공공기관 자회사
733,에스엠푸드(주),공공기관 자회사
734,에이치에프파트너스주식회사,공공기관 자회사
735,에이플(주),공공기관 자회사
736,엔베스터창해유주사모투자합자회사,공공기관 자회사
737,엔에스엘이디(주),공공기관 자회사
738,엔에이치엘비그로쓰챔프2011의4호사모투자전문회사합자회사,공공기관 자회사
739,엘에이치주거복지정보(주),공공기관 자회사
740,엘엑스파트너스(주),공공기관 자회사
741,엠티솔루션경서판매(주),공공기관 자회사
742,여수광양항만관리(주),공공기관 자회사
743,여수엑스포관리(주),공공기관 자회사
744,영남이공대학교행복기숙사유한회사,공공기관 자회사
745,영덕해맞이풍력(주),공공기관 자회사
746,예별손해보험(주),공공기관 자회사
747,오기리태양광발전㈜,공공기관 자회사
748,온기업1호기업재무안정사모투자합자회사,공공기관 자회사
749,와이제이에이중소중견기업엠앤에이사모투자합자회사,공공기관 자회사
750,용인대학교행복기숙사유한회사,공공기관 자회사
751,우리전선(주),공공기관 자회사
752,울산항만관리(주),공공기관 자회사
753,원광보건대학교행복기숙사유한회사,공공기관 자회사
754,원익그로쓰챔프2011의3호사모투자전문회사합자회사,공공기관 자회사
755,원전산업성장펀드,공공기관 자회사
756,웨일제1호중소중견기업엠앤에이사모투자합자회사,공공기관 자회사
757,유안타세컨더리2호펀드,공공기관 자회사
758,이더블유피서비스(주),공공기관 자회사
759,이에이에스제오차유동화전문유한회사,공공기관 자회사
760,이지케어텍,공공기관 자회사
761,이지케어텍(주),공공기관 자회사
762,익산글로벌교류센터유한회사,공공기관 자회사
763,인비전사모투자합자회사,공공기관 자회사
764,인천공항시설관리(주),공공기관 자회사
765,인천공항에너지(주),공공기관 자회사
766,인천공항운영서비스(주),공공기관 자회사
767,인천국제공항보안(주),공공기관 자회사
768,인천연료전지㈜,공공기관 자회사
769,인천항보안공사,공공기관 자회사
770,인하대학교행복기숙사유한회사,공공기관 자회사
771,일품푸드(주),공공기관 자회사
772,임하수상태양광(주),공공기관 자회사
773,전주비전대학교행복기숙사유한회사,공공기관 자회사
774,정암풍력발전(주),공공기관 자회사
775,제이디씨예래리조트(주),공공기관 자회사
776,제이디씨파트너스(주),공공기관 자회사
777,제주관광대학교행복기숙사유한회사,공공기관 자회사
778,주식회사 메디밸리파트너스,공공기관 자회사
779,주식회사 신아에스비(SLS조선),공공기관 자회사
780,주식회사 에버조이,공공기관 자회사
781,주식회사 에이디디보안환경관리단,공공기관 자회사
782,주식회사 에이디디시설관리단,공공기관 자회사
783,주택도시보증공사(주택도시기금),공공기관 자회사
784,중부발전서비스㈜,공공기관 자회사
785,중진공파트너스(주),공공기관 자회사
786,지성에스이(주),공공기관 자회사
787,지엠에프구호선박투자회사,공공기관 자회사
788,지엠에프비비씨이호선박투자회사,공공기관 자회사
789,지엠에프비비씨일호선박투자회사,공공기관 자회사
790,지엠에프삼호선박투자회사,공공기관 자회사
791,지엠에프십구호선박투자회사,공공기관 자회사
792,지엠에프십사호선박투자회사,공공기관 자회사
793,지엠에프십삼호선박투자회사,공공기관 자회사
794,지엠에프십오호선박투자회사,공공기관 자회사
795,지엠에프십육호선박투자회사,공공기관 자회사
796,지엠에프십이호선박투자회사,공공기관 자회사
797,지엠에프십일호선박투자회사,공공기관 자회사
798,지엠에프십칠호선박투자회사,공공기관 자회사
799,지엠에프십팔호선박투자회사,공공기관 자회사
800,지엠에프십호선박투자회사,공공기관 자회사
801,지엠에프육호선박투자회사,공공기관 자회사
802,지엠에프이십사호선박투자회사,공공기관 자회사
803,지엠에프이십삼호선박투자회사,공공기관 자회사
804,지엠에프이십육호선박투자회사,공공기관 자회사
805,지엠에프이십이호선박투자회사,공공기관 자회사
806,지엠에프이십일호선박투자회사,공공기관 자회사
807,지엠에프이십칠호선박투자회사,공공기관 자회사
808,지엠에프이십호선박투자회사,공공기관 자회사
809,지엠에프이호선박투자회사,공공기관 자회사
810,지엠에프일호선박투자회사,공공기관 자회사
811,지엠에프칠호선박투자회사,공공기관 자회사
812,지역난방안전(주),공공기관 자회사
813,지역난방플러스(주),공공기관 자회사
814,지케이엘위드주식회사,공공기관 자회사
815,찬우축산(주),공공기관 자회사
816,창죽풍력발전(주),공공기관 자회사
817,충북보건과학대학교행복기숙사유한회사,공공기관 자회사
818,충청권글로벌기술투자조합,공공기관 자회사
819,칭다오aT물류유한공사,공공기관 자회사
820,캠코기업지원금융㈜,공공기관 자회사
821,캠코동산금융지원㈜,공공기관 자회사
822,캠코선박운용㈜,공공기관 자회사
823,케이디비대성-HGI그린임팩트투자조합,공공기관 자회사
824,케이디비생명보험(주),공공기관 자회사
825,케이디비아시아사모투자합자회사,공공기관 자회사
826,케이디비아이에이피일대일로사모투자합자회사,공공기관 자회사
827,케이디비아이하나사업재편밸류업사모투자합자회사,공공기관 자회사
828,케이디비중소중견메자닌사모투자합자회사,공공기관 자회사
829,케이디비칸서스밸류사모투자전문회사,공공기관 자회사
830,케이디비케이엘중소중견밸류업제2호사모투자(자),공공기관 자회사
831,케이바이오스타트,공공기관 자회사
832,케이씨엘엔지테크(주),공공기관 자회사
833,케이앤에프파트너스(주),공공기관 자회사
834,케이에스에프10호선박투자회사,공공기관 자회사
835,케이에스에프11호선박투자회사,공공기관 자회사
836,케이에스에프12호선박투자회사,공공기관 자회사
837,케이에스에프17호선박투자회사,공공기관 자회사
838,케이에스에프19호선박투자회사,공공기관 자회사
839,케이에스에프1호선박투자회사,공공기관 자회사
840,케이에스에프20호선박투자회사,공공기관 자회사
841,케이에스에프22호선박투자회사,공공기관 자회사
842,케이에스에프23호선박투자회사,공공기관 자회사
843,케이에스에프24호선박투자회사,공공기관 자회사
844,케이에스에프26호선박투자회사,공공기관 자회사
845,케이에스에프27호선박투자회사,공공기관 자회사
846,케이에스에프28호선박투자회사,공공기관 자회사
847,케이에스에프29호선박투자회사,공공기관 자회사
848,케이에스에프2호선박투자회사,공공기관 자회사
849,케이에스에프30호선박투자회사,공공기관 자회사
850,케이에스에프31호선박투자회사,공공기관 자회사
851,케이에스에프32호선박투자회사,공공기관 자회사
852,케이에스에프33호선박투자회사,공공기관 자회사
853,케이에스에프34호선박투자회사,공공기관 자회사
854,케이에스에프35호선박투자회사,공공기관 자회사
855,케이에스에프36호선박투자회사,공공기관 자회사
856,케이에스에프37호선박투자회사,공공기관 자회사
857,케이에스에프38호선박투자회사,공공기관 자회사
858,케이에스에프39호선박투자회사,공공기관 자회사
859,케이에스에프40호선박투자회사,공공기관 자회사
860,케이에스에프41호선박투자회사,공공기관 자회사
861,케이에스에프42호선박투자회사,공공기관 자회사
862,케이에스에프43호선박투자회사,공공기관 자회사
863,케이에스에프8호선박투자회사,공공기관 자회사
864,케이에이씨공항서비스주식회사,공공기관 자회사
865,케이엔오씨서비스(주),공공기관 자회사
866,케이워터기술(주),공공기관 자회사
867,케이워터운영관리(주),공공기관 자회사
868,케이티오파트너스(주),공공기관 자회사
869,케이피에스파트너스㈜,공공기관 자회사
870,케이피엑스서비스원주식회사,공공기관 자회사
871,코가스보안관리(주)(주6),공공기관 자회사
872,코가스서비스얼라이언스(주)(주6),공공기관 자회사
873,코레일관광개발㈜,공공기관 자회사
874,코레일네트웍스㈜,공공기관 자회사
875,코레일로지스㈜,공공기관 자회사
876,코레일유통㈜,공공기관 자회사
877,코레일테크㈜,공공기관 자회사
878,코리아메디컬홀딩스,공공기관 자회사
879,코리아에너지터미널(주),공공기관 자회사
880,코미르엠지엘유한회사,공공기관 자회사
881,코바코파트너스주식회사,공공기관 자회사
882,코셉머티리얼㈜,공공기관 자회사
883,코스포서비스(주),공공기관 자회사
884,코스포영남파워(주),공공기관 자회사
885,코엔바이오㈜,공공기관 자회사
886,코웨포서비스(주),공공기관 자회사
887,키와파트너스㈜,공공기관 자회사
888,탐라해상풍력발전㈜,공공기관 자회사
889,태권도원운영관리(주),공공기관 자회사
890,티피에스주식회사,공공기관 자회사
891,파주에코에너지(주),공공기관 자회사
892,퍼스트키퍼스㈜,공공기관 자회사
893,페트라6의1호사모투자합자회사,공공기관 자회사
894,플래티넘-유망산업펀드,공공기관 자회사
895,피씨씨-베일리프로젝트투자조합,공공기관 자회사
896,하나제삼호사모투자합자회사,공공기관 자회사
897,한강해나눔서부발전에너지전문투자형사모특별자산투자신탁(해나눔에너지펀드),공공기관 자회사
898,한국고벨(주),공공기관 자회사
899,한국공항보안주식회사,공공기관 자회사
900,한국교육투융자회사(주),공공기관 자회사
901,한국국제대학교행복기숙사유한회사,공공기관 자회사
902,한국도로공사서비스,공공기관 자회사
903,한국도로공사시설관리,공공기관 자회사
904,한국마사회시설관리(주),공공기관 자회사
905,한국모태펀드(스포츠계정),공공기관 자회사
906,한국문화진흥(주),공공기관 자회사
907,한국비티엘일호투융자회사,공공기관 자회사
908,한국사학진흥재단행복기숙사유한회사,공공기관 자회사
909,한국선박글로벌1호선박투자회사,공공기관 자회사
910,한국선박글로벌2호선박투자회사,공공기관 자회사
911,한국선박글로벌4호선박투자회사,공공기관 자회사
912,한국엘엔지벙커링주식회사,공공기관 자회사
913,한국잡월드파트너즈(주),공공기관 자회사
914,한국지역난방기술(주),공공기관 자회사
915,한국철도일호투융자회사,공공기관 자회사
916,한국토니지102호선박투자회사,공공기관 자회사
917,한국토니지103호선박투자회사,공공기관 자회사
918,한국토니지105호선박투자회사,공공기관 자회사
919,한국토니지106호선박투자회사,공공기관 자회사
920,한국토니지107호선박투자회사,공공기관 자회사
921,한국토니지108호선박투자회사,공공기관 자회사
922,한국토니지109호선박투자회사,공공기관 자회사
923,한국토니지110호선박투자회사,공공기관 자회사
924,한국토니지111호선박투자회사,공공기관 자회사
925,한국토니지112호선박투자회사,공공기관 자회사
926,한국토니지113호선박투자회사,공공기관 자회사
927,한국토니지114호선박투자회사,공공기관 자회사
928,한국토니지115호선박투자회사,공공기관 자회사
929,한국토니지116호선박투자회사,공공기관 자회사
930,한국토니지117호선박투자회사,공공기관 자회사
931,한국토니지118호선박투자회사,공공기관 자회사
932,한국토니지119호선박투자회사,공공기관 자회사
933,한국토니지120호선박투자회사,공공기관 자회사
934,한국토니지14호선박투자회사,공공기관 자회사
935,한국토니지30호선박투자회사,공공기관 자회사
936,한국토니지31호선박투자회사,공공기관 자회사
937,한국토니지32호선박투자회사,공공기관 자회사
938,한국토니지33호선박투자회사,공공기관 자회사
939,한국토니지34호선박투자회사,공공기관 자회사
940,한국토니지35호선박투자회사,공공기관 자회사
941,한국토니지46호선박투자회사,공공기관 자회사
942,한국토니지47호선박투자회사,공공기관 자회사
943,한국토니지55호선박투자회사,공공기관 자회사
944,한국토니지57호선박투자회사,공공기관 자회사
945,한국토니지62호선박투자회사,공공기관 자회사
946,한국토니지65호선박투자회사,공공기관 자회사
947,한국토니지68호선박투자회사,공공기관 자회사
948,한국토니지69호선박투자회사,공공기관 자회사
949,한국토니지75호선박투자회사,공공기관 자회사
950,한국토니지76호선박투자회사,공공기관 자회사
951,한국토니지77호선박투자회사,공공기관 자회사
952,한국토니지78호선박투자회사,공공기관 자회사
953,한국토니지79호선박투자회사,공공기관 자회사
954,한국토니지81호선박투자회사,공공기관 자회사
955,한국토니지82호선박투자회사,공공기관 자회사
956,한국토니지83호선박투자회사,공공기관 자회사
957,한국토니지88호선박투자회사,공공기관 자회사
958,한국토니지89호선박투자회사,공공기관 자회사
959,한국토니지90호선박투자회사,공공기관 자회사
960,한국토니지91호선박투자회사,공공기관 자회사
961,한국토니지92호선박투자회사,공공기관 자회사
962,한국토니지93호선박투자회사,공공기관 자회사
963,한국토니지94호선박투자회사,공공기관 자회사
964,한국토니지신조10호선박투자회사,공공기관 자회사
965,한국토니지신조7호선박투자회사,공공기관 자회사
966,한국토니지신조8호선박투자회사,공공기관 자회사
967,한국토니지신조9호선박투자회사,공공기관 자회사
968,한국토지주택공사(주택도시기금),공공기관 자회사
969,한국해양11호선박투자회사,공공기관 자회사
970,한국해양12호선박투자회사,공공기관 자회사
971,한국해양14호선박투자회사,공공기관 자회사
972,한국해양16호선박투자회사,공공기관 자회사
973,한국해양20호선박투자회사,공공기관 자회사
974,한국해양30호선박투자회사,공공기관 자회사
975,한국해양31호선박투자회사,공공기관 자회사
976,한국해양34호선박투자회사,공공기관 자회사
977,한국해양35호선박투자회사,공공기관 자회사
978,한국해양36호선박투자회사,공공기관 자회사
979,한국해양38호선박투자회사,공공기관 자회사
980,한국해양40호선박투자회사,공공기관 자회사
981,한국해양41호선박투자회사,공공기관 자회사
982,한국해양진흥1호선박투자회사,공공기관 자회사
983,한국해양진흥2호선박투자회사,공공기관 자회사
984,한국해양진흥3호선박투자회사,공공기관 자회사
985,한누리(주),공공기관 자회사
986,한동대학교행복기숙사유한회사,공공기관 자회사
987,한별철강(주),공공기관 자회사
988,한성대학교행복기숙사유한회사,공공기관 자회사
989,한양대학교행복기숙사유한회사,공공기관 자회사
990,한유원파트너스(주),공공기관 자회사
991,한전기술서비스(주),공공기관 자회사
992,합천수상태양광(주),공공기관 자회사
993,합천수상태양광이차(주),공공기관 자회사
994,해양신조1호선박투자회사,공공기관 자회사
995,해양신조2호선박투자회사,공공기관 자회사
996,허니팟HGI뉴투자조합,공공기관 자회사
997,헬리오스테이아벤처투자조합제1호,공공기관 자회사
998,호서대학교행복기숙사유한회사,공공기관 자회사
999,호주그린에너지제1호사모투자합자회사,공공기관 자회사
1000,(CTH)시티에치방송국,언론사
1001,(UNNEWS)유엔뉴스 (유엔뉴스(주)),언론사
1002,(地域社會)지역사회,언론사
1003,(건강가이드) Checkup U (사단법인 대한종합건강관리학회),언론사
1004,(사)대한안전일보 (주식회사 대한안전일보),언론사
1005,(사)보건복지환경신문,언론사
1006,(사)사상기업발전협의회 (사단법인 사상기업발전협의회),언론사
1007,(사)전국고용서비스협회보,언론사
1008,(사)한국신체장애인복지회회보,언론사
1009,(사)한국아나운서클럽회보 ((사)한국아나운서클럽),언론사
1010,(연2회간) CCC월드매거진,언론사
1011,(월간) 청춘,언론사
1012,(월간) 환경과봉사,언론사
1013,(월간)복지경제 ((주)희망이음),언론사
1014,(월간)사랑실천,언론사
1015,(주) 다산신문 ((주) 다산신문),언론사
1016,(주) 비주얼다이브 ((주)비주얼다이브),언론사
1017,(주) 주신 대한검경일보,언론사
1018,(주)BM교육그룹 (주식회사 비엠코퍼레이션(강서지점)),언론사
1019,(주)건강가이드 ((주)건강가이드),언론사
1020,(주)경기사랑케이팝 (주식회사 땅콩치킨),언론사
1021,(주)경북브리핑뉴스 ((주)경북브리핑뉴스),언론사
1022,(주)고령신문 ((주)고령신문),언론사
1023,(주)골프조선 (주식회사 골프조선),언론사
1024,(주)국제뉴스,언론사
1025,(주)내포투데이 ((주)내포투데이),언론사
1026,(주)뉴스 인 호남 ((주)뉴스 인 호남),언론사
1027,(주)뉴스투데이 ((주)뉴스투데이코퍼레이션),언론사
1028,(주)뉴스핌 (주식회사 뉴스핌),언론사
1029,(주)데일리강화 (주식회사 데일리강화),언론사
1030,(주)동대문신문사 ((주)동대문신문사),언론사
1031,(주)디에스컨설팅_디에스비즈뉴스 ((주)디에스컨설팅_디에스비즈뉴스),언론사
1032,(주)보령인터넷뉴스 ((주)보령인터넷뉴스),언론사
1033,(주)복지환경신문,언론사
1034,(주)브랜드경제신문 ((주)브랜드플레이스),언론사
1035,(주)빅프로그(big frog) ((주)빅프로그(big frog)),언론사
1036,(주)빌보드코리아미디어,언론사
1037,(주)세계환경신문,언론사
1038,(주)소프트하우스,언론사
1039,(주)수도권 의양신문 (주식회사 수도권의양신문),언론사
1040,(주)승진투어 가이드북,언론사
1041,(주)신앙계 (주식회사 신앙계),언론사
1042,(주)신영프린팅 ((주)신영프린팅),언론사
1043,(주)안경원라이프 (주식회사 안경원라이프),언론사
1044,(주)양평저널 (주식회사 양평저널),언론사
1045,(주)위크저널 ((주)위크저널),언론사
1046,(주)이슈제주 (주식회사 이슈제주),언론사
1047,(주)이통장연합뉴스(회보) ((주)이통장연합뉴스),언론사
1048,(주)충주신문 (주식회사 충주신문),언론사
1049,(주)충청리뷰사 (주식회사 충청리뷰사),언론사
1050,(주)충청연합방송 ((주)충청연합방송),언론사
1051,(주)친환경뉴스 ((주)친환경뉴스),언론사
1052,(주)학생신문 (주식회사 학생신문),언론사
1053,(주)한국경찰일보 월간 한경프라이드,언론사
1054,(주)한국대리운전신문 (주식회사 케이엔피디(KNPD)),언론사
1055,(주)함양산청투데이 (박철),언론사
1056,(주)화순일보,언론사
1057,",새군산신문 (새군산신문 주식회사)",언론사
1058,0211필라테스 개봉점 매거진,언론사
1059,"032LIFE 구인,구직 (주식회사 인천광장)",언론사
1060,032LIFE 금융 (주식회사 인천광장),언론사
1061,032LIFE 자동차 (주식회사 인천광장),언론사
1062,0859 (주식회사 헤럴드이코노미미디어그룹),언론사
1063,1.5도씨 (주식회사 볼드피리어드),언론사
1064,1/N(엔분의일) (주식회사 살림출판사),언론사
1065,100세 시대 (사회복지법인 동곡사회복지재단),언론사
1066,100세뉴스,언론사
1067,100일간의 필라테스저널,언론사
1068,100일간의 필라테스타임즈,언론사
1069,101(일공일),언론사
1070,10M(텐엠)뉴스 (주식회사 씨에스커머스),언론사
1071,119매거진,언론사
1072,119매거진닷컴,언론사
1073,119안전뉴스 (주식회사 소방안전신문사),언론사
1074,119플러스 ((주)소방방재신문사),언론사
1075,11news (주식회사 이미지글로브),언론사
1076,1340 ((주)강원랜드),언론사
1077,153news,언론사
1078,153경기다문화신문,언론사
1079,1879매거진 (강남와인스쿨(주)),언론사
1080,1986 가양뉴스 (주식회사 1986피트니스헬스피티24시가양점),언론사
1081,1986 무악재뉴스 (주식회사 1986필라테스무악재점),언론사
1082,1991 ((주)좋은생각사람들),언론사
1083,1st신문 (주식회사 지맥스),언론사
1084,1등학원연합신문 ((주)씨큐랜드),언론사
1085,1분공시 (주주경제신문 주식회사),언론사
1086,1분뉴스,언론사
1087,1인기업 연합신문,언론사
1088,1코노미 뉴스,언론사
1089,1프로뉴스,언론사
1090,"2,000원으로 밥상 차리기",언론사
1091,2023 추천도서목록 ((주)학교도서관저널),언론사
1092,2023-0811,언론사
1093,21 은평 NEWS,언론사
1094,21C 경찰신문,언론사
1095,21C 영성의 세계,언론사
1096,21문학시대,언론사
1097,21세기 교육,언론사
1098,21세기 대학뉴스,언론사
1099,21세기 미술교육 (그린키드교육(주)),언론사
1100,21세기 민족일보,언론사
1101,21세기 부여신문 (21세기 신문 주식회사),언론사
1102,21세기복지뉴스,언론사
1103,21세기의병대신문,언론사
1104,21통일문학,언론사
1105,25's 슈어(25's SURE) (에이치엘엘중앙(주)),언론사
1106,25-Cast Life(이오캐스트라이프) ((주)브런치경제),언론사
1107,25뉴스(주),언론사
1108,25시 교통사고,언론사
1109,260필라뉴스,언론사
1110,2R경제포커스,언론사
1111,2박3일 (주식회사 마이닝탑세일),언론사
1112,3+창업투데이 ((주)삼가에프씨컨설팅),언론사
1113,365매거진,언론사
1114,365산업경제뉴스,언론사
1115,365투데이 ((주)제이엠),언론사
1116,365포커스,언론사
1117,3D PRINTING MAGAZINE(3D 프린팅 매거진),언론사
1118,3D Printing Korea,언론사
1119,3D Printing Times(3D 프린팅타임즈),언론사
1120,3D프린팅신문,언론사
1121,3D프린팅타임즈,언론사
1122,3일단식 3일생채식 (주식회사 자연요법일전가한국자연건강회),언론사
1123,4.19혁명광장 (사일구혁명공로자회),언론사
1124,4H Bridge,언론사
1125,4·3과 평화,언론사
1126,4월의 함성,언론사
1127,4월의활화산,언론사
1128,4차산업방송신문 ((주)에프아이비에스),언론사
1129,4차산업행정뉴스,언론사
1130,4차산업혁명과 법,언론사
1131,4통8달,언론사
1132,50+ (Fifty Plus) (아시아투데이(주)),언론사
1133,"50플러스 라이프뉴스(50+ Life News) (주식회사 팩토리후(FACTORY HOOO CO. , LTD.))",언론사
1134,59초TV (협동조합 씨커뮤니케이션),언론사
1135,5ft.magazine(오피트매거진),언론사
1136,6334(육삼삼사) (주식회사 시티미디어),언론사
1137,66100,언론사
1138,7번 국도,언론사
1139,8F (주식회사 칸투칸의정신),언론사
1140,8min (주식회사 화동율헌),언론사
1141,9000년의 민족혼을 찾다,언론사
1142,911TV (주식회사 구일일티브이),언론사
1143,99LOOKS,언론사
1144,99필라테스&요가스튜디오,언론사
1145,A style (주식회사 갤러리5),언론사
1146,A-SOME,언론사
1147,A-매거진,언론사
1148,A.D문화광장,언론사
1149,A.P.C뉴스,언론사
1150,A1부동산경매 매거진,언론사
1151,AAIGILRO,언론사
1152,ABC뉴스 (주식회사 엠엔넷),언론사
1153,ABC에어라인 (주식회사 에이비씨에어라인),언론사
1154,ACC NEWS ((사)아시아사랑나눔),언론사
1155,ACN아시아콘텐츠뉴스 ((주)화수분미디어),언론사
1156,ACTM ((주)버터플라이엔터테인먼트),언론사
1157,ADMITTO TIMES (주-파티나그룹서울),언론사
1158,AESPRO(에스프로),언론사
1159,AG HEALTH (안국건강 주식회사),언론사
1160,AGV (주식회사 아트그라비아),언론사
1161,AHWA (주식회사 에이에이치이엔엠),언론사
1162,AI Newss,언론사
1163,AI PEN (주식회사 빅힐애널리틱스),언론사
1164,AI PICK (라이프해킹(주)),언론사
1165,AI 금융 교육 뉴스 (주식회사 지아미라클),언론사
1166,AI 호남뉴스 (주식회사 뉴스채널),언론사
1167,AI9초뉴스,언론사
1168,AI:ON(에이아이온) (주식회사 서큘러스),언론사
1169,AIRLINE PILOT KOREA (주식회사 알파케이),언론사
1170,AIRPORTANT,언론사
1171,AIRSTAR Magazine (인천국제공항공사),언론사
1172,AI경제 ((주)중앙경제신문),언론사
1173,AI넷뉴스,언론사
1174,AI라이프 메이커 저널,언론사
1175,AI라이프경제 (주식회사 라이프컴퍼니),언론사
1176,AI마케팅뉴스,언론사
1177,AI부동산경제신문,언론사
1178,AI부동산뉴스,언론사
1179,AI부동산뉴스TV,언론사
1180,AI사이언스,언론사
1181,AI소상공경제 (주식회사 세종경제),언론사
1182,AI시대 (주식회사 뉴스메카),언론사
1183,AI에이전트타임즈 ((주)넥서스그룹),언론사
1184,AI윤리교육신문,언론사
1185,AI인사이트 (에이정 주식회사),언론사
1186,AI지구백과저널,언론사
1187,AI창업신문,언론사
1188,AI천안뉴스·기획사,언론사
1189,AI투데이 (주식회사 에이비비),언론사
1190,AI포스트,언론사
1191,AI활용신문,언론사
1192,AM 미디어 (주식회사 아우르네),언론사
1193,AMC magazine (주식회사 에이엠씨프리미어),언론사
1194,AMEET MEDIA(에이밋 미디어) (리바랩스 주식회사),언론사
1195,AMP magazine(에이엠피 매거진) ((주)한국경영인학술협회),언론사
1196,ANB반부패방송,언론사
1197,ANB반부패방송저널,언론사
1198,ANDA (안다) (주식회사 뉴스핌),언론사
1199,ANnews건축디자인뉴스신문,언론사
1200,AN에이엔,언론사
1201,APIECEOF,언론사
1202,AP뉴스,언론사
1203,AP신문 (주식회사 인터쉐어),언론사
1204,AQM(애드히시브 쿼털리 메거진),언론사
1205,ARCANA,언론사
1206,ARCHITECTURAL DESIGN INSTITUTE OF KOREA,언론사
1207,AREA51GRAM (주식회사 에어리어51그램),언론사
1208,AROUND (주식회사 어라운드),언론사
1209,ARS VITAE,언론사
1210,ART ISSUE (아트이슈),언론사
1211,ARTICLE,언론사
1212,ARTSNET NEWS(아츠넷뉴스),언론사
1213,AR필라테스타임즈,언론사
1214,ASEAN EXPRESS ((주)아세안익스프레스),언론사
1215,ASIA BIG NEWS EQ JUMP,언론사
1216,ASTI人,언론사
1217,ATHLETE(애슬릿),언론사
1218,ATOZ(아토즈) (주식회사 이지기획),언론사
1219,ATTI(아띠) (한국문화관광미디어(주)),언론사
1220,ATTN News (주식회사 파노믹스),언론사
1221,AUR소식통,언론사
1222,AUSSIE(오지) ((주)알그레이더스),언론사
1223,AUTO CARFE,언론사
1224,AUTO NEWS,언론사
1225,AUTOCAMPING 맴버쉽매거진 ((주)아우토반디자인하우스),언론사
1226,AVEC MAGAZINE(아베크 매거진),언론사
1227,AVMIX,언론사
1228,Aesthetic ((주)모스트엠),언론사
1229,Aful Korea(에이풀 코리아) ((주)코리아트리즈),언론사
1230,Agile Monkey(에자일몽키),언론사
1231,Ai경기방송 (에이아이 경기방송) ((주)경기방송),언론사
1232,Amang(아망) (피피텍코리아 주식회사),언론사
1233,Ani-Medi (사단법인 한국동물약품협회),언론사
1234,Animal Magazine(애니멀매거진) ((주)애니멀컴패니언),언론사
1235,Anywhere,언론사
1236,"Archive of Medical Topic (주식회사 메니스(Menis Co.,LTD.))",언론사
1237,Archiver News(기록하는신문) ((주)한국휴먼테크),언론사
1238,Arirang Culture Connect 아리랑 컬처 커넥트 (주식회사 컬처마스터즈),언론사
1239,Arirang(아리랑),언론사
1240,Arirangtimes (주식회사 케이나),언론사
1241,Art Asia Read More(아트아시아리드모어),언론사
1242,Art Gwangju 소나무 (사단법인 광주예술인회),언론사
1243,Art In,언론사
1244,Art Map(아트맵) ((주)칸앤파트너스),언론사
1245,Art Preaching,언론사
1246,Art Trends,언론사
1247,Art story,언론사
1248,Art&Article 2024,언론사
1249,Art(아트),언론사
1250,Art+,언론사
1251,ArtTherapy미술치료,언론사
1252,ArtWave(아트웨이브),언론사
1253,Article(아티클) ((주)경향아트),언론사
1254,Asia Community News,언론사
1255,Asia-Pacific,언론사
1256,Asian Perspective,언론사
1257,Asports뉴스 (주식회사 체인저스),언론사
1258,Atlas Review (주식회사 애틀러스 리서치앤컨설팅),언론사
1259,Atopy&Life(아토피&라이프) (사단법인 대한아토피협회),언론사
1260,Audio Select,언론사
1261,Auto Today(오토투데이),언론사
1262,AutoInsight ((주)컨슈머인사이트),언론사
1263,Awesome,언론사
1264,Axt(악스트) ((주)은행나무출판사),언론사
1265,A뉴스,언론사
1266,B tv(비티비) (씨네21 주식회사),언론사
1267,B&S 솔루션 (바디앤솔대전 주식회사),언론사
1268,B.O.J (BIOCETEC ORTHODONTIC JOURNAL) (주식회사 바이오세텍),언론사
1269,BADMINTON Magazine (주식회사 더페어),언론사
1270,BALANCE ASSET (밸런스에셋 주식회사),언론사
1271,BAZAAR ART(바자 아트) (허스트중앙유한회사),언론사
1272,BBC Focus Science & technology,언론사
1273,BBC Knowledge(비비씨날리지) ((주)과학문화교육연구원),언론사
1274,BBR(비비알) ((주)토큰포스트),언론사
1275,BBS NEWS ((재)불교방송),언론사
1276,BBetoile (주식회사 제너시스),언론사
1277,BDL Times ((주)밸런스다이어트랩),언론사
1278,BDP 매거진,언론사
1279,BEAUTY WAY(뷰티웨이),언론사
1280,BENIKEA(베니키아) ((주)우리새움),언론사
1281,BH 매거진,언론사
1282,BIG SHOT KOREA,언론사
1283,BILLIARDS(빌리어즈·당구),언론사
1284,BIO Digest (아주아이비투자 주식회사),언론사
1285,BIOSPECTATOR ((주)바이오스펙테이터),언론사
1286,BIOWORLDNEWS,언론사
1287,BJC 저널,언론사
1288,BJTV ((주)비제이파트너홀딩스),언론사
1289,BJY스토리,언론사
1290,BK뉴스 (주식회사 한결인),언론사
1291,BLANC(블랑),언론사
1292,BNTG뉴스,언론사
1293,BOBOS(보보스),언론사
1294,BODA,언론사
1295,BOM,언론사
1296,BOON (주식회사 알에이치코리아),언론사
1297,BPH 포커스,언론사
1298,BRAND In Culture & Tourism ((주) 한국관광마케팅연구소(KTMI)),언론사
1299,BRIDGE PAPERZINE ((주)락킹코리아),언론사
1300,BRIDGE4 (주식회사 다향보성),언론사
1301,BROKEN SEVEN(브로큰세븐),언론사
1302,BS 포스트,언론사
1303,BSC뉴스,언론사
1304,BS뉴스 (주식회사 비에스뉴스),언론사
1305,BTN가이드,언론사
1306,BTN불교TV 사보(社報),언론사
1307,BTN불교티비,언론사
1308,BTY이야기,언론사
1309,BUSAN (주식회사 한국인),언론사
1310,BYK포스트,언론사
1311,Baseball Q(베이스볼큐) ((주)휘게엔터테인먼트),언론사
1312,Beautiful Korea,언론사
1313,Beautism(뷰티즘) ((주)유스토리),언론사
1314,Ben.B,언론사
1315,Bestlifetimes (베스트라이프타임즈) (라우워터주식회사),언론사
1316,Better GOLF (주식회사 한경매거진앤북(Hankyung Magazine&Book Inc.)),언론사
1317,BibleTime 새벽별,언론사
1318,BibleTime 연대기,언론사
1319,BibleTime 클래식,언론사
1320,BibleTime 클래식(새번역),언론사
1321,Big Heart (아이엠이디 주식회사),언론사
1322,Big Talk News,언론사
1323,Bike M (주식회사 크로스웨이브),언론사
1324,Bike-in ((사)한국자전거수입협회),언론사
1325,Billboard Korea ((주)빌보드코리아),언론사
1326,Biz & Design (주식회사 청미디어),언론사
1327,Biz & Design Kids(키즈),언론사
1328,Biz & Design 시니어(Senior),언론사
1329,BodyShop News Korea (주식회사 카테크),언론사
1330,Bold Journal (주식회사 볼드피리어드),언론사
1331,Book zip (주식회사 네오넷코리아),언론사
1332,Branin Play (주식회사 세영출판),언론사
1333,Brassnews,언론사
1334,Bravo ceo ((주)제이에스월드),언론사
1335,Breathe,언론사
1336,Breeze In Busan (브리즈인 주식회사),언론사
1337,Brilliant,언론사
1338,Brilliant Billiards(브릴리언트 빌리아드),언론사
1339,Bug,언론사
1340,Bull Market,언론사
1341,Busan Contents News,언론사
1342,Business Korea,언론사
1343,Buy (주식회사 카인드피플),언론사
1344,B대방스토리,언론사
1345,B스토리포스트,언론사
1346,C REPORT(크리스천 리포트),언론사
1347,C&C영상뉴스 (주식회사 씨엔씨기획),언론사
1348,C.C.C 편지,언론사
1349,C3,언론사
1350,CAB국회방송 ((주)씨에이비국회방송),언론사
1351,CACAONEWS(카카오뉴스),언론사
1352,CACAOTV,언론사
1353,CAM 뉴스,언론사
1354,CAMP,언론사
1355,CAMPUS 10 (캠퍼스 10),언론사
1356,CANCER FREE(암은 없다),언론사
1357,CARGO PRESS (주식회사 에어컨설팅),언론사
1358,CAR마루 (대우자동차판매주식회사),언론사
1359,CASA Wedding(까사웨딩) (주식회사 시공사),언론사
1360,CATCH NEWS(캐치뉴스) ((주)캐치뉴스),언론사
1361,CATCH UP(케찹) ((주)서울신문사),언론사
1362,CATCHK (노파만 주식회사),언론사
1363,CBC뉴스 ((주)씨비씨미디어),언론사
1364,CBN기독교TV,언론사
1365,CBN뉴스 (씨비엔뉴스 주식회사),언론사
1366,CBN충북뉴스 ((주)와이산업개발(TV충북뉴스)),언론사
1367,CC (재-기후변화센터),언론사
1368,CCC월드매거진,언론사
1369,CCS충북방송 (주)씨씨에스충북방송),언론사
1370,CCTV & partners(씨씨티브이&파트너스) (주식회사 더비즈윈),언론사
1371,CDNS 충남발전뉴스 (사단법인 미래사회복지실천협회),언론사
1372,CENO (사)인천환경정화협회),언론사
1373,CEO & Pastor,언론사
1374,CEO & President (주식회사 비씨아이엔티),언론사
1375,CEO Community(CEO 커뮤니티) ((주)한국능률협회미디어),언론사
1376,CEO DAILY(시이오 데일리) (주식회사 씨앤씨미디어그룹),언론사
1377,CEO Journal,언론사
1378,CEO NEWS PEOPLE ((주)시사뉴스피플),언론사
1379,CEO NEWS(시이오뉴스) (주식회사 씨앤씨미디어그룹),언론사
1380,CEO PM,언론사
1381,CEO POST (브랜드어워즈코리아(주)),언론사
1382,CEO Story (주식회사 비씨아이엔티),언론사
1383,CEO TIME,언론사
1384,CEO in (주식회사 청도파트너스코리아),언론사
1385,CEO 리포트 ((주)디앤씨컴퍼니),언론사
1386,CEO&,언론사
1387,CEO(시이오),언론사
1388,CEOKOREA,언론사
1389,CEO독서 (주식회사 스마투스교육),언론사
1390,CEO라이프,언론사
1391,CEO랭킹뉴스 ((주)시이오랭킹뉴스),언론사
1392,CEO스코어데일리 ((주)시이오랩),언론사
1393,CEO스토리매거진,언론사
1394,CEO이코노믹스,언론사
1395,CEO인사이트 (일팔칠구엠지 주식회사),언론사
1396,CEO저널,언론사
1397,CEO타임스 (위키리크스코리아홀딩스(주)),언론사
1398,CEO투데이 (주식회사 에이비비),언론사
1399,CEO플러스,언론사
1400,CFSA REVIEW (사단법인 학교건축창의융합포럼),언론사
1401,CG지방의정 (주식회사 씨지인사이드),언론사
1402,CHANCE PLUS(찬스플러스) (주식회사 학산문화사),언론사
1403,CHANNEL 032,언론사
1404,CHARACTER(캐릭터),언론사
1405,CHEF AND FOOD(셰프앤푸드) (주식회사 푸드앤스타미디어),언론사
1406,CHIC(쉬크),언론사
1407,CHINA DAILY GLOBAL WEEKLY ((주)다우디스트리뷰션),언론사
1408,CHOMDAN i-CONNECTED ((주)첨단),언론사
1409,CHRO(CHO) ((주)한국인사관리협회),언론사
1410,CHUPAR C (주식회사 소셜네트워크),언론사
1411,CH포스트,언론사
1412,CIOCISO (주식회사 씨미디어그룹),언론사
1413,CJB magazine C (주식회사 청주방송),언론사
1414,"CJB-TV 대구중앙방송 대구,경북시사Q저널 (주식회사 비에스앤시)",언론사
1415,CKI TIMES ((주)씨케이아이),언론사
1416,CKL뉴스,언론사
1417,CLIMBER,언론사
1418,CLJ 뉴스,언론사
1419,CLO,언론사
1420,CLSTV방송신문,언론사
1421,CL요가스쿨,언론사
1422,CL위클리뉴스,언론사
1423,CM Herald ((사)한국건설관리협회),언론사
1424,CMB NEWS (씨엠비 주식회사),언론사
1425,CNB 충남TV,언론사
1426,CNBC NEWS,언론사
1427,CNB뉴스 광주전남,언론사
1428,CNB방송 (주식회사 씨엔비방송),언론사
1429,CNB저널(문화경제),언론사
1430,CNDnews,언론사
1431,CNGgood뉴스,언론사
1432,CNKNEWS ((주)신한국결혼출산장려운동본부),언론사
1433,CNP News (주식회사 한국상담심리교육개발원),언론사
1434,CNews,언론사
1435,CO2,언론사
1436,COFFEE & WORLD (주식회사솔투스인터네셔널),언론사
1437,COFFEE LOOK / 커피룩,언론사
1438,COLUMN(컬럼) (주식회사 큐앤그룹),언론사
1439,COMMA,언론사
1440,CONSTANT,언론사
1441,COSAR,언론사
1442,COSMETIC ((주)모스트엠),언론사
1443,COSMOCAMPUS(코스모캠퍼스) (허스트중앙유한회사),언론사
1444,COSMOMEN,언론사
1445,COSMOPOLITAN MINI,언론사
1446,COURIER(꾸리에) (주식회사 알에이치코리아),언론사
1447,CPA뉴스,언론사
1448,CPBC NEWS ((재)가톨릭평화방송),언론사
1449,CPE KOREA,언론사
1450,CPN문화재TV,언론사
1451,CPOLITIKA,언론사
1452,CRACKER YOUR WARDROBE,언론사
1453,CRAFE 공예magazine (주식회사 원스아트(ONCE ART)),언론사
1454,CRAZY GIANT SPECIAL EDITION,언론사
1455,CRD고양뉴스,언론사
1456,CREDO ((사)크레도),언론사
1457,CRS NEWS,언론사
1458,"CRS NEWS (씨알에스뉴스 주식회사(CRS NEWS Co.,Ltd.))",언론사
1459,CRWNEWS(기독교복지신문),언론사
1460,CSCENT,언론사
1461,CSM News,언론사
1462,CSNTV,언론사
1463,CSR BRIEFING,언론사
1464,CSR KOREA,언론사
1465,CSR데일리,언론사
1466,CSS NEWS (참세상 뉴스),언론사
1467,CT TIMES,언론사
1468,CTM News (사단법인 로고스),언론사
1469,CTN (시티엔 주식회사),언론사
1470,CTN25문화관광 ((주)제이엔제이애드),언론사
1471,CTN교육신문,언론사
1472,CTN충청교육신문 (시티엔 주식회사),언론사
1473,CTV소비자뉴스 (엠지티브이 주식회사),언론사
1474,CUB시민연합방송,언론사
1475,CUN (사단법인바른아카데미),언론사
1476,CURATION BOOK (주식회사 인스타페이),언론사
1477,CUT,언론사
1478,CV포스트,언론사
1479,CWC교원투데이 (학교복지진흥사회적협동조합),언론사
1480,CWN (주식회사 디지털리더스),언론사
1481,Cancer&Life,언론사
1482,Candy,언론사
1483,Car Vision ((주)자동차생활),언론사
1484,CarComm (매스컴코리아(주)),언론사
1485,CardioMetabolic Forum,언론사
1486,Care+(케어플러스) ((주)메디뉴스),언론사
1487,CeoinPremium (주식회사 청도파트너스코리아),언론사
1488,Ceramic Korea,언론사
1489,Chaeg (주식회사 책),언론사
1490,Chess News (주식회사 티체스),언론사
1491,ChinaSeoul,언론사
1492,Chnews (주식회사 디에이치트윈스),언론사
1493,Christian magazines,언론사
1494,Chung Ang Herald(중앙헤럴드),언론사
1495,Chungbuk Law Journal,언론사
1496,Chungdam Admitto (주-파티나그룹서울),언론사
1497,Circulation Korean Edition,언론사
1498,City(시티),언론사
1499,CleanoVator 누리마루 ((주)크린텍),언론사
1500,Closer (소나기크리에이티브 주식회사),언론사
1501,CnA뉴스(씨엔에이뉴스),언론사
1502,CnCGL (골든그럭스(주)),언론사
1503,Code C (한국캐릭터산업협동조합),언론사
1504,Community People (내풀로스 주식회사),언론사
1505,Computationl Design In Engineering,언론사
1506,Comta,언론사
1507,Conceptzine,언론사
1508,Congress(콩그레스) ((주)디엔엔),언론사
1509,Consumer 1st (사단법인 금융소비자원),언론사
1510,Consumer Life (코리아이티타임스(주)),언론사
1511,Contemporary Art Journal,언론사
1512,Converzine,언론사
1513,Cook & Chef (재단법인 활농),언론사
1514,CreateHub Daily ((주)크리에이트허브),언론사
1515,Cultural Herald,언론사
1516,Culture Ocean(컬처오션) (주식회사 컬처오션),언론사
1517,Culture Times,언론사
1518,Culturenomics ((주)희망이음),언론사
1519,Currency Korea,언론사
1520,Current Circulation(커런트 서큘레이션) (엠앤미디어),언론사
1521,C·G교회성장,언론사
1522,C뉴스,언론사
1523,C뉴스041,언론사
1524,C헤럴드(CHERALD),언론사
1525,D MAGAZINE,언론사
1526,D-icon:Dispatch magazine (주식회사 디스패치뉴스그룹),언론사
1527,D.Street(디스트리트) (주식회사 디스트리트),언론사
1528,D.day,언론사
1529,DABA (주식회사 다바(DABA)),언론사
1530,DAF동아포커스 (주식회사 동아포커스),언론사
1531,DBCnews ((주)메종미디어),언론사
1532,DBR(Dong-A Business Review 동아비즈니스리뷰) (주식회사 동아일보),언론사
1533,DBS 동아저널,언론사
1534,DBS광주동아방송,언론사
1535,DBS동아매거진,언론사
1536,DBS동아방송 (동아방송(주)),언론사
1537,DBS동아타임즈 (동아방송(주)),언론사
1538,DBS충북동아방송,언론사
1539,DCN,언론사
1540,DCNZINE,언론사
1541,DD Weekly (주식회사 한국상담심리교육개발원),언론사
1542,DD위클리신문,언론사
1543,DECO PLUS JOURNAL,언론사
1544,DEMENTIA ((주)디멘시아),언론사
1545,DEN(덴) (주)엠서클),언론사
1546,DFC 소식 (구로피엔피(주)),언론사
1547,DH times(디에이치타임스),언론사
1548,DICON (주식회사 디아이콘엠앤씨),언론사
1549,DIGITAL CAMERA MAGAZINE,언론사
1550,DIPLOMACY (주식회사 디플로머시),언론사
1551,DIYNEWS,언론사
1552,DJ MAG(디제이 맥),언론사
1553,DK 미디어,언론사
1554,DK153스포츠사회뉴스,언론사
1555,DKC신문 (주식회사 디케이씨대경방송),언론사
1556,DK교육복지신문 ((주)대교에듀캠프),언론사
1557,DK뉴스 ((주)엠에스월드),언론사
1558,DMBnews,언론사
1559,DMZ FOCUS ((주)온새미로),언론사
1560,DMZNEWS(디엠지뉴스),언론사
1561,DMZ인터넷뉴스,언론사
1562,DMZ타임스 (디엠젯관광(주)),언론사
1563,DM미디어,언론사
1564,DNC,언론사
1565,DOCTOR CEO,언론사
1566,DODAL(두달) (주식회사 아이베리),언론사
1567,DP,언론사
1568,DRONE JOURNAL(드론저널),언론사
1569,DS위클리포스트,언론사
1570,DTV,언론사
1571,DUGOUT 더그아웃 (주식회사 대단한미디어),언론사
1572,DWBNEWS (사단법인 한국발달장애인협회),언론사
1573,Daily Living Water,언론사
1574,Daily Pet,언론사
1575,Daily Today(데일리투데이),언론사
1576,Daily Tomorrow(데일리투머로우) (주식회사 투머로우),언론사
1577,Daily in,언론사
1578,DailyMoon,언론사
1579,Defact ((주)디팩트),언론사
1580,Dental Arirang(덴탈아리랑) ((주)디엔엔),언론사
1581,Dental Plaza(덴탈프라자),언론사
1582,Dentin(덴틴),언론사
1583,Dentist,언론사
1584,Dentistry,언론사
1585,Diabetes Today,언론사
1586,Digital Fashion(디지털 패션) (주식회사 리타미디어),언론사
1587,Digital Green (더상상 주식회사),언론사
1588,Dispatch photobook (주식회사 디스패치뉴스그룹),언론사
1589,Divorcing (주식회사 디보싱),언론사
1590,Doctors News(닥터스뉴스) (사단법인 대한의사협회),언론사
1591,Dok Do Korea 독도코리아,언론사
1592,Dokdo Times(독도타임즈),언론사
1593,Dr.Life(닥터라이프),언론사
1594,Dream QT,언론사
1595,Drink Korea,언론사
1596,Dux,언론사
1597,DxRx:진단과처방 ((주)닥터알엑스),언론사
1598,E-어울림,언론사
1599,E-환경문화,언론사
1600,EAST ASIAN REVIEW,언론사
1601,EBS교육 · 4차산업혁명신문,언론사
1602,EB라이프 (주식회사 은봄라이프),언론사
1603,EB위클리뉴스 (주식회사 어떤날하우스),언론사
1604,ECO PEOPLE (환경인),언론사
1605,ECO TODAY(에코투데이),언론사
1606,ECO&REALTY NEWS(환경과부동산뉴스) (리얼티라이브중개법인 주식회사),언론사
1607,ECO21뉴스,언론사
1608,ECOCE(에코스) ((주)에코사이언스),언론사
1609,ECONOMY TODAY(이코노미투데이) (주식회사 일요건설신문),언론사
1610,ECPlazaNET (이씨플라자(주)),언론사
1611,EDU,언론사
1612,EDU-SAK,언론사
1613,EET뉴스,언론사
1614,EFN(eco future network),언론사
1615,EL-Safe,언론사
1616,ELLE,언론사
1617,ELLE ACCESSORIES,언론사
1618,ELLE BRIDE,언론사
1619,ELLE DECOR,언론사
1620,ELLE girl,언론사
1621,EM 다사뉴스,언론사
1622,EMCN (이엠씨엔 주식회사),언론사
1623,EMN뉴스,언론사
1624,ENERZINE(에너진),언론사
1625,ENS문산뉴스,언론사
1626,EO (주식회사 이오스튜디오),언론사
1627,EPN(엔터테인먼트 피플 나우) ((주)가프),언론사
1628,ERTM(이알티엠) (주식회사 스피커),언론사
1629,ES 정보지,언론사
1630,ES 타임즈,언론사
1631,ESG Daily(이에스지데일리) ((주)환경감시일보),언론사
1632,ESG 리뷰 ((사)한국ESG기준원),언론사
1633,ESG 테크(ESG Tech),언론사
1634,ESG1,언론사
1635,ESGiN (주식회사 성동미디어),언론사
1636,ESG경제 (주식회사 이에스지경제),언론사
1637,ESG비즈니스리뷰 ((주)지평과전망),언론사
1638,ESG월드뉴스,언론사
1639,ESG조선 (주식회사 디지틀조선일보씨엔엠),언론사
1640,ESG코리아뉴스 ((주)이에스지코리아뉴스),언론사
1641,ESG투데이,언론사
1642,ETRI Journal (한국전자통신연구원),언론사
1643,EV NEWS(이브이뉴스) (주식회사 스토리커넥팅엔),언론사
1644,EVENT Magazine ((주)매니아피플),언론사
1645,EV라운지(ev lounge),언론사
1646,EV매거진 (사단법인 국제전기자동차엑스포),언론사
1647,EV저널,언론사
1648,EXPO뉴스,언론사
1649,EXTERIOR,언론사
1650,EYE11,언론사
1651,EZ Edu Journal,언론사
1652,East ((재)강원창조경제혁신센터),언론사
1653,East Asian Economic Review (대외경제정책연구원),언론사
1654,Eastasy ((주)템팅이스트),언론사
1655,Edu & Life (광우산업 주식회사),언론사
1656,EduVision (주식회사 소프트포유),언론사
1657,Edukey Times(에듀키 타임즈),언론사
1658,ElectriCar ((주)가야미디어),언론사
1659,Energyplus Korea(에너지플러스코리아),언론사
1660,Entergenic,언론사
1661,Enterprise Intelligence(엔터프라이즈 인텔리전스) (주식회사 퍼스트유비알앤씨),언론사
1662,Episode,언론사
1663,Evangelical Generation,언론사
1664,Executive Briefing,언론사
1665,"Expert's Insight on Dyslipidemia, Metabolic Syndrome & Thrombosis",언론사
1666,Expert's Table (아이엠이디 주식회사),언론사
1667,Eyes For You,언론사
1668,Eytv 신문,언론사
1669,E군위닷컴,언론사
1670,E동아 (주식회사 동아이지에듀),언론사
1671,E복지뉴스 (유한회사 사천교육문화신문),언론사
1672,E컬쳐데일리,언론사
1673,E화성뉴스,언론사
1674,F.A VISION ((주)제내드),언론사
1675,F4국제교육원,언론사
1676,FACADE,언론사
1677,FACE WORLD (바른언론(주)),언론사
1678,FAIR CONSUMER(페어컨슈머) (엠지티브이 주식회사),언론사
1679,FAM타임스 ((주)한국산업경제신문),언론사
1680,FANDOME ASIA ((주)에스이에이엔터테인먼트),언론사
1681,FARRIDE MAGAZINE,언론사
1682,FAX통신 (주식회사 맥세스컨설팅),언론사
1683,FA저널 (주식회사 인포더),언론사
1684,FBnews,언론사
1685,FC뉴스,언론사
1686,FC창업일보 (주식회사 헥사홀딩스),언론사
1687,FDA News(에프디에이 뉴스),언론사
1688,FETV ((주)뉴스컴퍼니),언론사
1689,FG-ART,언론사
1690,FINANCIAL TIMES,언론사
1691,FINDERS(파인더스) (주식회사 콘텐츠그룹재주상회),언론사
1692,FITNESS (사단법인 대한피트니스협회),언론사
1693,FLARE,언론사
1694,FM교육방송,언론사
1695,FN TODAY SOKCHO(파이낸스 투데이 속초),언론사
1696,FNE Plus ((주)케이패스미디어그룹),언론사
1697,FNO (디지털서울넷(주)),언론사
1698,FN데일리 ((주)에프앤데일리뷰),언론사
1699,FOCUS뉴스라인,언론사
1700,FORCA JOURNAL (사단법인 한국외국기업협회),언론사
1701,FORTUNE English(포춘 잉글리시) ((주)에이치엠지퍼블리싱),언론사
1702,FOUND (주식회사 파운데이션),언론사
1703,FP(Foreign Policy)에프피.포린폴리시,언론사
1704,FPN ((주)소방방재신문사),언론사
1705,FPN(소방방재신문),언론사
1706,FPT Zine,언론사
1707,FRAME KOREA,언론사
1708,FTA관세무역연구원 (주식회사 에프티에이관세무역연구원),언론사
1709,FTNews,언론사
1710,FT스포츠 ((주)파이트타임즈),언론사
1711,FUTURE ((사)한국아이시티이용자보호원),언론사
1712,FUTURE ECO,언론사
1713,Faith&Family,언론사
1714,Fake magazine,언론사
1715,Far Ride ((주)픽스쳐패브리케이션),언론사
1716,Fast (주-플레이스미디어),언론사
1717,Feeling,언론사
1718,Feeㅣ Tong(필통),언론사
1719,Financial Hub Times (주식회사 파이낸셜미디어),언론사
1720,Finedu,언론사
1721,First News,언론사
1722,First News Korea,언론사
1723,FnB투데이,언론사
1724,FnC News,언론사
1725,Focus Journal ((재)아태평화기금회),언론사
1726,ForUs뉴스,언론사
1727,Freeneurs,언론사
1728,From LH (한국토지주택공사),언론사
1729,G B MAGAZINE,언론사
1730,G 그린뷰티,언론사
1731,G&C (전국골프존사업자 협동조합),언론사
1732,G-brige뉴스,언론사
1733,G-times ((주)글로벌타임즈),언론사
1734,G. Holic 36.5 ((주)엔투인터렉티브),언론사
1735,G20(글로벌20) (주식회사 피디언),언론사
1736,GAINGE MAGAZINE (주식회사 가인지북스),언론사
1737,GAME,언론사
1738,GAP뉴스 (지에이피농산물유통 협동조합),언론사
1739,GAP뉴스신문사,언론사
1740,GA세일즈매거진 (주식회사 지에이세일즈매거진),언론사
1741,GA세일즈투데이(GA Sales Today) (주식회사 지에이세일즈매거진),언론사
1742,GBC,언론사
1743,GBN경북방송 (주식회사 지비앤경북방송),언론사
1744,GBN뉴스,언론사
1745,GBS방송,언론사
1746,GCL (주식회사 디오리진컴퍼니),언론사
1747,GC이코노미,언론사
1748,GECONOMY,언론사
1749,"GEEK AT (긱 엣, GEEK@)",언론사
1750,GFEZ Journal,언론사
1751,GFM ((사)관악공동체라디오),언론사
1752,GGAuction ((주)지지옥션),언론사
1753,GGAuction 간행물 ((주)지지옥션),언론사
1754,GGAuction 경공매전문지 ((주)지지옥션),언론사
1755,GGAuction 경매정보 ((주)지지옥션),언론사
1756,GGAuction 법원경매 ((주)지지옥션),언론사
1757,GGAuction 정보지 ((주)지지옥션),언론사
1758,GGAuction경공매정보지 ((주)지지옥션),언론사
1759,GGAuction경매신문 ((주)지지옥션),언론사
1760,GGAuction경매지 ((주)지지옥션),언론사
1761,GGAuction법원경매지 ((주)지지옥션),언론사
1762,GGNTV,언론사
1763,GGPS이야기,언론사
1764,GHTV,언론사
1765,GIB 거제인터넷방송,언론사
1766,GICS Proceedings (사단법인 우심),언론사
1767,GIRL CRUSH(걸크러시),언론사
1768,GIV (주식회사 기브코리아),언론사
1769,GJ저널망치 (주식회사 하다),언론사
1770,GK뉴스온,언론사
1771,GL Forum(지엘포럼) ((주)와이미디어앤마케팅),언론사
1772,GL(그린라이프),언론사
1773,GLASS(글라스),언론사
1774,GLOBAL CEO,언론사
1775,GLOBAL DEFENSE & AEROSPACE POST(GDAP),언론사
1776,GMB뉴스 (주식회사 지엠비티비),언론사
1777,GMC News,언론사
1778,GMP NEWS ((주)한국지엠피교육센터),언론사
1779,GMTV국민방송 (주식회사 지엠티뷔국민방송),언론사
1780,GMT컨설팅회원권거래소 ((주)지엠티컨설팅),언론사
1781,GNN 뉴스통신 (주식회사 지엔엔 (GNN Inc.)),언론사
1782,GNN뉴스통신 코리아,언론사
1783,GNY글로벌뉴스,언론사
1784,GN_network,언론사
1785,GO ON (주식회사 명문기획),언론사
1786,GO PLACE (고플레이스) (주식회사 아이엠지파트너스),언론사
1787,GOAL-POST,언론사
1788,GOLF&News,언론사
1789,GOOD LEADERS,언론사
1790,GOSPEL TODAY(가스펠투데이) (한국교회언론협동조합),언론사
1791,GP-IL센터 PMN뉴스,언론사
1792,GPN,언론사
1793,GRAPE SEED NEWS,언론사
1794,GREEN BOAT MAGAZINE (재단법인 환경재단),언론사
1795,GREEN WATER(그린워터) (주식회사 씨앤비미디어),언론사
1796,GSTEC NEWS LETTER (재단법인 광주과학기술진흥원),언론사
1797,GS뉴스,언론사
1798,GTG Times(지티지타임즈),언론사
1799,GUNSAN EXPRESS,언론사
1800,GYL News(길뉴스),언론사
1801,GZ,언론사
1802,Game Generation (재단법인 게임문화재단),언론사
1803,GanGee(간지),언론사
1804,Gangbuk City,언론사
1805,Glass Art (주식회사 아트오백칠),언론사
1806,Global Briefings,언론사
1807,Global Eco News 환경일보 (주식회사 환경일보),언론사
1808,Global Economic Review,언론사
1809,Global Economic Times,언론사
1810,Global Korea Post ((주)코리아포스트한글판),언론사
1811,Global Leaders,언론사
1812,Global Signs-Signs of Korea ((주)에스엠비앤씨),언론사
1813,Global Times,언론사
1814,Global Traveller,언론사
1815,Go2Travel (주식회사 더드림버스),언론사
1816,God Revival,언론사
1817,Golf Guide,언론사
1818,Golf Magazine Korea(골프매거진코리아) (주식회사 지엠케이미디어),언론사
1819,Golf plus(골프 플러스),언론사
1820,Golf&Resort (주식회사 해피미디어그룹),언론사
1821,Golfer's dream (주식회사 네모난오렌지),언론사
1822,Gonews i,언론사
1823,Good News Press,언론사
1824,Good헤어몰,언론사
1825,GotIT Korea(갓잇코리아) (주식회사 갓잇코리아),언론사
1826,Goverment & Technology (사단법인 전자정부교류연구센터),언론사
1827,Green Island Dokdo,언론사
1828,Guesthouse(게스트하우스),언론사
1829,GuideME(가이드미) (주식회사 가이드미),언론사
1830,Guideposts ((주)에프엔제이홀딩스),언론사
1831,Gwangju News ((사)광주국제교류센터),언론사
1832,G·ECONOMY21 (사)경기도경제단체연합회),언론사
1833,G경제저널,언론사
1834,"G밸리타임스(지밸리타임스) (지밸리타임스 주식회사(GValley Times Co.,Ltd.))",언론사
1835,G스타저널TV (주식회사 지스타그룹),언론사
1836,G플러스뉴스,언론사
1837,H-44,언론사
1838,H2O (주식회사 뿌브아르),언론사
1839,H7 양곡뉴스,언론사
1840,H7관악뉴스,언론사
1841,HABER KORE/하베르 코레,언론사
1842,HAIZEL.&,언론사
1843,HANAGOLF WORLD(하나골프 월드) ((주)하나골프),언론사
1844,HAP(해피닝 뉴스) (주식회사 더헬스신문),언론사
1845,HAPPY WIRE NEWS,언론사
1846,HASHU,언론사
1847,HAUTE(오뜨) (주식회사오뜨미디어),언론사
1848,HBC뉴스,언론사
1849,HBN news (주식회사 비엠아이앤씨),언론사
1850,HBR Korea(Harvard Business Review Korea 하버드비즈니스리뷰 코리아) (주식회사 동아일보),언론사
1851,HBS(에이치비에스)뉴스광장 (사단법인 한국자연경관보전회),언론사
1852,HBS한국방송,언론사
1853,HBiz 뉴스 (주식회사 현대비즈렌탈),언론사
1854,HB아카데미뉴스 ((주)바디챌린지),언론사
1855,HDC7673News ((주)헥사데시멀코아),언론사
1856,HD행복연구신문 (에이치디행복연구소(주)),언론사
1857,HEALING LIFE 멋진인생 37.2,언론사
1858,HEALINGNLIFE,언론사
1859,HEALTH LIFE,언론사
1860,HEALTH&LIFE(헬스앤라이프) ((주)콤파),언론사
1861,HEEZAE,언론사
1862,HEE뉴스,언론사
1863,HELLO SCIENCE (주식회사 대덕넷),언론사
1864,HHDDIAMONDREPORT(에이치에이치디다이아몬드레포트) ((주)에이치에이치디다이아몬드),언론사
1865,HIGH K-BEAUTY(하이 케이뷰티) (더케이뷰티사이언스 주식회사),언론사
1866,HIM,언론사
1867,HKBC 아름다운 환경,언론사
1868,HKBC환경방송 ((주)에이치케이비씨),언론사
1869,HKS행정방송 (한국행정방송 주식회사),언론사
1870,HN제천합동뉴스 ((주)에이치엔제천합동뉴스),언론사
1871,HN청주합동뉴스 ((주)에이치엔청주합동뉴스),언론사
1872,HN합동뉴스 (주식회사 에이치엔합동뉴스),언론사
1873,HOLY LIGHT,언론사
1874,HORSE KOREA (주식회사 플레이퍼블리싱),언론사
1875,HPN뉴스,언론사
1876,HR-NETWORKS,언론사
1877,HRD TOP News (주식회사 에이치알디탑평생교육원),언론사
1878,HRD-JOB NEWS ((주)글로벌인재개발원),언론사
1879,HRD뉴스,언론사
1880,HRD타임즈,언론사
1881,HR월드크리에이터뉴스 (주식회사 에이치알코리아),언론사
1882,HR인사이트,언론사
1883,HS평생뉴스,언론사
1884,HYP미디어,언론사
1885,Hair transplant forum,언론사
1886,Halal Korea(할랄 코리아),언론사
1887,Hangil Times,언론사
1888,Hanguoshenghuodashuju,언론사
1889,HappyMam News (주식회사 사임당홈케어),언론사
1890,Haw Haw (아이매드커뮤니케이션(주)),언론사
1891,Healing News,언론사
1892,HealingTogether(힐링투게더) ((사)한국기독교의료선교협회),언론사
1893,Health & New Media Research,언론사
1894,Health mimi (주식회사 미미랩),언론사
1895,Health plus,언론사
1896,Healthy People (주식회사 천호식품),언론사
1897,Heart & Communication (사단법인 비비비코리아(BBB KOREA)),언론사
1898,Hello stranger(우린 모두 낯선사람),언론사
1899,Hello! Economy (주식회사 플리스),언론사
1900,Help Sumin,언론사
1901,Henie House,언론사
1902,Heroes & Winners,언론사
1903,Heungkuk Life Magazine,언론사
1904,Hinews(하이뉴스) (굿닥터홀딩스 주식회사),언론사
1905,Hi대한매일신문,언론사
1906,HnB타임즈 (주식회사 에이치앤비타임즈),언론사
1907,Honey Land 우리가족 말씀여행 꿀땅,언론사
1908,HueSame휴샘,언론사
1909,Hug ((주)에드라이터),언론사
1910,H매거진,언론사
1911,I L♥VE JESUS,언론사
1912,I art (주식회사 아이아트플러스),언론사
1913,I ♥ JESUS (Devotionals for Lower Elementary Children),언론사
1914,I ♥ JESUS (Devotionals for Upper Elementary Children),언론사
1915,I'M뉴스(아임뉴스) (에이아이투자자문 주식회사),언론사
1916,IAN 3.0,언론사
1917,IBCmedia,언론사
1918,IBK가만드는 중소기업CEO리포트,언론사
1919,IBN TV (유한회사 아이비앤티브이),언론사
1920,IBN인천방송(부설)IBN인천광역신문,언론사
1921,IBS뉴스,언론사
1922,IBS인천방송 (주식회사 아이비에스인천방송),언론사
1923,IBS중앙방송,언론사
1924,ICBM (아이씨비엠 주식회사),언론사
1925,ICE Hochey Magazine (주식회사 차이나미디어),언론사
1926,ICN인천뉴스 (성원안전시스템 주식회사),언론사
1927,ICO CROWD (주식회사 싱코),언론사
1928,ICT Engineer (한국정보통신공사협회),언론사
1929,ICT콘텐츠 ((사) 한국아이씨티에이아이기술협회),언론사
1930,ID:SC ((재)인천테크노파크 비즈니스센터지점),언론사
1931,IDT,언론사
1932,IDT(산업동향),언론사
1933,IGN 코리아 ((주)팻마우스),언론사
1934,IIFNEWS (주)알렉스강),언론사
1935,IM N. (주식회사 뉴닉),언론사
1936,IM 위클리 (주식회사 아이엠코퍼레이션),언론사
1937,IMBL포스트,언론사
1938,IMBU매거진 (주식회사 아이엠코퍼레이션),언론사
1939,IMB뉴스,언론사
1940,IMHC저널 (주식회사 더코리아),언론사
1941,IMPACT JOURNAL,언론사
1942,IMPACT ON(임팩트온) (주식회사 더퍼블리카),언론사
1943,INAPAD,언론사
1944,INDIGO,언론사
1945,INDIGO+ing(인디고잉),언론사
1946,INDIVISUAL(인디비주얼),언론사
1947,INEONETIST (이너넷티스트(주)),언론사
1948,INFLO(인프로) ((주)경향씨앤엘),언론사
1949,INKorea (주식회사 아신미디어),언론사
1950,INSIDE C,언론사
1951,INSIDE R(인사이드 알),언론사
1952,INSUCON,언론사
1953,INTERIORS CHINA (주식회사 가인디자인그룹),언론사
1954,INTERNI & DECOR(인테르니 엔 데코),언론사
1955,INTNAVI,언론사
1956,INVITATION(인비테이션) ((주)알그레이더스),언론사
1957,IN타임즈 (주식회사 케이콘텐츠랩),언론사
1958,IOA TIMES ((사)국제직업능력개발교류협회),언론사
1959,IOT저널아시아,언론사
1960,IP&ART (한송온라인리걸앤컨설팅센터(주)),언론사
1961,IPBF(국제 퍼스널브랜드 포커스),언론사
1962,IPC종합뉴스,언론사
1963,IPKU (사단법인 마인드랩),언론사
1964,IPKU Magazine,언론사
1965,IPN뉴스,언론사
1966,IPN뉴스 (아이피엔뉴스 주식회사(IPN NEWS Inc.)),언론사
1967,IPTV NEWS,언론사
1968,IPn뉴스 International People news,언론사
1969,IP노믹스 ((주)이티즘),언론사
1970,ISO뉴스 (주식회사 아이에스오써티),언론사
1971,ISSUE HEADLINE(이슈헤드라인),언론사
1972,ISSUE광주전남TV(이슈광주전남TV),언론사
1973,ISSUE대전충남(이슈대전충남) ((주)한국감찰일보사),언론사
1974,IT POUCH(잇 파우치),언론사
1975,IT 비즈뉴스,언론사
1976,ITN,언론사
1977,ITPE,언론사
1978,ITP동문회보,언론사
1979,IT경제신문,언론사
1980,IT뉴스(IT News),언론사
1981,IT동아 (주식회사 아이티동아),언론사
1982,IT매일 ((주)아이알팜),언론사
1983,IT조선 (주식회사 아이티조선),언론사
1984,IYOC,언론사
1985,ImPress (주식회사 플레이퍼블리싱),언론사
1986,Implant Dentistry,언론사
1987,Ing paper(아이엔지페이퍼),언론사
1988,Inno-Venture Leaders ((사)대구경북첨단벤처기업연합회),언론사
1989,Insight Korea ((주)엑설런스코리아),언론사
1990,Insight Times(인사이트타임즈) (주식회사 구텐베르크),언론사
1991,Insight korea (인사이트코리아) ((주)엑설런스코리아),언론사
1992,International Human Times(인터내셔널 휴먼 타임즈) ((사)학습능률향상협회),언론사
1993,International Journal of Criminal Justice (한국형사법무정책연구원),언론사
1994,International Journal of Endoscopic Ultrasound,언론사
1995,International Journal of FUTURE DENTISTRY (주식회사 엠지뉴턴),언론사
1996,International Journal of Gastrointestinal Intervention,언론사
1997,Internet 제주도신문,언론사
1998,Iot Journal Asia,언론사
1999,Isssue Report (주식회사 비가자네트웍스),언론사
2000,Issue & People(이슈앤피플) (주식회사 국민정책평가신문),언론사
2001,It's Beauty,언론사
2002,Itaewon News,언론사
2003,I♥JESUS(Devolutionals for Upper Elementary Children),언론사
2004,I김천신문 (주식회사 김천신문사),언론사
2005,I용인인터넷신문,언론사
2006,J - Life ((주)시사일본어사),언론사
2007,J Side ((주)더스타미디어),언론사
2008,J&D프리메드,언론사
2009,J.BOOK(제이북) ((주)제이브로스),언론사
2010,JAPAN SPA,언론사
2011,JBC뉴스,언론사
2012,JBC중앙보훈방송,언론사
2013,JBS (제이비에스 주식회사),언론사
2014,JBS 7 뉴스 (주식회사 일자리방송),언론사
2015,JBS공감방송뉴스,언론사
2016,JBS뉴스투데이 중앙방송,언론사
2017,JBS중앙방송,언론사
2018,JB포스트,언론사
2019,JB헤럴드,언론사
2020,JD,언론사
2021,JDA뉴스,언론사
2022,JD뉴스코리아,언론사
2023,JFN JOB & FUTURE NEWS(잡앤퓨처뉴스) (주식회사 잡이언트),언론사
2024,JG,언론사
2025,JH포커스,언론사
2026,JINDO TODAY (유한회사 굿모닝),언론사
2027,JLtalk(제이엘톡),언론사
2028,JM NEWS(제이엠뉴스),언론사
2029,JMB시사매거진,언론사
2030,JNEWS(제이뉴스),언론사
2031,JNT 기독타임즈,언론사
2032,JOB MATE(잡메이트),언론사
2033,JOBPLANET(잡플래닛) (잡플래닛 유한회사),언론사
2034,JSL인재개발원 (제이에스엘인재개발원 주식회사),언론사
2035,JS기독포털,언론사
2036,JTBC (제이티비씨(주)),언론사
2037,JTBNEWS (유한회사 굿모닝),언론사
2038,JTNews (주식회사 글로벌무역진흥원),언론사
2039,JTN뉴스 (제이티앤미디어(주)),언론사
2040,JUTANHAK (에이치엘엘중앙(주)),언론사
2041,Jack is back(잭이즈백) (주식회사 위프),언론사
2042,Jbs전남투데이,언론사
2043,Jemulpo,언론사
2044,Jlook(제이룩) (에이치엘엘중앙(주)),언론사
2045,JnBnews,언론사
2046,Journal of Acupuncture and Meridian Studies(JAMS) (사단법인 약침학회),언론사
2047,Journal of ICT Leaders (주식회사 디자인마이러브),언론사
2048,Journal of Pharmacopuncture(JoP),언론사
2049,Journal of Tango,언론사
2050,Journal of Tango Therapy,언론사
2051,Just in times ((주)더불어우리),언론사
2052,K Herald,언론사
2053,K People Focus,언론사
2054,K trendy NEWS (주식회사 위대한자),언론사
2055,K 스타 뉴스(K Star News) (주식회사 케이드로이트),언론사
2056,K 에디트(K EDIT),언론사
2057,K 채 널 (주식회사 케이채널),언론사
2058,K-ARTNOW(케이아트나우) (주식회사 에이프로젝트컴퍼니),언론사
2059,K-BEAUTY WORLD(K-뷰티월드),언론사
2060,K-Beauty ((주)케이패스미디어그룹),언론사
2061,K-Business News (주식회사 리우글로벌),언론사
2062,K-Classic News,언론사
2063,K-Culture ((주)케이패스미디어그룹),언론사
2064,K-FESTIVAL (주식회사 에쎈에스미디어),언론사
2065,K-Game Database,언론사
2066,K-IN,언론사
2067,K-KIDZ ((주)도서출판하우),언론사
2068,K-POP ARTIST,언론사
2069,K-POP ARTIST (케이팝콘텐츠주식회사),언론사
2070,K-POP Herald (주식회사 헤럴드),언론사
2071,K-POP News,언론사
2072,K-POP TIMES ((주)케이팝서포터즈),언론사
2073,K-POP 한류매거진,언론사
2074,K-SINGERS,언론사
2075,K-STORY DAO (주식회사 케이팝서포터즈),언론사
2076,K-Science (주식회사 주량),언론사
2077,K-Study Times (지이에이국제인적자원개발 유한책임회사),언론사
2078,K-TIME뉴스/방송,언론사
2079,K-Writer(케이라이터),언론사
2080,K-Writers Times (주식회사 창업경영신문사),언론사
2081,K-bizpost(케이-비즈포스트),언론사
2082,K-edunews,언론사
2083,K-style report ((주)티에스아이미디어),언론사
2084,K-그라피(K-Graphy) (주식회사 담화미디어그룹),언론사
2085,K-뉴스룸 (더뉴스룸주식회사),언론사
2086,K-디펜스뉴스,언론사
2087,K-민화(K-Folkpainting) (주식회사 담화미디어그룹),언론사
2088,K-스타저널 ((주)나눔뉴스),언론사
2089,K-스토리,언론사
2090,K-시니어라이프 (주식회사 비전시흥),언론사
2091,K-종합뉴스,언론사
2092,K-컬처 하이코리아 전문매거진,언론사
2093,K-탐정뉴스,언론사
2094,K-풀랫폼 (주식회사 경북신문사),언론사
2095,K-한류타임즈 (주식회사 글로벌비즈진흥원),언론사
2096,K-헤리티지뉴스 (사단법인 케이헤리티지재단),언론사
2097,K-홍익Times,언론사
2098,K.G 뉴스코리아 (유한회사 케이지산업개발),언론사
2099,KAGA스포츠방송,언론사
2100,KAPE in,언론사
2101,KARL ((사)한국아마추어무선연맹),언론사
2102,KASPA한국예술체육문화신문,언론사
2103,KAVE (주식회사 매거진케이브),언론사
2104,KBBY 작가연구자료집,언론사
2105,KBB경제신문,언론사
2106,KBIC 뉴스레터 (한국보일러공업협동조합),언론사
2107,KBNSnews,언론사
2108,KBN연합방송,언론사
2109,KBN한국벤처연합뉴스,언론사
2110,KBR뉴스 (주식회사 프라임랩스),언론사
2111,KBS FM 굿모닝팝스,언론사
2112,KBS인터넷라디오콩 (주)노마드월드와이드),언론사
2113,KB골드앤와이즈(KB GOLD&WISE),언론사
2114,KCA매거진(Kcamagazine) (사단법인 한국커피연합회),언론사
2115,KCB(한국시민방송),언론사
2116,KCC열린마당 (케이씨씨정보통신 (주) 대표),언론사
2117,KCEF타임즈 지역사회교육신문 ((재)한국지역사회교육재단),언론사
2118,KCGS REPORT ((사)한국ESG기준원),언론사
2119,KCI 다문화 포커스,언론사
2120,KCN 뉴스,언론사
2121,KCNN연합방송,언론사
2122,KCULTURE,언론사
2123,KDA 뉴스,언론사
2124,KDI Journal of Economic Policy (한국개발연구원),언론사
2125,KDSN(한국다선뉴스),언론사
2126,KDVIA장애인창업경제신문,언론사
2127,KD연합뉴스,언론사
2128,KEY DOCTOR ((주)키닥터),언론사
2129,KEnterHub ((주)아인플래닛),언론사
2130,KFA NEWS(케이에프에이뉴스),언론사
2131,KFF뉴스 (사단법인 한국자유총연맹),언론사
2132,KFN뉴스 (주식회사 소방뉴스),언론사
2133,KGB경북방송저널,언론사
2134,KGB한국방송 (케이지비한국방송 주식회사),언론사
2135,KGB한국신문 (케이지비한국신문 주식회사),언론사
2136,KIA STORY (주식회사 원더엔터프라이즈),언론사
2137,KICSNEWS,언론사
2138,KIET산업경제,언론사
2139,KIN뉴스,언론사
2140,KIPA규제동향,언론사
2141,KIPF 재정동향 (한국조세재정연구원),언론사
2142,KIPF 재정성과평가 동향과 이슈 (한국조세재정연구원),언론사
2143,KIPOP ((주)온원엔터테인먼트),언론사
2144,KJ2000 (현네트워크(주)),언론사
2145,KJA뉴스통신,언론사
2146,KJB경주방송 (주식회사 경주방송),언론사
2147,KJB광주방송,언론사
2148,KJB한국방송,언론사
2149,KLAFIR-NEWS,언론사
2150,KMC뉴스,언론사
2151,KMC저널,언론사
2152,KMEA 뉴스레터 (사단법인 대한설비융합협회),언론사
2153,KMR뉴스통신 (주식회사 한국미디어리서치),언론사
2154,KMS News 한국인터넷신문방송사 ((주)홍주),언론사
2155,KNB경기채널 (주식회사 케이엔비미디어),언론사
2156,KNB메거진,언론사
2157,KNEWS365,언론사
2158,KNOU 위클리 ((사)한국방송통신대학교 출판문화원),언론사
2159,KNS뉴스통신 (주식회사 케이엔에스통신),언론사
2160,KNS일간경제 ((주)케이엔에스미디어),언론사
2161,KOA TIMES (사단법인 대한안경사협회),언론사
2162,KOCEMA Journal (한국건설기계산업협회),언론사
2163,KODIT STARs,언론사
2164,KOFlH Letter (한국국제보건의료재단),언론사
2165,KOREA DIRECTORY,언론사
2166,KOREA IT TIMES(코리아아이티타임스) (코리아이티타임스(주)),언론사
2167,KOREA JEJU FOOD,언론사
2168,KOREA JOONGANG DAILY (중앙데일리(주)),언론사
2169,KOREA JOONGANG DAILY (중앙일보 주식회사),언론사
2170,KOREA MANIFESTO,언론사
2171,KOREA NATIONAL TIMES (사단법인 남북경협경제인연합회),언론사
2172,KOREA NEWS(한국NEWS),언론사
2173,KOREA OBSERVER,언론사
2174,KOREA RAINBOW ((주)폭스앤홉스),언론사
2175,KOREA SHIPPING GAZETTE,언론사
2176,KOREA YOUTUBE NEWS,언론사
2177,KOREA 파크골프,언론사
2178,KOREALIFE,언론사
2179,KOREAMAN Magazine,언론사
2180,KOREANA (한국국제교류재단),언론사
2181,KOREANOW (코리안나우 주식회사),언론사
2182,KOTRA express,언론사
2183,KOTRA 해외시장뉴스 (대한무역투자진흥공사),언론사
2184,KOVECA(코베카) (사단법인 한베문화교류협회),언론사
2185,KPANEWS (사단법인 한국언론사협회),언론사
2186,KPD뉴스 (주식회사 한국탐정케이피디),언론사
2187,KPEE_KIMPO 스토리,언론사
2188,KPI뉴스 (주식회사 더뉴스그룹),언론사
2189,KPI뉴스통신 (주식회사 더뉴스그룹),언론사
2190,KPM 한국공연미디어 (주식회사 에스제이크리웍스),언론사
2191,KPN뉴스,언론사
2192,KPOP 4 SEASONS (주식회사 이엠텍아시아),언론사
2193,KPOP CHANNEL,언론사
2194,KPOP FANVERSE,언론사
2195,KPOP PLUS,언론사
2196,KPOP 스타뉴스,언론사
2197,KPOP33 (주식회사 레인댄스이팔(RAIN DANCE 28)),언론사
2198,KPOPSPOON ((주)머머스),언론사
2199,KPU저널,언론사
2200,KP통신,언론사
2201,KR News ((주)미래융합연구원),언론사
2202,KRM NEWS,언론사
2203,KRX Market (주식회사 한국거래소),언론사
2204,KSN,언론사
2205,KS비즈케어 (주식회사 케이에스코리아),언론사
2206,"KT ENA (주식회사 케이티이엔에이(KT ENA Co., Ltd.))",언론사
2207,KTN(전북) (주식회사 사회복지실천교육협회),언론사
2208,KTN글로벌 ((주)케이티엔글로벌),언론사
2209,KTN월간코리아,언론사
2210,KUBC 코러스 GioBiz,언론사
2211,KUVE,언론사
2212,KUb우리방송뉴스 (주식회사 케이유비우리방송),언론사
2213,KU매거진 (전국자동차매매사업조합연합회),언론사
2214,KWAVE ((주)케이웨이브컴퍼니),언론사
2215,KYG뉴스,언론사
2216,Kids,언론사
2217,Kmbn소상공인방송신문,언론사
2218,Knc뉴스채널,언론사
2219,Knewsroom(K뉴스룸),언론사
2220,Korea & World Affairs,언론사
2221,Korea 2030,언론사
2222,Korea Art and the City 도심산책,언론사
2223,Korea Beautybiz (주식회사 디엠링크(DM Link Inc.)),언론사
2224,Korea Biomedical Review,언론사
2225,Korea Biopharma Business Review ((주)메디앤쉐어),언론사
2226,Korea Bizwire,언론사
2227,Korea Communication Review ((주)엔앰씨컨설팅그룹),언론사
2228,Korea Issue Times World,언론사
2229,Korea Medical Tour,언론사
2230,Korea Shipping Gazette ((주)코리아쉬핑가제트),언론사
2231,Korea Tourism News,언론사
2232,Korea medbiz (주식회사 디엠링크(DM Link Inc.)),언론사
2233,Korea travel news,언론사
2234,Korea직업뉴스,언론사
2235,Kreport ((주)엔에프엠프로모션),언론사
2236,K경제뉴스,언론사
2237,K국회뉴스,언론사
2238,K김해시대 (주식회사 다중플러스),언론사
2239,K뉴스25(Knews25),언론사
2240,K뉴스와이드,언론사
2241,K뉴스통신 ((주)케이뉴스통신),언론사
2242,K다문화신문 (케이다문화신문(주)),언론사
2243,K라이프저널,언론사
2244,K라이프저니,언론사
2245,K리포트미디어강동(Kreport Media Gang Dong),언론사
2246,K모바일뉴스 (모바일광개토(주)),언론사
2247,K문화체육신문방송,언론사
2248,K문화타임즈,언론사
2249,K민족뉴스,언론사
2250,K뷰티대학교육신문,언론사
2251,K뷰티타임즈,언론사
2252,K세일즈뉴스,언론사
2253,K스타포커스 (주식회사 웨이브코어),언론사
2254,K스탁인포 (주식회사 케이스탁인포),언론사
2255,K스포츠토토 뉴스,언론사
2256,K스피릿 ((주)국학신문사),언론사
2257,K에듀뉴스 (주식회사 한국기업교육개발원),언론사
2258,K연합일보,언론사
2259,K유학다문화신문 ((주)아이즈커뮤니케이션),언론사
2260,K이코노미뉴스 (주식회사 엠비씨이코노미),언론사
2261,K채널 아리랑코리아 (주식회사 케이채널),언론사
2262,K컬처뉴스,언론사
2263,K패션뉴스 (한국패션뉴스(주)),언론사
2264,K포토저널 (주식회사 케이포토저널),언론사
2265,L&G 경제뉴스 ((주)여원뉴스),언론사
2266,L''''OFFICIEL HOMMES(로피씨엘 옴므) ((주)머니투데이퍼블리싱),언론사
2267,L'OFFICIEL HOMMES YK EDITION(로피시엘 옴므 와이케이 에디션) ((주)머니투데이퍼블리싱),언론사
2268,L'OFFICIEL YK EDITION(로피시엘 와이케이 에디션) ((주)머니투데이퍼블리싱),언론사
2269,L-Library & Libro,언론사
2270,LALA (LIVING ANTIQUE & LIVING ART) (주식회사 인터아트채널),언론사
2271,LAOS NEWS,언론사
2272,LAYER,언론사
2273,LA뮤직미디어,언론사
2274,LBMA STAR ((주)미디어우리),언론사
2275,LED기술,언론사
2276,LED매거진,언론사
2277,LEGEND (주식회사 레전드라운지),언론사
2278,LEMON TalkTalk,언론사
2279,LICENSE(라이센스),언론사
2280,LIFE (에치엔컴(주)),언론사
2281,LIFE ART MAGAZINE-LAM,언론사
2282,LIFE LONG EDUCATION ((주)로렌츠광산),언론사
2283,LIFE MEAL,언론사
2284,LIFEFUL,언론사
2285,LITERACY_B(리터러시_B),언론사
2286,LIVEDUCK(라이브덕) (주식회사 더블유엣더블유),언론사
2287,LJG뉴스,언론사
2288,LKK타임즈,언론사
2289,LKS뉴스,언론사
2290,LOCAL(로컬),언론사
2291,LOCAL세계 마포,언론사
2292,LS3뉴스,언론사
2293,LTN news ((주)엘티엔컴퍼니),언론사
2294,LTNC(LifeTime&Career),언론사
2295,LUMINA (주식회사 플로르방송제작사(지점)),언론사
2296,LUNA GOLF ((주)서치애드),언론사
2297,LVN news,언론사
2298,LV리브뉴스,언론사
2299,LYN구월매거진,언론사
2300,LY스토리,언론사
2301,Landscape times ((주)환경과조경),언론사
2302,Le Monty(르망띠),언론사
2303,Leaders Society(리더스 소사이어티) ((주)한국경영인학술협회),언론사
2304,Leadership KOREA,언론사
2305,Leaf N News Media,언론사
2306,LeaiLe(르엘),언론사
2307,Lecreator,언론사
2308,Let's H (주식회사 맥스큐인터내셔널),언론사
2309,Letter from Jesus,언론사
2310,Level B,언론사
2311,Life Safety,언론사
2312,Lighthouse(월간등대),언론사
2313,Link21 Edu Daily (Link21 Edu Daily),언론사
2314,Linkclub(링크클럽) ((주)링크클럽),언론사
2315,Littor (주식회사 民音社),언론사
2316,Local & Para,언론사
2317,LooksDB포스트,언론사
2318,Lople,언론사
2319,M KWAVE (주식회사 호호호케이웨이브),언론사
2320,M NewsN,언론사
2321,M economy ((주) 방송문화미디어텍),언론사
2322,M times (주식회사 메인콘텐츠),언론사
2323,M 이코노미 NEWS ((주) 방송문화미디어텍),언론사
2324,M 인사이트,언론사
2325,M+한국(M플러스한국) ((주)대구한국일보사),언론사
2326,M-briz (HRM코리아(주)),언론사
2327,M.A.S. More Attractive Selection,언론사
2328,M.I.Bank ((주)키컴),언론사
2329,M8142뉴스 (주식회사 피에이치에스라이프),언론사
2330,MAGAZINE KEY(매거진 키) ((주) 문도건축유산보존연구소),언론사
2331,MAGAZINE M(매거진엠) (공간이노베이션(주)),언론사
2332,MAGAZINE OPENCAGE ((주)오픈케이지),언론사
2333,MAGAZINE-B(매거진-비) (비미디어컴퍼니 주식회사),언론사
2334,MAN'S PLAYER(맨즈 플레이어),언론사
2335,MANBO SPORT (뉴스코리아 주식회사),언론사
2336,MANOLIN-e(마놀린-e),언론사
2337,MARINAS,언론사
2338,MARVLE(마블),언론사
2339,MAUM (주식회사 마음커뮤니케이션),언론사
2340,MAXGIRL,언론사
2341,MAXIM,언론사
2342,MAXIM B SIDE,언론사
2343,MAXMOVIE MAGAZINE ((주)맥스무비),언론사
2344,MBC LIFE매거진 (엠비씨라이프매거진(주)),언론사
2345,MBC라디오여성시대,언론사
2346,MBC라이프매거진 ((주)라이프매거진),언론사
2347,MBSS(엠비에스에스),언론사
2348,MCI 매거진,언론사
2349,MCN,언론사
2350,MC당하뉴스,언론사
2351,MC연산뉴스,언론사
2352,MD위클리뉴스,언론사
2353,MEDIA FOR WORSHIP CHURCH MEDIA,언론사
2354,MEDICAL PIONEER,언론사
2355,MEDICHECK 건강소식 ((사)한국건강관리협회),언론사
2356,MEDISPA(메디스파),언론사
2357,MELANCHOLIA,언론사
2358,MEMORIES,언론사
2359,MENTORS ((사)한국유전자적성검사협회),언론사
2360,MFG(엠에프지) ((주)엠에프지아이앤씨(MFG Inc)),언론사
2361,MH News,언론사
2362,MHN,언론사
2363,MH매거진,언론사
2364,MIACLE (주식회사 미아클),언론사
2365,MICElife (마이스라이프) ((주)따로또같이),언론사
2366,MID LIFE,언론사
2367,MIDWAY (주식회사 플로르방송제작사(지점)),언론사
2368,MIND(마인드),언론사
2369,MINE,언론사
2370,MISH DOCUMENT,언론사
2371,MISSON QT,언론사
2372,MIT Techonology Review (주식회사 디엠케이글로벌),언론사
2373,MJ경기뉴스(엠제이경기뉴스),언론사
2374,MKYU 러닝센터 ((주)엠케이유니버스),언론사
2375,ML뉴스,언론사
2376,MM (마쉬넨마르크트코리아 유한회사),언론사
2377,MM스토리,언론사
2378,MODU ((주)모두커뮤니케이션즈),언론사
2379,MONTHLY BEAUTY(먼쓰리뷰티),언론사
2380,MORE & BEYOND,언론사
2381,MOUTH(마우스) (주식회사 온베스트),언론사
2382,MPOST,언론사
2383,MS EDU (주식회사 명성학원),언론사
2384,MS TODAY (주식회사 비티에프테크),언론사
2385,MSD(Motion System Design) ((주)이오문화사),언론사
2386,MSG,언론사
2387,MSJ라이프,언론사
2388,MS저널,언론사
2389,MTN(엠티엔) ((주)머니투데이방송),언론사
2390,MULTICULTURAL(몰티커츄럴뉴스) (주식회사 글로벌동인),언론사
2391,MUREPA Korea Economic Outlook (유한회사 뮤레파코리아),언론사
2392,MUSE(뮤즈),언론사
2393,MY Little SEA,언론사
2394,MY VIP,언론사
2395,Machine&Tool ((주)첨단),언론사
2396,Magazine N ((주)아자미디어앤컬처),언론사
2397,Magazine One,언론사
2398,Magazine 숲 ((주)홍커뮤니케이션즈),언론사
2399,Magazine淸 ((주)바나나커뮤니케이션즈),언론사
2400,Magazine코리아타임즈,언론사
2401,Marine News,언론사
2402,MaritimeInsight(마리타임인사이트) ((주)디알),언론사
2403,Medi Tour Korea,언론사
2404,Media ArtMagazine,언론사
2405,MediaKor Russian,언론사
2406,MediaWhat ((주)나인엔터테인먼트),언론사
2407,Medibaba ((주)메디바바),언론사
2408,Medic N Real(메딕앤리얼),언론사
2409,Medical Aesthetic ((주)메디컬에스테틱코리아),언론사
2410,Medical Arirang (메디칼아리랑) ((주)디엔엔),언론사
2411,Medical Insight,언론사
2412,Medical Review,언론사
2413,Medical postgraduates,언론사
2414,Medicalis,언론사
2415,Menis,언론사
2416,Menistoday,언론사
2417,Meta NFT Media,언론사
2418,Mint(민트) ((주)디엔엔),언론사
2419,MiraCle 부곡 뉴스,언론사
2420,Miracle Generation,언론사
2421,Mmart24 엠·마·트,언론사
2422,Mold,언론사
2423,Mom's Happy Day,언론사
2424,Mom대로 키워라,언론사
2425,Money Tree(머니트리),언론사
2426,Moneyis(머니이즈) ((주)한국블록체인뉴스),언론사
2427,Mongolian & Korean News (주식회사 케이엠비(KMB)),언론사
2428,Monthly People (주식회사 월간인물),언론사
2429,Monthly Petercat Club (체셔랩 주식회사),언론사
2430,Monthly THE KOREA,언론사
2431,Monthly Travie(월간 트래비),언론사
2432,Monthly Whisky,언론사
2433,More Korea,언론사
2434,Motif(모티프),언론사
2435,Motive Effect(모티브 이펙트),언론사
2436,Move (주식회사 어라운더월드),언론사
2437,Movie Bee(무비비) ((주)비플레이),언론사
2438,Mp저널 (주식회사 메디팜스),언론사
2439,Multi-scale Multi-physics and Mechanics,언론사
2440,Muscle&Fitness ((주)요가저널코리아),언론사
2441,MyMedi(마이메디),언론사
2442,M기구필라테스 월간잡지,언론사
2443,M뉴스,언론사
2444,M스토리,언론사
2445,M시사경제매거진,언론사
2446,M포스트,언론사
2447,M필라테스위크,언론사
2448,NAC 미디어,언론사
2449,NAILHOLIC,언론사
2450,NATURAL PARK (주식회사 부원),언론사
2451,NAVY Times,언론사
2452,NBC-1TV,언론사
2453,NBM 뉴스 (주식회사 티앤에이코리아),언론사
2454,NBN 남한강뉴스 (남한강신문 주식회사),언론사
2455,NBN 시사경제 (주식회사 내외뉴스통신),언론사
2456,NBN미디어 (주식회사 엔비엔티브이),언론사
2457,NBS국민방송,언론사
2458,NB뉴스,언론사
2459,NCC (엔시시 주식회사),언론사
2460,NCS뉴스 ((주)코리아리크루트),언론사
2461,NCTV (주식회사 케이뉴스),언론사
2462,NEIGHBOR NEWS,언론사
2463,NEO (주식회사 네모난오렌지),언론사
2464,NEPA autocamping (평안섬유공업(주)),언론사
2465,NEW 신우뉴스,언론사
2466,NEWOUTDOOR,언론사
2467,NEWS CNE (유한책임회사 이묵),언론사
2468,NEWS DOWN NEWS(뉴스다운뉴스),언론사
2469,NEWS FOR 1(뉴스포원),언론사
2470,NEWS IN AMA(아마의 뉴스),언론사
2471,NEWS IN PEOPLE(N.I.P),언론사
2472,NEWS JAMM (스튜디오잼(주)),언론사
2473,NEWS LOOK(뉴스 룩),언론사
2474,NEWS TIME,언론사
2475,NEWS 경북,언론사
2476,NEWS 대한민국 해병대,언론사
2477,NEWS-i,언론사
2478,NEWSSHIN(뉴스신),언론사
2479,NEWSTAM(뉴스탐),언론사
2480,NEWSTOCK (주식회사 헤럴드이코노미미디어그룹),언론사
2481,NEWS日刊(뉴스일간),언론사
2482,NEWS신문 (주식회사 엔이더블유에스신문),언론사
2483,NEWS의왕,언론사
2484,NEWWAYS (사단법인 뉴웨이즈 (NEWWAYS)),언론사
2485,NEW시니어시대 (사단법인 환경지킴이),언론사
2486,NEW시민신문,언론사
2487,NEW연합국민뉴스,언론사
2488,NEXTTIMES (넥스트클럽 사회적협동조합),언론사
2489,NFN전국축제뉴스(NFN),언론사
2490,NFTK뉴스 (주식회사 트리코라이브),언론사
2491,NFT타임즈,언론사
2492,NF통신 (주식회사 엔에프통신 (NF Communication)),언론사
2493,NGN뉴스,언론사
2494,NGO 연합뉴스,언론사
2495,NGO뉴스타임24,언론사
2496,NGO연합방송,언론사
2497,NGO저널 (주식회사 엔지오미디어홀딩스),언론사
2498,NGO코리아,언론사
2499,NGTV(엔지티비) ((주)엔지티비(NGTV)),언론사
2500,NH news,언론사
2501,NH저널,언론사
2502,NIKOM 소식지 (한약진흥재단),언론사
2503,NKBS뉴스통신사,언론사
2504,NK경제 (엔케이미디어그룹(주)),언론사
2505,NMK뉴스통신 ((주)네이처미디어코리아),언론사
2506,NMK비즈타임즈,언론사
2507,NNK신문사,언론사
2508,NNK일보,언론사
2509,NOBEL NEWS,언론사
2510,NOBEL TIMES,언론사
2511,NONHYEON ADMITTO (주-파티나그룹서울),언론사
2512,NOW경기,언론사
2513,NPO 가이드스타,언론사
2514,NSP통신 ((주)엔에스피뉴스통신사),언론사
2515,NTD Korea ((주)에포크미디어코리아),언론사
2516,NTD뉴스 ((주)에포크미디어코리아),언론사
2517,NTTV (주식회사 케이뉴스),언론사
2518,NUN뉴스울산,언론사
2519,NUTS (주식회사 새쁨),언론사
2520,NWS내외방송,언론사
2521,NationalTimes,언론사
2522,Neuropsyche T,언론사
2523,Never Late(네버레잇),언론사
2524,New Magic Association,언론사
2525,New 월간 용인,언론사
2526,New 월드뮤직,언론사
2527,NewBIN AR,언론사
2528,NewM (주식회사 뉴엠),언론사
2529,Newface Paper,언론사
2530,News Current,언론사
2531,News HRD (사단법인 한국정보과학진흥협회),언론사
2532,News Hot People,언론사
2533,News In Book(뉴스인북),언론사
2534,News sos,언론사
2535,NewsMKorea,언론사
2536,NewsPan(뉴스판),언론사
2537,NewsTV(뉴스티브이),언론사
2538,Newsclip매일종교신문,언론사
2539,NewsnYouth,언론사
2540,Newton,언론사
2541,New뉴스통영,언론사
2542,New환경신문,언론사
2543,Next Plus,언론사
2544,NextG20(넥스트G20) (주식회사 에너지라이프),언론사
2545,Ngg뉴경기신문,언론사
2546,Nirvana,언론사
2547,Noblehouse(노블하우스),언론사
2548,Noblesse Oblige (한국공헌재단(주)),언론사
2549,Nouvelle Vague(누벨바그) (슈어 주식회사),언론사
2550,Nutriand(뉴트리앤),언론사
2551,N군위신문,언론사
2552,N뉴스통신 (사단법인 숲힐링문화협회 경지지부),언론사
2553,N플러스 (주식회사 그신문더미션),언론사
2554,OASIS ((주)아이오콘텐츠),언론사
2555,OBC 더원방송 (주식회사 더원미디어),언론사
2556,OBS 희나리 (경인방송 주식회사),언론사
2557,OG핫뉴스,언론사
2558,OK실버뉴스,언론사
2559,OLP저널(JOURNAL) (사단법인오피니언리더스클럽),언론사
2560,OMATE 시니어,언론사
2561,OMD Times,언론사
2562,OMG (오엠지협동조합),언론사
2563,ON SPORTS NEWS,언론사
2564,ON Time,언론사
2565,ON 뉴스,언론사
2566,ON(온) (재단법인 국민정책연구원),언론사
2567,OPEN DOORS,언론사
2568,ORANGE POST (오렌지포스트(주)),언론사
2569,OTN뉴스,언론사
2570,OTN매거진,언론사
2571,OTSTVENM,언론사
2572,OTT(오티티) (주식회사 오티티),언론사
2573,Odd and Ends,언론사
2574,Off(오프),언론사
2575,Ohmy원주,언론사
2576,Okay! News Vision,언론사
2577,On Board (한의정보협동조합),언론사
2578,OnFleek(온플리크) (주식회사 드림크리에이션),언론사
2579,Optical Business (주식회사 디엠링크(DM Link Inc.)),언론사
2580,Osteoporosis 2010,언론사
2581,OverDOSE (주식회사 인테그럴홀딩스),언론사
2582,O플러스투데이,언론사
2583,P&P 매거진,언론사
2584,P-TODAY,언론사
2585,PAPER Korea Army,언론사
2586,PAPER(페이퍼),언론사
2587,PAPERYIDEUM(페이퍼이듬),언론사
2588,PAR GOLF,언론사
2589,PARASKIN,언론사
2590,PASSION,언론사
2591,PA의 꿈과 도전 ((주)이젠테스크포스),언론사
2592,PBS 경찰방송,언론사
2593,PBS중앙방송,언론사
2594,PENTA PRESS,언론사
2595,PEOPLE FLOWER,언론사
2596,PEOPLE TODAY(피플투데이),언론사
2597,PEOPLE&COMPANY,언론사
2598,PEOPLE365 (주식회사 굿365),언론사
2599,PEOPLE365 TV (주식회사 굿365),언론사
2600,PERFORMANCE10,언론사
2601,PGNNews ((주)플레이골프신문사),언론사
2602,PILATES S (주식회사 메커니즘),언론사
2603,PILATES.IN (주식회사 옥시즌코리아),언론사
2604,PIPE,언론사
2605,PKSM포스트,언론사
2606,PLANET03(플래닛03) (플래닛03(주)),언론사
2607,PLUM BOON(플럼 분),언론사
2608,PM TIMES(피엠타임스) (엔에프엔 유한회사),언론사
2609,PMR Pilates 신문,언론사
2610,PNN뉴스 ((주)프라임방송),언론사
2611,POPCCORN,언론사
2612,POWER PEOPLE,언론사
2613,PPSS ((주)에바다아이엔씨),언론사
2614,PR NEWSCULTURE,언론사
2615,PRAAZINE(프라진),언론사
2616,PRACTICAL RADIOLOGY(프렉티컬,언론사
2617,PRAUDA(프라우다),언론사
2618,PROCESS뉴스,언론사
2619,PROFESSIONAL AUDIO.PA,언론사
2620,PROS VIEW(프로스뷰) (사단법인 한국프로스포츠협회),언론사
2621,PR위클리뉴스,언론사
2622,PSAT 저널,언론사
2623,PS인터넷신문 ((주)평생닷컴),언론사
2624,PTP위클리 ((주)더핏),언론사
2625,PYEONG TAEK PORT (사단법인 평택항발전협의회),언론사
2626,"Papers, Essays and Reviews",언론사
2627,Patent21 ((재)한국특허정보원),언론사
2628,Patriot,언론사
2629,People & People News,언론사
2630,People Today,언론사
2631,Peopleinterview,언론사
2632,PerfectCoffeeNews(퍼펙트커피뉴스),언론사
2633,Pharma Koreana,언론사
2634,Planet Life (주식회사 빅텐),언론사
2635,Play Golf(플레이골프),언론사
2636,Play On The Street(플레이 온 더 스트리트),언론사
2637,Poem & Art,언론사
2638,Poem People,언론사
2639,PopKorN(팝콘),언론사
2640,Potable,언론사
2641,Power Gen ((사)민간발전협회),언론사
2642,Power N News,언론사
2643,Practical CARDIOLOGY,언론사
2644,Practical Neurology Grand Round,언론사
2645,Practical Rheumatology,언론사
2646,Praisenews,언론사
2647,Press The경기(프레스 더경기),언론사
2648,Preview Tax (회계법인 상지원),언론사
2649,Pro Portrait,언론사
2650,Processology,언론사
2651,Q 헤어,언론사
2652,QDT(퀀테센스 덴탈 테크놀러지),언론사
2653,QNN NEWS (큐엔엔이십사(주)),언론사
2654,QOMPASS(콤파스),언론사
2655,QTin (재단법인 큐티선교회),언론사
2656,QTin Kids (재단법인 큐티선교회),언론사
2657,QTin Sprouts (재단법인 큐티선교회),언론사
2658,QTin Stars (재단법인 큐티선교회),언론사
2659,QTin Teens (재단법인 큐티선교회),언론사
2660,QTin Young (재단법인 큐티선교회),언론사
2661,QUARTER(쿼터) (에이치엘엘중앙(주)),언론사
2662,QUESTION,언론사
2663,Queen 이코노미퀸,언론사
2664,Queen 이코노미퀸 ((주) 매거진플러스),언론사
2665,Q뉴스,언론사
2666,Q이슈,언론사
2667,RACEPLAN ((주)윈시스),언론사
2668,RADISH,언론사
2669,RAIL&LIFE,언론사
2670,RAW Fotografo (주식회사 큰손),언론사
2671,RE,언론사
2672,RE magazine(알이매거진),언론사
2673,REACH,언론사
2674,REAL FOODS (주식회사 헤럴드),언론사
2675,RECORDUS,언론사
2676,RELIGION&PEACE ((사)종교평화국제사업단),언론사
2677,REMAX JOURNAL ((주)리맥스코리아),언론사
2678,RG News(알지뉴스),언론사
2679,RIOT MAGAZINE,언론사
2680,RNX ((주)더알엔엑스엔터테인먼트),언론사
2681,ROBOT PLUS 로봇신문 (주식회사로봇신문사),언론사
2682,ROKCTV 대한민국문화뉴스TV방송 SINCE 2009,언론사
2683,ROOT IN NEWS(루트 인 뉴스) (주식회사 써서노),언론사
2684,ROTARY,언론사
2685,ROTC,언론사
2686,ROTC NEWS,언론사
2687,RUN CITY (월스트리트잉글리쉬온라인 주식회사),언론사
2688,Radiology Update,언론사
2689,Ramede(라메드),언론사
2690,Ramede(라메드) (주식회사 엠미디어그룹),언론사
2691,Rank5,언론사
2692,Raum(라움) ((주)아이투엠),언론사
2693,Re Tour(레투어),언론사
2694,Re:move (주식회사 비파이브크루),언론사
2695,Real Korea ((주)디비씨홀딩스),언론사
2696,Rebeauty Magazine (주식회사 뷰티어게인),언론사
2697,Red Cross,언론사
2698,Regional Economic Review of East Asia,언론사
2699,Reptile,언론사
2700,Revenue ((주)꿈꾸는 어린왕자),언론사
2701,Rich plus,언론사
2702,Road (주식회사 우현미디어),언론사
2703,Roast Magazine (주식회사 기센코리아),언론사
2704,Robb Report,언론사
2705,Robb Report Korea ((주)티앤비미디어),언론사
2706,Rolling Stone Korea,언론사
2707,S&J일보,언론사
2708,S&T포커스 (주식회사 동아에스앤씨),언론사
2709,S-GOLF ((주)스크린골프뉴스사),언론사
2710,S. Economy ((주)파랑새),언론사
2711,S.I.B불교인터넷신문사 (사단법인 통불교),언론사
2712,S2U매거진,언론사
2713,SAGAK ART,언론사
2714,SALE(세일),언론사
2715,SAPTNEWS (에스케이시큐(주)),언론사
2716,"SBB Edu(soul,body,beauty) (주식회사 비비씨인터내셔날)",언론사
2717,SBB TV NEWS,언론사
2718,SBC news,언론사
2719,SBC 방송국,언론사
2720,SBC 서울불교방송 불교일보,언론사
2721,SBC월간시사,언론사
2722,SBN(성남분당네트워크),언론사
2723,SBNNEWS 서해신문,언론사
2724,SBNNEWS 서해신문 서해방송,언론사
2725,SBS Star ((주)에스비에스아이),언론사
2726,SBS매거진 ((주)에스비에스),언론사
2727,SBS연예뉴스 ((주)에스비에스아이),언론사
2728,SBS파워FM(에쓰비에스파워에프엠) ((주)애드맵),언론사
2729,SCANDAL(스캔들),언론사
2730,"SCF CHANNEL KOREA (에스씨에프채널코리아 주식회사(SCF CHANNEL KOREA Co., Ltd.))",언론사
2731,SCHOOLER JUNIOR(스쿨러주니어),언론사
2732,SCHOOLER(스쿨러),언론사
2733,SCIENCE MD NEWS (사이언스엠디뉴스투데이 주식회사),언론사
2734,SCJNEWS,언론사
2735,SCM저널,언론사
2736,SCOUT ((사)한국스카우트연맹),언론사
2737,SC뉴스,언론사
2738,SDGSTIMES,언론사
2739,"SDG뉴스(에스디지뉴스), SDG News",언론사
2740,SECURITY MANAGEMENT KOREA (주식회사 에스웨이이앤엠),언론사
2741,SECURITY SPECTRUM(안보 스펙트럼) (사단법인 한국안보협업연구소),언론사
2742,SEE,언론사
2743,SEHEN(제-엔) ((주)니코스미디어),언론사
2744,SELUB (주식회사 폴리티컬소셜클럽),언론사
2745,SEM,언론사
2746,SEN-PRESS ((주)센프레스),언론사
2747,SF뉴스,언론사
2748,SGN뉴스(Saerom Governance Network News),언론사
2749,SHOPLE,언론사
2750,SHS포커스,언론사
2751,SINSA ADMITTO (주-파티나그룹서울),언론사
2752,SISA WIDE,언론사
2753,SISA 포스트코리아신문,언론사
2754,SISAPHOTONEWS,언론사
2755,SJBnews (주식회사 에스제이비미디어),언론사
2756,SKANFORM ((주)스칸폼),언론사
2757,SMC NEWS (주식회사 캔코),언론사
2758,SMILE,언론사
2759,SMILENEWS 365,언론사
2760,SMKS ((주)에스엠케이에스),언론사
2761,SM신문,언론사
2762,SNS Channel ((주)SNS채널미디어),언론사
2763,SNS INSIDE(에스엔에스 인사이드) (빅텍미디어 주식회사),언론사
2764,SNS M(Star&Story mainnews) (주식회사 메인이뉴스),언론사
2765,SNS WIDE,언론사
2766,SNS today ((주)미디어웍스),언론사
2767,SNS 타임즈 ((주)굿잡굿피플),언론사
2768,SNS-M매거진,언론사
2769,SNSNEWS,언론사
2770,SNSNEWS ((주)에스엔에스미디어그룹),언론사
2771,SNSnews Korea,언론사
2772,SNS국민기자단,언론사
2773,SNS상생신문. ((주) 다이비즈),언론사
2774,SNS와이어 (주식회사 골드넥스),언론사
2775,SNS채널뉴스(SNS CHANNEL NEWS),언론사
2776,SOL (주식회사 에스오엘),언론사
2777,SOLIC MAGAZINE (이엑스엠지(주)),언론사
2778,SPN서울평양뉴스(서평뉴스) ((주)에스피엔서울평양뉴스),언론사
2779,SPORTS HB (주식회사 산업뉴스),언론사
2780,SP데일리 (주식회사 에스피데일리),언론사
2781,SP투데이 ((주)에스피투데이),언론사
2782,SRT (주식회사 에스알),언론사
2783,SR타임스 ((주)에스알미디어그룹),언론사
2784,SSDaily (사단법인 시스템동바리비계협회),언론사
2785,STAPLE,언론사
2786,STAR STUDIO (주식회사 월드컴코리아),언론사
2787,STARAZ(스타에이지) ((주)에이지미디어),언론사
2788,START-UP News(스타트-業 뉴스) (주식회사 이백),언론사
2789,STBC(에스티비씨) ((주)쎄니팡),언론사
2790,STEEL&STEEL,언론사
2791,STI Policy Review (과학기술정책연구원),언론사
2792,STN NEWS (주식회사 에스티엔뉴스),언론사
2793,STYLEGRAPHER,언론사
2794,STYLER(스타일러),언론사
2795,ST뉴스 (세계미디어(주)),언론사
2796,SUMMERLY TASTE(써머리테이스트),언론사
2797,SUN HEUNG TIMES(順興times),언론사
2798,SUNDAY KOREA,언론사
2799,SU미디어,언론사
2800,SWEET (스위트) (주식회사 동양고속미디어),언론사
2801,SWiTV성운방송 (협동조합 성운미디어),언론사
2802,SYB소비자연합방송,언론사
2803,SY교육뉴스,언론사
2804,Salon de l'Illustration,언론사
2805,"Sarm(삶, 사람)",언론사
2806,Sauvage Magazine,언론사
2807,Sayaka,언론사
2808,Sayaka 한국어판,언론사
2809,Sayart ((주)세이아트코리아),언론사
2810,Sbiz.news(에스비즈뉴스) ((주)에스비즈미디어),언론사
2811,Scholars Weekly,언론사
2812,Secret B+MAXQ 합본호 (주식회사 맥스큐인터내셔널),언론사
2813,Senior Sports,언론사
2814,"Seoul Business Review(SBR, 서울비즈니스리뷰)",언론사
2815,Sewing Factory(소잉 팩토리) (마이클앤선솔루션 주식회사),언론사
2816,Shalom QT,언론사
2817,Shippers Journal (주식회사 미디어케이앤),언론사
2818,Show Case(쇼케이스) ((주)디엔엔),언론사
2819,Singers News(씽어즈 뉴스),언론사
2820,Singles Wedding(싱글즈 웨딩),언론사
2821,SisamagazineTheKoreaTimes,언론사
2822,Small Animal Practice,언론사
2823,Smart Life,언론사
2824,Smart Life with Meritz,언론사
2825,Smart News(스마트뉴스) (칠곡신문방송사 주식회사),언론사
2826,Social Worker (한국사회복지사협회),언론사
2827,SoolCoree(술꼬레),언론사
2828,Soul Play,언론사
2829,Special Edition+MAXQ합본호 (주식회사 맥스큐인터내셔널),언론사
2830,Speople News(에스피플 뉴스),언론사
2831,Sports1 (대한체육회),언론사
2832,Star K ((주)티비리포트),언론사
2833,StartOne(스타트원) (주식회사 유니에스티),언론사
2834,Startup Radar(스타트업레이더) (주식회사 스타트업레이더),언론사
2835,StartupRadar Korea(스타트업레이더 코리아) (주식회사 스타트업레이더),언론사
2836,StereoSound(스테레오사운드),언론사
2837,Strategy 21,언론사
2838,Studies inUrbanhumanities,언론사
2839,Style book(스타일북),언론사
2840,StyleRock Magazine(스타일락 매거진),언론사
2841,SumNews (주식회사 캐스트넷),언론사
2842,SummitMD News (재단법인 심장혈관 연구재단),언론사
2843,Sun & Light (주식회사 바른기업),언론사
2844,SunEcube,언론사
2845,Super Bike (바이크가이드 주식회사),언론사
2846,S라이프뉴스(S Life News),언론사
2847,S바디타임즈(등촌점),언론사
2848,S요가필라테스뉴스,언론사
2849,S저널 ((주)비즈니스트리뷴),언론사
2850,T O K E V I magazine (주식회사 호호당),언론사
2851,T.A Ticket Magazine ((주)애드엠),언론사
2852,T.S.A (Top Star in the Asia),언론사
2853,T.able MagaZine,언론사
2854,TATTOO TRIBAL,언론사
2855,TATTTOO(문신예술세계),언론사
2856,TBA뉴스,언론사
2857,TECH M (주식회사 테크엠),언론사
2858,TEFL News,언론사
2859,TEMPLE TOUR (뉴스코리아 주식회사),언론사
2860,TGN 땡큐굿뉴스 (주식회사 티지엔땡큐굿뉴스),언론사
2861,TG뉴스(부천시청역점) ((주)터짐컴퍼니),언론사
2862,TG뉴스(화정점),언론사
2863,THE ART KOREA(더 아트 코리아) ((주)아이유토스페이스),언론사
2864,THE BC,언론사
2865,THE BOLD PAGE (주식회사 포듐컴퍼니),언론사
2866,THE BURNING(버닝),언론사
2867,THE Biz(더비즈) (이슈앤비즈미디어(주)),언론사
2868,THE CAFESHOW,언론사
2869,THE CEO,언론사
2870,THE CHRISTIAN WORLD MONITOR ((주)크리스찬신문사),언론사
2871,THE DIPLOMACY,언론사
2872,THE E-STATION,언론사
2873,THE EDUCLOUD,언론사
2874,THE GLOBE (글로브코리아(주)),언론사
2875,THE HIGH END(더하이엔드) ((주)신영엠앤씨),언론사
2876,THE HONORS (재단법인 한국경제기획연구원),언론사
2877,THE INVESTOR (주식회사 헤럴드),언론사
2878,THE KOREA ECONOMIC DAILY GLOBAL EDITION (주식회사 한경글로벌뉴스네트워크),언론사
2879,THE KOREA NEWS (더코리아뉴스협동조합),언론사
2880,THE MATCH,언론사
2881,THE MOVE,언론사
2882,THE NANUM TIMES (주식회사 우리나눔),언론사
2883,THE NEXT (주식회사 넥스젠바이오텍),언론사
2884,THE PET(더펫),언론사
2885,THE PILATES JOURNAL ((주)요가저널코리아),언론사
2886,THE PLAYER(더 플레이어),언론사
2887,THE PR ((주)온전한커뮤니케이션),언론사
2888,THE PR(더피알) ((주)온전한커뮤니케이션),언론사
2889,THE SCALEUP ((주)스타트업성장연구원),언론사
2890,THE SPIKE (주식회사 제이앤제이미디어),언론사
2891,THE STAR ((주)더스타미디어),언론사
2892,THE TECH EDGE (주식회사 더테크엣지),언론사
2893,THE THANKS (주식회사 누비터커뮤니케이션),언론사
2894,THE UNITED,언론사
2895,THE WAY BACK(돌아오는 길) (따뜻한삼촌사회적협동조합),언론사
2896,THE WORLD'S SEOUL,언론사
2897,THE Zenith,언론사
2898,THE 복지,언론사
2899,THE 좋은세상,언론사
2900,THE 태권,언론사
2901,THE 함안신문 ((주)더함안신문),언론사
2902,THE100 (중앙일보에스 주식회사),언론사
2903,THEA매거진,언론사
2904,THESEOULIVE(더서울라이브) (주식회사 책),언론사
2905,THE새창녕신문,언론사
2906,THE유통매거진 (사단법인 한국마트협회),언론사
2907,THE인천,언론사
2908,THISCOMESFROM,언론사
2909,THYROID UPDATE,언론사
2910,TIME Korea(타임코리아) (주식회사 크리스앤앨리),언론사
2911,TIME TRAVELERS(시간여행자),언론사
2912,TIN뉴스 (주식회사 티아이엔뉴스),언론사
2913,TJB M ((주)티제이비),언론사
2914,TJ뉴스,언론사
2915,TK 24,언론사
2916,TKN뉴스,언론사
2917,TKTV인터넷신문,언론사
2918,TK시니어신문,언론사
2919,TK위클리매거진,언론사
2920,"TK저널 (주식회사 티케이저널(TK Journal Co.,Ltd))",언론사
2921,TK타임즈,언론사
2922,TMI뉴스 (주식회사 카붐),언론사
2923,TNTimes (주식회사 쥐제이),언론사
2924,TODAY스포츠 ((주)투데이스포츠),언론사
2925,TOGETHER SANGJU,언론사
2926,TOOL (크레텍책임(주)),언론사
2927,TOOLS MAGAZINE(툴즈 매거진) (주식회사 블랭크코퍼레이션),언론사
2928,TOP시사뉴스,언론사
2929,TOYBOX,언론사
2930,TP 파트너스 인증원,언론사
2931,TP뉴스 (주식회사 터닝포인트짐),언론사
2932,TP미디어 (주식회사 터닝포인트짐),언론사
2933,TP브릿지 (주식회사 터닝포인트짐),언론사
2934,TP인사이드 (주식회사 터닝포인트짐),언론사
2935,TP인포 (주식회사 터닝포인트짐),언론사
2936,TRAVEL INSIGHT(트래블인사이트) ((주)케이패스미디어그룹),언론사
2937,TRXN,언론사
2938,TS for you,언론사
2939,TSA 타임즈 (주식회사 팀스튜디오에이),언론사
2940,TSN KOREA(티에스엔 코리아) ((주)티에스엔코리아),언론사
2941,TSN뉴스,언론사
2942,TS매거진,언론사
2943,TT위클리,언론사
2944,TUNA,언론사
2945,TUNG 텅,언론사
2946,TURN NING POINTS(터닝포인츠) (주식회사 뉴스1),언론사
2947,TV Daily(티브이데일리) ((주)티브이데일리),언론사
2948,TV and Style Japan(티비앤스타일 재팬) ((주)미디어앤스토리),언론사
2949,TV and Style(티비앤스타일) ((주)미디어앤스토리),언론사
2950,TVCC NEWS ((주) 티브이씨씨),언론사
2951,TV가이드,언론사
2952,TV경기방송 (티브이경기방송 주식회사),언론사
2953,TV리포트,언론사
2954,TV맛 (유한회사 티브이맛),언론사
2955,TV서울 (주식회사시사연합),언론사
2956,TV조선 ((주)TV조선),언론사
2957,TWIG24 ((주)트윅24),언론사
2958,TWIN(Together World In News) KOREA,언론사
2959,TWO CHAIRS (에이치엘엘중앙(주)),언론사
2960,Tattoo ((주)케이패스미디어그룹),언론사
2961,Tax Watch(택스워치) (주식회사 택스워치),언론사
2962,Tech M(테크엠) (주식회사 테크엠),언론사
2963,Tech42 (주식회사 포티투마루),언론사
2964,Technology Imagination Future,언론사
2965,Tenantnews (테넌트뉴스),언론사
2966,Thanks giving,언론사
2967,The AI (주식회사 더에이아이),언론사
2968,The AI 타임즈,언론사
2969,The ANALYST(디 애널리스트),언론사
2970,The Aesthetics (주식회사 대한레이저피부모발학회),언론사
2971,The Assembly,언론사
2972,The Brain Times,언론사
2973,The CBO,언론사
2974,The CEO GyeongBuk,언론사
2975,The CEO Magazine,언론사
2976,The CFO(더 씨에프오) ((주)재정일보사),언론사
2977,The Celebrity ((주)더셀러브리티(The Celebrity lnc.)),언론사
2978,The Company Times(더컴퍼니타임스) (잡플래닛 유한회사),언론사
2979,The Doctor''s,언론사
2980,The EK News(영한신문),언론사
2981,The Earthian Tales(어션 테일즈) (주식회사 아작),언론사
2982,The East Chronicle,언론사
2983,The Economy,언론사
2984,The Economy Korea (지아이에이아이코리아 주식회사),언론사
2985,The FAB,언론사
2986,The Fab(더 팹),언론사
2987,The First ((주)더퍼스트마케팅),언론사
2988,The FoRest 매거진,언론사
2989,The Gotcha News,언론사
2990,The Grace Herald,언론사
2991,The Green Cup (주식회사 포테이토프로젝트),언론사
2992,The Han Post,언론사
2993,The Horse News (주식회사 더홀스),언론사
2994,The Imaginary Pocus,언론사
2995,The Junior Herald ((주)헤럴드아카데미),언론사
2996,The K Beauty Science,언론사
2997,The K Health(더 케이 헬스) (주식회사 헬스케어포럼),언론사
2998,The K-IDOL (주식회사 엠지엠미디어),언론사
2999,The K-beauty Science(더케이뷰티사이언스) (더케이뷰티사이언스 주식회사),언론사
3000,The K-pop ((주)더그루브엔터테인먼트),언론사
3001,The Korea Culture News (주식회사 코리아컬쳐뉴스),언론사
3002,The Korea Herald (주식회사 헤럴드),언론사
3003,The Korea Post (주식회사 코리아포스트),언론사
3004,The Korea Times ((주)코리아타임스),언론사
3005,The Kosmosis,언론사
3006,The Leaders Times(더리더스타임즈) ((주)제이에스월드),언론사
3007,The Locals,언론사
3008,The Lockerroom ((주) 더라커룸),언론사
3009,The Mess,언론사
3010,The MetaX (주식회사 메타엑스미디어 (METAX MEDIA)),언론사
3011,The Mfor,언론사
3012,The Mission Times (더미션타임즈 주식회사),언론사
3013,The Mom,언론사
3014,The Music Telegraph(뮤직텔레그래프),언론사
3015,The National Post,언론사
3016,The Neutrl (더뉴츄럴 주식회사),언론사
3017,The New Stance(뉴 스탠스),언론사
3018,The New Times(더뉴타임스),언론사
3019,The New York Times (중앙데일리(주)),언론사
3020,The Nodist ((주)더노디스트),언론사
3021,The PROMISE ((주)케이아이비밴드),언론사
3022,The Politician (주식회사 창업경영신문사),언론사
3023,The Politics,언론사
3024,The Press(더 프레스) ((주)디엔엔),언론사
3025,The Psychology Times (주식회사 엠피스트),언론사
3026,The Review of Korean Studies (재단법인 한국학중앙연구원),언론사
3027,The Road,언론사
3028,The STREET(더 스트릿) ((주)스타일위키),언론사
3029,The Scoop,언론사
3030,The Scoop(더스쿠프) ((주)더스쿠프),언론사
3031,The Space Story (주식회사 창업경영신문사),언론사
3032,The Stewardess(더스튜어디스),언론사
3033,The TAXTV(더택스TV),언론사
3034,The Traveller Premium Edition(더트래블러프리미엄에디션),언론사
3035,The Truth(더 트루스),언론사
3036,The Volleyball(더 발리볼) ((주)엠와이에스티),언론사
3037,The Wedding(더 웨딩),언론사
3038,The Wonder (더 원더) (주식회사 라이프케어),언론사
3039,The World Korea (주식회사 외교문화뉴스),언론사
3040,The World Korea e Times,언론사
3041,The Yakup ((주)약업신문),언론사
3042,The Young Press,언론사
3043,The artpeople (주식회사 후플러스),언론사
3044,The best care (제주대학교병원),언론사
3045,The change,언론사
3046,The changwon herald,언론사
3047,The life Weekly,언론사
3048,The signature Aesthetic&Spa magazine ((주)스토리어스),언론사
3049,The world in korea Times,언론사
3050,The 뉴스라인,언론사
3051,The 라이프,언론사
3052,The 바른소리 ((주)환경연구소 바른),언론사
3053,The 조은신문,언론사
3054,The-K 매거진 (한국교직원공제회),언론사
3055,TheAG매거진,언론사
3056,TheMartus,언론사
3057,TheSEN NEWS (주식회사 더센),언론사
3058,Thelocalpost,언론사
3059,Thepress-TV (케이뉴스 주식회사(k-news)),언론사
3060,There is [ ],언론사
3061,The대한일보 (대한일보주식회사),언론사
3062,The스마일타임즈,언론사
3063,The인사이트뉴스,언론사
3064,The자유일보,언론사
3065,The치매동행뉴스,언론사
3066,ThongTinHanQuoc,언론사
3067,Time Journey,언론사
3068,ToPdaily(톱데일리) (주식회사 리프레스),언론사
3069,Today Blessing (오늘의축복),언론사
3070,TodayMission(투데이미션),언론사
3071,Today`s Bereans,언론사
3072,Tokujoy ((주)월드조이(world joy)),언론사
3073,Tomorrow,언론사
3074,TopGear(탑기어) (그릿모터테인먼트 주식회사),언론사
3075,Topstarmagazine (주식회사 다윈케이에스운용),언론사
3076,Top한국방송,언론사
3077,Trade & Security (전략물자관리원),언론사
3078,Travel Bike News,언론사
3079,Trend of Fitness (주식회사 닥터발란스(Dr.Balance)),언론사
3080,Trendit(트렌드IT),언론사
3081,Triple M,언론사
3082,Troy news (주식회사 애플트리아카데미),언론사
3083,Truck & bus(트럭앤버스) (주식회사 상용차정보),언론사
3084,TuneX (주식회사 카모드),언론사
3085,Turbonews(터보뉴스),언론사
3086,Typing,언론사
3087,U&I,언론사
3088,U's line,언론사
3089,U-헬스케어,언론사
3090,UA1매거진,언론사
3091,UAH 스토리,언론사
3092,UBIResearchNet ((주)유비산업리서치),언론사
3093,UBS 인천저널,언론사
3094,UF코리아문예지 ((주) 시와 사람),언론사
3095,UGN경북뉴스,언론사
3096,UIK 유익 (주식회사 유익컴퍼니),언론사
3097,UKFN,언론사
3098,UMK 뉴스통신 (주식회사 유엠케이),언론사
3099,UN 세계국가,언론사
3100,UNEARTH 한국의 고고학,언론사
3101,UNIMATE(유니메이트) (주식회사 잡메이트),언론사
3102,UNJournal (UN 저널) (주식회사 담화미디어그룹),언론사
3103,UN국회대학교,언론사
3104,UN세계청소년의날신문,언론사
3105,UN세계청소년의날신문 ((주)한국방송미디어그룹),언론사
3106,UN피스코타임즈,언론사
3107,UPN,언론사
3108,UP위클리매거진,언론사
3109,UP정보신문,언론사
3110,URBAN LIVE(어반리브),언론사
3111,URBAN-TALK(어반톡) (어반톡(주)),언론사
3112,URBANLIKE(어반라이크) ((주)어반북스),언론사
3113,UX 리뷰,언론사
3114,Union도안뉴스,언론사
3115,University journal,언론사
3116,Up&Down (한국승강기안전기술원),언론사
3117,Urban Planner S (사단법인 한국도시계획가협회),언론사
3118,U데일리스포츠,언론사
3119,V2R타임즈,언론사
3120,VACAY (주식회사 노마드프로젝트),언론사
3121,VALETE MAGAZINE (주-파티나그룹서울),언론사
3122,VALGRE SO HOT,언론사
3123,VAN NEWS (밴뉴스 주식회사),언론사
3124,VDCM ((주)미디어브리지),언론사
3125,VIDEO&SOUND (미디어하나 주식회사),언론사
3126,VIDEOPLUS(비디오플러스) (주식회사 한국이엔에이),언론사
3127,VILLAIN(빌런) (주식회사 미디어플래그),언론사
3128,VINE,언론사
3129,VIP뉴스,언론사
3130,VIP롯데아멕스법인카드 ((주)한틀),언론사
3131,VIP머니투데이 ((주)머니투데이),언론사
3132,VISLA MAGAZINE (주식회사 비즐라),언론사
3133,VK Daily (주식회사 한국유학신문),언론사
3134,VKN국회뉴스,언론사
3135,VLEGEND,언론사
3136,VMAX,언론사
3137,VOLO,언론사
3138,VRN,언론사
3139,VVIP롯데아멕스법인카드 ((주)한틀),언론사
3140,VVVIP롯데아멕스법인카드 ((주)한틀),언론사
3141,Vergil America,언론사
3142,View and review (주식회사 멀티라인 (MULTI LINE Inc.)),언론사
3143,Vision System(비전시스템),언론사
3144,Vital Economist(바이탈이코노미스트) (크레온창의콘텐츠그룹(주)),언론사
3145,WAFL touch ((사)더블유에이에프엘),언론사
3146,WAIC(국제독립교회연합회) ((사)국제독립교회연합회),언론사
3147,WARP(워프) 매거진,언론사
3148,WARP(워프) 매거진 ebook,언론사
3149,WATCHER,언론사
3150,WBC복지TV충남방송,언론사
3151,WBF(더블유비에프) ((주)에이치케이미디어웍스),언론사
3152,WB타임즈(WBTIMES) (주식회사 벨라인),언론사
3153,WCP한자서당,언론사
3154,WDN(WELFARE DAILY NEWS),언론사
3155,WEEKLY저널 (주식회사 위클리저널),언론사
3156,WEEKLY저널e (주식회사 위클리저널),언론사
3157,WE필라테스 뉴스,언론사
3158,WGSN TREND (아이티디코리아 주식회사),언론사
3159,WIND BRASS,언론사
3160,WIPNEWS,언론사
3161,WIRED Korea ((주)스포티비와이어드),언론사
3162,WISE 4060,언론사
3163,WLB TOPNEWS,언론사
3164,WONDER4.0,언론사
3165,WORKERS(워커스),언론사
3166,WPH포커스,언론사
3167,WTN,언론사
3168,WWD KOREA (주식회사 더블유더블유디코리아),언론사
3169,Wannagirls ((주)제이윤컨텐츠),언론사
3170,Watcherdaily ((주)의림),언론사
3171,Wealth Management,언론사
3172,Wealth Management ((주)한국금융신문사),언론사
3173,Wedding Avenue(웨딩 에비뉴) (주식회사 한국웨딩네트웍스),언론사
3174,Wedding h(웨딩에이치) (주식회사 헤라스미디어),언론사
3175,Week Golf(위크골프),언론사
3176,Weekly Economy Journal ((주)지오텍홀딩스),언론사
3177,Weekly Music,언론사
3178,Weekly concentra DaL 믜디일보 (샤리만수 유한책임회사),언론사
3179,Weekly 취업정보지,언론사
3180,Welcome Jeju (주식회사 동부레저),언론사
3181,Well(웰)-경마,언론사
3182,WhatsUp (왓츠업),언론사
3183,Who I am(후아이엠) ((주)에이치앤씨후아이엠),언론사
3184,Why times ((주)와이타임즈),언론사
3185,Wind Power,언론사
3186,Winnyk star(위니케이 스타) (주식회사 위니케이),언론사
3187,Wonder,언론사
3188,Won요가필라테스타임즈,언론사
3189,Worknplay Magazine ((주)워크앤플레이),언론사
3190,World Insight News ((주) 이엔아이센터),언론사
3191,World in Korea Times,언론사
3192,W저널 ((주)뉴려),언론사
3193,W필라BS뉴스,언론사
3194,X KWAVE (주식회사 호호호케이웨이브),언론사
3195,XITY (주식회사 휴먼밸류),언론사
3196,XRNEWS,언론사
3197,XXLSTYLE ((주)엑스엑스엘),언론사
3198,Y (주식회사 노블레스미디어인터내셔날),언론사
3199,Y2K뉴스,언론사
3200,YBNTV뉴스 ((사)한국불우청소년선도회),언론사
3201,YBS (주식회사 호형호제),언론사
3202,YDMCN 타임즈,언론사
3203,YES(예스) (교차로주식회사),언론사
3204,YES24 채널예스,언론사
3205,YGM매거진,언론사
3206,YJ뷰티매거진,언론사
3207,YMCA,언론사
3208,YNP,언론사
3209,YN뉴스(Yeong Nam News) (주식회사 영남미디어문화재단),언론사
3210,YN영남매일뉴스,언론사
3211,YPN NEWS,언론사
3212,YPR,언론사
3213,YS(와이에스) 매거진,언론사
3214,YTN ((주)와이티엔),언론사
3215,YTN star ((주)와이티엔),언론사
3216,YTN 사이언스 ((주)와이티엔),언론사
3217,YTN2 ((주)와이티엔),언론사
3218,YTN경제뉴스 (주식회사 와이티엔경제뉴스),언론사
3219,YULI이야기 (주식회사 율리너),언론사
3220,Year‘s Book of the AVEC 2024,언론사
3221,Yellow,언론사
3222,Yonsei Journal of Clinical Orthodontics,언론사
3223,YouPolyNews ((주)예성홀딩스),언론사
3224,Young Comic (주식회사 디엔데),언론사
3225,Young&Silver medimedia,언론사
3226,Your Right (주식회사 꺄홋출판사),언론사
3227,Y사이드저널,언론사
3228,Y시사타임즈,언론사
3229,ZINBOOK신문 ((주)코리아에듀테인먼트),언론사
3230,ZIPCOCK,언론사
3231,Z_ZIN ((주)제트진),언론사
3232,Zoom In,언론사
3233,_보다,언론사
3234,aT 사보,언론사
3235,about shop ((주)아무컴퍼니(Yamoo C.C.L.)),언론사
3236,acamania(아카매니아) ((주)뷰티 앤 아카데미),언론사
3237,across,언론사
3238,actorsview,언론사
3239,aesthetic trend ((주)모스트엠),언론사
3240,afew(어퓨) ((주)도츠),언론사
3241,aigreen뉴스,언론사
3242,ai툴즈비 ((주)현설),언론사
3243,akte<아크테>,언론사
3244,alchedek (주식회사 월간인물),언론사
3245,alibabanews ((주)엔젤파워),언론사
3246,allnews,언론사
3247,an usual (주식회사 스튜디오봄봄),언론사
3248,answer(앤써) (주식회사 해오름커뮤니케이션즈),언론사
3249,answer뉴스,언론사
3250,arte ((주)한국경제신문),언론사
3251,artnow,언론사
3252,audiopie,언론사
3253,awtoday(오토메이션월드투데이) (주식회사 이미지네트웍스),언론사
3254,azitdaily(아지트데일리),언론사
3255,b Magazine (국제이스포츠아카데미 주식회사),언론사
3256,babee(베이비) (주식회사 인더북),언론사
3257,bear,언론사
3258,beautynury 화장품신문 (뷰티누리(주)),언론사
3259,beautyup,언론사
3260,begun(비건),언론사
3261,bhs저널,언론사
3262,billanthropy,언론사
3263,billboardkorea(빌보드코리아) ((주)빌보드코리아미디어),언론사
3264,bjn ((주)비제이엔),언론사
3265,bkjn magazine,언론사
3266,blue economy,언론사
3267,bnt중국경제신문 ((주)비앤티중국경제신문),언론사
3268,bpilates studio,언론사
3269,c-in 데일리신문,언론사
3270,c3globe,언론사
3271,c3korea,언론사
3272,campuscine21 (씨네21 주식회사),언론사
3273,carnnews ((주)에이치에이커뮤니케이션즈),언론사
3274,cbcnews,언론사
3275,cbc충남방송 (주식회사 충남미디어센터),언론사
3276,ccnkorea ((주)한기총신문),언론사
3277,ceci ANOTHER CHOICE (에이치엘엘중앙(주)),언론사
3278,civil post(시빌포스트),언론사
3279,civilwatchers (디쿤스트그룹 주식회사),언론사
3280,clara,언론사
3281,classaround ((주)클래스어라운드),언론사
3282,close up(클로즈업),언론사
3283,cnc타임즈,언론사
3284,coffeedaily(커피데일리) ((주)커피비평가협회),언론사
3285,commasharp,언론사
3286,consumuch ((주)미디어넷),언론사
3287,cun(유니온뉴스),언론사
3288,cyn(씨와이엔연합뉴스) ((주)기독교연합뉴스),언론사
3289,daily WAVE,언론사
3290,designmylove 행복나눔,언론사
3291,di alto livello,언론사
3292,dig(디그),언론사
3293,dimvis.com (주식회사 드림포유),언론사
3294,dito&ditto(디토앤디토) ((주)디토플랜티),언론사
3295,dmb국회방송 ((주)디엠비국회방송),언론사
3296,doctor W,언론사
3297,doctor W (주식회사 메디컬저널),언론사
3298,dongsamuso,언론사
3299,drip,언론사
3300,dstv(한국교회공보),언론사
3301,e 고려신문,언론사
3302,e 광주뉴스 (주식회사 광주뉴스),언론사
3303,e 스마트뉴스 ((주)바로페이),언론사
3304,e-MissionToday(e-미션투데이),언론사
3305,e-Peace Road (재단법인 세계피스로드재단),언론사
3306,e-강남신문 ((주)강남신문),언론사
3307,e-경남사회복지문화신문 (사단법인 경남라움사회복지진흥원),언론사
3308,e-경상일보,언론사
3309,e-그린뉴스,언론사
3310,e-금강뉴스 (주식회사 금강뉴스),언론사
3311,e-나라경제 (한국개발연구원),언론사
3312,e-논산신문,언론사
3313,e-뉴스 25 (주식회사 한국법률데이터),언론사
3314,e-뉴스레이더 (주식회사 뉴스레이더),언론사
3315,e-뉴스터치,언론사
3316,e-당진뉴스 (주식회사 인터넷당진신문),언론사
3317,e-미래뉴스 (주식회사 미래기획1),언론사
3318,e-부여신문,언론사
3319,e-빠른뉴스(e-fastnews) ((주)파워라이프),언론사
3320,e-울산광역매일 ((주)광역매일),언론사
3321,e-울산매일신문 (주식회사 울산매일신문사),언론사
3322,e-울산시민신문 (주식회사 울산시민신문),언론사
3323,e-주간시흥 (주식회사 비전시흥),언론사
3324,e-청양신문 (주식회사 청양신문사),언론사
3325,e-파이낸스(e-finance),언론사
3326,e-환경과조경 ((주)환경과조경),언론사
3327,e4ds news (주식회사 채널5코리아),언론사
3328,eCNN교육방송 (주식회사 이씨엔엔교육방송),언론사
3329,eNEWS,언론사
3330,ebiznews ((주)이비즈미디어),언론사
3331,eco24,언론사
3332,ecoedustory (주식회사 대전중부평생교육원),언론사
3333,ecosus,언론사
3334,eco환경뉴스,언론사
3335,elec4 (스마트앤컴퍼니주식회사),언론사
3336,enews24,언론사
3337,enter today,언론사
3338,enter1news(엔터1뉴스),언론사
3339,estartup (레플커뮤니케이션(주)),언론사
3340,e美지,언론사
3341,e검경일보,언론사
3342,e경제일보 (주식회사 동방뉴스코퍼레이션),언론사
3343,e광주저널 (주식회사 광주저널),언론사
3344,e광진의 소리,언론사
3345,e교육신문,언론사
3346,e글로벌이코노믹 (주식회사 그린미디어),언론사
3347,e녹색친환경신문,언론사
3348,e뉴스라인 (뉴스라인 주식회사),언론사
3349,e뉴스페이퍼,언론사
3350,e뉴스한국,언론사
3351,e다가치 (주식회사 노빵미디어),언론사
3352,e대학저널(이대학저널),언론사
3353,e대한경제 ((주)대한경제신문사),언론사
3354,e데일리 뉴스,언론사
3355,e동작신문,언론사
3356,e마을뉴스 ((주)자하스마트),언론사
3357,e마인드포스트 (마인드포스트 사회적협동조합),언론사
3358,e매일뉴스,언론사
3359,e문화저널,언론사
3360,e미술세계 ((주)대한언론인회미디어본부),언론사
3361,e복음과상황,언론사
3362,e부동산인천,언론사
3363,e불교복지신문,언론사
3364,e붓다,언론사
3365,e사천신문,언론사
3366,e사회복지환경뉴스,언론사
3367,e새한일보,언론사
3368,e스포츠,언론사
3369,e스포츠news (주식회사 엘미디어),언론사
3370,e스포츠뉴스,언론사
3371,e스포츠코리아신문,언론사
3372,e시민일보,언론사
3373,e시사우리신문 ((주)미디어우리),언론사
3374,e시사코리아저널,언론사
3375,e시티뉴스,언론사
3376,e시흥저널 (주식회사 시흥저널),언론사
3377,e오산시민신문 (주식회사 오산시민신문사),언론사
3378,e온더레코드 ((주)코리아미디어랩),언론사
3379,e월간독서 ((주)에이원뉴스),언론사
3380,e장애인신문 ((주)이장애인신문),언론사
3381,e조은뉴스,언론사
3382,e조은방송,언론사
3383,e종로구정신문,언론사
3384,e주간신문 ((주)이코노믹포스트),언론사
3385,e지역news,언론사
3386,e충남시사신문,언론사
3387,e투데이뉴스,언론사
3388,e프라임뉴스(e-prime news) (프라임뉴스(주)),언론사
3389,factNkorea,언론사
3390,factmainnews,언론사
3391,find (디자인프레스 주식회사),언론사
3392,firstdot ((주)고블린콘텐츠앤엔터테인먼트),언론사
3393,firstdotglobal ((주)고블린콘텐츠앤엔터테인먼트),언론사
3394,fn아이포커스 (에프앤아이포커스 주식회사),언론사
3395,food in 사람人,언론사
3396,foot,언론사
3397,gb저널,언론사
3398,ggumggi(꿈끼) ((주)덱스미디어그룹),언론사
3399,go marina,언론사
3400,golf travel ((주)골프트래블),언론사
3401,goodas alliance (구다스얼라이언스 유한회사),언론사
3402,goodmorningkorea,언론사
3403,hanstar ((주)한스타미디어),언론사
3404,healtip (힐팁),언론사
3405,hey! TRAVEL 헤이트래블 ((주)반디컴),언론사
3406,hey!TRAVEL&LIFE ((주)반디컴),언론사
3407,hrd24,언론사
3408,hy.인산 인터넷신문,언론사
3409,i MUSICA,언론사
3410,i-다문화신문(i-msn) (사회복지법인 협성원),언론사
3411,i.D(아이디),언론사
3412,iDBS연예뉴스,언론사
3413,iMBC연예,언론사
3414,iTN-news,언론사
3415,iTV 인천방송 (에이아이디지털콘텐츠협동조합),언론사
3416,iautoplaza(아이오토프라자),언론사
3417,ideas,언론사
3418,ifsPOST ((사)국가미래연구원),언론사
3419,ilyoseouli (주식회사 일요서울신문사),언론사
3420,inbctv,언론사
3421,inbc방송 (논산인터넷방송국 주식회사),언론사
3422,incheon magazine fact,언론사
3423,inside KOREA(인사이드 코리아) ((주)아이씨피),언론사
3424,investchosun,언론사
3425,itgg media(잇끄미디어) (주식회사 마블랜드),언론사
3426,i강남인터넷신문,언론사
3427,i경남매일 (아이경남매일 주식회사),언론사
3428,i경주인터넷뉴스,언론사
3429,i기독타임즈,언론사
3430,i김천내일신문 (주식회사 김천내일신문),언론사
3431,i김포문화인터넷신문,언론사
3432,i남도人,언론사
3433,i대구경북기독신문,언론사
3434,i도봉산톱뉴스,언론사
3435,i둔촌인터넷신문,언론사
3436,i부천문화인터넷신문,언론사
3437,i새누리,언론사
3438,i서울뉴스,언론사
3439,i신사뉴스인터넷신문,언론사
3440,i신설문화인터넷신문,언론사
3441,i씨엔씨 ((주)씨엔씨붐),언론사
3442,i의령신문 ((주)의령신문),언론사
3443,i의령정론 (주식회사 의령정론),언론사
3444,i인천논현인터넷신문,언론사
3445,i주간영덕,언론사
3446,i태안미래,언론사
3447,i한국택시신문 (웰컴(주)),언론사
3448,i함양신문,언론사
3449,j GOLF MAGAZINE+ (에이치엘엘중앙(주)),언론사
3450,jesus army,언론사
3451,jkg신문,언론사
3452,jk뉴스 (주식회사 정광),언론사
3453,job-평생교육뉴스 (지식문화평생교육원 주식회사),언론사
3454,jungle(정글) (디자인정글(주)),언론사
3455,k(케이)스타매거진 ((주)아이무비엔터테인먼트),언론사
3456,kbm방송 ((주)케이비엠티비방송),언론사
3457,kejnews,언론사
3458,key 라이프,언론사
3459,kgn25,언론사
3460,kh TV,언론사
3461,kidok.com ((재)대한예수교장로회총회(합동측)유지재단),언론사
3462,kiko필라뉴스,언론사
3463,kitv방송,언론사
3464,kjtimes.com (주식회사 케이제이타임즈),언론사
3465,kns 경기뉴스,언론사
3466,korearetro,언론사
3467,kowave,언론사
3468,kps news,언론사
3469,ksb인터넷신문,언론사
3470,ksb저널(케이에스비저널) (주식회사 한국산업경제신문사),언론사
3471,kscape ((주)현설),언론사
3472,ksn연합뉴스채널 (사단법인 대한학교폭력예방장학협회),언론사
3473,ktbs (주식회사 비드넷씨엔씨),언론사
3474,k경제저널 ((주) 케이이코노미),언론사
3475,k경찰일보,언론사
3476,k뉴스1,언론사
3477,k라이브뉴스,언론사
3478,k스타방송,언론사
3479,lean2u(린투유) ((주)비케이미디어),언론사
3480,letter,언론사
3481,lgc뉴스,언론사
3482,library news(라이브러리뉴스),언론사
3483,magazine 7,언론사
3484,magazine 닥터스 (울산문화방송(주)),언론사
3485,majoo (압구정국어논술2관학원 주식회사),언론사
3486,marie claire Fashion Shows,언론사
3487,marie claire weddings,언론사
3488,marieclaire2 accessories,언론사
3489,mbynews (주식회사 구구팔팔),언론사
3490,mcd5포스트,언론사
3491,mediasecond (주식회사 컬컴동탄점),언론사
3492,medisobizanews(메디소비자뉴스) ((주)제이케이뉴스미디어),언론사
3493,mei에듀뉴스,언론사
3494,mellow CAT (주식회사 펫앤스토리),언론사
3495,mellow DOG (주식회사 펫앤스토리),언론사
3496,monbijou(몽비쥬),언론사
3497,monotube (주식회사 심바컴퍼니),언론사
3498,monstrum 몬스트럼 (주식회사 허스토리),언론사
3499,n COLLECTION,언론사
3500,natural&travel&youtube,언론사
3501,net Gravity,언론사
3502,new vision 21,언론사
3503,news sunday,언론사
3504,news1,언론사
3505,news24,언론사
3506,news9 korea,언론사
3507,newsAde(뉴스에이드) ((주)뉴스에이드),언론사
3508,newsN,언론사
3509,newscenter(뉴스센터) (주식회사 더나무숲),언론사
3510,newsing (주식회사 아리랑신문),언론사
3511,newsinphoto(뉴스인포토),언론사
3512,newskorea.kr (뉴스코리아닷케이알 주식회사),언론사
3513,newstop1,언론사
3514,newswhy (주식회사 뉴스와이),언론사
3515,news몽 ((주)뉴스몽),언론사
3516,new경제인NEWS (직능소상공인이엔티 주식회사),언론사
3517,ngo press,언론사
3518,ngocun.com ((주)시민연합뉴스),언론사
3519,nnonn (주식회사 위사),언론사
3520,notch ((주)어썸브리즈),언론사
3521,now뉴스통신,언론사
3522,offline consumuch,언론사
3523,olivecat(올리브 캣),언론사
3524,olleh tv 경주방송,언론사
3525,on the stage(온더스테이지),언론사
3526,onekorea,언론사
3527,open innovation times (티움벤처스 주식회사),언론사
3528,optic weekly(옵틱위클리),언론사
3529,oto방송,언론사
3530,people25,언론사
3531,photo 기호 (주식회사 기호일보),언론사
3532,pilates a life(필라테스어라이프),언론사
3533,pkj뉴스,언론사
3534,point경남,언론사
3535,pu:m (주식회사 애드북플러스),언론사
3536,publica,언론사
3537,reframing,언론사
3538,roking(락킹),언론사
3539,sbn 대한방송,언론사
3540,select,언론사
3541,seoul chronicle,언론사
3542,she''''s mom(쉬즈맘) (주식회사 클락와이저),언론사
3543,shovel(쇼벨) (주식회사 칸트레온),언론사
3544,since1991년건강신문,언론사
3545,since1991년건강신문 (주식회사 건강신문사),언론사
3546,since1991년한국의첨단의술,언론사
3547,since1991년헬스데일리,언론사
3548,sisamagazine,언론사
3549,smart sound,언론사
3550,smart travel(스마트 트래블),언론사
3551,smokerz,언론사
3552,sns24뉴스 ((주)안심멤버스),언론사
3553,something about us,언론사
3554,somoon,언론사
3555,sports people (사단법인 대한직장인체육회),언론사
3556,sportschosun.com ((주)스포츠조선),언론사
3557,spuit (꾸메화장품 주식회사),언론사
3558,star-tomo (스타토모 주식회사),언론사
3559,startuptoday ((주)비즈뷰),언론사
3560,story c,언론사
3561,syn소비자연합뉴스 (주식회사 에프엠피라이프),언론사
3562,tag!t,언론사
3563,teamLab : LIFE (주식회사 문화창고),언론사
3564,the absolute sound,언론사
3565,the bling bookstore (더블링북스토어),언론사
3566,the dailystock(더 데일리스탁) (주식회사 스탁유니온글로벌),언론사
3567,the edu&tech news,언론사
3568,the 복지타임즈,언론사
3569,the 복지타임즈 (주식회사 더복지타임즈),언론사
3570,thebell insight ((주)더벨),언론사
3571,thevenuetimes,언론사
3572,think뉴스,언론사
3573,thruMAGZ〔스루매거진〕,언론사
3574,tkdnews (주식회사 태권도신문),언론사
3575,tnt뉴스,언론사
3576,today1(투데이1),언론사
3577,tp타임즈 (주식회사 터닝포인트짐),언론사
3578,traver(트래버),언론사
3579,tvawards ((주) 티브이어워즈),언론사
3580,uaj위크,언론사
3581,uwnews,언론사
3582,w-news ((주)더블유앤이더블유미디어),언론사
3583,we go,언론사
3584,we go issue,언론사
3585,webdaily(웹데일리) (주식회사 컬트레인앤코),언론사
3586,wedding&(웨딩앤) ((주)웨딩앤),언론사
3587,weekly 아시아경제 ((주)주간시사경제),언론사
3588,wizculture ((주)제이티앤애드플러스),언론사
3589,worldtravelawards (주식회사 엔보노),언론사
3590,w송도포스트 (주식회사 밍키),언론사
3591,yachtpia ((주)그린오션라이프),언론사
3592,ybc news (주식회사 와이비씨미디어그룹),언론사
3593,youngstarmedia(영스타미디어),언론사
3594,ysb미디어,언론사
3595,y저널뉴스,언론사
3596,zibook(지북),언론사
3597,「DNA·RNA 학술연구협회」전문지 「공백의 비밀」,언론사
3598,ぃまここブサン,언론사
3599,世宗日報 (주식회사 세종일보),언론사
3600,中華婦女報,언론사
3601,亞州新聞週刊 韓流 (아시안뉴스위크코리아),언론사
3602,亞洲新聞週刊 韓流,언론사
3603,人知文學,언론사
3604,仁川 中華街,언론사
3605,仙道文化,언론사
3606,仙문화,언론사
3607,儒敎新聞(유교신문) ((주)유교신문사),언론사
3608,儒林春秋(유림춘추),언론사
3609,全國의사NEWS화보,언론사
3610,公共政策 (사단법인 한국주민자치학회),언론사
3611,共感,언론사
3612,北靑소식,언론사
3613,占,언론사
3614,吳씨종친신문,언론사
3615,命과학연구,언론사
3616,和白新聞(화백신문) (화백신문 주식회사),언론사
3617,和白인터넷신문 (화백신문 주식회사),언론사
3618,國政저널 ((주)국정저널),언론사
3619,國政저널(주),언론사
3620,圓覺(원각),언론사
3621,大學新聞 (국립대학법인 서울대학교),언론사
3622,大紀元時報(中文) ((주)에포크미디어코리아),언론사
3623,大韓國人,언론사
3624,大韓民國 詩書文學(대한민국 시서문학),언론사
3625,天馬文學,언론사
3626,季刊 小說界(계간 소설계) (주식회사 한국인),언론사
3627,季刊 詩界(계간 시계) (주식회사 한국인),언론사
3628,季刊 隨筆界(계간 수필계) (주식회사 한국인),언론사
3629,安靜,언론사
3630,廣州時報,언론사
3631,感(감),언론사
3632,慶南人(경남인),언론사
3633,慶州金氏宗報(경주김씨종보),언론사
3634,憲政 ((사)대한민국헌정회),언론사
3635,成三德(성삼덕) (주식회사 삶터),언론사
3636,改革公報,언론사
3637,散文의詩,언론사
3638,新포항신문사 (주식회사 포항신문사),언론사
3639,日刊 NTN,언론사
3640,月刊 濟州愛,언론사
3641,月刊 전북 사람의 향기,언론사
3642,月刊讀者 Reader (日本語) ((주)월간리더),언론사
3643,月刊시간 (에스지주식회사),언론사
3644,東方流行(동방유행) ((주)가야미디어),언론사
3645,東軒알림이 (온누리교육문화(주)),언론사
3646,正筆(정필) (사단법인 한국전문기자협회),언론사
3647,正筆(정필) (주식회사 정필),언론사
3648,武士,언론사
3649,武林世界(무림세계),언론사
3650,濟州建築,언론사
3651,灸堂(구당),언론사
3652,牧養一念(목양일념),언론사
3653,"瑞可(뤠이커, Reko) (주식회사 아시안메이트)",언론사
3654,瓢巖,언론사
3655,生活文學(생활문학),언론사
3656,益和뉴스,언론사
3657,秀&守(수앤수) ((주)보령수앤수),언론사
3658,英雄(영웅),언론사
3659,華人世界報 (주식회사 한화보업집단),언론사
3660,藏書閣(장서각) (재단법인 한국학중앙연구원),언론사
3661,觀,언론사
3662,詩現實(시현실),언론사
3663,證心(증심),언론사
3664,週刊서울,언론사
3665,週刊중부신문 (주식회사 중부신문),언론사
3666,道德(도덕),언론사
3667,鄕村에 산다,언론사
3668,釜山文學(부산문학),언론사
3669,釜山文學新聞(부산문학신문),언론사
3670,靑청春춘,언론사
3671,韓中LEADERS新聞,언론사
3672,韓中博士論壇(한중박사포럼),언론사
3673,韓中商報,언론사
3674,韩视酷乐 ((주)티브이데일리),언론사
3675,音樂春秋(음악춘추),언론사
3676,黃金울타리,언론사
3677,가가경제 ((주)가가경제),언론사
3678,가고파신문,언론사
3679,가고파평생교육신문,언론사
3680,가구가이드,언론사
3681,가구네닷컴 (주식회사 호원미디어),언론사
3682,가구소식 (대한가구산업협동조합연합회),언론사
3683,가구저널,언론사
3684,가꾸다매거진,언론사
3685,가꾸다운양타임즈,언론사
3686,가꿈 광흥창뉴스 (주식회사 가꿈필라테스),언론사
3687,가꿈뉴스,언론사
3688,가나다신문방송,언론사
3689,가든인 (농업회사법인 주식회사 우리씨드),언론사
3690,가든타임즈,언론사
3691,가디언 뉴스,언론사
3692,가락-지,언론사
3693,가락문화 (재단법인 가락국사적개발연구원),언론사
3694,가락시장뉴스 (주식회사 새농쿡),언론사
3695,가락청년회보,언론사
3696,가락회보,언론사
3697,가람매거진,언론사
3698,가람플러스 (가람과사람 주식회사),언론사
3699,가례헌 ((사)한국서도소리연구보존회),언론사
3700,가로수 (주식회사 경인가로수),언론사
3701,가로수생활경제 ((주)가로수생활경제),언론사
3702,가로수신문 (주식회사 가로수신문),언론사
3703,가비양 저널 (주식회사 가비양),언론사
3704,가산문학,언론사
3705,가스신문,언론사
3706,가스신문 ((주)한국가스신문사),언론사
3707,가스안전,언론사
3708,가시 ((주)약손명가),언론사
3709,가야일보 (가야일보(주)),언론사
3710,가연문학,언론사
3711,가온경제일보,언론사
3712,가온교육뉴스,언론사
3713,가온누리 ((주)한국교육신문),언론사
3714,가온문학,언론사
3715,가온빛 ((주)내오랜),언론사
3716,가온예술문화,언론사
3717,가온해신문 (주식회사 가온해),언론사
3718,가요뉴스넷 (주식회사 에스미디어),언론사
3719,가요매거진,언론사
3720,가원협동조합매거진 (가원 사회적협동조합),언론사
3721,가위바위보 ((주) 2박3일),언론사
3722,가이드2코리아,언론사
3723,가이드미(GuideME) (주식회사 가이드미),언론사
3724,가자!베트남으로,언론사
3725,가장동 들말신문,언론사
3726,가장멋진인생가이드,언론사
3727,가정과 그린에너지,언론사
3728,가정과 학교 이야기,언론사
3729,가정과건강,언론사
3730,가족 (재단법인대한불교조계종정토공원),언론사
3731,가족과 가족치료 (사단법인 한국가족치료학회),언론사
3732,가족문화신문,언론사
3733,가족사랑 孝문화 (사단법인 세계효문화본부),언론사
3734,가족신문,언론사
3735,가족신문 (하브루타미래포럼 주식회사),언론사
3736,가족이야기 ((주)인스미디어),언론사
3737,가짜뉴스,언론사
3738,가짜뉴스퇴치국민운동본부 (재단법인 가짜뉴스퇴치국민운동본부),언론사
3739,가천대신문 (학교법인 가천학원),언론사
3740,가치누리 (주식회사 에스지어소시에이션),언론사
3741,가치뉴스,언론사
3742,가치소비뉴스 컨슈머와이드 ((주)컨슈머와이드),언론사
3743,가치잇는 인터넷신문,언론사
3744,가톨릭 우리농 ((사)천주교 서울대교구 우리농본부),언론사
3745,가톨릭관대신문 (가톨릭관동대학교),언론사
3746,가톨릭뉴스 지금여기 ((주)가톨릭뉴스지금여기),언론사
3747,가톨릭다이제스트,언론사
3748,가톨릭디다케 (재단법인 서울가톨릭청소년회),언론사
3749,가톨릭북플러스,언론사
3750,가톨릭비타꼰,언론사
3751,가톨릭신문 ((주)가톨릭신문사 대표),언론사
3752,가톨릭신학과사상 (재단법인 신학과사상),언론사
3753,가톨릭일꾼,언론사
3754,가톨릭평론,언론사
3755,가톨릭평화신문 ((재)가톨릭평화방송),언론사
3756,가톨릭프레스 ((주)가톨릭프레스),언론사
3757,가평 Fact,언론사
3758,가평복지저널 (주식회사 도현평생교육원),언론사
3759,가평신문,언론사
3760,가평타임즈,언론사
3761,가평투데이,언론사
3762,가평헤럴드,언론사
3763,가효복지저널,언론사
3764,가히,언론사
3765,각자도생,언론사
3766,간석i문화인터넷신문,언론사
3767,간중국,언론사
3768,간호사신문,언론사
3769,간호사타임즈,언론사
3770,간호조무사 매거진 ((사)대한간호조무사협회),언론사
3771,간호조무사신문 ((사)대한간호조무사협회),언론사
3772,간호학탐구,언론사
3773,갈등해결뉴스 ((주)에이디알),언론사
3774,갈렙매니지먼트리뷰(Caleb Management Review),언론사
3775,갈릴리,언론사
3776,감귤과농업정보,언론사
3777,감귤원예,언론사
3778,감로 (사단법인 대한불교 감로심장회),언론사
3779,감리교뉴스,언론사
3780,감리교평신도신문 ((주)더미션),언론사
3781,감사나눔신문,언론사
3782,감사나눔신문 (주식회사 감사나눔신문),언론사
3783,감사숲저널,언론사
3784,감사하는사람들복지뉴스 ((주)감사하는사람들),언론사
3785,감성리더십가이드,언론사
3786,감성사운드 (주식회사 감성사운드),언론사
3787,감성아현뉴스,언론사
3788,감자교육신문,언론사
3789,감찰일보,언론사
3790,갑천문화 (대전서구문화원),언론사
3791,갓잇매거진,언론사
3792,강건 문학,언론사
3793,강건문화뉴스,언론사
3794,강과사람들,언론사
3795,강남 Beauty Up,언론사
3796,강남 소비자저널,언론사
3797,"강남,서초시사연예",언론사
3798,강남EA,언론사
3799,강남Style(스타일),언론사
3800,강남내일신문 ((주)강남내일신문),언론사
3801,강남넷 ((주)담보드림),언론사
3802,강남뉴스,언론사
3803,강남매거진뉴스,언론사
3804,강남매일신문 ((주)대경매일강남교육원),언론사
3805,강남미디어그룹,언론사
3806,강남복지소식지 (재단법인 강남복지재단),언론사
3807,강남부동산뉴스,언론사
3808,강남서초 내일신문 ((주)내일엘엠씨),언론사
3809,강남스타일(kangnam style) ((주)가야미디어),언론사
3810,강남시니어신문 (시니어신문네트워크),언론사
3811,강남에벤에셀홀딩스매거진 (주-알파와오메가플러스),언론사
3812,강남일보,언론사
3813,강남저널,언론사
3814,강남타임즈 ((주)강남타임즈),언론사
3815,강남투데이,언론사
3816,강남트렌드뉴스,언론사
3817,강남포스트 ((주)강남포스트),언론사
3818,강남포커스,언론사
3819,강남학보 (학교법인 강남학원),언론사
3820,강남회원권정보 ((주)강남회원권거래소),언론사
3821,강단과목회,언론사
3822,강동 뉴스비전,언론사
3823,강동 뉴스비전 ((주)강동뉴스비전),언론사
3824,강동 아파트 신문,언론사
3825,강동가로수 (남부가로수 주식회사),언론사
3826,강동문화교육진흥신문,언론사
3827,강동복지소식,언론사
3828,강동평생뉴스,언론사
3829,강릉넷TV,언론사
3830,강릉뉴스,언론사
3831,강릉신문,언론사
3832,강릉투니콜,언론사
3833,강릉포커스 (㈜시사포커스강릉),언론사
3834,강변일보,언론사
3835,강북교육문화신문 (유한회사 창의와인성교육연합회강북1본부),언론사
3836,강북구장애인총연합회,언론사
3837,강북땡큐뉴스,언론사
3838,강북문학,언론사
3839,강북시니어신문 (시니어신문네트워크),언론사
3840,강북인터넷뉴스 (주식회사 강북인터넷뉴스),언론사
3841,강북지방,언론사
3842,강사뉴스,언론사
3843,강산뉴스 (주식회사 강산),언론사
3844,강서가로수,언론사
3845,강서경성신문,언론사
3846,강서경제신문,언론사
3847,강서뉴스,언론사
3848,강서방송,언론사
3849,강서방송신문,언론사
3850,강서신문 ((주)을숙도),언론사
3851,강서양천뉴스비전,언론사
3852,강서양천신문,언론사
3853,강서양천일보,언론사
3854,강서포스트,언론사
3855,강서한누리신문 ((주)강서한누리신문),언론사
3856,강소기업뉴스 (주식회사 마스타),언론사
3857,강소일보 (주식회사 강소일보),언론사
3858,강아지신문,언론사
3859,강원경제 (강원경제신문 주식회사),언론사
3860,강원경제신문 (강원경제신문 주식회사),언론사
3861,강원고성신문,언론사
3862,강원고성신문 (주식회사 고성신문),언론사
3863,강원네트워크(network) (주식회사 강원네트워크),언론사
3864,강원뉴스,언론사
3865,강원뉴스포스트,언론사
3866,강원다문화복지신문,언론사
3867,강원닷컴 (주식회사 티컴스(TICOMS)),언론사
3868,강원도민일보,언론사
3869,강원도민일보 ((주)강원도민일보),언론사
3870,강원도영월의료원 (강원도영월의료원),언론사
3871,강원리뷰 (주식회사 강원남부신문사),언론사
3872,강원매일,언론사
3873,강원미래방송 (주식회사 굿모닝),언론사
3874,강원미래신문 (주식회사 굿모닝),언론사
3875,강원방송 (주식회사 강원방송),언론사
3876,강원복지뉴스,언론사
3877,강원복지신문,언론사
3878,강원북부신문,언론사
3879,강원사회복지다문화신문,언론사
3880,강원사회복지신문,언론사
3881,강원세계타임즈 (주식회사 세계타임즈),언론사
3882,강원스마트미디어,언론사
3883,강원시사신문,언론사
3884,강원신문 (코리아강원 주식회사),언론사
3885,강원영서뉴스 (주식회사 횡성신문),언론사
3886,강원우리신문 (주식회사 우리소리),언론사
3887,강원웰니스신문,언론사
3888,강원의 소리 (코리아강원 주식회사),언론사
3889,강원인성교육신문,언론사
3890,강원인터넷신문,언론사
3891,강원일보 (주식회사 강원일보),언론사
3892,강원자치신문,언론사
3893,강원장애인복지신문 (주식회사 강원장애인복지신문사),언론사
3894,강원장애인신문 (주식회사 강원장애인신문사),언론사
3895,강원종합뉴스,언론사
3896,강원종합복지신문 (주식회사 강원종합복지신문),언론사
3897,강원지방신문 ((주)강원지방신문),언론사
3898,강원창업신문 (주식회사 창업경영신문사),언론사
3899,강원타임즈,언론사
3900,강원톡뉴스 (주식회사 진한콘텐츠),언론사
3901,강원투데이신문,언론사
3902,강원특별자치도 부동산신문,언론사
3903,강원특별자치도 자영업신문,언론사
3904,강원특별자치도의정회보 (사단법인강원도의정회),언론사
3905,강원환경신문,언론사
3906,강일교육정보신문,언론사
3907,강진고을 (유한회사 강진고을신문),언론사
3908,강진신문,언론사
3909,강진우리신문 ((주)강진우리신문),언론사
3910,강진일보,언론사
3911,강진투데이 (유한회사 강진투데이),언론사
3912,강화 김포사랑,언론사
3913,강화교육신문,언론사
3914,강화뉴스 (강화언론문화협동조합),언론사
3915,강화미래신문,언론사
3916,강화섬소식 ((주)강화섬소식),언론사
3917,강화시니어신문 (시니어신문네트워크),언론사
3918,강화신문 (주식회사 강화신문),언론사
3919,강화일보,언론사
3920,강화저널 (주식회사 강화저널),언론사
3921,강화타임즈 (강화타임즈 주식회사),언론사
3922,강화투데이 (강화투데이 주식회사),언론사
3923,같이가요,언론사
3924,개근질닷컴,언론사
3925,개똥이네 놀이터,언론사
3926,개똥이네 집,언론사
3927,개롱룩스,언론사
3928,개미신문,언론사
3929,개발과 사람 (주식회사 전철협신문사),언론사
3930,개벽,언론사
3931,개삼터희망소식지 ((주)개삼터고려인삼),언론사
3932,개성공감 ((사)대전광역시장애인단체총연합회장),언론사
3933,개성신문,언론사
3934,개성일보,언론사
3935,개신교연합방송,언론사
3936,개신신문,언론사
3937,개원,언론사
3938,개원 비즈니스(Gaewon Business),언론사
3939,개인택시신문,언론사
3940,개인택시연대신문,언론사
3941,개척정보,언론사
3942,개포평생교육원 ((주)개포평생교육원),언론사
3943,개혁공보,언론사
3944,개혁교회신문,언론사
3945,개혁성장신문,언론사
3946,개혁신문,언론사
3947,개혁총회신문,언론사
3948,개혁타임즈(reformedtimes),언론사
3949,갤러리가이드 (주식회사 컬처유니온),언론사
3950,거가인포커스,언론사
3951,거꾸로천문대 청주뉴스 (거꾸로천문대 주식회사),언론사
3952,거듭나기,언론사
3953,거버넌스저널 ((주)더로컬거버넌스),언론사
3954,거제 통영 가이드요,언론사
3955,거제교육복지신문,언론사
3956,거제뉴스,언론사
3957,거제뉴스광장,언론사
3958,거제뉴스아이,언론사
3959,거제뉴스연합,언론사
3960,거제뉴스와이드,언론사
3961,거제뉴스피플,언론사
3962,거제매일뉴스,언론사
3963,거제미래신문,언론사
3964,거제시대,언론사
3965,거제시민뉴스,언론사
3966,거제신문,언론사
3967,거제인터넷뉴스,언론사
3968,거제인터넷신문,언론사
3969,거제저널,언론사
3970,거제중앙신문,언론사
3971,거제타임라인,언론사
3972,거제타임즈,언론사
3973,거제통영오늘신문,언론사
3974,거창韓뉴스,언론사
3975,거창韓뉴스 (주식회사 거창한뉴스),언론사
3976,거창국제연극제,언론사
3977,거창군민신문 (주식회사 연곡),언론사
3978,거창기독신문,언론사
3979,거창시사뉴스,언론사
3980,거창신문 ((주)거창신문),언론사
3981,거창신보 ((주)거창신보),언론사
3982,거창인터넷뉴스gcinews,언론사
3983,거창인터넷뉴스원,언론사
3984,거창인터넷신문,언론사
3985,거창저널 (주식회사 거창저널),언론사
3986,거창중앙신문 ((주)거창중앙신문),언론사
3987,거창청년뉴스,언론사
3988,거창한들신문 (거창언론협동조합),언론사
3989,거함산 (주식회사 거함산),언론사
3990,건강 rich,언론사
3991,건강 저널,언론사
3992,건강과근육,언론사
3993,건강과생명,언론사
3994,건강과운동(HEALTH & EXERCISES) ((주)엠엘오트레이딩),언론사
3995,건강과자연농업 ((사)한국유기농업협회),언론사
3996,건강과행복가이드,언론사
3997,건강다이제스트,언론사
3998,건강백서,언론사
3999,건강보험신문,언론사
4000,건강보험저널,언론사
4001,건강세상,언론사
4002,건강신문,언론사
4003,건강연구소 (주식회사 몬스터그룹),언론사
4004,건강은,언론사
4005,건강을 가꾸는 사람들 (건강보험심사평가원),언론사
4006,건강의 모든 것,언론사
4007,건강이 있는 좋은 아침,언론사
4008,건강일보,언론사
4009,건강장수뉴스 ((주)오한진건강증진연구소),언론사
4010,건강저널세움 ((주)국민건강평생교육원),언론사
4011,건강투데이(h-today) (주식회사 미래다온),언론사
4012,건강투석,언론사
4013,건강포커스,언론사
4014,건강플러스+,언론사
4015,건강하세요 ((주)한국야쿠르트),언론사
4016,건강한 뉴스,언론사
4017,건강한 사람들,언론사
4018,건강한 세상,언론사
4019,건강한 시민의 길,언론사
4020,건강한경산,언론사
4021,건강한미래,언론사
4022,건강한미래 매거진,언론사
4023,건강한미래교육원,언론사
4024,건강한미래잡지,언론사
4025,건강한방,언론사
4026,건강한전립선 시원한배뇨 (사단법인 한국전립선관리협회),언론사
4027,건국경제,언론사
4028,건국보훈신문,언론사
4029,건국실버신문,언론사
4030,건국회보 (사단법인 대한민국건국회 대표),언론사
4031,건대건축,언론사
4032,건대자양미디어 (주식회사 컬컴일본어회화건대),언론사
4033,건물관리종합뉴스 (범창기업 주식회사),언론사
4034,건사협 건설기계뉴스 (사단법인 건설기계개별연명사업자협의회),언론사
4035,건설경제 ((주)대한경제신문사),언론사
4036,건설경제신문 (주식회사 건설경제신문),언론사
4037,건설골재신문,언론사
4038,건설과자재 ((주)뿌리미),언론사
4039,건설기계신문 ((주)건설기계인),언론사
4040,건설기계인 ((주)건설기계인),언론사
4041,건설기술신문,언론사
4042,건설산업신문 ((주)글로벌건설산업신문),언론사
4043,건설산업안전뉴스,언론사
4044,건설신문 ((주)건설신문),언론사
4045,건설신문고,언론사
4046,건설안전환경신문,언론사
4047,건설업,언론사
4048,건설업 소식 ((주)대박홀딩스),언론사
4049,건설업 안내,언론사
4050,건설업소식지,언론사
4051,건설이코노미뉴스,언론사
4052,건설일보,언론사
4053,건설자재공법편람 (재단법인 건설산업정보연구원),언론사
4054,건설자재신문,언론사
4055,건설제일신문,언론사
4056,건설타임즈,언론사
4057,건설투데이 (주식회사 건설투데이),언론사
4058,건설프로,언론사
4059,건설화학저널,언론사
4060,건설환경신문,언론사
4061,건축AI저널,언론사
4062,건축과 사회 ((사)새건축사 협의회(약칭)),언론사
4063,건축구조,언론사
4064,건축리포트와이드,언론사
4065,건축문화사랑 (대한건축사협회),언론사
4066,건축물에너지관리편람 (재단법인 건설산업정보연구원),언론사
4067,건축법일타박사의 질의회신 데이터북 시리즈 (주식회사 비타민그룹),언론사
4068,건축법일타박사의 질의회신 모음집 (주식회사 비타민그룹),언론사
4069,건축사,언론사
4070,건축사뉴스 (주식회사 경기도건축사복지회),언론사
4071,건축사신문,언론사
4072,건축세계,언론사
4073,건축세계저널 (건축세계(주)),언론사
4074,건축신문 (재단법인 정림건축문화재단),언론사
4075,건축인(建築人) ((주)이석미디어),언론사
4076,건축인테리어,언론사
4077,건축정보신문,언론사
4078,건축평단,언론사
4079,건치 ((주)건치신문사),언론사
4080,건행타임즈 (주식회사 건행타임),언론사
4081,건행투데이 (주식회사 구본강다이어트),언론사
4082,건훈뉴스 ((주)건훈),언론사
4083,걷고싶은도시 ((사)걷고싶은도시만들기시민연대),언론사
4084,걷다,언론사
4085,검경 뉴스 ((주)검경신문사),언론사
4086,검경 타임즈 (주식회사 검경 신문사),언론사
4087,검경시사,언론사
4088,검경신문,언론사
4089,검경연합신문,언론사
4090,검경일보 (주식회사 검경일보),언론사
4091,검경종합신문 (주식회사 검경종합신문),언론사
4092,검경투데이 (주식회사 검경투데이),언론사
4093,검경합동신문,언론사
4094,검경합동신문 (주식회사 검경합동신문),언론사
4095,검단메트로,언론사
4096,검찰 타임즈 ((주)헤럴드),언론사
4097,검찰PI저널 ((주)씨앤지미디어),언론사
4098,검찰TV방송,언론사
4099,검찰복음신문,언론사
4100,검찰신문,언론사
4101,검찰연합일보 ((주)한국연합미디어),언론사
4102,검찰일보,언론사
4103,검찰타임스,언론사
4104,검찰투데이 (주식회사 검경일보),언론사
4105,게이머즈(GAMER''Z),언론사
4106,게임동아 (주식회사 아이티동아),언론사
4107,게임메카 ((주)제우미디어),언론사
4108,게임뷰 (주식회사 게임뷰),언론사
4109,게임샷 ((주)엔터샷),언론사
4110,게임신문,언론사
4111,게임신문 ((주)게임신문사),언론사
4112,게임앤드(game&),언론사
4113,게임어바웃,언론사
4114,게임와이 ((주)엔와이미디어),언론사
4115,게임인 ((주)케이엠데이타),언론사
4116,게임인사이트 ((주)미디어플러스),언론사
4117,게임잇,언론사
4118,게임저널 (주식회사 예솜),언론사
4119,게임조선(게임정보 웹진) (주식회사 디지틀조선게임),언론사
4120,게임톡,언론사
4121,게임투데이,언론사
4122,게임포커스 (주식회사 지원커뮤니케이션즈),언론사
4123,게임플 (주식회사 제이에스미디어팀),언론사
4124,게임화저널 (한국게임화연구원 주식회사),언론사
4125,겟 익사이티드 싱글즈(get excited Singles),언론사
4126,겟꿀 (주식회사 이투데이),언론사
4127,겟잇케이 ((주)피에스알미디어),언론사
4128,겟챠(GETCHA),언론사
4129,겨레뉴스 (사단법인 겨레하나되기운동연합),언론사
4130,겨레의메아리,언론사
4131,겨자씨,언론사
4132,겨자씨신문,언론사
4133,격월간 경주포커스,언론사
4134,격월간 시대정신 ((사)시대정신),언론사
4135,격월간제주와인물 (주식회사 산하글로벌),언론사
4136,격주간 경동신문 ((주)경동신문),언론사
4137,격주간 과천신문,언론사
4138,격주간 국제교육문화신문 ((주)국제교육문화신문사),언론사
4139,격주간 귀금속경제신문,언론사
4140,격주간 농어촌선교신문 ((사)한국농선회 대표),언론사
4141,격주간 승리신문,언론사
4142,격주간 식품위생신문,언론사
4143,격주간 안동향우신문,언론사
4144,격주간 의료정보,언론사
4145,격주간 의성신문 (주식회사 의성신문사),언론사
4146,격주간 주얼리신문,언론사
4147,격주간 한국건설기계신문,언론사
4148,격주간 한국골프신문,언론사
4149,격주간 한국농기계신문,언론사
4150,격주간 현대건강신문,언론사
4151,격주간효와복지신문,언론사
4152,결,언론사
4153,결혼나라,언론사
4154,결혼신문,언론사
4155,결혼정보신문,언론사
4156,경강일보,언론사
4157,경공동문회보 (주식회사 경공동문회보사),언론사
4158,경기 건설시험 정보,언론사
4159,경기 도시재생 신문,언론사
4160,경기 스타트업 리포트 (에이아이웨이),언론사
4161,경기 시민 일보,언론사
4162,경기&과천저널,언론사
4163,경기&뉴스,언론사
4164,경기1뉴스,언론사
4165,경기E저널,언론사
4166,경기NK뉴스,언론사
4167,경기N뉴스,언론사
4168,경기ON(온),언론사
4169,경기TV,언론사
4170,경기TV미디어,언론사
4171,경기eTV뉴스,언론사
4172,경기e뉴스,언론사
4173,경기in,언론사
4174,경기i저널,언론사
4175,경기경제신문,언론사
4176,경기고양 커뮤니티,언론사
4177,경기고양신문 ((주) 인포월드웹),언론사
4178,경기광역신문,언론사
4179,경기교육문화,언론사
4180,경기교육신문(Gyeonggi Education News),언론사
4181,경기교육일보 (주식회사 몽드),언론사
4182,경기남부뉴스,언론사
4183,경기남부신문,언론사
4184,경기남부일보 (주식회사 경기남부일보),언론사
4185,경기남부저널,언론사
4186,경기남부톱뉴스,언론사
4187,경기남일보,언론사
4188,경기노인복지신문,언론사
4189,경기농촌관광신문,언론사
4190,경기뉴스 ((주)경기뉴스인),언론사
4191,경기뉴스24,언론사
4192,경기뉴스TV ((주)경기뉴스인),언론사
4193,경기뉴스광장,언론사
4194,경기뉴스라인,언론사
4195,경기뉴스매거진,언론사
4196,경기뉴스미디어,언론사
4197,경기뉴스방송,언론사
4198,경기뉴스앤이슈,언론사
4199,경기뉴스원(경기뉴스1),언론사
4200,경기뉴스타임,언론사
4201,경기뉴스탑,언론사
4202,경기뉴스통신,언론사
4203,경기다문화뉴스 (주식회사 파파야스토리홀딩스),언론사
4204,경기다문화일보,언론사
4205,경기데일리 (주식회사 코라이브),언론사
4206,경기도 시민 뉴스,언론사
4207,경기도 약사회지,언론사
4208,경기도 의정회보 (사단법인경기도의정회),언론사
4209,경기도 주민자치회,언론사
4210,경기도담저널,언론사
4211,경기도민뉴스,언론사
4212,경기도민신문,언론사
4213,경기도민일보,언론사
4214,경기도민일보 미디어 (경기도민일보미디어 주식회사),언론사
4215,경기도민일보(GGNEWS+) (경기도민일보 주식회사),언론사
4216,경기도시대 (주식회사 경기도시대),언론사
4217,경기도실버기자단뉴스,언론사
4218,경기도아파트신문,언론사
4219,경기도의료원소식지 (경기도의료원),언론사
4220,경기도의회,언론사
4221,경기도정신문 ((주)경기도정신문),언론사
4222,경기동부매일,언론사
4223,경기동부신문 (주식회사 노이),언론사
4224,경기디지털뉴스,언론사
4225,경기리뷰 (사단법인 한국사회경제연구원),언론사
4226,경기매일,언론사
4227,경기매일일보 ((주)보람렌탈),언론사
4228,경기메디뉴스,언론사
4229,경기문화관광신문,언론사
4230,경기문화신문,언론사
4231,경기문화일보 (소우주사회적협동조합),언론사
4232,경기문화저널 (경기문화저널 주식회사),언론사
4233,경기미디어리포트,언론사
4234,경기미디어신문,언론사
4235,경기미래신문,언론사
4236,경기미래인터넷신문,언론사
4237,경기민원뉴스,언론사
4238,경기방송,언론사
4239,경기복지뉴스 (사단법인 성민원),언론사
4240,경기복지신문,언론사
4241,경기북뉴스,언론사
4242,경기북도신문,언론사
4243,경기북도일보,언론사
4244,경기북부 매거진,언론사
4245,경기북부 시민신문,언론사
4246,경기북부 시민신문 (주식회사 시민신문사),언론사
4247,경기북부 이슈,언론사
4248,경기북부뉴스,언론사
4249,경기북부데일리,언론사
4250,경기북부바른뉴스,언론사
4251,경기북부시사뉴스,언론사
4252,경기북부신문,언론사
4253,경기북부일보,언론사
4254,경기북부저널 (주식회사 경기북부저널),언론사
4255,경기북부종합뉴스,언론사
4256,경기북부타임즈 ((주)경기북부타임즈),언론사
4257,경기북부탑뉴스,언론사
4258,경기북부트리뷴,언론사
4259,경기북부포커스 (㈜경기북부포커스),언론사
4260,경기뷰티뉴스,언론사
4261,경기브레이크뉴스,언론사
4262,경기비전,언론사
4263,경기산업신문,언론사
4264,경기새보람신문 (사단법인 한국지체장애인협회),언론사
4265,경기세계타임즈 (주식회사 세계타임즈),언론사
4266,경기소상공인뉴스,언론사
4267,경기수원일자리직업뉴스,언론사
4268,경기시니어뉴스,언론사
4269,경기시니어신문,언론사
4270,경기시민신문 ((주)가치나눔),언론사
4271,경기시사타임즈,언론사
4272,경기시사투데이,언론사
4273,경기신문 ((주)경기신문사),언론사
4274,경기신문 PEOPLE ((주)경기신문사),언론사
4275,경기실버방송,언론사
4276,경기실버신문,언론사
4277,경기실버신문 (주식회사 더복지타임즈),언론사
4278,경기아이티브이(iTV),언론사
4279,경기안평신문,언론사
4280,경기앤이슈(경기&이슈),언론사
4281,경기연합뉴스,언론사
4282,경기연합신문 (경기연합신문 주식회사),언론사
4283,경기연합일보,언론사
4284,경기용인뉴스,언론사
4285,경기이음뉴스,언론사
4286,경기이코노미뉴스,언론사
4287,경기인 ((재)경기도민회장학회),언론사
4288,경기인뉴스,언론사
4289,경기인사이드저널 ((주)경기인사이드저널),언론사
4290,경기인신문,언론사
4291,경기인저널 ((주)노블엔터테인먼트),언론사
4292,경기인터넷신문 (주식회사 경기인터넷신문),언론사
4293,경기인화서요양보호사 ((주)경기인),언론사
4294,경기일보 (주식회사 경기일보),언론사
4295,경기자산뉴스,언론사
4296,경기자치신문,언론사
4297,경기장애인신문,언론사
4298,경기저널 (사단법인 경기언론인클럽),언론사
4299,경기전통시장 소상공인뉴스,언론사
4300,경기종합뉴스,언론사
4301,경기종합신문,언론사
4302,경기좋은신문,언론사
4303,경기주간신문,언론사
4304,경기중앙신문,언론사
4305,경기중앙타임즈,언론사
4306,경기창업신문 (주식회사 창업경영신문사),언론사
4307,경기청소년신문,언론사
4308,경기타임스 (주식회사 경기타임스),언론사
4309,경기타임스e (주식회사 경기타임스),언론사
4310,경기탑뉴스,언론사
4311,경기탑매거진,언론사
4312,경기투데이 (주식회사 경기투데이),언론사
4313,경기티비종합뉴스,언론사
4314,경기팩트뉴스,언론사
4315,경기평생교육신문,언론사
4316,경기평생교육신문 용인지국,언론사
4317,경기평생교육신문 의왕지국,언론사
4318,경기평화신문,언론사
4319,경기포스트 ((주)경기포스트),언론사
4320,경기포커스신문,언론사
4321,경기포털뉴스,언론사
4322,경기핫뉴스,언론사
4323,경기핫타임뉴스,언론사
4324,경기헤드뉴스,언론사
4325,경기헤드라인,언론사
4326,경기헤럴드,언론사
4327,경기헤럴드 (주식회사경기헤럴드),언론사
4328,경기호연뉴스,언론사
4329,경기환경일보,언론사
4330,경기희망신문,언론사
4331,경남 산업·경제동향 (경남투자경제진흥원),언론사
4332,경남 포커스 뉴스,언론사
4333,경남CultureON (경남문화예술진흥원),언론사
4334,경남e뉴스,언론사
4335,경남경제,언론사
4336,경남경제신문,언론사
4337,경남교육삼락,언론사
4338,경남교육연합뉴스,언론사
4339,경남기독신문,언론사
4340,경남누리신문 ((사)란앤락문화예술기획),언론사
4341,경남뉴스 (주식회사 경남뉴스),언론사
4342,경남뉴스24 (주식회사 경남뉴스24),언론사
4343,경남뉴스24i(인터넷) (주식회사 경남뉴스24),언론사
4344,경남뉴스25,언론사
4345,경남뉴스저널,언론사
4346,경남뉴스통신,언론사
4347,경남뉴스투데이 ((주)경남뉴스투데이),언론사
4348,경남다문화신문 (경남매일신문(주)),언론사
4349,경남대동창회보,언론사
4350,경남도민뉴스,언론사
4351,경남도민신문 ((주)경남도민신문),언론사
4352,경남도민일보,언론사
4353,경남도민일보 ((주)경남도민일보사),언론사
4354,경남매일 (경남매일신문(주)),언론사
4355,경남매일일보,언론사
4356,경남문학,언론사
4357,경남문화복지평생교육신문,언론사
4358,경남문화일보,언론사
4359,경남미디어 (주식회사 경남미디어),언론사
4360,경남미래교육뉴스,언론사
4361,경남발전 (재단법인 경남발전연구원),언론사
4362,경남베스트일보,언론사
4363,경남보건복지신문,언론사
4364,경남복지뉴스,언론사
4365,경남복지신문,언론사
4366,경남복지요양신문,언론사
4367,경남새보람 (사단법인 경상남도지체장애인연합회),언론사
4368,경남세계타임즈 (주식회사 세계타임즈),언론사
4369,경남소상공인신문,언론사
4370,경남시대 (주식회사 시민신문),언론사
4371,경남신문 ((주)경남신문사),언론사
4372,경남아동문학,언론사
4373,경남아동문학 예술,언론사
4374,경남언론연합 (주식회사 경남지역신문협회),언론사
4375,경남언론협회 (주식회사 경남언론협회),언론사
4376,경남에나뉴스,언론사
4377,경남여성신문 (주식회사 경남여성신문사),언론사
4378,경남연합뉴스 (주식회사경남연합뉴스),언론사
4379,경남연합신문,언론사
4380,경남연합신문 ((주)진주신문),언론사
4381,경남연합일보 ((주)경남연합일보닷컴),언론사
4382,경남열린신문,언론사
4383,경남우리신문 ((주)미디어우리),언론사
4384,경남의회신문,언론사
4385,경남이슈투데이 (주식회사 경남이슈투데이),언론사
4386,경남인터넷뉴스,언론사
4387,경남인터넷신문 (경남인터넷신문(주)),언론사
4388,경남일간신문,언론사
4389,경남일보,언론사
4390,경남일보 ((주)경남일보),언론사
4391,경남장애우신문,언론사
4392,경남장애인신문,언론사
4393,경남재가복지뉴스,언론사
4394,경남저널,언론사
4395,경남정경뉴스 (경남정경뉴스 주식회사),언론사
4396,경남제일신문,언론사
4397,경남창업신문 (주식회사 창업경영신문사),언론사
4398,경남타임즈,언론사
4399,경남탑뉴스,언론사
4400,경남통계뉴스,언론사
4401,경남통영신문,언론사
4402,경남투데이 (주식회사 경남투데이),언론사
4403,경남평생교육신문,언론사
4404,경남포스트 (경남포스트),언론사
4405,경남피플신문,언론사
4406,경남하이뉴스,언론사
4407,경남행정신문,언론사
4408,경남환경신문 (주식회사 연곡),언론사
4409,경농인터넷신문 ((주)종원산업),언론사
4410,경대일보 (경대일보 주식회사),언론사
4411,경대투데이,언론사
4412,경도뉴스24,언론사
4413,경도뉴스저널,언론사
4414,경도대한뉴스,언론사
4415,경도신문 (주식회사 경도신문),언론사
4416,경도일보 (주식회사 경북신문사),언론사
4417,경로문화 (사단법인 한국경로복지회),언론사
4418,경륜위너스,언론사
4419,경륜태풍,언론사
4420,경륜투데이,언론사
4421,경리회계신문,언론사
4422,경마뉴스 (주식회사 청청실업),언론사
4423,경마문화 (주식회사 미디어피아),언론사
4424,경마뱅크,언론사
4425,경마십단,언론사
4426,경마월드,언론사
4427,경마천하,언론사
4428,경매데이터 분석 시리즈 (주식회사 알레아이악타에스트),언론사
4429,경매신문,언론사
4430,경매저널,언론사
4431,경민일보,언론사
4432,경북 e-뉴스,언론사
4433,경북 e-뉴스 포커스 (주식회사 경북이뉴스),언론사
4434,경북 뉴스 투데이,언론사
4435,경북 중부신문,언론사
4436,경북 한눈 뉴스,언론사
4437,경북IT뉴스,언론사
4438,경북TV (주식회사 경북티비),언론사
4439,경북TV뉴스,언론사
4440,경북e뉴스,언론사
4441,경북in뉴스,언론사
4442,경북in신문 (주식회사 경북인신문),언론사
4443,경북경제신문,언론사
4444,경북교육문화신문,언론사
4445,경북교육방송 (주식회사 대경미디어센터),언론사
4446,경북교육복지뉴스,언론사
4447,경북구미신문,언론사
4448,경북그린뉴스 (경북그린뉴스 주식회사),언론사
4449,경북기독신문,언론사
4450,경북기자협회,언론사
4451,경북뉴스 (주식회사 경북뉴스),언론사
4452,경북뉴스1번지 (주식회사 굿데이),언론사
4453,경북뉴스라인,언론사
4454,경북뉴스미디어,언론사
4455,경북뉴스통신,언론사
4456,경북능금 (대경사과원예농업협동조합),언론사
4457,경북도민방송 (주식회사 경북도민방송),언론사
4458,경북도민신문 (경북도민신문 주식회사),언론사
4459,경북도민일보 (경북도민일보(주)),언론사
4460,경북동부신문 (경북동부신문 주식회사),언론사
4461,경북디지털신문,언론사
4462,경북땡큐뉴스 ((주)경북땡큐뉴스),언론사
4463,경북로컬뉴스 ((주)경북지역신문),언론사
4464,경북매거진,언론사
4465,경북매스미디어뉴스,언론사
4466,경북매일 ((주)경북매일신문),언론사
4467,경북문화복지신문 (경북문화복지신문 주식회사),언론사
4468,경북문화신문,언론사
4469,경북문화재 신문방송 ((주)문화재신문),언론사
4470,경북미디어 (주식회사 경북미디어),언론사
4471,경북미디어뉴스,언론사
4472,경북미래교육뉴스 (주식회사 드론코리아아카데미),언론사
4473,경북미래방송 (주식회사 굿모닝),언론사
4474,경북미래신문 (주식회사 굿모닝),언론사
4475,"경북민정일보(경북민정방송,경북민정뉴스,경북민정daily)",언론사
4476,경북밀알보,언론사
4477,경북방송,언론사
4478,경북복지신문,언론사
4479,경북북부신문 ((주)경북북부신문),언론사
4480,경북북부인터넷뉴스,언론사
4481,경북사람들,언론사
4482,경북세계타임즈 (주식회사 세계타임즈),언론사
4483,경북스마트뉴스,언론사
4484,경북시니어뉴스 (두꺼비학교협동조합),언론사
4485,경북시대,언론사
4486,경북신문,언론사
4487,경북신문 (주식회사 경북신문사),언론사
4488,경북여성신문사 (주식회사 뉴스코리아네트워크),언론사
4489,경북연합방송 (주식회사 대경미디어센터),언론사
4490,경북연합일보 (주식회사 경북산업),언론사
4491,경북온뉴스,언론사
4492,경북와이드뉴스,언론사
4493,경북인터넷뉴스,언론사
4494,경북인터넷방송,언론사
4495,경북인터넷신문,언론사
4496,경북일간뉴스 (경북일간뉴스 주식회사),언론사
4497,경북일보 (경북일보 주식회사),언론사
4498,경북일일신문 (주식회사 일일경북신문),언론사
4499,경북자치신문 ((주)경북자치신문),언론사
4500,경북자치포커스,언론사
4501,경북장애인복지뉴스,언론사
4502,경북장애인신문 (사회적협동조합장애인동행),언론사
4503,경북저널,언론사
4504,경북적십자 신문 (대한적십자사 경북지사),언론사
4505,경북정치신문 ((주)경북정치신문),언론사
4506,경북제일신문,언론사
4507,경북제일신보 (경북제일신보 주식회사),언론사
4508,경북종합뉴스,언론사
4509,경북중앙뉴스,언론사
4510,경북중앙뉴스 ((주)경북중앙뉴스),언론사
4511,경북중앙신문,언론사
4512,경북중앙일보 (주식회사 경북중앙일보),언론사
4513,경북지역신문 (주식회사 경북지역신문),언론사
4514,경북창업신문 (주식회사 창업경영신문사),언론사
4515,경북채널뉴스,언론사
4516,경북청소년신문,언론사
4517,경북타임,언론사
4518,경북타임뉴스,언론사
4519,경북타임즈 ((주)경북문화신문),언론사
4520,경북탑뉴스,언론사
4521,경북투데이,언론사
4522,경북판뉴스,언론사
4523,경북팩트뉴스,언론사
4524,경북포럼 ((재)경북연구원),언론사
4525,경북포스트,언론사
4526,경북포커스신문,언론사
4527,경북하나신문 (경북기독언론협동조합),언론사
4528,경북헤럴드,언론사
4529,경북환경신문,언론사
4530,경산i뉴스 (주식회사 경산신문사),언론사
4531,경산뉴스,언론사
4532,경산매일 (경산일보 주식회사),언론사
4533,경산상가안내,언론사
4534,경산시민신문 (주식회사 영남미디어그룹),언론사
4535,경산신문 (주식회사 경산신문사),언론사
4536,경산인터넷뉴스 ((주)경산인터넷방송),언론사
4537,경산일보 (경산일보 주식회사),언론사
4538,경산주간신문,언론사
4539,경산팩트뉴스,언론사
4540,경상뉴스,언론사
4541,경상도뉴스,언론사
4542,경상도신문 (주식회사 경상도신문),언론사
4543,경상매일 (주식회사 경상매일신문),언론사
4544,경상매일방송 (경상매일방송 주식회사),언론사
4545,경상매일신문 ((주)경상매일신문사),언론사
4546,경상신문,언론사
4547,경상유통경제저널,언론사
4548,경상일보,언론사
4549,경상타임즈,언론사
4550,경상투데이,언론사
4551,경상투데이 (주식회사 경상투데이),언론사
4552,경상포커스,언론사
4553,경서신문 (주식회사 경서신문),언론사
4554,경서일보 (주식회사 경서일보),언론사
4555,경성문화사 기타 간행물,언론사
4556,경성문화사 정기간행물,언론사
4557,경수문화일보,언론사
4558,경신엘림톱뉴스,언론사
4559,경안뉴스,언론사
4560,경안일보 (주식회사 경안일보),언론사
4561,경안일보인터넷뉴스 (주식회사 경안일보),언론사
4562,경영과컴퓨터 ((주)경컴),언론사
4563,경영문학 (유한책임회사 태평),언론사
4564,경영법무 (주식회사 한국경영법무연구소),언론사
4565,경영안전 (노무법인경영안전),언론사
4566,경영저널,언론사
4567,경영전략,언론사
4568,경영정보텍스메일 ((주)텍스메일),언론사
4569,경영지도사·기술지도사 회지 ((사)한국경영기술지도사회),언론사
4570,경우신문,언론사
4571,경우신문 (대한민국재향경우회),언론사
4572,경원일보,언론사
4573,경의선문학,언론사
4574,경이 신문 (이천24협동조합),언론사
4575,경인TV,언론사
4576,경인e뉴스,언론사
4577,경인i뉴스,언론사
4578,경인view,언론사
4579,경인경제,언론사
4580,경인경제 (주식회사 경인경제),언론사
4581,경인교육신문 (주식회사 기호일보),언론사
4582,경인굿뉴스 (주식회사 경인굿뉴스),언론사
4583,경인글로벌뉴스,언론사
4584,경인기독교신문,언론사
4585,경인기독신문,언론사
4586,경인기독저널,언론사
4587,경인뉴스,언론사
4588,경인뉴스365 (주식회사 경인뉴스365),언론사
4589,경인뉴스통신,언론사
4590,경인데일리,언론사
4591,경인매거진,언론사
4592,경인매일 (주식회사 경인매일),언론사
4593,경인미디어,언론사
4594,경인미디어데일리 (주식회사 온미디어),언론사
4595,경인미디어환경,언론사
4596,경인미래교육신문 (글로벌미래교육원 주식회사),언론사
4597,경인미래신문,언론사
4598,경인바른뉴스,언론사
4599,경인복지신문,언론사
4600,경인불교,언론사
4601,경인블루저널,언론사
4602,경인소통투데이,언론사
4603,경인시민일보,언론사
4604,경인신문 (주식회사 경인신문),언론사
4605,경인안전보건신문 (한국기업안전교육원 주식회사),언론사
4606,경인열린신문 (주식회사 경인열린신문사),언론사
4607,경인예술신문 (경인예술신문 주식회사),언론사
4608,경인일보 (주식회사 경인일보),언론사
4609,경인자치신문,언론사
4610,경인장애인신문,언론사
4611,경인장애인환경신문,언론사
4612,경인저널,언론사
4613,경인정보광장,언론사
4614,경인종합뉴스,언론사
4615,경인종합일보 (종합일보 주식회사),언론사
4616,경인타임스(gitimes),언론사
4617,경인통신,언론사
4618,경인투데이,언론사
4619,경인투데이뉴스 (주식회사 경인투데이뉴스),언론사
4620,경인포스트,언론사
4621,경인포커스,언론사
4622,경인플러스 (주식회사 경인플러스),언론사
4623,경인환경신문 (주식회사 경인환경신문),언론사
4624,경일신문 (주식회사 경일신문),언론사
4625,경쟁저널(KOREAN JOURNAL OF COMPETITION) (사단법인 한국공정경쟁연합회),언론사
4626,경전일보 (경전일보사 주식회사),언론사
4627,경정브이(V),언론사
4628,경정예상종합지,언론사
4629,경정윈저,언론사
4630,경정코리아,언론사
4631,경정피플,언론사
4632,경제 인사이트,언론사
4633,경제21C,언론사
4634,경제CEO,언론사
4635,경제TV,언론사
4636,경제in뉴스,언론사
4637,경제人,언론사
4638,경제뉴스 ((주)이코노믹포스트),언론사
4639,경제뉴스TV (주식회사 한국인증지원센터),언론사
4640,경제를 살리자,언론사
4641,경제만랩 ((주)비앤씨),언론사
4642,경제매거진,언론사
4643,경제미디어 (주식회사 경제미디어),언론사
4644,경제부산,언론사
4645,경제분석,언론사
4646,경제신문,언론사
4647,경제엔미디어,언론사
4648,경제와사회,언론사
4649,경제인 투데이,언론사
4650,경제인협회 연합뉴스 (디스에듀(주)),언론사
4651,경제일보,언론사
4652,경제자유구역신문,언론사
4653,경제종합뉴스,언론사
4654,경제킹 (주식회사 동아이지에듀),언론사
4655,경제타임스 ((주)경제타임스),언론사
4656,경제투데이,언론사
4657,경제포커스,언론사
4658,경제플러스,언론사
4659,경주 美,언론사
4660,경주뉴스,언론사
4661,경주로온,언론사
4662,경주방송 (주식회사 경주신문사),언론사
4663,경주사랑신문,언론사
4664,경주시대,언론사
4665,경주시민신문 (경주시민신문(주)),언론사
4666,경주신문,언론사
4667,경주실버신문,언론사
4668,경주야놀자,언론사
4669,경주와 사람들,언론사
4670,경주인터넷신문,언론사
4671,경주일보 (주식회사 경주신문사),언론사
4672,경주저널,언론사
4673,경주타임즈 ((주)경주타임즈),언론사
4674,경주포커스,언론사
4675,경찰24시,언론사
4676,경찰굿신문,언론사
4677,경찰기독신문,언론사
4678,경찰뉴스,언론사
4679,경찰뉴스24,언론사
4680,경찰방송·국가경찰신문,언론사
4681,경찰방송신문,언론사
4682,경찰복음뉴스,언론사
4683,경찰선교,언론사
4684,경찰선교신문,언론사
4685,경찰소방연합신문 ((사)경찰소방안전후원연합회),언론사
4686,경찰신문 (국정방송 주식회사),언론사
4687,경찰연합신문 ((주)한국연합미디어),언론사
4688,경찰일보 (국정방송 주식회사),언론사
4689,경찰정보신문,언론사
4690,경찰종합신문 (주식회사 대한탐정시큐리티),언론사
4691,경찰종합일보,언론사
4692,경찰청리포터21,언론사
4693,경찰청채플린,언론사
4694,경찰타임즈,언론사
4695,경찰투데이,언론사
4696,경찰피스,언론사
4697,경찰합동신문 (주식회사 경찰합동신문경찰합동뉴스),언론사
4698,경찰환경신문,언론사
4699,경청중앙신문 (주식회사 경청중앙신문),언론사
4700,경충일보,언론사
4701,경포요양,언론사
4702,경향게임스,언론사
4703,경향게임즈(Games) (주식회사 경향플러스),언론사
4704,경향교육신문 (주식회사 경향교육신문),언론사
4705,경향매일 (주식회사 경향매일),언론사
4706,경향방송,언론사
4707,경향신문,언론사
4708,경향신문 (주식회사 경향신문사),언론사
4709,경향일보,언론사
4710,경향잡지 ((사)한국천주교중앙협의회),언론사
4711,경향해피투게더(KyungHyang HappyTogether),언론사
4712,경호무술신문 (사단법인 국제경호무술연맹),언론사
4713,경화 ((사)경화회),언론사
4714,계간 글벗,언론사
4715,계간 문예,언론사
4716,계간 문학 평론,언론사
4717,계간 미스터리,언론사
4718,계간 별빛문학,언론사
4719,계간 사상문학,언론사
4720,계간 새문학,언론사
4721,계간 섬,언론사
4722,계간 송림,언론사
4723,계간 수필,언론사
4724,계간 시문학,언론사
4725,계간 시와 경계,언론사
4726,계간 시와비평,언론사
4727,계간 시조문학 (사단법인 한국시조협회),언론사
4728,계간 우리길벗 ((사)신사회공동선운동연합),언론사
4729,계간 작가,언론사
4730,계간 저작권 (한국저작권위원회),언론사
4731,계간 전국문학,언론사
4732,계간 진리 자유,언론사
4733,계간 창작21,언론사
4734,계간 파란 (주식회사 함께하는출판그룹파란),언론사
4735,계간 프리다이버,언론사
4736,계간 한국문학세상,언론사
4737,계간 한국시학,언론사
4738,계간 현대수필,언론사
4739,계간공무원문학,언론사
4740,계간문예지 P.S,언론사
4741,계간사진기자 (사단법인 한국사진기자협회),언론사
4742,계간시학,언론사
4743,계간시향(詩向),언론사
4744,계간웹북,언론사
4745,계간진해,언론사
4746,계간창원,언론사
4747,계간평택저널 (주식회사 쿼크미디어),언론사
4748,계간한지 (사)한지산업기술발전진흥회),언론사
4749,계란자조금,언론사
4750,계룡굿뉴스(Gyeryong Good News),언론사
4751,계룡뉴스저널,언론사
4752,계룡문화,언론사
4753,계룡신문,언론사
4754,계룡와이드 뉴스 (계룡미디어 주식회사),언론사
4755,계룡일보 ((주)계룡저널),언론사
4756,계룡투데이,언론사
4757,계룡투데이 (논산계룡투데이 주식회사),언론사
4758,계선디자인(KESSON DESIGN),언론사
4759,고객만족을실천합니다 (주식회사 비즈빌커뮤니케이션),언론사
4760,고구려역사저널 (주식회사 고구려역사저널),언론사
4761,고뉴스 ((주)고뉴스신문사),언론사
4762,고다프레스,언론사
4763,고대평생교육 ((주)글로벌테솔교육연구원),언론사
4764,고딩럽 (주식회사 고딩럽),언론사
4765,고래가 그랬어 ((주)고래가그랬어),언론사
4766,고래가 숨 쉬는 도서관,언론사
4767,고려달빛,언론사
4768,고려사회복지평생교육원,언론사
4769,고려신문,언론사
4770,고려요양협동조합,언론사
4771,고려일보,언론사
4772,고려평생교육신문 ((주)소암),언론사
4773,고령군민신문 ((주)고령군민신문),언론사
4774,고령사회 행복플러스,언론사
4775,고령사회톱뉴스,언론사
4776,고령성주시대 (주식회사 고령성주인터넷신문),언론사
4777,고령인터넷뉴스,언론사
4778,고령친화HYO신문,언론사
4779,고르라,언론사
4780,고마(古麻),언론사
4781,고물연대,언론사
4782,고발뉴스닷컴 (주식회사 발뉴스),언론사
4783,고배당경마,언론사
4784,고백뉴스,언론사
4785,고산신문 (주식회사 아트앤컴퍼니인터내셔널),언론사
4786,고성114닷컴,언론사
4787,고성군민신문,언론사
4788,고성금강신문,언론사
4789,고성뉴스,언론사
4790,고성매일신문 (고성매일신문 주식회사),언론사
4791,고성미래신문 ((주)고성미래신문사),언론사
4792,고성시사신문 (주식회사 고성시사정보),언론사
4793,고성신문 (주식회사 고성신문사),언론사
4794,고성인터넷뉴스,언론사
4795,고성좋은뉴스,언론사
4796,고성타임즈,언론사
4797,고성톱뉴스 (영농조합법인 가나안복지재단),언론사
4798,고시계,언론사
4799,고시기획,언론사
4800,고시위크 (주식회사피앤피커뮤니케이션즈),언론사
4801,고신tv,언론사
4802,고양 in,언론사
4803,고양 여성 신문,언론사
4804,고양.파주신보,언론사
4805,고양.파주신보 (주식회사 한국언론포털통신사),언론사
4806,고양·파주·김포 아파트신문 ((주)유아이에프글로벌),언론사
4807,고양뉴스,언론사
4808,고양뉴스광장(K뉴스광장),언론사
4809,고양뉴스닷컴,언론사
4810,고양시니어신문 (시니어신문네트워크),언론사
4811,고양신문,언론사
4812,고양아파트신문,언론사
4813,고양이뉴스 (나루코(주)),언론사
4814,고양이신문,언론사
4815,고양인터넷신문,언론사
4816,고양일보 (주식회사 엠시지),언론사
4817,고양저널 (주식회사 고양저널),언론사
4818,고양타임즈,언론사
4819,고양파주시민연합뉴스,언론사
4820,고양파주투데이,언론사
4821,고양효성미디어,언론사
4822,고연뉴스 (사단법인 디올포원),언론사
4823,고용서비스톱뉴스 (전국고용서비스협회),언론사
4824,고운누리 신문사 (주식회사 고운누리),언론사
4825,고유필라테스 옥정본점,언론사
4826,고졸취업신문,언론사
4827,고창뉴스,언론사
4828,고창신문 (주식회사 고창신문),언론사
4829,고카넷,언론사
4830,고타야뉴스 (주식회사 고타야뉴스),언론사
4831,고텐션,언론사
4832,고평뜰,언론사
4833,고함20,언론사
4834,고향뉴스,언론사
4835,고향브라보 (도네이션뱅크(주)),언론사
4836,고향사랑,언론사
4837,고향신문,언론사
4838,고향통신,언론사
4839,고흥뉴스,언론사
4840,고흥문학,언론사
4841,고흥신문 (아리랑신문사),언론사
4842,고흥엔(Goheung N) (디자인나무 주식회사),언론사
4843,고흥엔NEWS (디자인나무 주식회사),언론사
4844,고흥의소리,언론사
4845,고흥타임즈 ((주)고흥타임즈),언론사
4846,곡성신문 (유한회사 곡성신문),언론사
4847,곡성일보,언론사
4848,곡성타파,언론사
4849,곡성투데이 (주식회사 심청문화),언론사
4850,곤충산업 ((주)거룩한손),언론사
4851,골닷컴 코리아 (주식회사 비욘더게임),언론사
4852,골드뉴스,언론사
4853,골든시티 뉴스 ((주)황금도시),언론사
4854,골든에이지 (주식회사 시니어케어24(Senior Care 24 Inc.)),언론사
4855,골든크로스 ((주)머니인사이트),언론사
4856,골든타임경제,언론사
4857,골든타임뉴스,언론사
4858,골든타임즈(goldentimes) (주식회사 동광지티),언론사
4859,골든투데이,언론사
4860,골든트리뉴스,언론사
4861,골목대간 (주식회사 무본),언론사
4862,골프 에이엠피 매거진(골프 AMP magazine) ((주)한국경영인학술협회),언론사
4863,골프 헤럴드 (골프헤럴드 주식회사),언론사
4864,골프TV(GOLF TV),언론사
4865,골프가이드(GolfGuide),언론사
4866,골프경영과정보 ((주)지엠아이컨설팅그룹),언론사
4867,골프경제신문,언론사
4868,골프다이제스트 한국판 ((주)스포티비),언론사
4869,골프데일리(golfdaily),언론사
4870,골프라이프,언론사
4871,골프리포트(GOLF REPORT) ((주)아미쿼츠),언론사
4872,골프매거진 ((주)골프매거진코리아),언론사
4873,골프매니아,언론사
4874,골프먼스리(GOLFMONTHLY),언론사
4875,골프뷰(GOLF VIEW),언론사
4876,골프산업신문 (주식회사 한국골프산업신문),언론사
4877,골프시이오매거진,언론사
4878,골프아이엔씨(Golf Inc.) (주식회사 제이디지엠 (JDGM)),언론사
4879,골프앤뉴스(GOLFNNEWS),언론사
4880,골프앤포스트 ((주)포씨유),언론사
4881,골프월드,언론사
4882,골프위크(GOLFWEEK),언론사
4883,골프이슈 (주식회사 골프파트너스),언론사
4884,골프장골프파크골프 신문,언론사
4885,골프저널,언론사
4886,골프채널,언론사
4887,골프코스세미나코리아(GOLF COURSE SEMINAR KOREA) (주식회사 골프세미나케이),언론사
4888,골프타임즈,언론사
4889,골프토픽 ((주) 인포월드웹),언론사
4890,골프톡(Golf Talk),언론사
4891,골프톡(Golf Tok),언론사
4892,골프투데이,언론사
4893,골프트리 (주식회사 콘텐츠트리),언론사
4894,골프한국,언론사
4895,골프한국 ((주)골프한국),언론사
4896,곰곰이,언론사
4897,곰나루,언론사
4898,곰두리소식(Gomdoori news),언론사
4899,곱들락제주 ((주)오감제주),언론사
4900,곳나모,언론사
4901,공간(SPACE) ((주) 씨앤비미디어),언론사
4902,공간건축저널 (주식회사 유니브원),언론사
4903,공간과사회 (한울엠플러스(주)),언론사
4904,공간뉴스 (유한회사 스포트라이트),언론사
4905,공간디자인,언론사
4906,공감,언론사
4907,공감ON,언론사
4908,공감se,언론사
4909,공감뉴스,언론사
4910,공감뉴스방송,언론사
4911,공감신문 ((주)공감신문),언론사
4912,공감온도뉴스,언론사
4913,공감일보,언론사
4914,공감저널,언론사
4915,공감코리아,언론사
4916,공공기관 Brief (한국조세재정연구원),언론사
4917,공공기관과 정책연구 (한국조세재정연구원),언론사
4918,공공기관신문,언론사
4919,공공기관저널,언론사
4920,공공뉴스 ((주)공공미디어),언론사
4921,공공뉴스타임즈(Public News Times) ((주)한국공공신문사),언론사
4922,공공디자인저널,언론사
4923,공공부문 정책이슈 보고서 (전국공공산업노동조합연맹),언론사
4924,공공의 소리 (암사 도시재생사회적협동조합),언론사
4925,공공이음 (공공이음 주식회사),언론사
4926,공공투데이 (공공투데이 주식회사),언론사
4927,공공포커스i,언론사
4928,공공포털,언론사
4929,공구공감 ((주)하이브파트너스),언론사
4930,공구기술,언론사
4931,공구로만드는 우리들의 아지트 (연암홈센터 주식회사),언론사
4932,공구사랑,언론사
4933,공구잔치,언론사
4934,공구저널,언론사
4935,공구전사 ((주)나비엠알오),언론사
4936,공기업신문 (공기업신문사 주식회사),언론사
4937,공뉴스 (주식회사 공뉴스),언론사
4938,공단사랑방,언론사
4939,공동구매 ((주)투엠원컨텐츠그룹),언론사
4940,공동선,언론사
4941,공동창업시대,언론사
4942,공동체(Community News),언론사
4943,공동체뉴스,언론사
4944,공동체협의회,언론사
4945,공드린 뉴스 (공드린 주식회사),언론사
4946,공모전 대외활동 가이드북 ((주)씽굿),언론사
4947,공무원 매거진,언론사
4948,공무원U신문 (전국공무원노동조합),언론사
4949,공무원뉴스 (주식회사 공무원뉴스),언론사
4950,공무원문학,언론사
4951,공무원연금 (공무원연금공단(서울지부)),언론사
4952,공무원타임즈,언론사
4953,공부차도,언론사
4954,공셸(GONGSHALL) (주식회사 미디에잇),언론사
4955,공신연뉴스 (주식회사 공신연뉴스),언론사
4956,공실뉴스 ((주)공실마케팅),언론사
4957,공연과 리뷰,언론사
4958,공연과이론,언론사
4959,공연소식,언론사
4960,공연시선,언론사
4961,공연예술,언론사
4962,공영방송,언론사
4963,공예사랑,언론사
4964,공예산책생활,언론사
4965,공우회,언론사
4966,공원커피 (오케이미디어그룹(주)),언론사
4967,공유경제신문(SEconomy) ((주)공유경제),언론사
4968,공유뉴스 (대한모금가협회 주식회사),언론사
4969,공유문화예술지 AZIT,언론사
4970,공익경제신문 (주식회사 센머니뉴스),언론사
4971,공익뉴스 (주식회사 열둘),언론사
4972,공익저널,언론사
4973,공익탐사뉴스,언론사
4974,공인시대,언론사
4975,공인중개사소식지 터,언론사
4976,공인중개사신문,언론사
4977,공장,언론사
4978,공정거래신문,언론사
4979,공정경제,언론사
4980,공정관광 매거진 (재단법인 피스윈즈코리아),언론사
4981,공정뉴스 (한국미디어서비스(주)),언론사
4982,공정미디어뉴스 (공정미디어 주식회사),언론사
4983,공정사회신문,언론사
4984,공정신문,언론사
4985,공정언론뉴스,언론사
4986,공주뉴스,언론사
4987,공주문화,언론사
4988,공주시필라테스매거진,언론사
4989,공주신문 (주식회사 공주신문사),언론사
4990,공주의 소리,언론사
4991,"공주일보 (주식회사 씨에이미디어그룹(CA Media co., Ltd.))",언론사
4992,공직신문 엔디엔뉴스,언론사
4993,공통점,언론사
4994,공학저널 (주식회사 공학미디어그룹),언론사
4995,공항영종용유투데이,언론사
4996,공혁의 소리,언론사
4997,공황장애신문,언론사
4998,과문융합저널,언론사
4999,과천넷,언론사
5000,과천뉴스,언론사
5001,과천뉴스넷,언론사
5002,과천문화신문,언론사
5003,과천시니어신문 (시니어신문네트워크),언론사
5004,과천시대 신문,언론사
5005,과천시민신문,언론사
5006,과천신문,언론사
5007,과천저널,언론사
5008,과학과기술,언론사
5009,과학교육,언론사
5010,과학기술과 사회,언론사
5011,과학기술정책 브리프 (과학기술정책연구원),언론사
5012,과학동아 (주식회사 동아사이언스),언론사
5013,과학사상 ((주)범양사 대표),언론사
5014,과학소년,언론사
5015,과학소년 ((주)교원),언론사
5016,과학수사저널 ((주)과학수사저널),언론사
5017,과학신문,언론사
5018,과학원예,언론사
5019,과학잡지 에피,언론사
5020,과학적아로마테라피 매거진 (주식회사 에코앤네이쳐),언론사
5021,관광교통시각표,언론사
5022,관광레저뉴스 (주식회사 피엠아이씨),언론사
5023,관광레저신문 (주식회사 레저신문),언론사
5024,관광레저신문(Travel & Leisure News),언론사
5025,관광부산 (사)부산광역시관광협회),언론사
5026,관광음식문화신문,언론사
5027,관광의학가이드,언론사
5028,관광저널,언론사
5029,관광호텔외식신문,언론사
5030,관세뉴스,언론사
5031,관세무역연구 ((사)한국관세무역개발원),언론사
5032,관세무역정보 ((사)한국관세무역개발원),언론사
5033,관세와 무역,언론사
5034,관악경성신문,언론사
5035,관악교육미디어 (관악평생교육원(주)),언론사
5036,관악뉴스,언론사
5037,관악뉴스 ((주)관악뉴스),언론사
5038,관악문화매거진,언론사
5039,관악문화신문,언론사
5040,관악신문 ((주)관악타임즈),언론사
5041,관악저널 ((주) 관악동작연합신문사),언론사
5042,관악주민신문,언론사
5043,관악평생교육뉴스,언론사
5044,관음불교,언론사
5045,관장몰,언론사
5046,관절염가이드,언론사
5047,관훈저널,언론사
5048,광고심의,언론사
5049,광고연구 (한국광고홍보학회),언론사
5050,광고이야기,언론사
5051,광고타임즈,언론사
5052,광교IT기자단,언론사
5053,광교신문,언론사
5054,광교저널,언론사
5055,광남뉴스,언론사
5056,광남일보 (광남일보 주식회사),언론사
5057,광륜,언론사
5058,광림뉴스레타,언론사
5059,광명,언론사
5060,광명 웰페어 타임즈(welfare times),언론사
5061,광명IN뉴스,언론사
5062,광명뉴스,언론사
5063,광명뉴스 (주식회사 광명닷컴),언론사
5064,광명데일리,언론사
5065,광명동부 새마을금고 소식지,언론사
5066,광명매일신문 (주식회사 광명신문),언론사
5067,광명방송 (주식회사 광명닷컴),언론사
5068,광명부척일보 ((주)에이비씨미디어),언론사
5069,광명사랑,언론사
5070,광명시민뉴스,언론사
5071,광명시민신문,언론사
5072,광명신문,언론사
5073,광명어린이신문 (광명문화원),언론사
5074,광명위클리뉴스,언론사
5075,광명일보 (주식회사 광명저널),언론사
5076,광명지역신문 (주식회사 광명지역신문),언론사
5077,광명타임즈,언론사
5078,광명포스트 (더광명포스트 주식회사),언론사
5079,광복군 및 독립운동 역사 (사단법인백산지청천장군기념사업회),언론사
5080,광복선열 보훈TIMES,언론사
5081,광복회보 (광복회),언론사
5082,광산뉴스,언론사
5083,광산문화포럼 ((사)광산문화포럼),언론사
5084,광산사랑소식지,언론사
5085,광산시민신문 (주식회사 광산시민신문),언론사
5086,광산신문 ((주)지에스뉴스),언론사
5087,광산저널 (결따라 주식회사),언론사
5088,광선신문,언론사
5089,광성일보,언론사
5090,광야아카데미뉴스,언론사
5091,광양경제 (광양경제신문 주식회사),언론사
5092,광양교차로,언론사
5093,광양뉴스 (광양뉴스(주)),언론사
5094,광양만신문 (광양만뉴스주식회사),언론사
5095,광양만투데이,언론사
5096,광양문화인터넷신문,언론사
5097,광양시니어신문 (시니어신문네트워크),언론사
5098,광양시민신문,언론사
5099,광양시민신문 (광양시민신문(주)),언론사
5100,광양신문,언론사
5101,광양타임즈,언론사
5102,광역일보 (주식회사 광역일보),언론사
5103,광역행정신문 ((주)엠케이미디어),언론사
5104,광이문예,언론사
5105,광장,언론사
5106,광장 인터넷신문 (㈜금정문화네트워크),언론사
5107,광장21 (주식회사 광장21),언론사
5108,광장TV,언론사
5109,광장TV(KJTV),언론사
5110,광장일보,언론사
5111,광장일보 ((주)광장일보),언론사
5112,광장취업뉴스,언론사
5113,광전매일신문 ((주)광전매일신문),언론사
5114,광전일보 (주식회사 광전일보신문사),언론사
5115,광전타임즈,언론사
5116,광주NBN뉴스,언론사
5117,광주N광주,언론사
5118,광주YWCA (광주여자기독교청년회),언론사
5119,광주com정보 ((주)이미지),언론사
5120,광주in ((주)광주미디언),언론사
5121,광주i문화인터넷신문,언론사
5122,광주가디언 (주식회사 포천가디언),언론사
5123,광주개인택시신문,언론사
5124,광주관광재단 (광주관광재단),언론사
5125,광주교통뉴스,언론사
5126,광주교통신문,언론사
5127,광주뉴스 (주식회사 광주뉴스),언론사
5128,광주닷컴,언론사
5129,광주데일리뉴스 (주식회사 광주미디어그룹),언론사
5130,광주리포트 (호남스포츠클럽 유한회사),언론사
5131,광주매일TV (주식회사 광주매스컴),언론사
5132,광주매일신문,언론사
5133,광주매일신문(光州每日新聞),언론사
5134,광주문학 (사단법인 광주광역시 문인협회),언론사
5135,광주밀알보 ((사)한국장애인선교광주밀알),언론사
5136,광주바른타임즈,언론사
5137,광주비전신문,언론사
5138,광주사랑케이팝 (주식회사 광주사랑케이팝),언론사
5139,광주서구투니몽(tooni mong),언론사
5140,광주서구투니콜(tooni call),언론사
5141,광주세계타임즈 (주식회사 세계타임즈),언론사
5142,광주시민저널,언론사
5143,광주신문,언론사
5144,광주요약택시신문,언론사
5145,광주의 시선으로,언론사
5146,광주이씨회보,언론사
5147,광주인터넷뉴스,언론사
5148,광주일등뉴스 ((주)광주일등뉴스),언론사
5149,광주일보 ((주)광주일보사),언론사
5150,광주저널,언론사
5151,광주저널브리핑 (주식회사 광주저널),언론사
5152,광주전남기자협의회뉴스,언론사
5153,광주전남기자협회보,언론사
5154,광주전남뉴스,언론사
5155,광주전남정책연구 (재단법인 전남연구원),언론사
5156,광주전남통합일보 (주식회사 중앙인재교육원),언론사
5157,광주전남특별방송,언론사
5158,광주전남핫뉴스,언론사
5159,광주정책연구 (광주연구원),언론사
5160,광주창업신문 (주식회사 창업경영신문사),언론사
5161,광주타임즈 (유한회사 광주타임즈),언론사
5162,광주투데이,언론사
5163,광진구 소비자 저널,언론사
5164,광진뉴스,언론사
5165,광진신문,언론사
5166,광진투데이 (성광미디어(주)),언론사
5167,광학타임즈 ((주)윙크엔터),언론사
5168,광화문저널 ((주)광화문저널),언론사
5169,광흥타임즈,언론사
5170,괜찮은 뉴스,언론사
5171,괴산사랑케이팝 (주식회사 다파라치오),언론사
5172,괴산증평자치신문 (주)괴산증평자치신문),언론사
5173,괴산타임즈,언론사
5174,괴산타임즈 (주식회사 괴산타임즈),언론사
5175,교과서연구 ((재)한국교과서연구재단),언론사
5176,교단문학,언론사
5177,교도신문,언론사
5178,교민세계,언론사
5179,교민일보 (주식회사 교민일보),언론사
5180,교수신문 (주식회사 교수신문미디어랩),언론사
5181,교양 월간지 행복나눔,언론사
5182,교원문학,언론사
5183,교육 Education in,언론사
5184,교육CEO,언론사
5185,교육n마을 (주식회사 유스바람개비),언론사
5186,교육개발 (한국교육개발원),언론사
5187,교육공론,언론사
5188,교육과 미래 (킹스키즈어학원(주)),언론사
5189,교육과 사색,언론사
5190,교육과보육신문,언론사
5191,교육교회 (학교법인 장로회신학대학교),언론사
5192,교육뉴스,언론사
5193,교육뉴스민들레,언론사
5194,교육문화복지저널,언론사
5195,교육문화신문,언론사
5196,교육복지환경신문,언론사
5197,교육비평,언론사
5198,교육사랑신문,언론사
5199,교육시사저널 (에듀스토리 주식회사),언론사
5200,교육시설방재정보 (교육시설재난공제회),언론사
5201,교육신문,언론사
5202,교육신보 ((주)교육신문사 대표이사),언론사
5203,교육앤시민,언론사
5204,교육언론 창 ((주)교육언론창),언론사
5205,교육연합뉴스,언론사
5206,교육연합신문 (교육연합신문 주식회사),언론사
5207,교육의 소리,언론사
5208,교육일보 ((주)한국경제지능연구소),언론사
5209,교육장학뉴스(Education Scholar's News) (주식회사 에이세프(AESF Inc.)),언론사
5210,교육저널,언론사
5211,교육전문신문,언론사
5212,교육전문지 상연일보 (주식회사 연상교육),언론사
5213,교육정보신문,언론사
5214,교육정책포럼(교육정책네트워크) (한국교육개발원),언론사
5215,교육콘텐츠신문 MYEBS,언론사
5216,교육타임즈,언론사
5217,교육평론,언론사
5218,교육포럼,언론사
5219,교육포커스,언론사
5220,교육플러스(e뉴스통신) ((주)뉴스잇다),언론사
5221,교육환경연합뉴스 (그린월드피스(주)),언론사
5222,교육희망 (전국교직원노동조합),언론사
5223,교인들의신문,언론사
5224,교차로닷컴 (주식회사 교차로신문사),언론사
5225,교차로신문 (주식회사 교차로신문사),언론사
5226,교차로익산,언론사
5227,교차로청주저널,언론사
5228,교통365TV (주식회사 합동신문합동통신),언론사
5229,교통경제,언론사
5230,교통경찰뉴스,언론사
5231,교통관광신문,언론사
5232,교통뉴스,언론사
5233,교통방송,언론사
5234,교통사고예방센터 ((주)교통사고과학연구소),언론사
5235,교통시대 ((사)교통문화운동시민연합),언론사
5236,교통신문 (한국교통신문 주식회사),언론사
5237,교통여행신문,언론사
5238,교통연구,언론사
5239,교통일보,언론사
5240,교통종합신문,언론사
5241,교통종합신문 (주식회사 교통문화신문사),언론사
5242,교통평화(Peace on the Road) ((사)한국교통장애인협회),언론사
5243,교통환경투데이(TECO) (사단법인 국제도시교통환경연구소),언론사
5244,교회건축,언론사
5245,교회건축저널,언론사
5246,교회건축포럼,언론사
5247,교회발전연구소,언론사
5248,교회법,언론사
5249,교회법률뉴스,언론사
5250,교회법신문,언론사
5251,교회복음신문,언론사
5252,교회비평 크리스챤,언론사
5253,교회생활,언론사
5254,교회성장 ((사)세계교회성장연구원),언론사
5255,교회신문,언론사
5256,교회연합신문,언론사
5257,교회와 교육,언론사
5258,교회와 시정저널 (주식회사 이디엘),언론사
5259,교회와 역사 ((재)한국교회사연구소),언론사
5260,교회와 이단 ((사)기독교이단.사이비연구대책협의회),언론사
5261,교회와가정신문,언론사
5262,교회와선교,언론사
5263,교회와시정뉴스,언론사
5264,교회와신앙 ((주)한국교회문화사),언론사
5265,교회정보넷,언론사
5266,교회협동신문,언론사
5267,교회협력신문,언론사
5268,구독타임즈 (주식회사 구독타임즈),언론사
5269,구례군민일보 (주식회사 구례군민일보),언론사
5270,구례소리 (주식회사 구례소리),언론사
5271,구례신문 (구례언론협동조합),언론사
5272,구례일보 (주식회사 구례일보),언론사
5273,구로디지털뉴스,언론사
5274,구로오늘,언론사
5275,구로의 소리,언론사
5276,구로인(IN)뉴스,언론사
5277,구로일보저널,언론사
5278,구로취업뉴스,언론사
5279,구로타임즈 ((주)구로타임즈),언론사
5280,구로타임즈신문 ((주)구로타임즈),언론사
5281,구룡사보,언론사
5282,구르메스토리 ((주)구르메 월드 코리아),언론사
5283,구름다리 (사단법인 국민대통합운동연합),언론사
5284,구름타임즈,언론사
5285,구리남양주뉴스,언론사
5286,구리팩트,언론사
5287,구매.자재관리 ((사)한국구매자재관리협회 대표),언론사
5288,구미노인회보 ((사)대한노인회 구미시지회),언론사
5289,구미뉴스,언론사
5290,구미시민뉴스,언론사
5291,구미시티뉴스,언론사
5292,구미신문,언론사
5293,구미인터넷뉴스,언론사
5294,구미일번지 (주식회사 구미일번지),언론사
5295,구미일보,언론사
5296,구미저널 (학교법인 구미교육재단),언론사
5297,구미투니콜(toonicall),언론사
5298,구미투데이 ((주)구미투데이),언론사
5299,구세공보 (재대한구세군유지재단법인 대표),언론사
5300,구애보 덴탈 다이제스트,언론사
5301,구유선 굿환경뉴스,언론사
5302,구정신문,언론사
5303,국가건축기술자격증,언론사
5304,국가경찰정보신문,언론사
5305,국가국회방송,언론사
5306,국가대표 (아자스타주식회사),언론사
5307,국가도시공원뉴스 (사단법인 100만평문화공원조성범시민협의회),언론사
5308,국가미래전략매거진,언론사
5309,국가보훈뉴스,언론사
5310,국가안보전략 (사단법인 한국국가전략연구원),언론사
5311,국가예술방송,언론사
5312,국가유공신문,언론사
5313,국가유공자 보훈연합뉴스,언론사
5314,국가유공자신문,언론사
5315,국가유산뉴스 (사단법인 한국목구조기술인협회),언론사
5316,국가전략 (재단법인 세종연구소),언론사
5317,국가전략기획,언론사
5318,국가전략연구,언론사
5319,국가회계 재정통계 News Letter (한국조세재정연구원),언론사
5320,국검경신문,언론사
5321,국경일기념일뉴스,언론사
5322,국내매일 (합명회사 종교법인),언론사
5323,국내매일신문 (합명회사 종교법인),언론사
5324,국립공원,언론사
5325,국립공원의 친구들 (사단법인 한국국립공원협회),언론사
5326,국민,언론사
5327,국민 행복시대,언론사
5328,국민21,언론사
5329,국민Biz TV (주식회사 한국신문방송인클럽),언론사
5330,국민TV,언론사
5331,국민TV뉴스 (미디어협동조합),언론사
5332,국민[독도]의 소리,언론사
5333,국민건강 ((주)와이케이제작소),언론사
5334,국민건강 365 (주식회사 보건의료연합신문),언론사
5335,국민건강 365 박람회 (주식회사 보건의료연합신문),언론사
5336,국민건강e뉴스,언론사
5337,국민건강생활신문,언론사
5338,국민검찰신문 ((주)선우웨이브),언론사
5339,국민경제,언론사
5340,국민경제(kmbiz),언론사
5341,국민경제(kmgbiz) ((주)국민미디어그룹),언론사
5342,국민경제+,언론사
5343,국민경제TV,언론사
5344,국민경제뉴스,언론사
5345,국민경제신문NET (주식회사 인사만사),언론사
5346,국민경제희망뉴스,언론사
5347,국민경찰신문,언론사
5348,국민교육신문 ((주)국민교육신문),언론사
5349,국민권익신문 (주식회사 국민권익신문사),언론사
5350,국민기자뉴스,언론사
5351,국민논단,언론사
5352,국민뉴스,언론사
5353,국민데일리,언론사
5354,국민매일,언론사
5355,국민문화신문,언론사
5356,국민방송,언론사
5357,국민방송미디어 ((주)국민방송미디어),언론사
5358,국민복지신문,언론사
5359,국민복지신문 (주식회사 국민복지신문),언론사
5360,국민부동산자산관리신문,언론사
5361,국민생각,언론사
5362,국민생활스포츠뉴스,언론사
5363,국민생활체육신문(national sport news) ((주)국민생활체육신문사),언론사
5364,국민생활체육연합신문,언론사
5365,국민신문 (주식회사 국민신문사),언론사
5366,국민신보 (국민신보 주식회사),언론사
5367,국민안전관리신문,언론사
5368,국민안전뉴스,언론사
5369,국민안전신문타임즈,언론사
5370,국민안전일보 (주식회사 국민안전일보),언론사
5371,국민앵커(내셔널 앵커) (뷰티저널내셔널앵커 주식회사),언론사
5372,국민언론TV,언론사
5373,국민언론뉴스 ((주)애드포스커뮤니케이션),언론사
5374,국민연금 뉴스레터 (국민연금공단),언론사
5375,국민연대,언론사
5376,국민연합뉴스 (국민연합뉴스 주식회사),언론사
5377,국민연합일보,언론사
5378,국민운동정보신문 (해양보호국민연대),언론사
5379,국민위생환경신문,언론사
5380,국민의 뉴스 TV,언론사
5381,국민의소리 (주식회사 한국신문방송인클럽),언론사
5382,국민일보,언론사
5383,국민일보 (국민일보(주)),언론사
5384,국민재난안전연합뉴스 (사단법인 국민재난안전총연합회),언론사
5385,국민전단지,언론사
5386,국민정책평가신문,언론사
5387,국민정책평가신문 ((사)한국유권자총연맹),언론사
5388,국민제보,언론사
5389,국민주권신문,언론사
5390,국민체육뉴스 (주식회사 세계시사뉴스통신),언론사
5391,국민체육레저신문,언론사
5392,국민체육진흥신문,언론사
5393,국민톡톡TV (씨엔비주식회사),언론사
5394,국민통일방송 (사단법인 통일미디어),언론사
5395,국민투데이 (주식회사 국민투데이),언론사
5396,국민행복시대.,언론사
5397,국민행복신문,언론사
5398,국민환경방송 (주식회사 대한미디어그룹),언론사
5399,국방119,언론사
5400,국방과기술,언론사
5401,국방논집,언론사
5402,국방신문(Gukbang News) (국방신문협동조합),언론사
5403,국방일보,언론사
5404,국방전우신문,언론사
5405,국방취업정보 ((주)국방홍보미디어),언론사
5406,국방타임,언론사
5407,국법일보 (주식회사 국법일보),언론사
5408,국보문학,언론사
5409,국보컬처메거진,언론사
5410,국비교육,언론사
5411,국선 (사단법인 세계국선도연맹),언론사
5412,국세신문,언론사
5413,국세인광장 (사단법인 국세동우회),언론사
5414,국세일보 (주식회사 창업경영신문사),언론사
5415,국세정보와 밝은사회 뉴스,언론사
5416,국악TV,언론사
5417,국악교육신문,언론사
5418,국악뉴스(gugaknews) (주식회사 헤리티지네트웍스),언론사
5419,국악디지털신문 (주식회사 국악신문사),언론사
5420,국악신문 ((주)미디어아라리),언론사
5421,국악신문 (주식회사 국악신문사),언론사
5422,국악신문사 ((주)미디어아라리),언론사
5423,국악예술신문,언론사
5424,국악타임즈뉴스 (주식회사 헤리티지네트웍스),언론사
5425,국악포럼 (학교법인 중앙대학교),언론사
5426,국악피플 (주식회사 국악신문사),언론사
5427,국원시학,언론사
5428,국원신문,언론사
5429,국일일보,언론사
5430,국일일보 (국일미디어 주식회사),언론사
5431,국정TV저널,언론사
5432,국정뉴스,언론사
5433,국정문화연예스포츠타임스(국정문화연예스포츠Times),언론사
5434,국정보안뉴스 (한국에스피아이연합회(주)),언론사
5435,국정신문 (국정방송 주식회사),언론사
5436,국정일보 (국정방송 주식회사),언론사
5437,국정저널,언론사
5438,국정전문지 동행,언론사
5439,국제 경찰신문,언론사
5440,국제 매거진,언론사
5441,국제EDU,언론사
5442,국제I저널 (국제아이저널 주식회사),언론사
5443,국제건축평생교육원,언론사
5444,국제결혼정보신문,언론사
5445,국제경제,언론사
5446,국제경찰마약타임즈,언론사
5447,국제고미술교류진흥협회,언론사
5448,국제골프 (주식회사 월간국제골프사),언론사
5449,국제과학연구,언론사
5450,국제교류센터,언론사
5451,국제교육뉴스,언론사
5452,국제교육센터,언론사
5453,국제기구필라테스 매거진,언론사
5454,국제기독교뉴스 (주식회사 국제기독교뉴스),언론사
5455,국제기독교선교방송,언론사
5456,국제기독신문 ((재)대한예수교장로회장신총회),언론사
5457,국제노동브리프,언론사
5458,국제농업신문,언론사
5459,국제대학교류타임즈 ((주)국제대학교류원),언론사
5460,국제도시정보,언론사
5461,국제레저스포츠 (주식회사 아일렉),언론사
5462,국제리드뉴스,언론사
5463,국제명인저널,언론사
5464,국제모던타임즈,언론사
5465,국제문단,언론사
5466,국제문예,언론사
5467,국제문학,언론사
5468,국제문화교육뉴스,언론사
5469,국제문화신문,언론사
5470,국제미션신문사 (주식회사 국제미션신문사),언론사
5471,국제미용건강신문 ((주)아이비에이치),언론사
5472,국제미용뉴스,언론사
5473,국제미용신문,언론사
5474,국제민속신문,언론사
5475,국제반려동물신문 (주식회사 국제반려동물신문),언론사
5476,국제법률경영 ((재)국제법률경영연구원),언론사
5477,국제법률신문,언론사
5478,국제불교뉴스,언론사
5479,국제불교방송,언론사
5480,국제사회보장리뷰 (한국보건사회연구원),언론사
5481,국제사회복지신문,언론사
5482,국제선교문화신문,언론사
5483,국제선교신문,언론사
5484,국제수사일보,언론사
5485,국제스타협희,언론사
5486,국제스포츠신문,언론사
5487,국제스포츠조감 ((재) 국제스포츠전략위원회),언론사
5488,국제신문,언론사
5489,국제신문 (주식회사 국제신문),언론사
5490,국제아카데미,언론사
5491,국제언론인연합회 기부천사클럽저널,언론사
5492,국제언론인클럽(GJCNEWS),언론사
5493,국제에듀교육신문,언론사
5494,국제연합신문,언론사
5495,국제외교뉴스,언론사
5496,국제율동체조신문사,언론사
5497,국제의료선교신문,언론사
5498,국제인권보 ((사)국제인권옹호한국연맹),언론사
5499,국제인권신문,언론사
5500,국제인터넷신문,언론사
5501,국제일보,언론사
5502,국제정치공론,언론사
5503,국제중독신문 ((주)새움),언론사
5504,국제지구환경보전실천기구 그린뉴스 (국제지구환경보전실천기구세계본부앤드그린뉴스 주식회사),언론사
5505,국제창의진흥신문 ((유)국제창의진흥신문),언론사
5506,국제청소년포럼 ((주)아이디아이),언론사
5507,국제타임스,언론사
5508,국제타임지 (주식회사 국제이엔씨),언론사
5509,국제태권도신문,언론사
5510,국제통상신문 ((주)인트레드),언론사
5511,국제투데이뉴스 (주식회사 삼마),언론사
5512,국제투데이타임즈,언론사
5513,국제평화 (재단법인 서울평화상문화재단),언론사
5514,국제학교뉴스,언론사
5515,국제학생저널 ((주)아이디아이),언론사
5516,국제해양방송 (주식회사 네오),언론사
5517,국제헌법재판신문사,언론사
5518,국제환경교육신문,언론사
5519,국제환경문학,언론사
5520,국제환경방송,언론사
5521,국제환경신문,언론사
5522,국책뉴스 (주식회사 한국국책연구원),언론사
5523,국토,언론사
5524,국토경제신문 ((주)국토경제신문사),언론사
5525,국토교통뉴스,언론사
5526,국토교통신문,언론사
5527,국토교통저널,언론사
5528,국토매일 (주식회사 국토매일신문사),언론사
5529,국토신문,언론사
5530,국토연구,언론사
5531,국토이슈리포트,언론사
5532,국토일보 ((주)국토일보),언론사
5533,국토저널,언론사
5534,국토정책 brief,언론사
5535,국토해양 환경신문 (사단법인 한국국토해양환경보존협회),언론사
5536,국토해양환경뉴스 ((주)국토해양환경),언론사
5537,국토환경뉴스,언론사
5538,국토환경신문.직능인의소리 (주식회사 국토환경신문),언론사
5539,국회뉴스(A-News),언론사
5540,국회미래신문,언론사
5541,국회방송저널 (주식회사 국회방송저널),언론사
5542,국회시도의정뉴스 (국회시도의정뉴스 주식회사),언론사
5543,국회신문,언론사
5544,국회의원 뉴스 (뉴스코리아 주식회사),언론사
5545,국회의정뉴스 (국회의정뉴스 주식회사),언론사
5546,국회의정뉴스 부설 지방의정,언론사
5547,국회의정뉴스 부설 지방의정 (주식회사 방역시대),언론사
5548,국회의정저널,언론사
5549,국회일보,언론사
5550,국회저널 (국회저널(주)),언론사
5551,국회종합뉴스,언론사
5552,국회타임즈,언론사
5553,군경신문,언론사
5554,군민신문,언론사
5555,군사논단 (사)한국군사학회장),언론사
5556,군사저널(Military Journal),언론사
5557,군산경제뉴스,언론사
5558,군산뉴스 (주식회사 군산뉴스),언론사
5559,군산미래신문 ((주)군산미래신문),언론사
5560,군산수산 (사단법인 군산수산진흥회),언론사
5561,군산시니어신문 (시니어신문네트워크),언론사
5562,군산시민신문 (주식회사 군산시민신문사),언론사
5563,군산에너지(紙) (군산시민발전(주)),언론사
5564,군산인뉴스,언론사
5565,군산타임즈,언론사
5566,군선교신문 (사단법인 한국기독교군선교연합회),언론사
5567,군위군민신문 (주식회사 경북미디어),언론사
5568,군위넷,언론사
5569,군위신문,언론사
5570,군위의성인터넷뉴스,언론사
5571,군위일보 (주식회사 영남미디어그룹),언론사
5572,군위팔공신문,언론사
5573,군포i문화인터넷신문,언론사
5574,군포뉴스,언론사
5575,군포문화매거진<담다>,언론사
5576,군포방송,언론사
5577,군포시민신문,언론사
5578,군포시민신문 (주식회사 시민미디어),언론사
5579,군포신문 (주식회사 군포신문사),언론사
5580,군포일보 (주식회사 흙),언론사
5581,군포장애인신문,언론사
5582,군포제일교회 아름다운 뉴스,언론사
5583,군포평생잡지 (군포평생교육원 주식회사),언론사
5584,굽소리 (뉴스코리아 주식회사),언론사
5585,굿 뉴스 ((주)중앙자치경찰일보),언론사
5586,굿 포스트,언론사
5587,굿금융뉴스 (디지털마켓플레이스(주)),언론사
5588,굿넷뉴스,언론사
5589,굿뉴스 경북,언론사
5590,굿뉴스(쉼과평안),언론사
5591,굿뉴스365 (주식회사 굿뉴스),언론사
5592,굿뉴스넷,언론사
5593,굿뉴스닷컴,언론사
5594,굿뉴스데일리,언론사
5595,굿뉴스메이커,언론사
5596,굿뉴스서산,언론사
5597,굿뉴스울산,언론사
5598,굿뉴스채널 (지앤씨 주식회사),언론사
5599,굿뉴스코리아,언론사
5600,굿뉴스타트,언론사
5601,굿뉴스통신,언론사
5602,굿뉴스피플,언론사
5603,굿닥터 (굿닥터홀딩스 주식회사),언론사
5604,굿데이경제,언론사
5605,굿데이뉴스,언론사
5606,굿데이충청 (주식회사 굿데이충청),언론사
5607,굿데이충청신문,언론사
5608,굿데일리 (주식회사 정금),언론사
5609,굿라이프365 (주식회사 나무처럼),언론사
5610,굿리더뉴스,언론사
5611,굿리더스저널 (주)리더라인),언론사
5612,굿맘교육,언론사
5613,굿매거진,언론사
5614,굿모닝,언론사
5615,굿모닝 뉴스,언론사
5616,굿모닝 중부뉴스,언론사
5617,굿모닝경제 (굿모닝경제신문 주식회사),언론사
5618,굿모닝경찰소방미션저널,언론사
5619,굿모닝광주,언론사
5620,굿모닝논산,언론사
5621,굿모닝논산.계룡,언론사
5622,굿모닝맘스 (주식회사 창업경영신문사),언론사
5623,굿모닝산타,언론사
5624,굿모닝서울 (주식회사 스포츠서울),언론사
5625,굿모닝서울포스트,언론사
5626,굿모닝세종,언론사
5627,굿모닝스포츠,언론사
5628,굿모닝여수,언론사
5629,굿모닝완도 (완도언론협동조합),언론사
5630,굿모닝전북신문,언론사
5631,굿모닝충청 (주식회사 굿모닝충청),언론사
5632,굿모닝충청 교육사랑,언론사
5633,굿모닝타임스,언론사
5634,굿모닝투데이,언론사
5635,굿모닝호남TV방송 (유한회사 굿모닝호남),언론사
5636,굿뷰티 아티스트,언론사
5637,굿샷뉴스 (프라임에듀 주식회사),언론사
5638,굿스(Goodss),언론사
5639,굿스테이지,언론사
5640,굿스파인병원 (의료법인 갈렌의료재단),언론사
5641,굿에이징 ((주)노화와질병저널),언론사
5642,굿윌라이프뉴스 ((주)굿윌라이프),언론사
5643,굿이즈해피,언론사
5644,굿잡뉴스 ((주)뉴스투데이코퍼레이션),언론사
5645,굿잡투데이 ((주)엘리트코리아),언론사
5646,굿저널(goodjournal) (주식회사 호산나미디어),언론사
5647,굿즈매거진,언론사
5648,굿처치뉴스,언론사
5649,굿타임,언론사
5650,굿타임즈 (주식회사 지에스플러스),언론사
5651,굿타임즈24,언론사
5652,굿투데이 ((주)컨텐츠박스그룹),언론사
5653,굿투데이뉴스,언론사
5654,굿파트너스,언론사
5655,굿퍼닝교육 ((주)로렌츠라온),언론사
5656,굿포인트뉴스,언론사
5657,굿포항소식 (굿포항소식(주)),언론사
5658,굿퓨처데일리,언론사
5659,굿피플 & 한국문화복지,언론사
5660,굿피플타임즈 (주식회사 서울소방),언론사
5661,궁서채 (주식회사 에이치케이에프),언론사
5662,궁중코리아TV,언론사
5663,권익복지신문,언론사
5664,권홍 소식지 ((주)권홍),언론사
5665,귀금속과시계 ((사)한국귀금속판매업중앙회대표),언론사
5666,귀농귀촌뉴스,언론사
5667,귀농귀촌라이프뉴스 (사회적협동조합공감21),언론사
5668,귀농귀촌신문 ((주)미디어뉴스기업),언론사
5669,귀농뉴스,언론사
5670,귀농스토리 충남매거진,언론사
5671,귀농통문 ((사)전국귀농운동본부),언론사
5672,귀한사람,언론사
5673,규제연구 (사단법인 한국규제학회),언론사
5674,그날뉴스,언론사
5675,그대라는 꽃이 있는 정원(웨딩&플라워),언론사
5676,그때그시절매거진,언론사
5677,그라모폰 코리아 ((주)마스트미디어),언론사
5678,그라프 매거진,언론사
5679,그랑드 뉴스,언론사
5680,그래스루티(풀뿌리안산),언론사
5681,그래픽(GRAPHIC),언론사
5682,그래픽노블(Graphic Novel),언론사
5683,그래픽저널,언론사
5684,그랜드핏필라테스타임즈,언론사
5685,그레이스 교육협회,언론사
5686,그레이스저널리스트(Grace Journalist),언론사
5687,그레이와이즈,언론사
5688,그로스뉴스,언론사
5689,그로스데일리(Growth Daily),언론사
5690,그로스투데이 (주식회사 로프트아일랜드),언론사
5691,그룹MBG (주식회사 엠지엠미디어),언론사
5692,그리고 부산 (주식회사 착한세상),언론사
5693,그리고 올바로 까치산뉴스,언론사
5694,그리고 올바로 봉천뉴스,언론사
5695,그리고 올바로 삼전뉴스 (주식회사 올바로필라테스),언론사
5696,그리고 올바로 석촌뉴스,언론사
5697,그리고 올바로 종암뉴스,언론사
5698,그리고올바로 역곡뉴스 (주식회사 그리고컴퍼니),언론사
5699,그리니 미디어,언론사
5700,그리니엄(Greenium) (그린펄스 주식회사),언론사
5701,그리다뉴스 (주식회사 그리다소프트),언론사
5702,그리스도교논단,언론사
5703,그리스도신문 (주식회사 그신문더미션),언론사
5704,그리스도의 성품,언론사
5705,그리스도의 성품(web),언론사
5706,그리스도의사람,언론사
5707,그리스도의편지,언론사
5708,그리스도인의생활,언론사
5709,그리스도인의신앙과지성,언론사
5710,그린 펜(green pen),언론사
5711,그린뉴딜E (사단법인 그린뉴딜이포럼),언론사
5712,그린뉴딜E매거진 (사단법인 그린뉴딜이포럼),언론사
5713,그린때때 (그린때때),언론사
5714,그린마인드(green mind),언론사
5715,그린매일,언론사
5716,그린복지뉴스,언론사
5717,그린에세이,언론사
5718,그린잡,언론사
5719,그린키퍼,언론사
5720,그린타임즈,언론사
5721,그린타임즈 (주식회사 그린플루언서신문),언론사
5722,그린투데이 ((주)고려일보),언론사
5723,그린티 소식,언론사
5724,그린포스트코리아 ((주)그린포스트코리아),언론사
5725,그린플루언서신문 ((주)지에프학술원),언론사
5726,그린헬스,언론사
5727,그린환경연합신문,언론사
5728,그림나무,언론사
5729,그림도림뉴스 (주식회사 그림필라테스),언론사
5730,그림책 숲N,언론사
5731,극동경제신문,언론사
5732,극동뉴스 (세계미디어(주)),언론사
5733,극동매일,언론사
5734,극동아세아,언론사
5735,극동일보,언론사
5736,극작에서공연까지,언론사
5737,근대뉴스 (19세기발전소 주식회사),언론사
5738,근대서지,언론사
5739,근동고고학,언론사
5740,근로복지공단 대전병원 소식지,언론사
5741,근로복지공단 안산병원 소식지,언론사
5742,근육학매거진,언론사
5743,글결K문학,언론사
5744,글라이터,언론사
5745,글램미디어 ((주)글램미디어코리아),언론사
5746,글로리저널 (주식회사 글로리저널),언론사
5747,글로메디스미디어 ((주)글로메디스),언론사
5748,글로밥상,언론사
5749,글로벌 GNA,언론사
5750,글로벌 K(Global K),언론사
5751,글로벌 근로자 (주식회사 힘찬건설자격증전문학원),언론사
5752,글로벌 다이렉트 뉴스 (주식회사 브이모션스),언론사
5753,글로벌 비즈뉴스(GBN) (사단법인 장보고글로벌재단),언론사
5754,글로벌 새마을,언론사
5755,글로벌 선교 문화예술 방송,언론사
5756,글로벌 설악뉴스 (주식회사 에코그린),언론사
5757,글로벌 아시아(Global Asia) ((재)동아시아재단),언론사
5758,글로벌 오토뉴스,언론사
5759,글로벌 크로니클,언론사
5760,글로벌 타임즈 (주식회사 글로벌워크),언론사
5761,글로벌 투데이(Global Today),언론사
5762,글로벌 파이낸스,언론사
5763,글로벌A,언론사
5764,글로벌CEO,언론사
5765,글로벌CEO포럼,언론사
5766,글로벌C패밀리,언론사
5767,글로벌E(GLOBAL E) (주식회사 글로벌이(Global E)),언론사
5768,글로벌e (주식회사 글로벌이(Global E)),언론사
5769,글로벌i코드 (주식회사 그린미디어),언론사
5770,글로벌가족신문,언론사
5771,글로벌건설인의 꿈 ((주)힘찬건설자격증교육개발원),언론사
5772,글로벌경기,언론사
5773,글로벌경영신문,언론사
5774,글로벌경제신문(GETNEWS) ((주)글로벌경제신문),언론사
5775,글로벌골프매거진,언론사
5776,글로벌교육뉴스 (주식회사 글로벌선진교육),언론사
5777,글로벌교육생태계,언론사
5778,글로벌교육신문 ((주)글로벌이앤티),언론사
5779,글로벌교육정보신문,언론사
5780,글로벌국방 ((사)글로벌국방연구포럼),언론사
5781,글로벌금융신문 (주식회사 국제금융리서치),언론사
5782,글로벌기독신문,언론사
5783,글로벌기술뉴스,언론사
5784,글로벌뉴스114 (사회적협동조합 더함),언론사
5785,글로벌뉴스24,언론사
5786,글로벌뉴스라인,언론사
5787,글로벌뉴스충청,언론사
5788,글로벌뉴스타임즈(GLOBALNEWSTIMES),언론사
5789,글로벌뉴스통신,언론사
5790,글로벌다문화신문,언론사
5791,글로벌데일리 (주식회사 글로벌미디어콘텐츠),언론사
5792,글로벌동포신문,언론사
5793,글로벌디펜스뉴스(Global Defence News) ((주)한미역사문화연구원),언론사
5794,글로벌라이프 (주식회사 글로벌기업경영컨설팅),언론사
5795,글로벌리더(Global Leader) ((주)젬미디어),언론사
5796,글로벌리언(GLOBALIAN) (주식회사 아이엘에스그룹),언론사
5797,글로벌매거진아이러브태권도,언론사
5798,글로벌모니터 (글로벌뉴스앤리서치(주)),언론사
5799,글로벌모빌리티 (주식회사 그린미디어),언론사
5800,글로벌무예저널,언론사
5801,글로벌문화신문,언론사
5802,글로벌문화융합교육학회,언론사
5803,글로벌문화정보뉴스(GCIN),언론사
5804,글로벌미션신문,언론사
5805,글로벌방송가수연예협회,언론사
5806,글로벌방송신문 cnnnews,언론사
5807,글로벌복지뉴스,언론사
5808,글로벌뷰티매거진,언론사
5809,글로벌스포츠,언론사
5810,글로벌신문,언론사
5811,글로벌에듀타임즈,언론사
5812,글로벌에듀포커스,언론사
5813,글로벌에스큐(SQ) 매거진,언론사
5814,글로벌에픽 (주식회사 글로벌에픽),언론사
5815,글로벌여성,언론사
5816,글로벌연합통신 (주식회사 글로벌대학원대학교),언론사
5817,글로벌외식정보,언론사
5818,글로벌위너 ((주)마케팅큐브),언론사
5819,글로벌의료관광평가review,언론사
5820,글로벌이코노믹 (주식회사 그린미디어),언론사
5821,글로벌인 뉴스 (주식회사 글로벌인),언론사
5822,글로벌인사이트,언론사
5823,글로벌인재교육신문 (주식회사 글로벌인재교육연구원),언론사
5824,글로벌인재저널,언론사
5825,글로벌인재지원뉴스,언론사
5826,글로벌잡스(Global Jobs) (주식회사 디앤드에이무인항공기술원),언론사
5827,글로벌조이 ((주)글로벌앤라이프),언론사
5828,글로벌취업타임즈 (주식회사 글로벌취업센터(본점)),언론사
5829,글로벌커리어,언론사
5830,글로벌컨텐츠커뮤니케이션신문,언론사
5831,글로벌코리아 (코리아넷 주식회사),언론사
5832,글로벌코리아TV방송 ((주)글로벌코리아방송),언론사
5833,글로벌코리아타임즈 Global Korea Times (주식회사 도유랩스 (Doh Yoo Labs)),언론사
5834,글로벌코리안뉴스,언론사
5835,글로벌코리언,언론사
5836,글로벌타임스 매거진(globaltimes magazine) ((주)대민일보글로벌타임스),언론사
5837,글로벌타임즈 ((주)키움멘토),언론사
5838,글로벌타임지(THE GLOBAL TIMES),언론사
5839,글로벌페트루스 매거진 ((주)글로벌페트루스),언론사
5840,글로벌평생교육뉴스,언론사
5841,글로벌평택뉴스 (미디어평택협동조합),언론사
5842,글로벌포스트 ((주)글로벌포스트신문사),언론사
5843,글로벌픽콘(Global Pickcon) ((주)조선일보일본어판),언론사
5844,글로벌한류타임즈(Global Hallyu Times),언론사
5845,글로벌헤럴드 ((주)라윤홀딩스),언론사
5846,글로벌헬스뉴스,언론사
5847,글로벌헬스케어뉴스 (사단법인 한국의료수출협회),언론사
5848,글로벌홈 (주식회사 글로벌홈),언론사
5849,글로벌환경신문,언론사
5850,글로벌휴먼타임즈(Global Human Times) (글로벌휴먼에듀(협)),언론사
5851,글로브 뉴스,언론사
5852,글로빛미디어 (글로빛(주)),언론사
5853,글로애,언론사
5854,글로에듀뉴스 (글로에듀(주)),언론사
5855,글로우업 ((주)글로우업),언론사
5856,글로컬뉴스,언론사
5857,글로컬저널,언론사
5858,글로컬타임스,언론사
5859,글로컬투데이,언론사
5860,글마루,언론사
5861,글밭,언론사
5862,글샘일보,언론사
5863,글소리,언론사
5864,글숲,언론사
5865,글의세계,언론사
5866,글픽 (주식회사 동아이지에듀),언론사
5867,글향문학,언론사
5868,금강경제,언론사
5869,금강신문,언론사
5870,금강예술,언론사
5871,금강일보 (주)금강일보사),언론사
5872,금강투데이,언론사
5873,금강회보,언론사
5874,금교 (주향세계잡지사유한회사한국영업소),언론사
5875,금목문학,언론사
5876,금빛뉴스,언론사
5877,금빛둥지,언론사
5878,금산경제뉴스 (금산경제뉴스 주식회사),언론사
5879,금산소식 (주식회사 금산소식),언론사
5880,금산소식i (주식회사 금산소식),언론사
5881,금산시대 ((주)양들의 평화),언론사
5882,금산신문 (금산신문주식회사),언론사
5883,금산신문@,언론사
5884,금산의소리 (주식회사 금산의소리),언론사
5885,"금산일보 (주식회사 씨에이미디어그룹(CA Media co., Ltd.))",언론사
5886,금산저널,언론사
5887,금산중앙신문 (금산중앙신문 주식회사),언론사
5888,금산중앙신문방송 (금산중앙신문 주식회사),언론사
5889,금산진악신문 (금산진악신문 주식회사),언론사
5890,금산타임스 ((주)금산타임스),언론사
5891,금산투데이 (주식회사 금산투데이),언론사
5892,금산투데이(인터넷신문) (주식회사 금산투데이),언론사
5893,금산학생신문,언론사
5894,금요저널,언론사
5895,금융경제,언론사
5896,금융경제신문,언론사
5897,금융경제플러스 ((주)금융경제플러스),언론사
5898,금융계,언론사
5899,금융계 ((주)금융계),언론사
5900,금융리스크리뷰 (예금보험공사),언론사
5901,금융소비자뉴스 ((주)금소뉴스),언론사
5902,금융안정연구 (예금보험공사),언론사
5903,금융정보신문 ((주)스마투스),언론사
5904,금융조세 ((주)로스차일드코리아인베스트),언론사
5905,금융조세신문,언론사
5906,금융플러스,언론사
5907,금이성,언론사
5908,금정,언론사
5909,금정신문,언론사
5910,금정투니몽,언론사
5911,금천 meat (주식회사 금천),언론사
5912,금천구민신문,언론사
5913,금천뉴스 (주식회사 지씨엔에스),언론사
5914,금천미래신문,언론사
5915,금천신문 ((주)씨에이아이개발),언론사
5916,금천장애인정보신문,언론사
5917,금천저널,언론사
5918,금천저널24,언론사
5919,금천플러스,언론사
5920,금형人 (주식회사 테라코퍼),언론사
5921,금형기술 ((주)첨단),언론사
5922,금형저널 ((주)한국산업정보센타),언론사
5923,급등일보,언론사
5924,급식신문 ((주)대한급식신문사),언론사
5925,긍정의 뉴스,언론사
5926,기계기술,언론사
5927,기계뉴스,언론사
5928,기계설비신문 ((주)기계설비신문),언론사
5929,기계신문 (주식회사백미터),언론사
5930,기계신문.,언론사
5931,기계앤드자동화,언론사
5932,기계저널,언론사
5933,기능성식품매거진,언론사
5934,기능재활 타임즈,언론사
5935,기도 수첩 (사단법인 세계복음화전도협회),언론사
5936,기독개혁뉴스,언론사
5937,기독교 마라나타신문,언론사
5938,기독교 복음TV,언론사
5939,기독교 여성신문,언론사
5940,기독교 연합뉴스,언론사
5941,기독교 연합방송,언론사
5942,기독교TV,언론사
5943,기독교개혁,언론사
5944,기독교개혁신보,언론사
5945,기독교교육,언론사
5946,기독교교육신문,언론사
5947,기독교뉴스,언론사
5948,기독교대한하나님의성회 총회뉴스,언론사
5949,기독교대한하나님의성회총회신문 (재단법인 기독교대한하나님의성회),언론사
5950,기독교라인,언론사
5951,기독교매거진,언론사
5952,기독교문화신문 나비통신,언론사
5953,기독교방송,언론사
5954,기독교보 (재단법인 대한예수교장로회(고신)총회유지재단),언론사
5955,기독교복음신문,언론사
5956,기독교사랑방송,언론사
5957,기독교사상,언론사
5958,기독교서울신문,언론사
5959,기독교세계,언론사
5960,기독교신문,언론사
5961,기독교신문 (에이치비디씨 주식회사),언론사
5962,기독교여행신문,언론사
5963,기독교연합신문 ((주)기독교연합신문사 대표),언론사
5964,기독교예술 Christian Art,언론사
5965,기독교저널 ((주)기독교뉴스),언론사
5966,기독교전도신문,언론사
5967,기독교종합뉴스,언론사
5968,기독교종합신문 ((주)기독교종합신문),언론사
5969,기독교종합편성tv신문,언론사
5970,기독교중앙뉴스,언론사
5971,기독교중앙신문,언론사
5972,기독교중앙신문 (학교법인 중앙총신학원),언론사
5973,기독교타임즈 (코퍼레이션엑스(주)),언론사
5974,기독교포털뉴스,언론사
5975,기독교한국신문,언론사
5976,기독교헤럴드 (주식회사 기독교헤럴드),언론사
5977,기독교호남신문,언론사
5978,기독교회신문,언론사
5979,기독뉴스,언론사
5980,기독문학사랑신문 ((주)명진씨앤피),언론사
5981,기독문화신문,언론사
5982,기독방송,언론사
5983,기독선교연합신문,언론사
5984,기독시문학,언론사
5985,기독시민신문,언론사
5986,기독시보,언론사
5987,기독신문,언론사
5988,기독신문+ (주식회사 공주기독신문),언론사
5989,기독신문TV,언론사
5990,기독신보(CHRISTIAN TIME),언론사
5991,기독여성신문,언론사
5992,기독연합공보 ((주)총신평생교육원),언론사
5993,기독연합뉴스,언론사
5994,기독연합신보,언론사
5995,기독인 뉴스,언론사
5996,기독인신문,언론사
5997,기독일보,언론사
5998,기독일보 ((주)기독일보사),언론사
5999,기독일보씨디엔,언론사
6000,기독종합신문,언론사
6001,기독타임즈,언론사
6002,기독통신 크리스천뉴스,언론사
6003,기독파워뉴스,언론사
6004,기독협력신문,언론사
6005,기록과 역사,언론사
6006,기록과보존,언론사
6007,기록학연구,언론사
6008,기린맵 ((주)키비),언론사
6009,기부신문,언론사
6010,기부타임즈,언론사
6011,기분좋은뉴스 (주식회사 국제에이치알디평생교육원),언론사
6012,기분좋은신문 (유비씨동탄 주식회사),언론사
6013,기브데일리 ((주)투애드컴),언론사
6014,기쁜소식 ((주)기쁜소식사),언론사
6015,기쁜소식신문,언론사
6016,기쁨과 희망 ((사)기쁨과희망사목연구원),언론사
6017,기수열전,언론사
6018,기술경영,언론사
6019,기술과정보 ((주)기술과정보),언론사
6020,기술교육 Magazine,언론사
6021,기술사,언론사
6022,기술신문,언론사
6023,기술인,언론사
6024,기술일보 (한국기술발전 주식회사),언론사
6025,기술창업뉴스,언론사
6026,기어박스,언론사
6027,기억과전망 (민주화운동기념사업회),언론사
6028,기업&미디어 ((주)기업앤미디어),언론사
6029,기업&미디어.com,언론사
6030,기업경영인신문 (주식회사 마스타),언론사
6031,기업경영지원신문,언론사
6032,"기업경영환경개선뉴스""알리보"" (전중협 주식회사)",언론사
6033,기업경제뉴스,언론사
6034,기업경제신문 ((주)아이이엔),언론사
6035,기업과 환경,언론사
6036,기업뉴스TV (뉴스랭키(주)),언론사
6037,기업매거진,언론사
6038,기업법연구 ((주)소셜인슈런스),언론사
6039,기업신문,언론사
6040,기업인뉴스 ((주)기업인뉴스),언론사
6041,기업일보(KIUPNEWS),언론사
6042,기업정책정보신문 ((주)한국정책자금기술평가관리원),언론사
6043,기업체 총람,언론사
6044,기업회생미디어 ((주)중앙기업회생연구소),언론사
6045,기의학협회저널,언론사
6046,기자뉴스,언론사
6047,기자들의 눈 (기자들의눈 주식회사),언론사
6048,기자협회보 ((사)한국기자협회),언론사
6049,기장TV,언론사
6050,기장공보,언론사
6051,기장라이프,언론사
6052,기장일보 (주식회사 정관타임스),언론사
6053,기초지반신문 (주식회사 가인지북스),언론사
6054,기특한 뉴스 (링크앤코 주식회사),언론사
6055,기프트북(한국선물용품총람),언론사
6056,기하성뉴스,언론사
6057,기하성총회신문,언론사
6058,기호일보 (주식회사 기호일보),언론사
6059,기획회의,언론사
6060,기후경제타임즈,언론사
6061,기후변화경제,언론사
6062,기후에너지경제신문,언론사
6063,기후연합,언론사
6064,기후일보 (사단법인 백세사회시민연대(주사무소)),언론사
6065,긱큐티 더굳뉴스,언론사
6066,길 매거진 (주식회사 곰이사는마을),언론사
6067,길과 생명,언론사
6068,길림신문 해외판 (주식회사 어스커뮤니케이션),언론사
6069,길벗,언론사
6070,길잡이뉴스 (주식회사 길잡이연구소),언론사
6071,김 저널 (사단법인 한국수산물안전정책연구원),언론사
6072,김상서닷컴,언론사
6073,김어준의 겸손은힘들다 뉴스공장 ((주)명랑사회),언론사
6074,김영동포교육신문,언론사
6075,김영동포신문,언론사
6076,김제뉴스 (유한회사 김제뉴스),언론사
6077,김제뉴스1 (김제뉴스1신문사),언론사
6078,김제뉴스1신문사 (김제뉴스1신문사),언론사
6079,김제시민의 신문 (주식회사 김제시민의 신문사),언론사
6080,김종영미술관 학술+비평,언론사
6081,김지영 방방곡곡 뉴스,언론사
6082,김창준 KORUSTODAY,언론사
6083,김천 Heart 뉴스,언론사
6084,김천내일신문,언론사
6085,김천뉴스,언론사
6086,김천방송,언론사
6087,김천소식,언론사
6088,김천시민뉴스,언론사
6089,김천시민일보 (주식회사 김천시민일보),언론사
6090,김천에듀타임즈,언론사
6091,김천인터넷뉴스 (주식회사 뉴스코리아네트워크),언론사
6092,김천인터넷신문 (주식회사 뉴스코리아네트워크),언론사
6093,김천일보,언론사
6094,김천제 1 신문,언론사
6095,김치사랑케이팝 (주식회사 한글사랑케이팝),언론사
6096,김포24,언론사
6097,김포기독저널,언론사
6098,김포넷,언론사
6099,김포누리,언론사
6100,김포뉴스24,언론사
6101,김포뉴스25,언론사
6102,김포뉴타운,언론사
6103,김포데일리 ((주)김포데일리),언론사
6104,김포라이프저널,언론사
6105,김포로,언론사
6106,김포매일뉴스 (주식회사 김포매일닷컴),언론사
6107,김포문화광장 ((주)춤추는레인보우),언론사
6108,김포미래신문 ((주)미래신문),언론사
6109,김포시 소비자저널,언론사
6110,김포시니어신문 (시니어신문네트워크),언론사
6111,김포시민신문,언론사
6112,김포시아파트신문,언론사
6113,김포신문,언론사
6114,김포신문 (주식회사 김포신문),언론사
6115,김포아이뉴스,언론사
6116,김포오늘뉴스,언론사
6117,김포우리신문,언론사
6118,김포저널,언론사
6119,김포타임즈,언론사
6120,김포탑뉴스 (주식회사 김포탑뉴스),언론사
6121,김포투데이,언론사
6122,김포티브이 (주식회사 김포티브이),언론사
6123,김포환경신문,언론사
6124,김한용의모카 ((주)김한용의모카),언론사
6125,김해 건설 자격증 잡지사,언론사
6126,김해 관광신문 (뉴스코리아 주식회사),언론사
6127,김해뉴스 (김해뉴스 주식회사),언론사
6128,김해밀알보,언론사
6129,김해방송 (주식회사 김해방송),언론사
6130,김해복지장애인신문,언론사
6131,김해신문,언론사
6132,김해예술평생교육신문,언론사
6133,김해와장유넷,언론사
6134,김해인터넷뉴스,언론사
6135,김해인터넷신문,언론사
6136,김해일보 (주식회사 한국문화산업),언론사
6137,김해중앙병원보,언론사
6138,김해탑뉴스,언론사
6139,김해투데이,언론사
6140,깃,언론사
6141,깊게 보는 개미뉴스 (언론협동조합 개미뉴스),언론사
6142,까사리빙(CASA LIVING) (주식회사 시공사),언론사
6143,까치소식,언론사
6144,까치패트롤,언론사
6145,까치패트롤 자판왕드림,언론사
6146,깨끗한 연구소 ((주)깨끗한 연구소),언론사
6147,깨알뉴스,언론사
6148,깨알소식,언론사
6149,꼬마숲 맘(litteforest mom) (주식회사 꼬망세네트웍스),언론사
6150,꼼지락늬우스 (주식회사 꼼지락),언론사
6151,꽁지환경늬우스 (주식회사 꽁지환경늬우스),언론사
6152,꽃,언론사
6153,꽃동네회,언론사
6154,꽃이피지오 뉴스,언론사
6155,꽃향기신문,언론사
6156,꾸러미 ((주)꾸러미),언론사
6157,꾸러미경제 ((주)꾸러미),언론사
6158,꾸러미뷰티앤헬스(꾸러미beauty & health) ((주)꾸러미),언론사
6159,꾸러미실버(꾸러미silver) ((주)꾸러미),언론사
6160,꾸러미아카데미(꾸러미Academy) ((주)꾸러미),언론사
6161,꾸러미알앤에프(꾸러미R&F) ((주)꾸러미),언론사
6162,꾸러미이벤트(꾸러미event) ((주)꾸러미),언론사
6163,꾸러미투어 ((주)꾸러미),언론사
6164,꾸러미틴에이지(꾸러미teenage) ((주)꾸러미),언론사
6165,꿈(KUMM) (고려대학교 아세아문제연구원),언론사
6166,꿈과 꿈,언론사
6167,꿈꾸는 사람들,언론사
6168,꿈나무새싹 (주식회사 굿맘인천서구),언론사
6169,꿈씨오쟁이 ((사)자원봉사애원),언론사
6170,꿈을 나누는 사람들의 모임,언론사
6171,꿈을꾸는교육 ((주)로렌츠진해),언론사
6172,꿈초롱드림스타트,언론사
6173,끄레아숑보떼,언론사
6174,끌라시꼬외식문화뉴스,언론사
6175,끌로에 둔촌뉴스,언론사
6176,끌로에 창동뉴스,언론사
6177,끌리는뉴스,언론사
6178,끌림타임즈,언론사
6179,끝까지 HIT ((주)히트미디어),언론사
6180,나가보세,언론사
6181,나나월드 프로 (주식회사 나나월드),언론사
6182,나나월드 프로(NANA WORLD PRO) (주식회사 나나월드),언론사
6183,나나월드(NANA WOLRD),언론사
6184,나나월드(NANA WORLD),언론사
6185,나남뉴스 (주식회사 애드인컴),언론사
6186,나누리,언론사
6187,나눔,언론사
6188,나눔24뉴스,언론사
6189,나눔경제,언론사
6190,나눔경제뉴스 ((주)나눔미디어),언론사
6191,나눔과 동행 (사)안산시자원봉사센터),언론사
6192,나눔과 사랑,언론사
6193,나눔과 아름다운동행,언론사
6194,나눔과 힐링,언론사
6195,나눔나라신문,언론사
6196,나눔뉴스 ((주)나눔뉴스),언론사
6197,나눔방송 (사단법인 외국인근로자문화센터),언론사
6198,나눔복지,언론사
6199,나눔신문 (주식회사 행복나눔교육컨설팅),언론사
6200,나눔아카데미 (주식회사 스마트나눔아카데미),언론사
6201,나눔이 있는 행복한 세상 (사)생명나눔실천부산지역본부),언론사
6202,나눔일보,언론사
6203,나눔플러스,언론사
6204,나는한국인,언론사
6205,나들이신문,언론사
6206,나들이정보 ((주)나들이정보),언론사
6207,나라경제 (한국개발연구원),언론사
6208,나라사랑,언론사
6209,나라신문,언론사
6210,나라안전신문,언론사
6211,나라오르샤 (주식회사 뿌리와샘),언론사
6212,나라향기 무궁화 (사단법인 한국무궁화미술협회),언론사
6213,나래시조,언론사
6214,나래타임즈 (주식회사 톡커스),언론사
6215,나루터,언론사
6216,나무 미디어,언론사
6217,나무매거진 (주식회사 나무평생교육원),언론사
6218,나무신문,언론사
6219,나무일보 ((주)나무건설정보),언론사
6220,나무집저널 (주식회사 나무집사랑),언론사
6221,나무향기 ((유)밀스톤출판사),언론사
6222,나사렛 인터넷 신문 (재단법인 대한기독교나사렛성결회유지재단),언론사
6223,나사렛신문 (재단법인 대한기독교나사렛성결회유지재단),언론사
6224,나스e뉴스,언론사
6225,나우eTV (유한회사 나우경제티브이),언론사
6226,나우경제,언론사
6227,나우경제TV (나우경제 주식회사),언론사
6228,나우뉴스,언론사
6229,나우닷컴,언론사
6230,나우리신문 ((주)나우리),언론사
6231,나우무비 (나우무비 주식회사),언론사
6232,나우미디어 ((주)컬컴광주점),언론사
6233,나우온 (나우온(주)),언론사
6234,나우인터넷뉴스 (뉴던(주)),언론사
6235,나우퍼그커뮤니티,언론사
6236,나원장,언론사
6237,나음 플러스 (분당서울대학교병원),언론사
6238,나의 충남매거진,언론사
6239,나이스 투데이,언론사
6240,나이스경제 ((주)미디어락),언론사
6241,나이스데이 (주식회사 나이스데이미디어),언론사
6242,나이스머신(NICEMACHINE),언론사
6243,나이스미디어 (주식회사 캐플),언론사
6244,나이스방송,언론사
6245,나이스샷(NICE SHOT) (주식회사 티아이엔뉴스),언론사
6246,나인스타즈,언론사
6247,나인스타즈뉴스,언론사
6248,나일론 (주식회사 나일론코리아미디어),언론사
6249,나정연복음신문,언론사
6250,나주교차로,언론사
6251,나주뉴스,언론사
6252,나주시니어신문 (시니어신문네트워크),언론사
6253,나주시민의소리 (유한회사 나주시민의소리),언론사
6254,나주신문 (빛가람미디어협동조합),언론사
6255,나주일보,언론사
6256,나주토픽 (주식회사 빛가람타임스),언론사
6257,나주투데이 (유한회사 주간나주투데이),언론사
6258,나진매거진,언론사
6259,나침반36.5도 (주식회사 입시엔),언론사
6260,나트랑 트래블,언론사
6261,나향신문 (주식회사 부산데이케어),언론사
6262,낙강타임즈 (주식회사 낙강타임즈),언론사
6263,낙농신문,언론사
6264,낙동Journal,언론사
6265,낙동강 신문,언론사
6266,낙성대톱뉴스,언론사
6267,낚시,언론사
6268,낚시춘추,언론사
6269,난곡에산다 (주식회사 동네작당),언론사
6270,난과생활,언론사
6271,난과함께,언론사
6272,난세계,언론사
6273,날,언론사
6274,날마다 솟는 샘물,언론사
6275,날마다 주님과,언론사
6276,날마다솟는샘물(일본어),언론사
6277,날마다솟는샘물(중국어),언론사
6278,남강문예,언론사
6279,남다른 디테일 (주식회사 남다른디테일),언론사
6280,남도 문화저널 ''''뷰'''',언론사
6281,남도&사람들,언론사
6282,남도人,언론사
6283,남도경제신문 (주식회사 꿈꾸는사람들),언론사
6284,남도그라피,언론사
6285,남도기자협회,언론사
6286,남도뉴스,언론사
6287,남도뉴스투데이 ((주)남도기획),언론사
6288,남도닷컴,언론사
6289,남도매일,언론사
6290,남도매일 ((주)웅진정보),언론사
6291,남도미디어 ((주)남도미디어),언론사
6292,남도미디어플렛폼,언론사
6293,남도방송 (엔비엔 주식회사),언론사
6294,남도비즈,언론사
6295,남도시사타임즈,언론사
6296,남도신문 ((유) 남도신문),언론사
6297,남도신문고,언론사
6298,남도인사이드,언론사
6299,남도인사이트,언론사
6300,남도일보,언론사
6301,남도일보 ((주)남도일보),언론사
6302,남도일보TV (주식회사 남도),언론사
6303,남도저널,언론사
6304,남도전자신문,언론사
6305,남도지오그래픽 (주식회사 미디어포유),언론사
6306,남도타임뉴스,언론사
6307,남도타임즈,언론사
6308,남도투데이,언론사
6309,남도포스트,언론사
6310,남도핫뉴스,언론사
6311,남동뉴스,언론사
6312,남동신문 ((주)인천매일신문사),언론사
6313,남동저널 (주식회사 인천연수저널),언론사
6314,남부교차로 (주식회사 교차로),언론사
6315,남부일보 (주식회사 남부일보),언론사
6316,남부타임즈,언론사
6317,남북 경협 뉴스,언론사
6318,남북 경협 신문 (사단법인 남북경협경제인연합회),언론사
6319,남북타임즈,언론사
6320,남북통일신문 (남북통일추진본부),언론사
6321,남북통일일보,언론사
6322,남사골 ((사)전광미래사회연구소),언론사
6323,남성신문,언론사
6324,남수원건축시공직업뉴스,언론사
6325,남악신문 (유한회사 남악신문사),언론사
6326,남양주 뉴스 (주식회사 남양주뉴스),언론사
6327,남양주 소상공인 뉴스,언론사
6328,남양주 투데이 (주식회사 인터넷 제일뉴스),언론사
6329,남양주구리뉴스 (주식회사 다산일보),언론사
6330,남양주데일리,언론사
6331,남양주방송 ((주)남양주신문사),언론사
6332,남양주시니어신문,언론사
6333,남양주시민일보,언론사
6334,남양주신문,언론사
6335,남양주와부소식,언론사
6336,남양주일보,언론사
6337,남양주저널,언론사
6338,남양주타임즈,언론사
6339,남울주소식,언론사
6340,남원넷 (유한회사 남원넷),언론사
6341,남원뉴스 (유한회사 엔미디어),언론사
6342,남원상가로,언론사
6343,남원순창인터넷뉴스,언론사
6344,남원신문 (유한회사 남원신문),언론사
6345,남원포유,언론사
6346,남제천마을신문 봉화재사람들,언론사
6347,남편감 구별법 샘플분석 (주식회사 이드페이퍼),언론사
6348,남해뉴스,언론사
6349,남해미래신문 (남해미래신문(주)),언론사
6350,남해복지,언론사
6351,남해시대,언론사
6352,남해시대 ((주)남해시대),언론사
6353,남해신문,언론사
6354,남해안 관광신문,언론사
6355,남해안시대,언론사
6356,남해안신문 (주식회사 남해안신문),언론사
6357,남해안저널,언론사
6358,남해일보,언론사
6359,납세인,언론사
6360,납세정의신문,언론사
6361,납세정의신문 (납세정의신문(주)),언론사
6362,낭만도시춘천뉴스,언론사
6363,낭만음악,언론사
6364,낭주신문 ((주) 주간낭주신문사),언론사
6365,낮엔해처럼밤엔달처럼,언론사
6366,낮은울타리,언론사
6367,내 곁에 국민연금 (국민연금공단),언론사
6368,내 몸 건강 내가 지킨다,언론사
6369,내가보뉴스,언론사
6370,내가할께요,언론사
6371,내게도 드릴 것이 있다면,언론사
6372,내고장 서구,언론사
6373,내고장소식,언론사
6374,내고향TV통영방송789,언론사
6375,내고향뉴스,언론사
6376,내고향닷컴 (주식회사 미디어리더),언론사
6377,내마음의 편지 (주식회사 해맞이미디어),언론사
6378,내서교육신문,언론사
6379,내셔널스포츠뉴스,언론사
6380,내셔널스포츠뉴스 (엔에스엔뉴스(주)),언론사
6381,내셔널지오그래픽 키즈(National Geographic Kids) 매거진,언론사
6382,내셔널지오그래픽(NATIONAL GEOGRAPHIC)한국판,언론사
6383,내셔널지오그래픽트래블러 (주-에이지커뮤니케이션즈),언론사
6384,내셔널타임스,언론사
6385,내수북이마을신문마당발 (내수북이마을신문마당발),언론사
6386,내외 스포츠 연예 저널 (주식회사 내외스포츠연예신문),언론사
6387,내외TIMES ((주)내외뉴스),언론사
6388,내외TV,언론사
6389,내외경제 (내외경제(주)),언론사
6390,내외경제TV (주식회사 내외경제미디어),언론사
6391,내외경제신문,언론사
6392,내외경제일보,언론사
6393,내외경찰뉴스,언론사
6394,내외뉴스 ((주)내외뉴스),언론사
6395,내외뉴스통신 (주식회사 내외뉴스통신),언론사
6396,내외다문화복지뉴스 ((주)다문화복지신문),언론사
6397,내외다문화복지신문,언론사
6398,내외대한뉴스,언론사
6399,내외매일뉴스,언론사
6400,내외매일신문,언론사
6401,내외방송 ((주)내외뉴스),언론사
6402,내외복지 NEWS,언론사
6403,내외시사뉴스,언론사
6404,내외신문 (한국언론미디어 주식회사),언론사
6405,내외일보 ((주) 내외일보),언론사
6406,내외전기통신저널,언론사
6407,내외통신,언론사
6408,내외통신 뉴스 ((주)내외통신),언론사
6409,내외통신24,언론사
6410,내외환경뉴스 (주식회사 월드그린넷),언론사
6411,내일경제 ((주)유비즈헤럴드),언론사
6412,내일경제미디어(Tomorrow Business Media),언론사
6413,내일경제신문,언론사
6414,내일교육 ((주)내일신문),언론사
6415,내일뉴스,언론사
6416,내일맑음,언론사
6417,내일뭐하지,언론사
6418,내일배움매거진 (세종내일배움평생교육원 주식회사),언론사
6419,내일신문 ((주)내일신문),언론사
6420,내일에듀신문,언론사
6421,내일여성신문,언론사
6422,내일은 부자,언론사
6423,내일을여는신문,언론사
6424,내일을여는역사 ((재)내일을여는역사재단),언론사
6425,내일을여는작가 (사단법인 한국작가회의),언론사
6426,내일이 기대되는 오늘,언론사
6427,내추럴·팜(Natural PHARM),언론사
6428,내추럴라이프,언론사
6429,내추럴문화신문 ((주)엔씨에듀),언론사
6430,내포가이드,언론사
6431,내포방송 ((주)내포방송),언론사
6432,내포시대,언론사
6433,내포시민뉴스,언론사
6434,내포신문 ((주)내포신문사),언론사
6435,내포일보,언론사
6436,내포저널,언론사
6437,내포타임즈 (내포타임즈 주식회사),언론사
6438,내포타임즈 (주식회사 홍성신문 대표이사),언론사
6439,냉동공조산업저널,언론사
6440,냉동공조신문,언론사
6441,냉동공조저널,언론사
6442,냥냥이투자,언론사
6443,냥이 뉴스,언론사
6444,너답뉴스,언론사
6445,너머,언론사
6446,너와 동행,언론사
6447,넘버스 (주식회사 넘버스멤버스),언론사
6448,넘버원노원 (주식회사 컬컴건대점),언론사
6449,넘버원뉴스 ((주)컬컴범계점),언론사
6450,네마리넷 (뉴스코리아 주식회사),언론사
6451,네모뉴스 ((주)한국내추럴푸드협회),언론사
6452,네버엔딩스토리 ((사)한국인체조직기증지원본부),언론사
6453,네스트리NFT뉴스 (주식회사 네스트리미디어그룹),언론사
6454,네오골프매거진 ((주)네오네트웍),언론사
6455,네오아이즈,언론사
6456,네오크리에이터포스트 (주식회사 네오인프라),언론사
6457,네이버후드,언론사
6458,네이스톡(Neiʼs Talk) ((주)네이),언론사
6459,네이처아트랩,언론사
6460,네일 TOP10,언론사
6461,네일(NAIL),언론사
6462,네일이슈,언론사
6463,네일피아(NAILPIA),언론사
6464,네임 호계뉴스,언론사
6465,네추럴 라이프,언론사
6466,네트워크신문,언론사
6467,네트워크일보,언론사
6468,네트워크타임즈 (사단법인 한국네트워크마케팅협회),언론사
6469,네트웍 타임즈 ((주)화산미디어),언론사
6470,네트웍투어 ((주)네트웍여행사),언론사
6471,네플라뉴스 (네플라(주)),언론사
6472,넥서스뉴스 ((주)한국생활건강),언론사
6473,넥서스타임즈 (주식회사 넥서큐빅),언론사
6474,넥스블록 ((주)이투데이넥스블록),언론사
6475,넥스트 머니,언론사
6476,넥스트24 (주식회사 넥스트아카데미),언론사
6477,넥스트뉴스,언론사
6478,넥스트데일리 (주식회사 넥스트데일리),언론사
6479,넥스트러닝,언론사
6480,넥스트리,언론사
6481,넥스트미디어 ((주)넥스트미디어),언론사
6482,넥스트에너지,언론사
6483,넥스트임팩트뉴스 (패션앤컴퍼니 주식회사),언론사
6484,넥스트타임즈,언론사
6485,넥스트페이즈(nextphase),언론사
6486,넬파인위크 (주식회사 더넬파인위크),언론사
6487,넷매니아즈,언론사
6488,넷미디어,언론사
6489,넷스터미디어 (넷스터미디어주식회사),언론사
6490,넷제로뉴스 (주식회사 라이노스),언론사
6491,노년기둥 (사단법인 한국치매협회),언론사
6492,노년복지뉴스,언론사
6493,노년신문,언론사
6494,노달문학,언론사
6495,노동경제신문,언론사
6496,노동과 경제,언론사
6497,노동과세계,언론사
6498,노동과세계 (전국민주노동조합총연맹),언론사
6499,노동과희망,언론사
6500,노동교육,언론사
6501,노동닷컴 (노동닷컴 주식회사),언론사
6502,노동리뷰,언론사
6503,노동법률,언론사
6504,노동법률 (주식회사 중앙경제),언론사
6505,노동법률신문 ((주)노동법률신문),언론사
6506,노동복지뉴스,언론사
6507,노동사회 ((사)한국노동사회연구소),언론사
6508,노동일보,언론사
6509,노동일보 (주식회사 노동일보),언론사
6510,노동자정치신문,언론사
6511,노동정책연구,언론사
6512,노동타임즈 (주식회사 앙코르커리어),언론사
6513,노동포스트(Labor Post) (노동포스트(주)),언론사
6514,노동환경경찰신문,언론사
6515,노둣돌평생교육원,언론사
6516,노래문화 ((사)한국노래문화업중앙회),언론사
6517,노래문화뉴스,언론사
6518,노래샘,언론사
6519,노래연습장 신문,언론사
6520,노래연습장뉴스,언론사
6521,노량저널,언론사
6522,노령신문 (유한회사 노령신문),언론사
6523,노마드뷰,언론사
6524,노무사 신문,언론사
6525,노무일보,언론사
6526,노바미디어,언론사
6527,노벨 저널 nobel journal,언론사
6528,노벨사이언스,언론사
6529,노벨사이언스저널,언론사
6530,노벨영재사이언스,언론사
6531,노벨인터넷뉴스,언론사
6532,노블레스 오블리주(Noblesse Oblige) (주식회사 한국인증지원센터),언론사
6533,노블레스 웨딩 (Noblesse Wedding's) (주식회사 노블레스미디어인터내셔날),언론사
6534,노블레스(Noblesse),언론사
6535,노블리안(NOBLIAN) ((주)나프미디어앤디자인),언론사
6536,노블리제(Noblige),언론사
6537,노블스포츠뉴스,언론사
6538,노블에셋(Noble Asset) (저스트알 주식회사),언론사
6539,노사 타임즈 (한국노동방송(주)),언론사
6540,노사정매거진,언론사
6541,노스경기뉴스 (주식회사 담덕글로벌),언론사
6542,노씨종보,언론사
6543,노아배움터 평생교육원,언론사
6544,노아필라테스 옥정호수공원점,언론사
6545,노어타임즈 ((주)노어인터랙티브),언론사
6546,노원i 문화인터넷신문,언론사
6547,노원구 소비자저널,언론사
6548,노원구민신문,언론사
6549,노원뉴스비전,언론사
6550,노원도봉 내일신문 ((주)내일엘엠씨),언론사
6551,노원신문 (주식회사 글로벌넥트워크),언론사
6552,노원우리신문,언론사
6553,노원자치신문N미르,언론사
6554,노원자치신문N미르 ((주)엔미르),언론사
6555,노원휴먼교육뉴스 ((주)노원휴먼평생교육원),언론사
6556,노을,언론사
6557,노인&장애인건강신문,언론사
6558,노인건강복지 ((사)한국노인복지봉사회),언론사
6559,노인복지행정신문사,언론사
6560,노인생활,언론사
6561,노인이 행복한 세상 (사단법인 노인과복지),언론사
6562,노자 웃으시다,언론사
6563,노적사 사보,언론사
6564,노정회보 (사단법인 노정회),언론사
6565,노총일보 (주식회사 그린청소방역),언론사
6566,노컷경제신문 (주식회사 세종경제신문),언론사
6567,노컷뉴스 (주식회사 씨비에스미디어캐스트),언론사
6568,노컷비즈 (재단법인 씨비에스),언론사
6569,노컷스포츠(노컷 SPORTS) (주식회사 씨비에스미디어캐스트),언론사
6570,노컷티브이(노컷TV) (주식회사 씨비에스미디어캐스트),언론사
6571,노트데일리뉴스,언론사
6572,노트펫 (아이앤비넷(주)),언론사
6573,노트폴리오 매거진 (주식회사 스터닝),언론사
6574,노회,언론사
6575,노후/은퇴저널,언론사
6576,노후생활,언론사
6577,노후안심저널,언론사
6578,녹색 자치 행정,언론사
6579,녹색건축,언론사
6580,녹색경제신문 (주식회사 이에스지미디어),언론사
6581,녹색교통,언론사
6582,녹색국토발전신문 (사단법인 대한민국 녹색국토해양발전협회),언론사
6583,녹색뉴스,언론사
6584,녹색문학,언론사
6585,녹색성장 안전magazine,언론사
6586,녹색소비자,언론사
6587,녹색신문 (주식회사 녹색신문),언론사
6588,녹색의회신문 ((주)지에프학술원),언론사
6589,녹색친환경신문,언론사
6590,녹색평론,언론사
6591,녹색환경뉴스,언론사
6592,녹색환경시대 (한국녹색환경신문주식회사),언론사
6593,녹색환경시민신문 ((주)에코한성),언론사
6594,녹색환경신문 (한국녹색환경신문주식회사),언론사
6595,녹색환경연합,언론사
6596,녹색환경연합뉴스 (주식회사 녹색환경연합뉴스),언론사
6597,녹색환경일보 (주식회사 녹색환경일보),언론사
6598,녹색환경저널,언론사
6599,녹색환경투데이 ((주)드림앤투데이),언론사
6600,녹원뉴스닷컴,언론사
6601,녹원환경신문,언론사
6602,논(the view) ((주)초암네트웍스),언론사
6603,논객닷컴 ((주)논객닷컴),언론사
6604,논두렁신문,언론사
6605,논산계룡사람들 (세상을 기록하는 방송미디어 협동조합),언론사
6606,논산계룡신문 (주식회사 계룡일보),언론사
6607,논산계룡일보 (주식회사 계룡일보),언론사
6608,논산뉴스,언론사
6609,논산신문,언론사
6610,"논산일보 (주식회사 씨에이미디어그룹(CA Media co., Ltd.))",언론사
6611,논산포커스,언론사
6612,논산포커스 (논산포커스 주식회사),언론사
6613,논술과학 꿈이 있는 생각,언론사
6614,논술신문,언론사
6615,논현일보 ((주)더엠에프),언론사
6616,놀뫼신문 (주식회사 놀뫼신문),언론사
6617,놀방뉴스 (주식회사 꾼과쟁이),언론사
6618,놀스타,언론사
6619,놀이심리발달신문,언론사
6620,놀이하는 사람들 (사단법인 놀이하는 사람들),언론사
6621,놀자투데이 (주식회사 디자인오아시스),언론사
6622,농경과원예,언론사
6623,농경과원예 (농경과원예 주식회사),언론사
6624,농경나눔터,언론사
6625,농경마을,언론사
6626,농구 연구소,언론사
6627,농기자재신문 (농기자재신문(주)),언론사
6628,농림수산경제신문 ((주)농림수산경제신문),언론사
6629,농림식품뉴스,언론사
6630,농림축산신문,언론사
6631,농맥신보,언론사
6632,농민과사회 ((사)한국농어촌사회연구소),언론사
6633,농민문학,언론사
6634,농민방송 (주식회사 합동신문합동통신),언론사
6635,농민신문 (사단법인 농민신문사),언론사
6636,농민일보,언론사
6637,농수산 경제신문,언론사
6638,농수산넷 (농수산넷농업회사법인(주)),언론사
6639,농수산무역,언론사
6640,농수산무역신문 ((주)농수산무역신문),언론사
6641,농수산식품신문,언론사
6642,농수산저널,언론사
6643,농수축산신문 ((주)농수축산신문),언론사
6644,농식품Plus,언론사
6645,농식품브랜드,언론사
6646,농어민복지신문 (비영리민간단체 고려영어영농조합법인),언론사
6647,농어업경제귀농신문 (주식회사 귀농신문사),언론사
6648,농어촌경제뉴스 (주)한국라이프),언론사
6649,농어촌경제신문사,언론사
6650,농어촌과환경,언론사
6651,농어촌관광신문,언론사
6652,농어촌관광신문 (주식회사 한국관광진흥센터),언론사
6653,농어촌빅텐트 ((주) 농어촌빅텐트),언론사
6654,농어촌신문 ((사)한국농어촌복지연구회),언론사
6655,농업경영교육신문 (좋은세상바라기 주식회사),언론사
6656,농업경제 ((주)농축환경신문),언론사
6657,농업관측,언론사
6658,농업관측 감자,언론사
6659,농업관측 과채,언론사
6660,농업관측 국제곡물,언론사
6661,농업관측 양념채소,언론사
6662,농업관측 엽근채소,언론사
6663,농업기술신문 (서울프랜차이즈센터(주)),언론사
6664,농업기술회보 ((사)전국농업기술자협회),언론사
6665,농업인신문 (주식회사 농업인신문),언론사
6666,농업정보신문,언론사
6667,농업축산신문,언론사
6668,농업환경뉴스,언론사
6669,농장에서 식탁까지,언론사
6670,농정,언론사
6671,농정연구 ((사)농정연구센터),언론사
6672,농촌경제 ((재)한국농촌경제연구원),언론사
6673,농촌문학 (주식회사 한국영농신문사),언론사
6674,농촌복지,언론사
6675,농촌시대,언론사
6676,농촌여성신문 (주식회사 농촌여성신문사),언론사
6677,농촌창업신문,언론사
6678,농축산기계신문,언론사
6679,농축산저널,언론사
6680,농축수산일보 (주식회사 주누에너지),언론사
6681,농축유통신문 ((주)농축유통),언론사
6682,농축투데이,언론사
6683,농축환경신문 ((주)농축환경신문),언론사
6684,뇌교육연구,언론사
6685,뇌기반교육 (학교법인 한문화학원),언론사
6686,뇌성마비복지소식 ((사)한국뇌성마비복지회),언론사
6687,누가방송(Luke broadcasting/LBC),언론사
6688,누가신문,언론사
6689,누구나도,언론사
6690,누룩(NEWLOOKS),언론사
6691,누리 (재단법인 고양문화재단),언론사
6692,누리교육,언론사
6693,누리교육신문 ((주)누리문화센터),언론사
6694,누리뉴스,언론사
6695,누리보듬 (신정종합사회복지관),언론사
6696,누리복지문화저널,언론사
6697,누리와 말씀,언론사
6698,누리와토리 (프뢰벨미디어(주)),언론사
6699,누리일보 (주식회사 누리일보),언론사
6700,누리전통 (사단법인 누리전통문화보존회),언론사
6701,누리주간신문사 (주식회사 누리주간신문사),언론사
6702,누리터 (누리터(주)),언론사
6703,누리프레스 (주식회사 에스앤제이코어),언론사
6704,누메로옴므코리아(numero homme korea) ((주)브이에이치엔),언론사
6705,누메로코리아(NUMERO KOREA) ((주)브이에이치엔),언론사
6706,누보송촌뉴스,언론사
6707,눈(Noon),언론사
6708,눈카뉴스,언론사
6709,뉴 경남 (합자회사 수승대),언론사
6710,뉴 드림저널,언론사
6711,뉴 포커스TV,언론사
6712,뉴 한반도 포커스,언론사
6713,뉴 환경신문,언론사
6714,뉴(넥스트이비즈니스웨이브)[NEW(NextEbusinessWave)] (한국전자거래진흥원장),언론사
6715,뉴BP위클리 (나를위한필라테스(주) 신촌지점),언론사
6716,뉴경찰신문 ((주)뉴경찰신문),언론사
6717,뉴괴산신문 (주식회사 뉴괴산신문),언론사
6718,뉴그린저널,언론사
6719,뉴글 (뉴글 주식회사),언론사
6720,뉴내외경제 (주식회사 명진디앤씨),언론사
6721,뉴뉴스,언론사
6722,뉴데이앤포커스 (주식회사 뉴데이앤포커스),언론사
6723,뉴데일리 부산 경남 울산,언론사
6724,뉴데일리(New Daily) (뉴데일리(주)),언론사
6725,뉴라이프(new Life),언론사
6726,뉴라이프뉴스,언론사
6727,뉴래디컬리뷰,언론사
6728,뉴로-에듀 솔루션 매거진,언론사
6729,뉴리더(New Reader),언론사
6730,뉴미디어 ((주)스담스담홀딩스),언론사
6731,뉴미디어코리아,언론사
6732,뉴미디어타임즈,언론사
6733,뉴민주신문,언론사
6734,뉴보이스 (비엔컴퍼니 주식회사),언론사
6735,뉴본 필라테스 (주식회사 이브필라테스교육원),언론사
6736,뉴본뉴스,언론사
6737,뉴본코리아 (주식회사 뉴본코리아),언론사
6738,뉴본포스트,언론사
6739,뉴블록스 타임즈 (주식회사 뉴블록스),언론사
6740,뉴비즈경제신문 ((주)벨펙스),언론사
6741,뉴빅뉴스,언론사
6742,뉴사이언스,언론사
6743,뉴서울금천신문,언론사
6744,뉴서울금천신문 (주식회사 뉴서울금천신문),언론사
6745,뉴서울타임즈 ((주)엔유코리아),언론사
6746,뉴서치,언론사
6747,뉴스 in 다산,언론사
6748,뉴스 거함산 (뉴스거함산 주식회사),언론사
6749,뉴스 라이더(News Rider) ((주)케이뉴스통신),언론사
6750,뉴스 메디온,언론사
6751,뉴스 베이퍼,언론사
6752,뉴스 선인사회,언론사
6753,뉴스 아우라,언론사
6754,뉴스 오렌지,언론사
6755,뉴스 와이즈,언론사
6756,뉴스 인포임(News Infoime),언론사
6757,뉴스 차와문화,언론사
6758,뉴스 탑 코리아 (코리아나항공 주식회사),언론사
6759,뉴스 파우치(News Pouch) (주식회사 이지닥터),언론사
6760,뉴스 파이크(News pike),언론사
6761,뉴스 판다,언론사
6762,뉴스 포켓,언론사
6763,뉴스 프라임(NEWS PRIME),언론사
6764,뉴스 핫 클릭,언론사
6765,뉴스 해치플라이 (해치플라이 주식회사),언론사
6766,뉴스 헤드라인 TV 신문 ((주)뉴스헤드라인신문사),언론사
6767,뉴스 헤드라인 신문 ((주)뉴스헤드라인신문사),언론사
6768,뉴스&라이프 (주식회사 세상만사미디어),언론사
6769,뉴스1,언론사
6770,뉴스10,언론사
6771,뉴스100,언론사
6772,뉴스112,언론사
6773,뉴스114,언론사
6774,뉴스123 (뉴스123 주식회사),언론사
6775,뉴스1번가 (와이즈포스트(주)),언론사
6776,뉴스1세종충북,언론사
6777,뉴스1스타 ((주)엔스포츠),언론사
6778,뉴스1코리아,언론사
6779,뉴스20재난안전방송,언론사
6780,뉴스21,언론사
6781,뉴스21 우리아파트 작은신문,언론사
6782,뉴스21통신 (주식회사 뉴스이십일),언론사
6783,뉴스24,언론사
6784,뉴스25,언론사
6785,뉴스300인,언론사
6786,뉴스365,언론사
6787,뉴스8080 (주식회사 신화8080),언론사
6788,뉴스AI,언론사
6789,뉴스K(뉴스케이),언론사
6790,뉴스M (주식회사 피에이치엔),언론사
6791,뉴스N,언론사
6792,뉴스N연합,언론사
6793,뉴스N제주,언론사
6794,뉴스TV24,언론사
6795,뉴스WHY24,언론사
6796,뉴스ZIP,언론사
6797,뉴스in경기,언론사
6798,뉴스w,언론사
6799,뉴스가디언21 (서울경제발전위원회(주)),언론사
6800,뉴스가이드(News Guide) ((주)한국신문방송인클럽),언론사
6801,뉴스게이트,언론사
6802,뉴스게이트 필리핀,언론사
6803,뉴스경기 (뉴스경기 유한회사),언론사
6804,뉴스경남 (주식회사 뉴스경남),언론사
6805,뉴스경제 (주식회사 뉴스경제),언론사
6806,뉴스공간 (주식회사 공간플러스),언론사
6807,뉴스공감 (평택방송 주식회사),언론사
6808,뉴스공방,언론사
6809,뉴스공작소,언론사
6810,뉴스관담,언론사
6811,뉴스국 (주식회사 베풀장),언론사
6812,뉴스그라운드,언론사
6813,뉴스그린,언론사
6814,뉴스그린신문,언론사
6815,뉴스김포,언론사
6816,뉴스깜 (유한회사 뉴스깜),언론사
6817,뉴스꽃,언론사
6818,뉴스나무 (뉴스나무 주식회사),언론사
6819,뉴스나우,언론사
6820,뉴스나인 ((주)닷코드),언론사
6821,뉴스넘버원(News No.1),언론사
6822,뉴스넘버투 (주식회사 컬컴범계점(컬컴부천점)),언론사
6823,뉴스네이션 (주식회사 비전그룹),언론사
6824,뉴스네트워크,언론사
6825,뉴스넥서스 (넥서스에이아이랩스 유한책임회사),언론사
6826,뉴스넷(NEWSNET),언론사
6827,뉴스넷코리아 (주식회사 닥터유),언론사
6828,뉴스노믹스 ((주)뉴스노믹스),언론사
6829,뉴스노크,언론사
6830,뉴스뉴,언론사
6831,뉴스뉴스 (창업대학교 주식회사),언론사
6832,뉴스다(NewsDa),언론사
6833,뉴스다오 (주식회사 프로스),언론사
6834,뉴스다이제스트 (주식회사 인터커뮤니케이션즈),언론사
6835,뉴스다임 (뉴스다임(주)),언론사
6836,뉴스다컴,언론사
6837,뉴스닻 (한국데이터정보사회연구소사회적협동조합),언론사
6838,뉴스대장부 신문 (한국교육연구원(주)),언론사
6839,뉴스대전톡 (주식회사 월드비젼),언론사
6840,뉴스더,언론사
6841,뉴스더보이스헬스케어 (주식회사 환자미디어그룹),언론사
6842,뉴스더원 (주식회사 뉴스더원),언론사
6843,뉴스더원통신 (주식회사 뉴스더원),언론사
6844,뉴스더줌,언론사
6845,뉴스더힐,언론사
6846,뉴스데스크,언론사
6847,뉴스데이 (주식회사 에스미디어),언론사
6848,뉴스데이24,언론사
6849,뉴스데일리 ((주)뉴스데일리),언론사
6850,뉴스동포나루,언론사
6851,뉴스드리미 (드리미 주식회사),언론사
6852,뉴스드림 (주식회사 메타아이),언론사
6853,뉴스따옴(News 따옴) ((주)뉴스따옴),언론사
6854,뉴스라운드,언론사
6855,뉴스라운지,언론사
6856,뉴스라이브 (주식회사 프리존미디어),언론사
6857,뉴스라이저,언론사
6858,뉴스라이트,언론사
6859,뉴스라이프 (주식회사 뉴스라이프),언론사
6860,뉴스라이프애드코리아(NewsLife ADKOREA),언론사
6861,뉴스라인,언론사
6862,뉴스라인 코리아,언론사
6863,뉴스라인24,언론사
6864,뉴스라인제주,언론사
6865,뉴스락(NewsLock) (주식회사 뉴스락),언론사
6866,뉴스랜드(newsland),언론사
6867,뉴스랩(NEWSLAB) (뉴스랩 협동조합),언론사
6868,뉴스런(newsrun) (런투미디어 주식회사),언론사
6869,뉴스레몬,언론사
6870,뉴스레이더 플러스(News radar plus),언론사
6871,뉴스레이더(NEWS RADAR),언론사
6872,뉴스레터 언론사람,언론사
6873,뉴스렉커,언론사
6874,뉴스렙 (주식회사 뉴스렙),언론사
6875,뉴스로 미디어그룹,언론사
6876,뉴스로(newsroh),언론사
6877,뉴스로드 ((주)뉴스로드),언론사
6878,뉴스룸,언론사
6879,뉴스리딩,언론사
6880,뉴스리안(NewsRean),언론사
6881,뉴스리포터,언론사
6882,뉴스리포트,언론사
6883,뉴스리포트(News report),언론사
6884,뉴스마루 (주식회사 뉴스마루),언론사
6885,뉴스마을,언론사
6886,뉴스마인드 (브레인코리아 주식회사),언론사
6887,뉴스맘,언론사
6888,뉴스매거진 (주식회사 텔트론),언론사
6889,뉴스매거진21,언론사
6890,뉴스매니아,언론사
6891,뉴스매일 (주식회사 뉴스매일),언론사
6892,뉴스맥(NewsMac) ((주) 뉴맥미디어),언론사
6893,뉴스맵 (주식회사 메타아이),언론사
6894,뉴스머니 (뉴스머니 주식회사),언론사
6895,뉴스메딕 ((주)마케시안),언론사
6896,뉴스메이커(Newsmaker),언론사
6897,뉴스메이커(Newsmaker) ((주)뉴스메이커),언론사
6898,뉴스메이트(news mate),언론사
6899,뉴스메카(News Mecca) (주식회사 뉴스메카),언론사
6900,뉴스메타 (주식회사 뉴스메타),언론사
6901,뉴스모닝(NEWS MORNING) ((주)모닝레저),언론사
6902,뉴스모아,언론사
6903,뉴스모아 강동,언론사
6904,뉴스모아 광진,언론사
6905,뉴스몬,언론사
6906,뉴스몬스터,언론사
6907,뉴스문,언론사
6908,뉴스문화,언론사
6909,뉴스미디어,언론사
6910,뉴스미터 ((주)닷코드),언론사
6911,뉴스민 (사단법인 뉴스민),언론사
6912,뉴스민트 ((주)도어미디어),언론사
6913,뉴스바이브,언론사
6914,뉴스바이트,언론사
6915,뉴스백,언론사
6916,뉴스밴드 (주식회사 뉴스밴드),언론사
6917,뉴스밸런스 (엠디비즈(유)),언론사
6918,뉴스밸류,언론사
6919,뉴스뱅크,언론사
6920,뉴스버스 (주식회사 위더미디어),언론사
6921,뉴스버즈(Newsbuzz),언론사
6922,뉴스법률 (주식회사 뉴스법률),언론사
6923,뉴스법정,언론사
6924,뉴스별곡(別曲),언론사
6925,뉴스보고,언론사
6926,뉴스보이 (주식회사 커브길에서),언론사
6927,뉴스본,언론사
6928,뉴스봄 (주식회사 뉴스봄),언론사
6929,뉴스부산,언론사
6930,뉴스북(newsbook),언론사
6931,뉴스뷰(NewsView),언론사
6932,뉴스브라이트 ((주)뉴스브라이트),언론사
6933,뉴스브런치(NewsBrunch) (주식회사 콘텐츠온탑),언론사
6934,뉴스브레인,언론사
6935,뉴스브로드(newsbroad),언론사
6936,뉴스브리핑,언론사
6937,뉴스브리핑(news briefing),언론사
6938,뉴스브릿지(Newsbridge),언론사
6939,뉴스블럭,언론사
6940,뉴스블로그,언론사
6941,뉴스블리치 (뉴스비전미디어 주식회사),언론사
6942,뉴스비 (주식회사 오토트리뷴),언론사
6943,뉴스비전,언론사
6944,뉴스비전 송파,언론사
6945,뉴스비전 송파 ((주)뉴스비전송파),언론사
6946,뉴스비전 이그제큐티브(NewsVision executive) (뉴스비전미디어 주식회사),언론사
6947,뉴스비전e (뉴스비전미디어 주식회사),언론사
6948,뉴스비즈 ((주)대학저널),언론사
6949,뉴스비타민 (유한회사 뉴스비타민),언론사
6950,뉴스비트,언론사
6951,뉴스빅 (주식회사 뉴스빅),언론사
6952,뉴스사천 ((주)뉴스사천),언론사
6953,"뉴스삼산이수 (주식회사 에이텍그룹코리아(ATech Group Korea, Inc.))",언론사
6954,뉴스상주 (주식회사 뉴스상주신문사),언론사
6955,뉴스서울,언론사
6956,뉴스서천 (주식회사 뉴스서천),언론사
6957,뉴스서플라이,언론사
6958,뉴스세계,언론사
6959,뉴스세상(NEWS세상),언론사
6960,뉴스세종,언론사
6961,뉴스세종·충청,언론사
6962,뉴스속닥,언론사
6963,뉴스쉐어(NewsShare),언론사
6964,뉴스스코프,언론사
6965,뉴스스콜,언론사
6966,뉴스스탠드,언론사
6967,뉴스스텝,언론사
6968,뉴스스토리 (주식회사 뉴스스토리),언론사
6969,뉴스스팟,언론사
6970,뉴스스페셜,언론사
6971,뉴스스페이스 (주식회사 뉴스팩토리),언론사
6972,뉴스시그널 (주식회사 뉴스시그널),언론사
6973,뉴스시대,언론사
6974,뉴스시사,언론사
6975,뉴스시선,언론사
6976,뉴스써치,언론사
6977,뉴스썸 ((주)퍼스널뉴스서비스),언론사
6978,뉴스아고라,언론사
6979,뉴스아시아 (주식회사 뉴스아시아),언론사
6980,뉴스아이,언론사
6981,뉴스아이리이빠빠,언론사
6982,뉴스아이엠(NEWSIAM) ((주) 글로벌아이엠),언론사
6983,뉴스아이이에스(news ies),언론사
6984,뉴스아이즈,언론사
6985,뉴스아트 (한국스마트협동조합),언론사
6986,뉴스알지,언론사
6987,뉴스앤 C (주식회사 뉴스앤씨),언론사
6988,뉴스앤거제 ((주)뉴스앤거제),언론사
6989,뉴스앤게임,언론사
6990,뉴스앤넷,언론사
6991,뉴스앤뉴스,언론사
6992,뉴스앤뉴스TV(newsNnewsTV) (주식회사 뉴스앤뉴스),언론사
6993,뉴스앤리더,언론사
6994,뉴스앤바이블(Newsnbible),언론사
6995,뉴스앤부산,언론사
6996,뉴스앤북,언론사
6997,뉴스앤시티 (주)한영미디어),언론사
6998,뉴스앤이슈,언론사
6999,뉴스앤잡 (주식회사 뉴스앤잡),언론사
7000,뉴스앤저널,언론사
7001,뉴스앤조이,언론사
7002,뉴스앤충청,언론사
7003,뉴스앤톡,언론사
7004,뉴스앤투데이,언론사
7005,뉴스앤티브이 (뉴스앤티브이 주식회사),언론사
7006,뉴스앤포항 (주식회사 경북미디어),언론사
7007,뉴스앤피플,언론사
7008,뉴스앤홀리파워,언론사
7009,뉴스앤힐링 ((주)미래솔),언론사
7010,뉴스야,언론사
7011,뉴스어디,언론사
7012,뉴스어몽,언론사
7013,뉴스에듀(newsedu),언론사
7014,뉴스에디션,언론사
7015,뉴스에이 ((주)뉴스에이),언론사
7016,뉴스에이엠 (농기자재신문(주)),언론사
7017,뉴스에포크 (주식회사 피치덱),언론사
7018,뉴스에프엔 ((주)에너지데일리),언론사
7019,뉴스엑스파일,언론사
7020,뉴스엔 ((주)뉴스엔미디어),언론사
7021,뉴스엔다큐TV(NDN방송),언론사
7022,뉴스엔뷰 ((주)뉴스엔뷰미디어),언론사
7023,뉴스엔사람 (뉴스엔사람 유한회사),언론사
7024,뉴스엔카,언론사
7025,뉴스엔큐 ((주)시퀴스미디어),언론사
7026,뉴스엔톡,언론사
7027,뉴스엘,언론사
7028,뉴스엘리트,언론사
7029,뉴스엘케이(newslk),언론사
7030,뉴스엠,언론사
7031,뉴스엣지,언론사
7032,뉴스여의도 ((주)뉴스여의도),언론사
7033,뉴스여행,언론사
7034,뉴스연구소(NEWSLAB),언론사
7035,뉴스영,언론사
7036,뉴스오늘,언론사
7037,뉴스오늘과내일,언론사
7038,뉴스온 ((주)로고스미디어넷),언론사
7039,뉴스온경기,언론사
7040,뉴스온피플,언론사
7041,뉴스와 (주식회사 엠아이씨미디어),언론사
7042,뉴스와 논단,언론사
7043,뉴스와 종교,언론사
7044,뉴스와사람들 ((주)뉴스와사람들),언론사
7045,뉴스와이드 호남,언론사
7046,뉴스와이드(News wide),언론사
7047,뉴스와이드25,언론사
7048,뉴스와이드글로벌 ((주)스타엔스포츠),언론사
7049,뉴스와이어 (코리아뉴스와이어(주)),언론사
7050,뉴스와일드,언론사
7051,뉴스워치 (뉴스워치(주)),언론사
7052,뉴스워커 (스마트마이(주)),언론사
7053,뉴스워크,언론사
7054,뉴스웍스,언론사
7055,뉴스웍스 (뉴스웍스(주)),언론사
7056,뉴스웍스 영남본부 (주식회사 뉴스웍스영남본부),언론사
7057,뉴스웍스경기남부본부 (주식회사 뉴스웍스 경기남부본부),언론사
7058,뉴스원 ((주)경향뉴스원),언론사
7059,뉴스원코리아,언론사
7060,뉴스원탑,언론사
7061,뉴스원픽,언론사
7062,뉴스월드(News World),언론사
7063,뉴스월드21,언론사
7064,뉴스웨이 (주식회사 뉴스웨이),언론사
7065,뉴스웨이 경남,언론사
7066,뉴스웨이브 ((주)에이앤피커뮤니케이션),언론사
7067,뉴스웰 ((주)뉴스웰),언론사
7068,뉴스웹,언론사
7069,뉴스위더스,언론사
7070,뉴스위드,언론사
7071,뉴스위즈 (주식회사 이슈앤콘텐츠),언론사
7072,뉴스위켄더 NEWS WEEKEN DER,언론사
7073,뉴스위키(NEWSWEKI),언론사
7074,뉴스윅스 ((주)경제풍월미디어),언론사
7075,뉴스윈(Newswin),언론사
7076,뉴스윈미디어,언론사
7077,뉴스윈코리아,언론사
7078,뉴스유엔 (유엔일보(주)),언론사
7079,뉴스유토피아 (주식회사 뉴스유토피아),언론사
7080,뉴스의 창,언론사
7081,뉴스의봄,언론사
7082,뉴스이데아,언론사
7083,뉴스이슈(NewsIssue) ((주)아베크제이디),언론사
7084,뉴스인,언론사
7085,뉴스인020,언론사
7086,뉴스인경북,언론사
7087,뉴스인광명 (주식회사 뉴스인광명),언론사
7088,뉴스인김천,언론사
7089,뉴스인뉴스 ((주)뉴스인뉴스),언론사
7090,뉴스인대구경북,언론사
7091,뉴스인데일리 ((주)티엠지),언론사
7092,뉴스인라이프,언론사
7093,뉴스인미디어(뉴스인),언론사
7094,뉴스인방(NewsInBang),언론사
7095,뉴스인부산 ((주)뉴스인부산),언론사
7096,뉴스인사이드 (주식회사 에쓰에쓰미디어판),언론사
7097,뉴스인사이트 (사단법인 한국유권자중앙회),언론사
7098,뉴스인서울 ((주)뉴스인서울),언론사
7099,뉴스인스타 (주식회사 맥가이버팩토리),언론사
7100,뉴스인스페이스 ((주)뉴스인스페이스),언론사
7101,뉴스인오늘(NEWS In 오늘),언론사
7102,뉴스인전남,언론사
7103,뉴스인전북,언론사
7104,뉴스인천,언론사
7105,뉴스인컴,언론사
7106,뉴스인코리아 (뉴스앤포토뱅크(주)),언론사
7107,뉴스인터내셔널 (주식회사 패스트뷰),언론사
7108,뉴스인포,언론사
7109,뉴스일번지 (주식회사 뉴스일번지),언론사
7110,뉴스임팩트,언론사
7111,뉴스저널,언론사
7112,뉴스저널 1,언론사
7113,뉴스저널 코리아 (엔제이케이 주식회사),언론사
7114,뉴스저널24 (지아이엘 주식회사),언론사
7115,뉴스저널닷컴,언론사
7116,뉴스저널리즘 (주식회사 이도문화),언론사
7117,뉴스전남,언론사
7118,뉴스정론 (케이유브이(주)),언론사
7119,뉴스제보 웹진 ((주)뉴스온미디어),언론사
7120,뉴스제이(newsJ),언론사
7121,뉴스제주 (주식회사 뉴스제주미디어),언론사
7122,뉴스젠 (주식회사 뉴스젠),언론사
7123,뉴스젤리 ((주)뉴스젤리),언론사
7124,뉴스존 ((주)뉴스존),언론사
7125,뉴스주간 ((주)이코노믹포스트),언론사
7126,뉴스줌(News Zoom),언론사
7127,뉴스진도 (유한회사 뉴스진도),언론사
7128,뉴스창,언론사
7129,뉴스채널 S,언론사
7130,뉴스채널1,언론사
7131,뉴스채널24,언론사
7132,뉴스채널A,언론사
7133,뉴스채널제이,언론사
7134,뉴스채움,언론사
7135,뉴스챗 ((주)프라임비즈원),언론사
7136,뉴스청양 (주식회사 백제신문),언론사
7137,뉴스청풍 ((주)청풍),언론사
7138,뉴스체인,언론사
7139,뉴스체인지 (주식회사 말과글),언론사
7140,뉴스체크,언론사
7141,뉴스춘추,언론사
7142,뉴스출동,언론사
7143,뉴스충청 (충청 주식회사),언론사
7144,뉴스충청인,언론사
7145,뉴스친구 (주식회사 캐스트넷),언론사
7146,뉴스칠드런 (주식회사 아이스크림24),언론사
7147,뉴스칩스 ((주)신화미디어),언론사
7148,뉴스카운터 (주식회사 탑스스포츠),언론사
7149,뉴스칸 ((주)미래와경영),언론사
7150,뉴스캐스팅,언론사
7151,뉴스캐치(NewsCatch),언론사
7152,"뉴스캔 (주식회사 뉴스캔(newscan Co.,Ltd.))",언론사
7153,뉴스캠프 (앤트뉴스 주식회사),언론사
7154,뉴스커뮤니티 뉴커(NEWKER),언론사
7155,뉴스커뮤니티(news community),언론사
7156,뉴스컨슈머,언론사
7157,뉴스컨택24,언론사
7158,뉴스컨텍(NEWSCONTAC),언론사
7159,뉴스컬처 (주식회사 케이뉴스),언론사
7160,뉴스케이(Newsk) (주식회사 국도),언론사
7161,뉴스케이충청,언론사
7162,뉴스케이프 (주식회사 나무미디어),언론사
7163,뉴스코드,언론사
7164,뉴스코리아,언론사
7165,뉴스코리아네트워크 (주식회사 뉴스코리아네트워크),언론사
7166,뉴스코리아월드(NEWS KOREA WORLD) (주식회사 뉴스코리아),언론사
7167,뉴스코리아저널,언론사
7168,뉴스코리아투데이,언론사
7169,뉴스코아,언론사
7170,뉴스코어(newscore),언론사
7171,뉴스코어/newscore,언론사
7172,뉴스코인 ((주)뉴스코인),언론사
7173,뉴스코프/NEWSCOPE ((주) 빅타임씨앤엠),언론사
7174,뉴스콕 ((주)코리아로드포스트),언론사
7175,뉴스콘,언론사
7176,뉴스콘텐츠,언론사
7177,뉴스콤 (뉴스콤코퍼레이션 주식회사),언론사
7178,뉴스쿠퍼,언론사
7179,뉴스쿡(newscook) ((주)뉴스쿡),언론사
7180,뉴스쿨 ((주)라디오이십일),언론사
7181,뉴스퀘스트 (넥스터스미디어(주)),언론사
7182,뉴스큐(NEWSQ),언론사
7183,뉴스큐브 ((주)뉴스큐브),언론사
7184,뉴스크립트,언론사
7185,뉴스클래식M,언론사
7186,뉴스클레임 ((주)뉴스클레임),언론사
7187,뉴스클리어,언론사
7188,뉴스클릭,언론사
7189,뉴스클립,언론사
7190,뉴스타겟,언론사
7191,뉴스타겟 (주식회사 뉴스타겟),언론사
7192,뉴스타겟경인,언론사
7193,뉴스타운 ((주)뉴스타운),언론사
7194,뉴스타워,언론사
7195,뉴스타임,언론사
7196,뉴스타임(news time) ((주)일간시사서울),언론사
7197,뉴스타임24,언론사
7198,뉴스타임스 (주식회사 케이뉴스),언론사
7199,뉴스타임즈 ((주)뉴스타임즈),언론사
7200,뉴스타임즈원,언론사
7201,뉴스타코인뉴스,언론사
7202,뉴스타트,언론사
7203,뉴스타파,언론사
7204,뉴스탐나 (주식회사 뉴스탐나),언론사
7205,뉴스탐사 (강화방송 주식회사),언론사
7206,뉴스탑 전남 (주식회사 콜라보),언론사
7207,뉴스탑텐(뉴스탑10),언론사
7208,뉴스탱크,언론사
7209,뉴스터치 ((주)한솔클래스),언론사
7210,뉴스턴(News-Turn),언론사
7211,뉴스테이션 ((주)미디어스톤),언론사
7212,뉴스테이지(NEW STAGE) ((주)공감엔피엠),언론사
7213,뉴스토리,언론사
7214,뉴스토마토,언론사
7215,뉴스토마토 (주식회사 뉴스토마토),언론사
7216,뉴스토피아,언론사
7217,뉴스토픽,언론사
7218,뉴스톡,언론사
7219,뉴스톡톡,언론사
7220,뉴스톰,언론사
7221,뉴스톱 ((주)뉴스톱),언론사
7222,뉴스통 (유한회사 뉴스통),언론사
7223,뉴스통신 (뉴스통신 주식회사),언론사
7224,뉴스통신(news net),언론사
7225,뉴스통신24,언론사
7226,뉴스통통 ((주)에스비채널),언론사
7227,뉴스투,언론사
7228,뉴스투게더,언론사
7229,뉴스투나잇,언론사
7230,뉴스투데이24,언론사
7231,뉴스투데이KJ방송,언론사
7232,뉴스투데이파나마 (주식회사 누에바스타),언론사
7233,뉴스투머로우,언론사
7234,뉴스투어,언론사
7235,뉴스투온,언론사
7236,뉴스투유,언론사
7237,뉴스툰 ((주)뉴스툰),언론사
7238,뉴스튜브,언론사
7239,뉴스트래블(newstravel),언론사
7240,뉴스트러스트 ((유)트러스트뉴스),언론사
7241,뉴스트럭 ((주)뉴스트럭),언론사
7242,뉴스트렌드(newstrend),언론사
7243,뉴스트루,언론사
7244,뉴스트리(newstree),언론사
7245,뉴스트리뷴 (주식회사 인터커뮤니케이션즈),언론사
7246,뉴스트리코리아(NEWSTREEKOREA) (뉴스트리 주식회사),언론사
7247,뉴스트릿 (더블루버드 주식회사),언론사
7248,뉴스티앤티 (주식회사 뉴스티앤티),언론사
7249,뉴스파고,언론사
7250,뉴스파노라마 (주식회사 뉴스파노라마),언론사
7251,뉴스파불라 ((주)파불라),언론사
7252,뉴스파워 ((주)뉴스파워),언론사
7253,뉴스파이어,언론사
7254,뉴스파인더 ((주)뉴스파인더),언론사
7255,뉴스팍,언론사
7256,뉴스판미디어 (주식회사 라온컴퍼니),언론사
7257,뉴스팜,언론사
7258,뉴스팟,언론사
7259,뉴스팡,언론사
7260,뉴스패치신문(newspatch),언론사
7261,뉴스팩트 ((주)뉴스팩트),언론사
7262,뉴스팸,언론사
7263,뉴스퍼블릭,언론사
7264,뉴스퍼스트(newsfirst),언론사
7265,뉴스펀치,언론사
7266,뉴스페이스 ((주)피알미디어),언론사
7267,뉴스펫 ((주)뉴스펫),언론사
7268,뉴스펭귄 (주식회사 이듬),언론사
7269,뉴스포럼,언론사
7270,뉴스포레 ((주)리버포레),언론사
7271,뉴스포스트 ((주)뉴스포스트신문사),언론사
7272,뉴스포유,언론사
7273,뉴스포인트(News Point),언론사
7274,뉴스포커스 ((주)한국뉴스포커스미디어),언론사
7275,뉴스포커스 코리아,언론사
7276,뉴스포커스넷 (한국교육연구원(주)),언론사
7277,뉴스포탈 (주식회사 뉴스포탈),언론사
7278,뉴스포털연합 (주식회사 홈앤홈즈),언론사
7279,뉴스포트(Newsport) (인슈베이터 주식회사),언론사
7280,뉴스포픽 (뉴스포픽 주식회사),언론사
7281,뉴스폴,언론사
7282,뉴스폼,언론사
7283,뉴스풀 (협동조합 경북미디어센터),언론사
7284,뉴스풀 플러스,언론사
7285,뉴스퓨어,언론사
7286,뉴스프레소(NewsPresso) (주식회사 뉴스프레소),언론사
7287,뉴스프레스,언론사
7288,뉴스프레임(NEWS FRAIM),언론사
7289,뉴스프렌즈,언론사
7290,뉴스프리존(News Free Zone) ((주)뉴스와사람들),언론사
7291,뉴스프리즘,언론사
7292,뉴스프린터 (주식회사 파아란),언론사
7293,뉴스플랜트,언론사
7294,뉴스플러스,언론사
7295,뉴스플레이 (주식회사 알리오),언론사
7296,뉴스플레이어(NewsPlayer) (주식회사 마이모멘트),언론사
7297,뉴스플로우 (주식회사 뉴스플로우),언론사
7298,뉴스플릭스(Newsflix) ((주) 로임미디어),언론사
7299,뉴스피드 ((주)제이커브인터렉티브),언론사
7300,뉴스피드TV,언론사
7301,뉴스피릿 ((주)뉴스피릿),언론사
7302,뉴스피아 ((주)트루스토리),언론사
7303,뉴스피치,언론사
7304,뉴스피크(News peak),언론사
7305,뉴스피플 ((주)서울신문사),언론사
7306,뉴스피플아이 (주식회사 뉴스피플아이),언론사
7307,뉴스픽처,언론사
7308,뉴스핀 ((주)나은커뮤니케이션),언론사
7309,뉴스필드,언론사
7310,뉴스핌통신,언론사
7311,뉴스핏,언론사
7312,뉴스핑(newsping) (유한회사 뉴스핑),언론사
7313,뉴스하다,언론사
7314,뉴스하우스 (뉴스하우스(주)),언론사
7315,뉴스하이라이트(NewsHighlight) ((주)쿠니버스),언론사
7316,뉴스한국닷컴,언론사
7317,뉴스한땀 ((주)윤곽),언론사
7318,뉴스핫라인,언론사
7319,뉴스해양수산,언론사
7320,뉴스허,언론사
7321,뉴스헌터,언론사
7322,뉴스호남(NewsHonam) (뉴스호남 주식회사),언론사
7323,뉴스호남매일,언론사
7324,뉴스호남매일 ((주)뉴스호남매일),언론사
7325,뉴스호리즌,언론사
7326,뉴스홈(newshome) (주식회사 뉴스홈(Newshome)),언론사
7327,뉴스홉,언론사
7328,뉴스환경 ((주)에이원뉴스투데이),언론사
7329,뉴스후,언론사
7330,뉴스후플러스 (뉴스후플러스 주식회사),언론사
7331,뉴스힘,언론사
7332,뉴슬리(newsly),언론사
7333,뉴시니어 ((주)뉴온미디어),언론사
7334,뉴시대검찰신문,언론사
7335,뉴시대환경저널,언론사
7336,뉴시스(NEWSIS),언론사
7337,뉴시스충북,언론사
7338,뉴시안 (줌미디어(주)),언론사
7339,뉴시티데일리 (주식회사 뉴시티데일리),언론사
7340,뉴실버타임즈,언론사
7341,뉴씨티미디어저널 (아세안글로벌 주식회사),언론사
7342,뉴아시아뉴스,언론사
7343,뉴에듀,언론사
7344,뉴오토포스트 (주식회사 패스트뷰),언론사
7345,뉴욕대청타임즈,언론사
7346,뉴욕시티앤방송,언론사
7347,뉴욕일보 ((주)브랜코),언론사
7348,뉴웨이브뉴스 (주식회사 케이비아트),언론사
7349,뉴이슈(newissue) ((주)탑베리타스),언론사
7350,뉴저널리스트 투데이 (주식회사 아우라유니브),언론사
7351,뉴전북신문,언론사
7352,뉴주간스포츠,언론사
7353,뉴지(newsy),언론사
7354,뉴카미디어,언론사
7355,뉴컬쳐리더,언론사
7356,뉴코노미,언론사
7357,뉴코리아뉴스타임,언론사
7358,뉴코리아매거진(NewKoreaMagazine),언론사
7359,뉴코리아인뉴스 (만남이 있는 사회적협동조합),언론사
7360,뉴코리아저널,언론사
7361,뉴타운타임즈 ((주)뉴타운타임즈),언론사
7362,뉴탐사 ((주)시민언론뉴탐사),언론사
7363,뉴텍스,언론사
7364,뉴텐츠,언론사
7365,뉴투데이,언론사
7366,뉴트라덱스리포트(NutraDex REPORT),언론사
7367,뉴트럴 필라테스 타임즈,언론사
7368,뉴트리션 ((주)뉴트리션),언론사
7369,뉴팩트라인 (뉴팩트라인),언론사
7370,뉴퍼블릭 (유한회사 그린),언론사
7371,뉴페이스 시니어,언론사
7372,뉴펜뉴스,언론사
7373,뉴포커스(newFOCUS) (주식회사 뉴포커스),언론사
7374,뉴포커스피플,언론사
7375,뉴프레임 뉴스,언론사
7376,뉴피플뉴스 (주식회사 뉴피플),언론사
7377,뉴필로소퍼 New Philosopher (주식회사 바다출판사),언론사
7378,뉴핏필라테스,언론사
7379,뉴핏필라테스영통점,언론사
7380,뉴한국방송뉴스통신사 ((주)한국방송뉴스통신사),언론사
7381,뉴헤드라인(NEWHEADLINE),언론사
7382,느리지만 아름다운 달팽이처럼,언론사
7383,느린인뉴스 (주식회사 느린인뉴스),언론사
7384,느티나무,언론사
7385,느티나무통신 (괴산언론협동조합),언론사
7386,늘다뉴스,언론사
7387,늘다솜문학,언론사
7388,늘솜(neulsom),언론사
7389,늘찬(neulchan),언론사
7390,늘푸른 물결 (사단법인 당진환경운동연합),언론사
7391,늘푸른통신,언론사
7392,늘품교육잡지,언론사
7393,늘필라테스 타임즈,언론사
7394,늠내뉴스,언론사
7395,능인,언론사
7396,능인신문,언론사
7397,니 ((사)한국알트루사),언론사
7398,니트와섬유,언론사
7399,니하오 트래블(N!HAO TRAVEL),언론사
7400,니하오서울 ((주)모닝스타앤드파트너),언론사
7401,님,언론사
7402,닛시필라테스타임즈,언론사
7403,다가치,언론사
7404,다경뉴스 (주식회사 다경),언론사
7405,다꿈만나 (사단법인 우리글진흥원),언론사
7406,다뉴스,언론사
7407,다니엘저널(Daniel Journal),언론사
7408,다담미디어,언론사
7409,다대포신문,언론사
7410,다듬뉴스,언론사
7411,다락방 ((사)한국기독교신도연맹),언론사
7412,다락방(The Upper Room) ((재)대한기독교서회 이사장),언론사
7413,다른내일 (주식회사 윤컬쳐),언론사
7414,다리 너머 영도 (영도문화원),언론사
7415,다모아뉴스,언론사
7416,다모아복지뉴스,언론사
7417,다문화,언론사
7418,다문화 투데이(DTN) ((사)한국기독교자원봉사연합회),언론사
7419,다문화 하나로,언론사
7420,다문화 한마음,언론사
7421,다문화(경기),언론사
7422,다문화(광명),언론사
7423,다문화1345뉴스,언론사
7424,다문화TV뉴스 ((주)와이엠미디어),언론사
7425,다문화뉴스통신,언론사
7426,다문화방송신문 (주식회사 다문화방송신문),언론사
7427,다문화신문,언론사
7428,다문화연합뉴스,언론사
7429,다문화연합신문,언론사
7430,다문화일보 (농업회사법인 다문화일보 주식회사),언론사
7431,다문화종교뉴스 (주식회사 다문화방송신문),언론사
7432,다문화채널,언론사
7433,다문화타임뉴스,언론사
7434,다문화타임즈,언론사
7435,다문화투데이,언론사
7436,다보내,언론사
7437,다보내신문,언론사
7438,다복자동차저널,언론사
7439,다빈영상미디어,언론사
7440,다빈치(DAVINCI),언론사
7441,다사랑,언론사
7442,다산 일보 (주식회사 다산일보),언론사
7443,다산신문 ((주) 다산신문),언론사
7444,다산에듀자동화성남미디어 ((주)다산에듀자동화성남교육센터),언론사
7445,다선문학,언론사
7446,다세해뉴스,언론사
7447,다소다른시선,언론사
7448,다소생협동조합,언론사
7449,다솜뉴스,언론사
7450,다시 대한민국 (뉴스코리아 주식회사),언론사
7451,다시개벽,언론사
7452,다시서기,언론사
7453,다시올문학,언론사
7454,다온C.S.M컴퍼니,언론사
7455,다온나뉴스,언론사
7456,다온뉴스,언론사
7457,다온다오 미고알 (다온다오농업회사법인유한회사),언론사
7458,다온문예,언론사
7459,다온타임즈 (위젠방송 주식회사),언론사
7460,다올 구리 뉴스,언론사
7461,다올 문흥 뉴스,언론사
7462,다올 소하 뉴스,언론사
7463,다올 수완운남 뉴스,언론사
7464,다올교육뉴스,언론사
7465,다올신문,언론사
7466,다우징코리아,언론사
7467,다원뉴스,언론사
7468,다육세상,언론사
7469,다은신문,언론사
7470,다음세대 (다음세대미디어 주식회사),언론사
7471,다음세대논술 (주식회사 다음세대에듀),언론사
7472,다음세대타임즈,언론사
7473,다이나믹 코리아(DYNAMIC KOREA) (대한뉴스신문(주)),언론사
7474,다이렉트 뉴스(direct News),언론사
7475,다이렉트미디어랩 (다이렉트미디어랩(주)),언론사
7476,다이렉트셀링,언론사
7477,다이버(DAIBER),언론사
7478,다이버시티,언론사
7479,다이브저널,언론사
7480,다이어리포인트,언론사
7481,다이어트신문,언론사
7482,다정한소식,언론사
7483,다중지능뉴스 ((주)다중지능연구소),언론사
7484,다짐 충정로뉴스,언론사
7485,다짐 흑석뉴스,언론사
7486,다짐남영뉴스,언론사
7487,다짐상도뉴스,언론사
7488,다층,언론사
7489,다큐 앤드 뉴스 코리아(Docu and News Korea),언론사
7490,다큐멘텀(Documentum),언론사
7491,다키포스트 (주식회사 패스트랩스),언론사
7492,다한 평생교육 신문,언론사
7493,닥터 Times (Dr.Times),언론사
7494,닥터 리치(Dr.Rich),언론사
7495,닥터 인트러덕션,언론사
7496,닥터TV (주식회사 닥터티브이),언론사
7497,닥터뉴스,언론사
7498,닥터생각 ((주)삼우이노베이션),언론사
7499,닥터스 매거진,언론사
7500,닥터엠 ((주)아스미디어),언론사
7501,닥터콜미디어 (닥터콜미디어 유한회사),언론사
7502,닥터힐링스,언론사
7503,단군일보,언론사
7504,단단필라테스뉴스,언론사
7505,단디뉴스 ((주)단디뉴스),언론사
7506,단무지,언론사
7507,단문회보,언론사
7508,단비,언론사
7509,단비뉴스 (사단법인 단비뉴스),언론사
7510,"단식과 호흡식, 식물성 케톤식",언론사
7511,단식과생채식,언론사
7512,단양매일뉴스,언론사
7513,단양인터넷뉴스,언론사
7514,달 호계뉴스,언론사
7515,달구벌뉴스,언론사
7516,달구지,언론사
7517,달그리안,언론사
7518,달꿈,언론사
7519,달라임 라이프,언론사
7520,달랑뉴스,언론사
7521,달랙스뉴스네트워크,언론사
7522,달리는 세상,언론사
7523,달사이신문,언론사
7524,달서 인터넷뉴스,언론사
7525,달서매거진 (주식회사 컬컴대구달서점),언론사
7526,달성문화예술교육협회지,언론사
7527,달성시니어신문 (시니어신문네트워크),언론사
7528,달팽이,언론사
7529,달팽이 통신 ((주)달팽이 통신),언론사
7530,담,언론사
7531,담양BM뉴스 (사단법인담양군불교사암연합회),언론사
7532,담양人신문,언론사
7533,담양人신문 (담양인신문 주식회사),언론사
7534,담양곡성타임스 (주식회사 담양곡성타임스),언론사
7535,담양군민신문 (주식회사 담양군민신문사),언론사
7536,담양뉴스 (담양뉴스주식회사),언론사
7537,담양매일신문 (주식회사 담양매일신문전남연합뉴스),언론사
7538,담양신문,언론사
7539,담양자치신문,언론사
7540,닷뉴스 ((주)닷코드),언론사
7541,닷키프레스 (주식회사 패스트랩스),언론사
7542,당구닷컴 ((주)이코노뉴스),언론사
7543,당구신문,언론사
7544,당뇨뉴스,언론사
7545,당뇨소식 ((사)한국당뇨협회),언론사
7546,당뇨신문,언론사
7547,당뇨와건강,언론사
7548,당뇨와건강 스토리,언론사
7549,당뇨와인슐린펌프,언론사
7550,당당뉴스,언론사
7551,당신을위한사과나무 (주식회사 종이의꿈),언론사
7552,당신의정원 웹진,언론사
7553,당신이 있어 행복합니다,언론사
7554,당진뉴스라인 (주식회사 에어스트림투유),언론사
7555,당진매일,언론사
7556,당진사랑e뉴스 (주식회사 당진사랑),언론사
7557,당진시대 ((주)주간당진시대신문사),언론사
7558,당진시민의 희망의 징검다리 (재단법인 당진시복지재단),언론사
7559,당진신문 (당진신문 주식회사),언론사
7560,당진애,언론사
7561,"당진일보 (주식회사 씨에이미디어그룹(CA Media co., Ltd.))",언론사
7562,당진투데이 (주식회사 당진투데이),언론사
7563,닻com뉴스,언론사
7564,대각뉴스,언론사
7565,대경위클리인슈,언론사
7566,대경일보 (대경일보 주식회사),언론사
7567,대경장애인복지뉴스,언론사
7568,대경장애인신문,언론사
7569,대경타임즈 (주식회사 대경),언론사
7570,대경학원소식지,언론사
7571,대구 강북신문,언론사
7572,대구 메디컬 인포,언론사
7573,대구경북 내일신문 ((주)내일엘엠씨),언론사
7574,대구경북 인사이트(TK Insight) (주식회사 대구일보사),언론사
7575,대구경북게릴라뉴스,언론사
7576,대구경북교육신문 ((주)대경교육신문),언론사
7577,대구경북기독교신문 (대구경북기독교신문 주식회사),언론사
7578,대구경북뉴스,언론사
7579,대구경북매일,언론사
7580,대구경북시도민회보,언론사
7581,대구경북신문,언론사
7582,대구경북신문 (대구경북신문 주식회사),언론사
7583,대구경북연합신문 ((주)대구·경북 연합신문),언론사
7584,대구경북일보 (대구경북일보 주식회사),언론사
7585,대구경북저널티브이 (주식회사 대구경북저널티브이),언론사
7586,대구경북종합뉴스,언론사
7587,대구경북투게더뉴스 (주식회사 대구경북투게더뉴스),언론사
7588,대구경제뉴스,언론사
7589,대구경제신문 (주식회사 대구경제신문),언론사
7590,대구광역신문,언론사
7591,대구광역일보 ((주)대구광역일보),언론사
7592,대구교육신문,언론사
7593,대구국비뉴스,언론사
7594,대구뉴스,언론사
7595,대구달성인터넷뉴스,언론사
7596,대구매거진 (대구매거진 (주)),언론사
7597,대구매일 ((주)대구매일신문사),언론사
7598,대구매일신문,언론사
7599,대구멘토아카데미 (주식회사 멘토아카데미),언론사
7600,대구문학,언론사
7601,대구배움일보,언론사
7602,대구북구뉴스,언론사
7603,대구북구신문 (주식회사 몽돌),언론사
7604,대구세계타임즈 (주식회사 세계타임즈),언론사
7605,대구스픽스(TKSPEAKS) (주식회사 스픽스),언론사
7606,대구시니어신문 (시니어신문네트워크),언론사
7607,대구신문 (일간대구신문 주식회사),언론사
7608,대구신문 The Daegu Times (일간대구신문 주식회사),언론사
7609,대구신문고,언론사
7610,대구에듀뉴스 (주식회사 대구평생교육원),언론사
7611,대구에듀타임즈,언론사
7612,대구여성신문,언론사
7613,대구여행신문,언론사
7614,대구영남신문 (주식회사 대구영남신문),언론사
7615,대구예술,언론사
7616,대구인터넷뉴스,언론사
7617,대구일보,언론사
7618,대구저널,언론사
7619,대구제일평생교육원,언론사
7620,대구주보,언론사
7621,대구지식산업평생교육원매거진 (주식회사 창공팩트),언론사
7622,대구참사랑에듀일보,언론사
7623,대구창업신문 (주식회사 창업경영신문사),언론사
7624,대구탑교육,언론사
7625,대구평생교육원,언론사
7626,대구포커스신문,언론사
7627,대구프레세,언론사
7628,대구학 (사단법인 대구학회),언론사
7629,대구한국일보 ((주)대구한국일보사),언론사
7630,대기구필라테스 김해점 매거진,언론사
7631,대기구필라테스청담,언론사
7632,대기구필라테스청담 김해부곡점 매거진,언론사
7633,대기구필라테스청담 당감점 매거진,언론사
7634,대기구필라테스청담 매거진,언론사
7635,대기구필라테스청담 명지점 매거진,언론사
7636,대기구필라테스청담 사직점 매거진,언론사
7637,대기원 한국 ((주)에포크미디어코리아),언론사
7638,대나무(대학은나에게무엇인가) (주식회사 교수신문미디어랩),언론사
7639,대덕주간신문 (온미디어 협동조합),언론사
7640,대덕플러스,언론사
7641,대동N뉴스 (사단법인 대동문화재단),언론사
7642,대동계룡 (계룡미디어 주식회사),언론사
7643,대동문학,언론사
7644,대동문화 (사단법인 대동문화재단),언론사
7645,대동문화관광신문,언론사
7646,대동여지도,언론사
7647,대동일보 (주식회사 대동일보사),언론사
7648,대로미디어 (대로미디어 주식회사),언론사
7649,대리운전신문,언론사
7650,대림건축타임즈,언론사
7651,대림시민뉴스,언론사
7652,대림차이나뉴스1(DALIN CHINA NEWS1/DCN1) (양산박스튜디오 주식회사),언론사
7653,대림투데이,언론사
7654,대명,언론사
7655,대명일보 (주식회사 스튜디오에이비),언론사
7656,대문 ((재)대구문화재단),언론사
7657,대민불교조계종,언론사
7658,대민일보,언론사
7659,대민포커스엔,언론사
7660,대방교육원 (대방고시(주)),언론사
7661,대부도저널 (대부도저널(주)),언론사
7662,대부신문 (주식회사 대부신문),언론사
7663,대불조계종,언론사
7664,대산농촌 ((재)대산농촌재단),언론사
7665,대산문학,언론사
7666,대산문화 (재단법인 대산문화재단),언론사
7667,대성교육신문,언론사
7668,대성문화타임즈,언론사
7669,대성에듀타임즈,언론사
7670,대순회보(포천수도장),언론사
7671,대승불교조계종신문 (사단법인 대승불교조계종),언론사
7672,대안과 비평 (주식회사 대안과비평),언론사
7673,대안교육뉴스 ((사)한국대안교육기관연합회),언론사
7674,대원불교신문,언론사
7675,대일보상신보 ((사)태평양전쟁희생자유족회),언론사
7676,대자보,언론사
7677,대장금(大長今),언론사
7678,대전 웰니스매거진,언론사
7679,대전2박3일 (주식회사 사계원컬렉션),언론사
7680,대전i문화인터넷신문,언론사
7681,대전경매입찰,언론사
7682,대전경제뉴스 ((주)대전경제뉴스),언론사
7683,대전교차로 (대전교차로(주)),언론사
7684,대전뉴스,언론사
7685,대전뉴스온 (온미디어 협동조합),언론사
7686,대전매거진 (주식회사 컬컴대전),언론사
7687,대전매일,언론사
7688,대전문학,언론사
7689,대전문화신문,언론사
7690,대전미디어 (주식회사 컬컴대전은행점),언론사
7691,대전밀알보,언론사
7692,대전브레인교육신문 (주)수성),언론사
7693,대전사랑 대전향우회 타임즈,언론사
7694,대전생활체육뉴스,언론사
7695,대전서구톱뉴스,언론사
7696,대전세계타임즈 (주식회사 세계타임즈),언론사
7697,대전세종충남기자협회 소식지,언론사
7698,대전세종포럼,언론사
7699,대전시민뉴스,언론사
7700,대전시티저널 (주)시티저널),언론사
7701,대전신문 (주식회사 대전신문사),언론사
7702,대전신문고,언론사
7703,대전아트뉴스 (아트포유 주식회사),언론사
7704,대전아파트신문 (주식회사 케이커머스),언론사
7705,대전예술,언론사
7706,대전오늘신문 (주식회사 오늘신문),언론사
7707,대전인터넷신문,언론사
7708,대전일보 ((주)대전일보사),언론사
7709,대전일보닷컴 ((주)대전일보사),언론사
7710,"대전저널 (주식회사 씨에이미디어그룹(CA Media co., Ltd.))",언론사
7711,대전중구경제,언론사
7712,대전창업신문 (주식회사 창업경영신문사),언론사
7713,대전충남뉴스,언론사
7714,대전충남싱크솔브,언론사
7715,대전충남일보 (충청미디어),언론사
7716,대전충남한우협동조합뉴스레터,언론사
7717,대전타임즈,언론사
7718,대전투데이 (대전투데이(주)),언론사
7719,대전포럼 (재단법인 대전연구원),언론사
7720,대조선통신,언론사
7721,대종무비스타,언론사
7722,대중문화예술신문사,언론사
7723,대진회보,언론사
7724,대진회보(大眞會報),언론사
7725,대천광장신문 (주식회사 대천광장신문),언론사
7726,대천신문,언론사
7727,대청느티나무,언론사
7728,대청마루 ((주)정림건축),언론사
7729,대청불교신문,언론사
7730,대청일보,언론사
7731,대청호소식 ((사)대청호보전운동본부),언론사
7732,대체의학신문,언론사
7733,대충대충포스트,언론사
7734,대통령 신문,언론사
7735,대통령+ (주식회사 세계그룹세계티브이방송국),언론사
7736,대통령21 (주식회사 세계그룹세계티브이방송국),언론사
7737,대통령리더십저널,언론사
7738,대학IN,언론사
7739,대학내일 ((주)대학내일),언론사
7740,대학문화,언론사
7741,대학병원,언론사
7742,대학알리,언론사
7743,대학연합신문 (주식회사 위드커뮤니케이션즈),언론사
7744,대학인,언론사
7745,대학저널,언론사
7746,대학정보센터소식지 ((주)대학사랑),언론사
7747,대학지성 ((사)한국대학총장협회),언론사
7748,대학지성 in/out ((주)지민미디어),언론사
7749,대학지성in and out,언론사
7750,대학타임즈,언론사
7751,대학타임즈.,언론사
7752,대학포커스,언론사
7753,대학합격의길 (주식회사 연합교육),언론사
7754,대한 공동주택 신문,언론사
7755,대한 국회 인물 신문,언론사
7756,대한 환경안전 뉴스,언론사
7757,대한365문화예술교육협회,언론사
7758,대한e-news,언론사
7759,대한禪報신문,언론사
7760,대한가요신문 ((주)가요발전소),언론사
7761,대한가훈신문,언론사
7762,대한건강의료신문 (주식회사 필유닷컴),언론사
7763,대한건설경제,언론사
7764,대한건설기계신문 (대한건설기계협회),언론사
7765,대한건설뉴스,언론사
7766,대한건설신문,언론사
7767,대한건설일보 ((주)대한환경일보),언론사
7768,대한건설정보,언론사
7769,대한건축과환경방송,언론사
7770,대한건축사협회 건축사신문 (대한건축사협회),언론사
7771,대한검경뉴스,언론사
7772,대한검경신문,언론사
7773,대한검경연합신문,언론사
7774,대한검경연합통신뉴스,언론사
7775,대한경제 ((주)대한경제신문사),언론사
7776,대한경제일보 ((주)드림그룹대한경제일보),언론사
7777,대한경찰신문,언론사
7778,대한경찰일보,언론사
7779,대한공인중개사협회보 (대한공인중개사협회),언론사
7780,대한공정거래신문,언론사
7781,대한교경신문,언론사
7782,대한교원신문,언론사
7783,대한교육나라 ((주)대한교육나라),언론사
7784,대한교육방송 (주식회사 대한미디어그룹),언론사
7785,대한교육신문,언론사
7786,대한교육신보,언론사
7787,대한교육정보신문,언론사
7788,대한국민,언론사
7789,대한국민신문 (주식회사 클라스메이드),언론사
7790,대한국인,언론사
7791,대한국정일보,언론사
7792,대한국제신문 (주식회사 웰리더),언론사
7793,대한금융신문,언론사
7794,대한급식신문 ((주)대한급식신문사),언론사
7795,대한기독교신문,언론사
7796,대한기독교연합신문,언론사
7797,대한기독교연합신문(인터넷),언론사
7798,대한기독교저널,언론사
7799,대한기독신보,언론사
7800,대한기독일보,언론사
7801,대한기독타임즈,언론사
7802,대한기자신문,언론사
7803,대한기자협회 광주전남협회 (사단법인 대한기자협회 광주전남회),언론사
7804,대한기자협회 전북협회,언론사
7805,대한네트워크뉴스 ((주)하나뉴스),언론사
7806,대한노인복지신문,언론사
7807,대한노인신문 ((주)대한노인신문사),언론사
7808,대한노인요양건강신문 ((주)대한노인건강요양신문),언론사
7809,대한노인중앙신문,언론사
7810,대한노인회,언론사
7811,대한노인회신문,언론사
7812,대한뉴스 ((주)대한뉴스),언론사
7813,대한뉴스 (대한뉴스신문(주)),언론사
7814,대한뉴스(koreanews),언론사
7815,대한뉴스(인터넷) (대한뉴스신문(주)),언론사
7816,대한뉴스닷컴,언론사
7817,대한뉴스방송,언론사
7818,대한뉴스신보,언론사
7819,대한뉴스연합방송,언론사
7820,대한뉴스채널,언론사
7821,대한뉴스타임,언론사
7822,대한뉴스통신,언론사
7823,대한댄스스포츠신문 ((주)케이원정보통신),언론사
7824,대한데일리 ((주)대한데일리),언론사
7825,대한독도신문,언론사
7826,대한독립방송,언론사
7827,대한두피문신전문가협회 (주식회사 마이크로청담),언론사
7828,대한류마티스건강학회지,언론사
7829,대한매일 ((주)서울신문사),언론사
7830,대한매일TV (주식회사 대한매일),언론사
7831,대한매일경제,언론사
7832,대한매일뉴스 (주식회사 대한매일),언론사
7833,대한매일신보 ((사)배설베델선생기념사업회),언론사
7834,대한메아리신문,언론사
7835,대한무교문화예술신문,언론사
7836,대한문신닷컴 (국제표준교육그룹(주)),언론사
7837,대한문신닷컴 수원지부,언론사
7838,대한문신닷컴강남 ((주)대한문신사중앙회인재개발원),언론사
7839,대한문신닷컴부산,언론사
7840,대한문신닷컴울산,언론사
7841,대한문신닷컴인천 (주식회사 대한문신사중앙회인재개발원),언론사
7842,대한문신닷컴전주 (주식회사 대한문신사중앙회인재개발원(전주지부)),언론사
7843,대한문신닷컴포항,언론사
7844,대한문신닷컴하남,언론사
7845,대한문학,언론사
7846,대한문학세계,언론사
7847,대한문화방송 (잡코디골드(주)),언론사
7848,대한문화신문,언론사
7849,대한민국 新택리지를 가다,언론사
7850,대한민국 건국저널,언론사
7851,대한민국 경찰,언론사
7852,대한민국 교육신문,언론사
7853,대한민국 국민 연합,언론사
7854,대한민국 대통령+ (주식회사 세계그룹세계티브이방송국),언론사
7855,대한민국 대통령21 (주식회사 세계그룹세계티브이방송국),언론사
7856,대한민국 대한뉴스,언론사
7857,대한민국 명예대통령 (주식회사 세계그룹세계티브이방송국),언론사
7858,대한민국 미용지도자협회,언론사
7859,대한민국 암행어사 박문수,언론사
7860,대한민국 암행어사 박문수 TV방송국,언론사
7861,대한민국 여성CEO,언론사
7862,대한민국 저널,언론사
7863,대한민국 정부,언론사
7864,대한민국 필라테스 교하점 매거진,언론사
7865,대한민국 행정수도 이슈 세종,언론사
7866,대한민국 행정을 바로잡은 (주식회사 태양에너지),언론사
7867,대한민국 향군 (대한민국재향군인회),언론사
7868,대한민국 향우회 뉴스,언론사
7869,대한민국경제신문,언론사
7870,대한민국경찰신문,언론사
7871,대한민국경찰타임즈,언론사
7872,대한민국광복소년소녀단케이컵스포츠,언론사
7873,대한민국교육혁신신문,언론사
7874,대한민국독도사랑협회,언론사
7875,대한민국마약퇴치운동협회,언론사
7876,대한민국명강사신문,언론사
7877,대한민국보훈방송,언론사
7878,대한민국보훈저널,언론사
7879,대한민국세계한류국가 개혁총연합국민회의,언론사
7880,대한민국시사저널 시대공감,언론사
7881,대한민국신문기자협회,언론사
7882,대한민국영어신문,언론사
7883,대한민국예술신문,언론사
7884,"대한민국의 중심, 충북균형발전",언론사
7885,대한민국정체성뉴스,언론사
7886,대한민국청소년기자단 (대한민국청소년기자단 주식회사),언론사
7887,대한민국청소산업신문,언론사
7888,대한민국학원신문,언론사
7889,대한민족신문,언론사
7890,대한방송,언론사
7891,대한방송뉴스,언론사
7892,대한방송문화뉴스,언론사
7893,대한백세누리건강협회,언론사
7894,대한법률신문,언론사
7895,대한법률신문사,언론사
7896,대한변호사신문 ((주)한국감찰일보사),언론사
7897,대한보건신문,언론사
7898,대한복지뉴스,언론사
7899,대한복지문화신문,언론사
7900,대한복지방송 (주식회사 대한복지진흥원),언론사
7901,대한복지일보,언론사
7902,대한불교가야조계종 총본산 금봉사,언론사
7903,대한불교교종,언론사
7904,대한불교구생종,언론사
7905,대한불교대조계종,언론사
7906,대한불교반야종,언론사
7907,대한불교법화신문 ((사)대한불교법화종),언론사
7908,대한불교신문,언론사
7909,대한불교원효종,언론사
7910,대한불교임제선원문화재단,언론사
7911,대한불교천우종,언론사
7912,대한불교해동달마종종보,언론사
7913,대한불교해탈조계종,언론사
7914,대한사단법인신문,언론사
7915,대한사진영상신문,언론사
7916,대한사회복지신문,언론사
7917,대한사회복지신문 미디어,언론사
7918,대한산업의학회지,언론사
7919,대한생생뉴스,언론사
7920,대한생활불교동명종,언론사
7921,대한세정,언론사
7922,대한수의사회지 ((사)대한수의사회),언론사
7923,대한스포츠뉴스,언론사
7924,대한스포츠신문 ((주)프랜조이),언론사
7925,대한스포츠신문사,언론사
7926,대한시니어신문,언론사
7927,대한시니어연합신문,언론사
7928,대한시사저널,언론사
7929,대한식품의약신문 (대한식품의약신문(주)),언론사
7930,대한신대신문,언론사
7931,대한신문,언론사
7932,대한신보,언론사
7933,대한심폐소생협회 소식지 (사단법인 대한심폐소생협회),언론사
7934,대한안전 (주식회사 대한뉴스그룹),언론사
7935,대한안전신문 (주식회사 대한뉴스그룹),언론사
7936,대한암협회 더캔서(THE CANCER) (사단법인 대한암협회),언론사
7937,대한애국당뉴스,언론사
7938,대한언론 ((사)대한언론인회),언론사
7939,대한언론 KNEWS ((사)대한언론인회),언론사
7940,대한여성일보 (주식회사 대한미디어그룹),언론사
7941,대한연예신문,언론사
7942,대한연합방송 ((주)주간상주신문대한연합방송),언론사
7943,대한열린뉴스,언론사
7944,대한영양사협회 영양사신문 ((사)대한영양사협회),언론사
7945,대한영양사협회지 국민영양 ((사)대한영양사협회),언론사
7946,대한예능신문,언론사
7947,대한예수교장로회 평신도신문,언론사
7948,대한예술신문,언론사
7949,대한예술심리평생교육 신문,언론사
7950,대한예체능신문,언론사
7951,대한월드방송,언론사
7952,대한위클리뉴스신보,언론사
7953,대한육아,언론사
7954,대한의료신문 (대한의료마케팅협회(주)),언론사
7955,대한인권법학,언론사
7956,대한인터넷신문,언론사
7957,대한일보,언론사
7958,대한장례관리협회 (사단법인 대한장례관리협회),언론사
7959,대한장애인뉴스(KDN뉴스),언론사
7960,대한장애인복지신문 ((주)장애인복지신문),언론사
7961,대한장애인스포츠뉴스TV,언론사
7962,대한장애인신문사,언론사
7963,대한장애인신문온뉴스,언론사
7964,대한저널,언론사
7965,대한전문건설신문 (대한전문건설협회),언론사
7966,대한정경일보,언론사
7967,대한정론,언론사
7968,대한조향연구협회뉴스,언론사
7969,대한종합뉴스,언론사
7970,대한중고차정보 (대한자동차매매사업조합연합회),언론사
7971,대한지방자치뉴스 ((주)케이랜방송),언론사
7972,대한창업일보,언론사
7973,대한청년기자단,언론사
7974,대한청년일보,언론사
7975,대한청소년신문 ''벗'' (사단법인 대한청소년육성회),언론사
7976,대한체육회신문,언론사
7977,대한치과의사협회지 (사단법인 대한치과의사협회),언론사
7978,대한테니스 (대한테니스협회),언론사
7979,대한테니스코치협회,언론사
7980,대한통합법무교육원 (대한통합법무교육원(주)),언론사
7981,대한투데이 (주식회사 대한투데이신문),언론사
7982,대한파크골프뉴스 (유한회사 대한파크골프뉴스매체사),언론사
7983,대한파크골프신문 (주식회사 쉼터파크),언론사
7984,대한팩트뉴스,언론사
7985,대한평생교육협회지,언론사
7986,대한포커스,언론사
7987,대한피트니스경영자신문 (주식회사 헬스나라),언론사
7988,대한항노화신문,언론사
7989,대한행정사회뉴스 (서울경제발전위원회(주)),언론사
7990,대한행정사회신문 (대한행정사회),언론사
7991,대한행정신문,언론사
7992,대한행정일보 (대한행정일보 주식회사),언론사
7993,대한홍채식의 ((주)로프텍),언론사
7994,대한화보,언론사
7995,대한환경방송 ((주)주간상주신문대한연합방송),언론사
7996,대한환경신문 (대한환경신문(주)),언론사
7997,대한환경일보,언론사
7998,대한환경일보 ((주)대한환경일보),언론사
7999,대화신문,언론사
8000,댄스TV(dancetv) (주식회사 댄스티브이세븐),언론사
8001,댄스스포츠매거진,언론사
8002,댄스스포츠코리아 ((주)대원잉크화학),언론사
8003,댄스타임즈 (사단법인 대한댄스스포츠협회),언론사
8004,댄스포럼,언론사
8005,더 beautiful life (주식회사 월드프레스),언론사
8006,더 가야-트래블앤드라이프 ((주)가야여행사),언론사
8007,더 강화 뉴스 (주식회사 더루프),언론사
8008,더 국제뉴스 (더국제뉴스 주식회사),언론사
8009,더 글로벌 기빙뉴스 (주식회사 더공감뉴스),언론사
8010,더 김포,언론사
8011,더 깊은 묵상을 위한 기초도구 GT,언론사
8012,더 네이버(The Neighbor) ((주)가야미디어),언론사
8013,더 뉴스 브리프,언론사
8014,더 뉴스(The News),언론사
8015,더 뉴스(The News). ((주)더뉴스),언론사
8016,더 뉴스쿨(the news' cool)) (주식회사 뉴스쿨),언론사
8017,더 뉴트라(The Nutra) (주식회사 디엠씨홀딩스),언론사
8018,더 데일리 뉴스 ((주)더데일리뉴스),언론사
8019,더 데일리(The Daily) ((주)더데일리),언론사
8020,더 드라이브,언론사
8021,더 리더 (주식회사 더리더),언론사
8022,더 리슨(The listen) (재단법인 경청),언론사
8023,더 리얼컬쳐 (제이티앤미디어(주)),언론사
8024,더 마이스,언론사
8025,더 마케팅 (사단법인 한국마케팅협회),언론사
8026,더 메이커스(The Makers),언론사
8027,더 뮤지컬(The Musical),언론사
8028,더 뮤직 타임즈 (주식회사 동현),언론사
8029,더 뮤트(The Mute) ((주)뮤트미디어),언론사
8030,더 바이크(the bike),언론사
8031,더 밝은미래,언론사
8032,더 보이스,언론사
8033,더 봄(The BOM) (의료법인 예성의료 재단 베데스다병원),언론사
8034,더 뷰티월드,언론사
8035,더 블룸 매거진,언론사
8036,더 블룸 미디어,언론사
8037,더 블링(THE BLING),언론사
8038,더 빅체인지(The BIGCHANGE),언론사
8039,더 사이언스 플러스,언론사
8040,더 서울 타임즈(The Seoul Times),언론사
8041,더 서울 포스트,언론사
8042,더 스크린 이슈 (박스8 주식회사 (Box8 Inc.)),언론사
8043,더 스파이크(THE SPIKE) (주식회사 제이앤제이미디어),언론사
8044,더 쓰리 와이즈 멍키즈,언론사
8045,더 애드위크,언론사
8046,더 연합 타임즈 ((주)한국연합미디어),언론사
8047,더 온 컬쳐 타임스 ((주)어스온),언론사
8048,더 우먼(The woman) (주식회사 부산여성뉴스),언론사
8049,더 워킹 우먼(The Working Woman) (사단법인 한국문화복지협의회),언론사
8050,더 워터(The water),언론사
8051,더 웰니스(The Wellness),언론사
8052,더 이너뷰 (The Innerviews),언론사
8053,더 이음 (사단법인 친환경축산협회),언론사
8054,더 이피슬 The Epistle,언론사
8055,더 임팩트 ((주)더임팩트코리아),언론사
8056,더 저널(THE JOURNAL) ((주) 더저널앤미디어),언론사
8057,더 정경투데이,언론사
8058,더 지음,언론사
8059,더 청라,언론사
8060,더 캣처 ((주)코비즈미디어),언론사
8061,더 커뮤니티 에이 포스트 (The Community A Post) (주식회사 올림픽컨트리클럽),언론사
8062,더 컬러 ((주)스위치 코퍼레이션),언론사
8063,더 코리아,언론사
8064,더 코리아뉴스,언론사
8065,더 코리아플러스 ((주)코리아플러스),언론사
8066,더 코리안(The Korean),언론사
8067,더 클래스 연수 (주식회사 인천티앤엠),언론사
8068,더 클래식(THE CLASSIC) ((주)호원),언론사
8069,더 타임즈 진도 (더타임즈진도 유한회사),언론사
8070,더 탑 뉴스,언론사
8071,더 테니스 (주식회사 일곱가지이야기),언론사
8072,더 테라피스트,언론사
8073,더 테라피스트 / The Therapist (메디요가 주식회사),언론사
8074,더 토크(The Torq),언론사
8075,더 트래블(The Travel),언론사
8076,더 팁스(The Tibs) (주식회사 넷마루 (NETMARU Inc.)),언론사
8077,더 패어런츠 (주식회사 미야기미디어),언론사
8078,더 페어(The Fair) (주식회사 더페어),언론사
8079,더 페이지(The page),언론사
8080,더 포엠,언론사
8081,더 피플(The People),언론사
8082,더 핑퐁(The Ping Pong),언론사
8083,더 한글(THE HANGUL),언론사
8084,더 함 나우,언론사
8085,더 핫 뉴스,언론사
8086,더 행복한 건강생활 (사단법인 대한보건협회),언론사
8087,더 헌드레드 (주식회사 스타로니아),언론사
8088,더 헤럴드,언론사
8089,더 헤리티지(THE HERITAGE) (서우로이엘 주식회사),언론사
8090,더 흄 심리상담신문 (주식회사 더흄심리상담평생교육원),언론사
8091,더-경기북부,언론사
8092,더S기구필라테스 위클리,언론사
8093,더S기구필라테스뉴스,언론사
8094,더THE뉴스 (주식회사 비티에프테크),언론사
8095,더THE인더스트리 신문 (주식회사 더인더스트리),언론사
8096,더가꾸다매거진,언론사
8097,더가든,언론사
8098,더감동뉴스,언론사
8099,더갤러리아(The Galleria) (주식회사 오리콤),언론사
8100,더거버넌스 (주식회사 컬트레인앤코),언론사
8101,더게이트 (주식회사 스포츠춘추),언론사
8102,더게임스데일리 (주식회사 더게임스미디어),언론사
8103,더경기뉴스,언론사
8104,더경남뉴스,언론사
8105,더경북,언론사
8106,더골드(THEGOLD),언론사
8107,더골프,언론사
8108,더공감,언론사
8109,더구루(the guru) ((주)에이클립),언론사
8110,더군산타임즈(The Gunsan Times),언론사
8111,더굳뉴스,언론사
8112,더굿뉴스,언론사
8113,더굿인피플,언론사
8114,더굿타임즈,언론사
8115,더그루브(The Groove),언론사
8116,더그린타임즈,언론사
8117,더글고운,언론사
8118,더글로벌타임즈,언론사
8119,더기어 (주식회사 미디어썬),언론사
8120,더기어박스매거진(THE GEARBAX MAGAZINE) (지비미디어(주)),언론사
8121,더나은미래 (더나은미래 주식회사),언론사
8122,더나은신문 (주식회사 법률행정신문),언론사
8123,더나은중계신문,언론사
8124,더노디스트 ((주)더노디스트),언론사
8125,더뉴(THE NEW),언론사
8126,더뉴라이프 매거진,언론사
8127,더뉴스24,언론사
8128,더뉴스24횡성,언론사
8129,더뉴스강원 (주식회사 더뉴스강원),언론사
8130,더뉴스라이트,언론사
8131,더뉴스메디칼,언론사
8132,더뉴스베스트 ((주)란드림컴퍼니),언론사
8133,더뉴스인천,언론사
8134,더뉴스코리아 (주식회사 더뉴스코리아),언론사
8135,더뉴스투데이,언론사
8136,더뉴스허브,언론사
8137,더단독 (주식회사 더에이아이미디어),언론사
8138,더데이즈,언론사
8139,더데일리가드 (데일리가드(주)),언론사
8140,더데일리이코노미(The Daily Economy) ((주)더데일리이코노미),언론사
8141,더데일리커피,언론사
8142,더데일리코리아,언론사
8143,더드론,언론사
8144,더드롭,언론사
8145,더디엠지(THE DMZ) (주식회사 해동지사),언론사
8146,더딜 (더딜(주)),언론사
8147,더딜리버리 ((주)더딜리버리),언론사
8148,더라이프뉴스(Thelife News),언론사
8149,더라이프매거진(The life magazine),언론사
8150,더라이프타임즈 ((주)제이크스미디어),언론사
8151,더라이프투데이 (더디자인케이 주식회사),언론사
8152,더라인업뉴스,언론사
8153,더레이크 ((주)피에스템퍼스미디어),언론사
8154,더레터(THE LETTER),언론사
8155,"더렌즈(THE LENS) (주식회사 제이에스에스미디어(JSS MEDIA Co., Ltd.))",언론사
8156,더로직(The Lawgic),언론사
8157,더로컬뉴스,언론사
8158,더리더스 (주식회사 더리더스),언론사
8159,더리뷰,언론사
8160,더리브스 (주식회사 더리브스),언론사
8161,더리빙(The Living),언론사
8162,더리스크(The Risk),언론사
8163,더리얼뉴스광주전남,언론사
8164,더리포트 (주식회사 더리포트),언론사
8165,더리프뉴스,언론사
8166,더마당 ((주)더마당),언론사
8167,더마스크신문,언론사
8168,더마인드앤바디뉴스,언론사
8169,더마커 ((주)더마커미디어),언론사
8170,더만나(THE MANNA),언론사
8171,더머니 (주식회사 아이에이치에스인스티튜트),언론사
8172,더머니뉴스,언론사
8173,더머니포스트 ((주)갤럭시파이드),언론사
8174,더메디어스(themedius) ((주)이뉴스엠),언론사
8175,더메디컬 (주식회사 더메디컬),언론사
8176,더멘토코리아(THE MENTOR KOREA),언론사
8177,더모빌리언스(The Mobilians),언론사
8178,더모스트타임즈,언론사
8179,더모어,언론사
8180,더모토(THE MOTO),언론사
8181,더무브(THE MOVE) (주식회사 무브미디어),언론사
8182,더무브먼트 필라테스 매거진,언론사
8183,더미니뉴스,언론사
8184,더미디어저널리스트,언론사
8185,더미션타임즈 (더미션타임즈 주식회사),언론사
8186,더바디,언론사
8187,더바른진월뉴스,언론사
8188,더바이어(The Buyer) (주식회사 더바이어),언론사
8189,더바이오(THE BIO) (주식회사 더바이오),언론사
8190,더발리볼 (마이데일리(주)),언론사
8191,더배우담 매거진 (주식회사 배우담),언론사
8192,더밸런스(The Balance) (주식회사 필유닷컴),언론사
8193,더밸류뉴스 (주식회사 아이에이치에스인스티튜트),언론사
8194,더버터 ((주)더버터),언론사
8195,더벨(The Bell) ((주)더벨),언론사
8196,더본뉴스,언론사
8197,더봄뉴스 (주식회사 에스엠이엔),언론사
8198,더봄미디어,언론사
8199,더부모(The Parents) ((주)온컬처인),언론사
8200,더북뉴스,언론사
8201,더불교,언론사
8202,더불어 희망전북,언론사
8203,더불어민주당 전남도당보,언론사
8204,더불어사는사회 ((주)퓨쳐테크코리아),언론사
8205,더불어사는우리들,언론사
8206,더불어세상 ((주)더불어세상),언론사
8207,더뷰스,언론사
8208,더뷰티(The Beauty),언론사
8209,더브렐타임즈,언론사
8210,더브리프 ((주)휴먼앤데이터),언론사
8211,더블랙(the Black),언론사
8212,더블록체인,언론사
8213,더블류.씨,언론사
8214,더블아이(Double i),언론사
8215,더블에스포스트 (주식회사 더블에스메니지먼트),언론사
8216,더블에이매거진(Double a Magazine),언론사
8217,더블에이짐포스트,언론사
8218,더블유 온,언론사
8219,더블유 청수,언론사
8220,더블유(W)한국어판,언론사
8221,더블유고양뉴스,언론사
8222,더블유더블유디코리아(WWD KOREA) (주식회사 더블유더블유디코리아),언론사
8223,더블유더블유엔엔(WWNN),언론사
8224,더블유스토리,언론사
8225,더블유엠엠(W.M.M)재활협회,언론사
8226,더블유타임즈(W-TIMES) ((주)더블유타임즈),언론사
8227,더블유티엔데일리뉴스 ((주)우주방송),언론사
8228,더블유필라테스 위크,언론사
8229,더블제이 미디어 (주식회사 네오아이즈),언론사
8230,더비앙,언론사
8231,더비온 (DERBY ON) (뉴스코리아 주식회사),언론사
8232,더빅뉴스(thebignews),언론사
8233,더서울 (The Seoul) ((주)미디어소사이어티),언론사
8234,더서치 (주식회사 더서치미디어),언론사
8235,더서퍼 ((주)와이즈웨일),언론사
8236,더서프라이즈,언론사
8237,더세종포커스 (주식회사 더세종포커스),언론사
8238,더센터 울산 뉴스,언론사
8239,더소리(THE SORI),언론사
8240,더쇼츠타임즈 ((주)툰드라),언론사
8241,더순천,언론사
8242,더숨 이야기 (더숨99지원센터),언론사
8243,더숲저널,언론사
8244,더스쿨뉴스,언론사
8245,더스크린(The Screen) (박스8 주식회사 (Box8 Inc.)),언론사
8246,더스타트 ((주)엔아이미디어),언론사
8247,더스타트업뉴스 ((주)한국정책미디어),언론사
8248,더스탁 ((주)뉴스큐),언론사
8249,더스탭(the staff) ((사)무대예술전문인협회),언론사
8250,더스테이뉴스,언론사
8251,더스트라드코리아(The Strad Korea) ((주)마스트미디어),언론사
8252,더스트림,언론사
8253,더스파크 ((주)금융경제플러스),언론사
8254,더스프링뉴스,언론사
8255,더스피커(the speaker) (주식회사 더스피커),언론사
8256,더시그널뉴스,언론사
8257,더시그널타임즈,언론사
8258,더시사경제,언론사
8259,더시사법률 (주식회사 더시사법률),언론사
8260,더시큐리티팩트 (주식회사 씨디지),언론사
8261,더썬뉴스(잠원),언론사
8262,더쎈뉴스 ((주)더쎈미디어),언론사
8263,더아이오토(theiauto),언론사
8264,더아트뉴스 ((주)씨에이아이개발),언론사
8265,더안전뉴스,언론사
8266,더약업(The Yakup) ((주)약업신문),언론사
8267,더에듀 ((주)더미디어그룹),언론사
8268,더엘(The L),언론사
8269,더영주 (주식회사 더영주),언론사
8270,더오피니언타임즈 (티제이에이치(주)),언론사
8271,더올라운더뉴스,언론사
8272,더올바른 위례,언론사
8273,더올바른필라테스 뉴스 (더올바른필라테스 주식회사),언론사
8274,더올바른필라테스인천 매거진 (더올바른필라테스 주식회사),언론사
8275,더와이(the Why),언론사
8276,더와치(The Watch) (유한회사 푸른문화),언론사
8277,더요가위크,언론사
8278,더원뉴스,언론사
8279,더원문학 (주식회사 뉴스더원),언론사
8280,더원미술세계 (주식회사 더원미술세계),언론사
8281,더월드아리랑뉴스,언론사
8282,더월드타임즈(The World Times),언론사
8283,더월드타임즈(The World Times) ((주)타임즈코어),언론사
8284,더웰니스투데이,언론사
8285,더위드카 ((주)픽펄스),언론사
8286,더윌리포스트,언론사
8287,더유스데일리,언론사
8288,더유포스트,언론사
8289,더유학매거진 (주식회사 더유학),언론사
8290,더음성,언론사
8291,더이룸페이퍼,언론사
8292,더이슈,언론사
8293,더이에스지(THE ESG),언론사
8294,더이음 뉴스 (케이이음 유한회사),언론사
8295,더인뉴스,언론사
8296,더인디고 (주식회사 더봄앤미디어),언론사
8297,더인베스트 (주식회사 더넥스트미디어),언론사
8298,더인사이드뉴스 (주식회사 인사이드뉴스),언론사
8299,더인사이드코리아,언론사
8300,더인터뷰 (한국미디어서비스(주)),언론사
8301,더자유일보 (주식회사 자유미디어),언론사
8302,더잡 (주식회사 미디어더잡),언론사
8303,더저스티스(The Justice) (더저스티스앤코(주)),언론사
8304,더제주피플 (주식회사 더제주피플),언론사
8305,더조은뉴스(the Jo Eun News (더조은뉴스 주식회사),언론사
8306,더조은방송 (주식회사 더조은방송),언론사
8307,더조은아이티신문,언론사
8308,더존 부천뉴스,언론사
8309,더존뉴스,언론사
8310,더좋은일,언론사
8311,더주얼리(THE JEWELRY),언론사
8312,더지구,언론사
8313,더지엠뉴스(Thegmnews),언론사
8314,더촉 ((주)더촉),언론사
8315,더최고신문,언론사
8316,더카라반,언론사
8317,더카뷰,언론사
8318,더칼럼,언론사
8319,더칼럼니스트 (주식회사 더칼럼니스트),언론사
8320,더커넥트머니 (주식회사 연결더블유엠),언론사
8321,더컨트롤로지 매거진,언론사
8322,더컬쳐(The Culture),언론사
8323,더컬쳐타임즈 (컬쳐엔진(주)),언론사
8324,더케어 (주식회사 디테일워크),언론사
8325,더케어타임즈,언론사
8326,더케이 타임즈 (주식회사 조앤미눈썹문신반영구학원아카데미),언론사
8327,더케이뉴스,언론사
8328,더케이앤에스(k&s),언론사
8329,더케이인터넷뉴스,언론사
8330,더케이팝스타 ((주)더포커스뉴스),언론사
8331,더코리아 (더코리아 주식회사),언론사
8332,더코리아뉴스데이,언론사
8333,더코리아뉴스플러스 (주식회사 케이앤플러스),언론사
8334,더코리아저널,언론사
8335,더코리아프레스 (주식회사 와이즈앤라이프),언론사
8336,더코리아플러스광주,언론사
8337,더코리아플러스미디어,언론사
8338,더퀵 뉴스,언론사
8339,더킹뉴스,언론사
8340,더타이틀,언론사
8341,더타임,언론사
8342,더타임스(The Times),언론사
8343,더테크 (주식회사 빅테크),언론사
8344,더텐baseballmonthly,언론사
8345,더투데이이슈,언론사
8346,더트래커 ((주)에이앤피커뮤니케이션),언론사
8347,더트롯 ((주)웨이브넥스),언론사
8348,더트루저널(thetruejournal),언론사
8349,더파나스 (주식회사 아이노케이),언론사
8350,더파란,언론사
8351,더파마뉴스 ((주)더파마뉴스),언론사
8352,더파워 ((주)더파워미디어),언론사
8353,더파이낸스(The Finance) (사단법인 글로벌 파이넌스 포럼),언론사
8354,더팩트 (주식회사 더팩트),언론사
8355,더팩트뉴스,언론사
8356,더팩트체크,언론사
8357,더팩트타임즈 (사단법인 국제재난구조복지회),언론사
8358,더퍼블릭 (주식회사 퍼블릭미디어그룹),언론사
8359,더퍼블릭뉴스 ((주)더퍼블릭뉴스),언론사
8360,더퍼스트 조은뉴스,언론사
8361,더퍼스트경제TV (주식회사 씨앤에스솔루션컴퍼니),언론사
8362,더퍼스트미디어 ((주)미디어더퍼스트),언론사
8363,더펄스 매거진(The Pulse Magazine) (주식회사 아트램프),언론사
8364,더페스티벌 ((주)르씨엘미디어),언론사
8365,더페어뉴스 (주식회사 더페어),언론사
8366,더페이버릿츠 ((주)더페이버),언론사
8367,더펜뉴스 (유한회사 더펜뉴스),언론사
8368,더펜션,언론사
8369,더펫뉴스,언론사
8370,더포스트(Thepost) ((주)오픈미디어),언론사
8371,더포커스뉴스 ((주)더포커스뉴스),언론사
8372,더포토매거진,언론사
8373,더폴리틱-X(THE POLITIC-X),언론사
8374,더푸른미래,언론사
8375,더프라임뉴스 (주식회사 아주편한),언론사
8376,더프레스1 ((주)에이앤씨미디어),언론사
8377,더프론티어 ((주)더프론티어),언론사
8378,더프리덤타임즈,언론사
8379,더프리뷰,언론사
8380,더플라워,언론사
8381,더플라워뉴스,언론사
8382,더플라자글로벌,언론사
8383,더플러스,언론사
8384,더플러스 ((주)코리아플러스),언론사
8385,더플러스 (주식회사 더플러스),언론사
8386,더플러스 충청·충북,언론사
8387,더플러스경기,언론사
8388,더플러스계룡,언론사
8389,더플러스공감,언론사
8390,더플러스글로벌,언론사
8391,더플러스논산,언론사
8392,더플러스뉴스,언론사
8393,더플러스미디어 (주식회사 더플러스),언론사
8394,더플러스아산·천안,언론사
8395,더플러스이코노미,언론사
8396,더플러스청양공주부여,언론사
8397,더플러스충남·내포(홍성·예산),언론사
8398,더플러스커뮤니케이션,언론사
8399,더피플뉴스,언론사
8400,더피플라이프 (큰바위 사회적협동조합),언론사
8401,더피플매거진 (주식회사 더피플매거진),언론사
8402,더픽,언론사
8403,더픽코리아,언론사
8404,더필라뉴스 도화,언론사
8405,더필라테스301 뉴스,언론사
8406,더하우징(The Housing),언론사
8407,더한국타임즈,언론사
8408,더함웰 매거진 (주식회사 더함웰),언론사
8409,더헥타르(The Hectare),언론사
8410,더혜안,언론사
8411,더홀덤(THE HOLDEM) ((주)알앤비디),언론사
8412,더휴뉴스(The휴news) (유한회사 월드엔터프라이즈),언론사
8413,더힐조,언론사
8414,덕스프레드 (주식회사 테이크아웃),언론사
8415,덕양신문,언론사
8416,덕진동마을신문,언론사
8417,덕향문학,언론사
8418,데마시안 ((주) 데마시안),언론사
8419,데브타임즈 (혁신인재양성협동조합연합회),언론사
8420,데오스앤로고스,언론사
8421,데이뉴스24 ((주)지비와이올),언론사
8422,데이즈 헤럴드,언론사
8423,데이즈드 앤 컨퓨즈드 코리아 (주식회사 렉스트림),언론사
8424,데이타임즈(DAYTIMES) (정성협동조합),언론사
8425,데이터政經 ((주)데이터정경연구원),언론사
8426,데이터경제 ((주)데이터노믹스),언론사
8427,데이터넷,언론사
8428,데이터뉴스 ((주)데이터뉴스),언론사
8429,데이터루 (주식회사 케이디엑스한국데이터거래소),언론사
8430,데이터리치 (주식회사 아이엘인스티튜트),언론사
8431,데이터민 (주식회사 데이터민(DataMin)),언론사
8432,데이터솜 ((주)데이터솜),언론사
8433,데이터앤리서치 ((주)데이터앤리서치),언론사
8434,데이터저널,언론사
8435,데이터코리아 (주식회사 뉴들),언론사
8436,데이터투데이,언론사
8437,데이터투자 (주식회사 데이터미디어),언론사
8438,데이터포커스,언론사
8439,데이터프레스 ((주)데이터프레스),언론사
8440,데이트할까 ((주)루팡컴퍼니),언론사
8441,데일리 ((주)휴먼웍스),언론사
8442,데일리 BJC (주식회사 비제이씨플러스),언론사
8443,데일리 NGO 뉴스,언론사
8444,데일리 더 헤럴드,언론사
8445,데일리 디펜스,언론사
8446,데일리 미디어 뉴스,언론사
8447,데일리 부자동네타임즈 (주식회사 부자동네타임즈),언론사
8448,데일리 뷰티헬스 저널,언론사
8449,데일리 비즈 ((주)휴먼웍스),언론사
8450,데일리 사회공헌,언론사
8451,데일리 스타 ((주)휴먼웍스),언론사
8452,데일리 스포츠한국 ((주)데일리스포츠한국),언론사
8453,데일리 여동구요가,언론사
8454,데일리 영화음악,언론사
8455,데일리 유레카매거진,언론사
8456,데일리 치과인 ((주)덴탈인),언론사
8457,데일리 커머스 (주식회사 트랜시노),언론사
8458,데일리 클리닉 저널,언론사
8459,데일리 푸드,언론사
8460,데일리 푸드앤메드 ((사)한국식품커뮤니케이션포럼),언론사
8461,데일리(DAILY),언론사
8462,데일리21뉴스 (주식회사 한국미디어언론연합),언론사
8463,데일리25,언론사
8464,데일리25시뉴스,언론사
8465,데일리365 (티제이에이치(주)),언론사
8466,데일리e뉴스(Dailyenews) ((주)데일리경제뉴스),언론사
8467,데일리e스포츠 ((주)데일리게임),언론사
8468,데일리강화 (주식회사 데일리강화),언론사
8469,데일리개원,언론사
8470,데일리게임 ((주)데일리게임),언론사
8471,데일리경기신문 (주식회사 경기뉴앤뉴스),언론사
8472,데일리경남뉴스,언론사
8473,데일리경북,언론사
8474,데일리경북구미,언론사
8475,데일리경제,언론사
8476,데일리경제신문 (주식회사 데일리경제미디어),언론사
8477,데일리경주,언론사
8478,데일리광장 (주식회사 데일리광장),언론사
8479,데일리굿뉴스(Daily Good News) ((주)데일리굿뉴스),언론사
8480,데일리굿타임,언론사
8481,데일리그리드(dailygrid),언론사
8482,데일리기장뉴스premium,언론사
8483,데일리김천tv (주식회사 데일리김천티브이),언론사
8484,데일리넷(dailynet) ((주)데일리넷),언론사
8485,데일리넷24,언론사
8486,데일리노컷뉴스 ((주)씨비에스노컷뉴스),언론사
8487,데일리뉴스,언론사
8488,데일리뉴스24,언론사
8489,데일리뉴스나우 (주식회사 인피니티커넥트),언론사
8490,데일리뉴스인(뉴스 인) ((주)뉴시스헬스),언론사
8491,데일리뉴스플러스,언론사
8492,데일리뉴스피드,언론사
8493,데일리대구·경북뉴스,언론사
8494,데일리대한민국,언론사
8495,데일리디포커스(di-focus) (주식회사 재난포커스),언론사
8496,데일리라이프 (주식회사 베어허그),언론사
8497,데일리라이프경제,언론사
8498,데일리런(DailyRun),언론사
8499,데일리로그 (주식회사 데일리로그),언론사
8500,데일리로컬뉴스,언론사
8501,데일리매거진,언론사
8502,데일리머니,언론사
8503,데일리메디,언론사
8504,데일리메디칼,언론사
8505,데일리메디팜,언론사
8506,데일리메디팜앤,언론사
8507,데일리메이커,언론사
8508,데일리모닝 (주식회사 데일리모닝),언론사
8509,데일리문화,언론사
8510,데일리뮤직 (넥서스미디어 주식회사),언론사
8511,데일리미디어,언론사
8512,데일리바이트(Daily Byte) ((주)바이트컴퍼니),언론사
8513,데일리방산 (주식회사 서울지앤컴퍼니),언론사
8514,데일리벳,언론사
8515,데일리뷰 (주식회사 에이아이컴퍼니),언론사
8516,데일리브리프 ((주)데일리브리프),언론사
8517,데일리비 (주식회사 오토트리뷴),언론사
8518,데일리비즈온(Daily Biz On),언론사
8519,데일리상생경제 (주식회사 데일리상생경제뉴스),언론사
8520,데일리상주문경,언론사
8521,데일리서울 ((주)시대일보사),언론사
8522,데일리성북,언론사
8523,데일리스포츠 ((주)휴먼웍스),언론사
8524,데일리스포츠월드 ((주)세계비즈앤스포츠월드),언론사
8525,데일리시사닷컴,언론사
8526,데일리시큐 ((주)데일리시큐),언론사
8527,데일리아세안,언론사
8528,데일리아이,언론사
8529,데일리아트,언론사
8530,데일리안 ((주)데일리안),언론사
8531,데일리에듀 (주식회사 미야기미디어),언론사
8532,데일리엔(Dailyn),언론사
8533,데일리엔케이(The DailyNK) ((주)데일리엔케이),언론사
8534,데일리엔터테인먼트 ((주)데일리엔터),언론사
8535,데일리엠 ((주)데일리엠),언론사
8536,데일리연합 (주식회사 아이타임즈미디어),언론사
8537,데일리영 ((주)휴먼웍스),언론사
8538,데일리영남,언론사
8539,데일리오에스티닷컴(dailyost.com),언론사
8540,데일리오토,언론사
8541,데일리온,언론사
8542,데일리와이,언론사
8543,데일리원,언론사
8544,데일리원헬스 (한국축산데이터 주식회사 농업회사법인),언론사
8545,데일리웰니스,언론사
8546,데일리웹툰 (더프렌들리(주)),언론사
8547,데일리유즈,언론사
8548,데일리이벤트,언론사
8549,데일리이슈 ((주)피플앤드림),언론사
8550,데일리이코노미,언론사
8551,데일리인베스트(dailyinvest) (주식회사 디아이타임즈),언론사
8552,데일리인사이드 ((주)21미디어월드),언론사
8553,데일리인사이트 (사단법인 바른청년연합),언론사
8554,데일리재활용뉴스,언론사
8555,데일리저널,언론사
8556,데일리전남,언론사
8557,데일리전북 (주식회사 데일리전북),언론사
8558,데일리정경뉴스(Daily 정경NEWS),언론사
8559,데일리제주,언론사
8560,데일리중앙,언론사
8561,데일리차이나서울뉴스 (얍미디어 주식회사),언론사
8562,데일리창업 (네오비앤씨 주식회사),언론사
8563,데일리청년,언론사
8564,데일리청송 (주식회사 청송자치신문),언론사
8565,데일리카,언론사
8566,데일리캐틀,언론사
8567,데일리컬쳐 (주식회사 에이롭),언론사
8568,데일리케이(dailyK) (주식회사 이넷뉴스),언론사
8569,데일리코리아 ((주)거인미디어),언론사
8570,데일리큐어 (주식회사 큐어파크),언론사
8571,데일리크래프트(Daily Craft),언론사
8572,데일리클릭,언론사
8573,데일리타임즈,언론사
8574,데일리타임즈더블유 (주식회사 앤팔레트),언론사
8575,데일리태권도,언론사
8576,데일리텔레코리아,언론사
8577,데일리토큰 ((주)데일리미디어네트워크),언론사
8578,데일리톡 (유한회사 아이엠데일리),언론사
8579,데일리톱,언론사
8580,데일리톱텐(데일리TOP10) ((주)에스앤케이미디어),언론사
8581,데일리투데이뉴스 (주식회사 데일리투데이홀딩스),언론사
8582,데일리티(dailyt) (주식회사 미디어안),언론사
8583,데일리파워(Daily Power),언론사
8584,데일리팜(Dailypharm) ((주)데일리팜),언론사
8585,데일리팜코리아 ((주)데일리팜),언론사
8586,데일리팝,언론사
8587,데일리팩트 뉴스,언론사
8588,데일리펜뉴스,언론사
8589,데일리포스트 ((주)데일리포스트),언론사
8590,데일리포캐스트4.0 (라온아시아(주)),언론사
8591,데일리프레스인코리아 (주식회사 컬쳐컴플랙스평생교육원),언론사
8592,데일리필라테스,언론사
8593,데일리하우징 (오더포인트 유한회사),언론사
8594,데일리한국 (주식회사 한국아이닷컴),언론사
8595,데일리합동,언론사
8596,데일리핫,언론사
8597,데일리핫뉴스 ((주) 코어플라넷),언론사
8598,데일리헬스피아,언론사
8599,데일리호남,언론사
8600,데일리화성,언론사
8601,데일리화순 (명품화순기획 유한회사),언론사
8602,데일리환경 (주식회사 미디어안),언론사
8603,데코저널,언론사
8604,덴탈 메디컬 뉴스 ((주)은연),언론사
8605,덴탈 브레인 ((주)브레인스펙병원교육개발원),언론사
8606,덴탈뉴스 (주식회사 세미나비즈),언론사
8607,덴탈아카이브,언론사
8608,덴탈이슈,언론사
8609,덴탈저널(DENTAL JOURNAL),언론사
8610,덴탈타임스 (사단법인 한국치과의료기기산업협회),언론사
8611,덴탈투데이,언론사
8612,덴탈포커스 ((주)덴탈포커스),언론사
8613,덴탈프레스,언론사
8614,덴티스트,언론사
8615,덴포,언론사
8616,덴포라인(Denfoline) ((주)디엔엔),언론사
8617,델리킷매거진코리아,언론사
8618,델리킷매거진코리아(웹진),언론사
8619,도경신문,언론사
8620,도경일보,언론사
8621,도그인사이트 (주식회사 월드컴패스),언론사
8622,도그펫플티비 ((주)도그펫플티브이),언론사
8623,도깨비,언론사
8624,도농라이프타임즈,언론사
8625,도담뉴스,언론사
8626,도담도담 (숭덕원),언론사
8627,도덕국가,언론사
8628,도도우산뉴스,언론사
8629,도드람 인사이트(DODRAM INSIGHT) (도드람양돈협동조합),언론사
8630,도래울 미디어,언론사
8631,도레미뉴스,언론사
8632,도로정책브리프,언론사
8633,도르(dor) (주식회사 아이앤피커뮤니케이션즈),언론사
8634,도민뉴스라인 ((주)도민뉴스라인),언론사
8635,도민방송 (주식회사 엘미디어),언론사
8636,도민신문 (도민일보 주식회사),언론사
8637,도민신문 (시사통신주식회사),언론사
8638,도민연합뉴스 ((주)도민연합뉴스),언론사
8639,도민일보 (도민일보 주식회사),언론사
8640,도봉 N,언론사
8641,도서관뉴스,언론사
8642,도서관닷컴,언론사
8643,도서신문,언론사
8644,도서출판 북사랑,언론사
8645,도선법보,언론사
8646,도솔,언론사
8647,도시개발 뉴스,언론사
8648,도시개발신문 (도시개발신문(주)),언론사
8649,도시경제채널 ((주)뉴미디어온),언론사
8650,도시농 (뉴스코리아 주식회사),언론사
8651,도시농업,언론사
8652,도시뉴스 (주식회사 미르커뮤니케이션),언론사
8653,도시문제 (대한지방행정공제회),언론사
8654,도시미래신문 ((주)도시미래종합기술공사),언론사
8655,도시생활24,언론사
8656,도시와 농촌,언론사
8657,도시와미래 환경일보,언론사
8658,도시인문학연구,언론사
8659,도시일보 (주식회사 정원커뮤니케이션),언론사
8660,도시재생,언론사
8661,도시재생신문 (주식회사 도시재생신문),언론사
8662,도시정비,언론사
8663,도시정비 (한국도시정비협회),언론사
8664,도시정비뉴스,언론사
8665,도시정비저널 (도시재생미디어(주)),언론사
8666,도우 (재단법인 천리교한국교단),언론사
8667,도움뉴스 (도우리협동조합),언론사
8668,도화상가번영회소식지,언론사
8669,도화지 아트,언론사
8670,독도뉴스 (주식회사 국제),언론사
8671,독도뉴스타임,언론사
8672,독도사랑,언론사
8673,독도사수뉴스,언론사
8674,독도시사뉴스,언론사
8675,독도시사신문,언론사
8676,독도신문,언론사
8677,독도신보(獨島新報) ((사)독도중앙연맹),언론사
8678,독도저널,언론사
8679,독도코리아,언론사
8680,독도포커스,언론사
8681,독립 벼룩시장,언론사
8682,독립기념관 (독립기념관),언론사
8683,독립문아파트라이프,언론사
8684,독서경영 (책문화네트워크 주식회사),언론사
8685,독서경영 신문,언론사
8686,독서뉴스,언론사
8687,독서신문 ((주)에이원뉴스),언론사
8688,독서신문 왓츠북 (몬스터 주식회사),언론사
8689,독서신문 책과 삶 (주식회사 일두),언론사
8690,독서일보(讀書日報)) ((주) 숭례문학당),언론사
8691,독서코칭,언론사
8692,독서평설 첫걸음 (주식회사 지학사),언론사
8693,독일넘버원신문,언론사
8694,독정이 마을 사람들,언론사
8695,독파민 (사단법인 평화나무),언론사
8696,돈방석,언론사
8697,돈키호테,언론사
8698,돌봄,언론사
8699,돌봄뉴스 (주식회사 단비코퍼레이션),언론사
8700,돕는사람들IDF,언론사
8701,동감에서동감으로,언론사
8702,동강신문,언론사
8703,동경주신문 (경주시민신문(주)),언론사
8704,동광레저타임즈 (동광레져회원권거래소(주)),언론사
8705,동구일보 (주식회사 영남미디어그룹),언론사
8706,동국 매거진 ((주)제이플러스 커뮤니케이션),언론사
8707,동국일보 (주식회사 동국일보사),언론사
8708,동김해병원보 (의료법인 원의료재단),언론사
8709,동남방송 TV (동남방송 주식회사),언론사
8710,동남신문 (가야일보(주)),언론사
8711,동남일보 (가야일보(주)),언론사
8712,동네문학전집,언론사
8713,동네바보 (밑줄미디어(주)),언론사
8714,동네방네,언론사
8715,동네방네뉴스,언론사
8716,동네북,언론사
8717,동네소식,언론사
8718,동네신문 동구이바구,언론사
8719,동네정치,언론사
8720,동네책방동네도서관 (사단법인 행복한아침독서),언론사
8721,동네한바퀴,언론사
8722,동녘신문,언론사
8723,동대문 이슈,언론사
8724,동대문구 희망복지뉴스,언론사
8725,동대문구민신문,언론사
8726,동대문뉴스,언론사
8727,동대문시선,언론사
8728,동대문저널,언론사
8729,동대문타임즈,언론사
8730,동대문포스트,언론사
8731,"동두천,연천신문",언론사
8732,동두천가디언,언론사
8733,동래산업신문,언론사
8734,동래정씨 화지회보,언론사
8735,동료시민의 뉴스 TV,언론사
8736,"동리목월 ((사)동리,목월 기념사업회)",언론사
8737,동문나래,언론사
8738,동물보호지 함께 나누는삶 ((사)동물자유연대),언론사
8739,동물의소리 (유니로그 주식회사),언론사
8740,동물자원개발연구,언론사
8741,동물한방재활뉴스 (주식회사 펫니스),언론사
8742,동방뉴스,언론사
8743,동방문학,언론사
8744,동방성,언론사
8745,동방일보 ((주)동방미디어),언론사
8746,동방일보인터넷신문 ((주)동방미디어),언론사
8747,동방학술논단 (한국학술정보(주)),언론사
8748,동방회보,언론사
8749,동부 중앙신문 (동부중앙신문 주식회사),언론사
8750,동부교차로저널,언론사
8751,동부뉴스,언론사
8752,동부신문,언론사
8753,동부타임즈,언론사
8754,동북아신문,언론사
8755,동북아저널,언론사
8756,동북인터넷뉴스,언론사
8757,동북일보,언론사
8758,동북일보 ((주)동북일보),언론사
8759,동산 가격정보 (재단법인 건설산업정보연구원),언론사
8760,동산문학,언론사
8761,동산제약,언론사
8762,동서경제신문 (주식회사 국제금융리서치),언론사
8763,동서울뉴스,언론사
8764,동서울지회소식지,언론사
8765,동서울직업뉴스 (숭실창의인재네트워크 주식회사),언론사
8766,동서일보,언론사
8767,동서입찰안내,언론사
8768,동성일보 (주식회사 시대미디어그룹),언론사
8769,동시YO,언론사
8770,동시마중,언론사
8771,동시먹는 달팽이,언론사
8772,동시발전소,언론사
8773,동심문학,언론사
8774,동심연심,언론사
8775,동아경제 ((주)동아경제신문),언론사
8776,동아경제일보 (동아경제일보(주)),언론사
8777,동아뉴스 ((주)동아뉴스),언론사
8778,동아닷컴 ((주)동아닷컴),언론사
8779,동아대학교동문회보,언론사
8780,동아데일리,언론사
8781,동아매일,언론사
8782,동아사이언스 (주식회사 동아사이언스),언론사
8783,동아쇼핑문화센터 (주식회사 씨에이이),언론사
8784,동아시사뉴스,언론사
8785,동아약보,언론사
8786,동아일보,언론사
8787,동아타임즈,언론사
8788,동안,언론사
8789,동양경제. ((주)뉴스엔뷰미디어),언론사
8790,동양경제TV(DTV) ((주)뉴스엔뷰미디어),언론사
8791,동양뉴스 ((주)동양뉴스통신사),언론사
8792,동양문학,언론사
8793,동양문화방송,언론사
8794,동양문화저널 (엠에스아카데미 주식회사),언론사
8795,동양바이오뉴스 (주식회사 동양바이오뉴스),언론사
8796,동양방송,언론사
8797,동양신문,언론사
8798,동양의학,언론사
8799,동양일보 ((주)동양미디어),언론사
8800,동우회저널,언론사
8801,동원N예비군,언론사
8802,동의보감과 어우러지는 삶,언론사
8803,동이일보 ((주)동이일보),언론사
8804,동이한옥타임즈,언론사
8805,동일TV,언론사
8806,동작경제신문,언론사
8807,동작교육뉴스,언론사
8808,동작뉴스,언론사
8809,동작뉴스닷컴,언론사
8810,동작신문,언론사
8811,동작일보,언론사
8812,동작저널,언론사
8813,동작팡팡,언론사
8814,동작포커스 ((주)의회시사신문사),언론사
8815,동정뉴스,언론사
8816,동천법률이야기,언론사
8817,동천이야기,언론사
8818,동탄 마을신문 여울,언론사
8819,동탄타임즈 (주식회사 동탄타임즈),언론사
8820,동포 취업세계,언론사
8821,동포법률지원신문,언론사
8822,동포세계 (이코리아월드(주)),언론사
8823,동포신문 ((주)인코),언론사
8824,동포의 한국생활,언론사
8825,동포일자리창출뉴스,언론사
8826,동포저널 (사단법인 세계한인언론인협회),언론사
8827,동해.삼척알림방,언론사
8828,동해안사람들 (주식회사 경북방송),언론사
8829,동해알림방,언론사
8830,동해의 여의주 독도,언론사
8831,동행,언론사
8832,동행in뉴스,언론사
8833,동행뉴스,언론사
8834,동행미디어 시대 (동행미디어시대(주)),언론사
8835,동행신문 ((주)사회복지동행),언론사
8836,동향과전망,언론사
8837,동화마중,언론사
8838,동화읽는어른 ((사)어린이도서연구회),언론사
8839,동화향기동시향기,언론사
8840,돼지와 사람,언론사
8841,두꺼비마을신문 (사회적협동조합 두꺼비마을),언론사
8842,두니아 Dunia,언론사
8843,두두차이나(DUDU CHINA) ((주)차이나다),언론사
8844,두드림평생교육,언론사
8845,두란노 북리뷰,언론사
8846,두레문학,언론사
8847,두레포스트 ((주)두레포스트),언론사
8848,두루뉴스 ((주)두루컴퍼니),언론사
8849,두리번 (주식회사 감지덕지),언론사
8850,두메산골,언론사
8851,두물머리 뉴스,언론사
8852,두손헤럴드 ((주)두손에듀),언론사
8853,두잇나래,언론사
8854,둘레 (사단법인 둘레),언론사
8855,둥지,언론사
8856,드라마틱 (주식회사 페이퍼하우스),언론사
8857,드라마틱부산,언론사
8858,드라이브 스토리,언론사
8859,드라이빙피플 (주식회사 디엠위즈),언론사
8860,드론뉴스 ((주)드론뉴스),언론사
8861,드론매거진,언론사
8862,드론매거진 뉴스,언론사
8863,드론타임즈 ((주)골든벨),언론사
8864,드론타임즈닷컴 ((주)골든벨),언론사
8865,드림 타임즈,언론사
8866,드림가 소식,언론사
8867,드림교육신문 (주식회사 드림직업능력교육원),언론사
8868,드림바디솔루션 (주식회사 바디앤솔청주),언론사
8869,드림새마을금고 (드림 새마을금고),언론사
8870,드림씨티 라이프 (드림씨티방송 주식회사),언론사
8871,드림씨티라이프 은평판,언론사
8872,드림업뉴스 ((주)원트리),언론사
8873,드림저널 ((주)드림미디어),언론사
8874,드림즈 코리아(DREAMS KOREA) (주식회사 미디어퍼페추얼),언론사
8875,드림지원센터미디어,언론사
8876,드림캐스팅 (주식회사 아이티세일즈),언론사
8877,드림타임즈25,언론사
8878,드림투데이 (주식회사 드림미디어),언론사
8879,드림필라테스저널,언론사
8880,드림필라테스타임즈,언론사
8881,드립 (drip) (주식회사 레드닷컴퍼니),언론사
8882,드웰타임즈 (드웰미디어그룹 주식회사),언론사
8883,든든한 삶,언론사
8884,들(deul) (주식회사 책),언론사
8885,들꽃편지,언론사
8886,등 The Lighting (한국스마트조명협동조합),언론사
8887,등잔일보,언론사
8888,디 프레스(D Press) (주식회사 디학),언론사
8889,디데이뉴스,언론사
8890,디딤돌 (한국장애인개발원),언론사
8891,디딤코리아 (미래인재연구소),언론사
8892,디멘시아뉴스(DementiaNews) ((주)디멘시아뉴스),언론사
8893,디바이스마트 매거진 ((주)엔티렉스),언론사
8894,디벨로퍼뉴스 (주식회사 디벨로퍼뉴스),언론사
8895,디브이디이쩜영(DVD2.0) ((주)미디어이쩜영),언론사
8896,디비디언(DVDian),언론사
8897,디비리츠 뉴미디어 (주식회사 디비리츠(DBritz Inc.)),언론사
8898,디사이플(DISCIPLE),언론사
8899,디센터 ((주)런앤이매진),언론사
8900,디스이즈게임 ((주)디스이즈게임닷컴),언론사
8901,디스커버리뉴스(DiscoveryNews) (주식회사 미디어썬),언론사
8902,디스커스 매거진(discuss magazine) ((주)디스커스 아카데미),언론사
8903,디스패치뉴스 (주식회사 디스패치뉴스그룹),언론사
8904,디시엔(DCN),언론사
8905,디씨앤북 (주)스타앤미디어),언론사
8906,디아거스타임스,언론사
8907,디아나 매거진,언론사
8908,디아나 미디어,언론사
8909,디아나뉴스,언론사
8910,디아스포라 신문,언론사
8911,디아스포라뉴스,언론사
8912,디아스포라뉴스통신,언론사
8913,디아이투데이 ((주)웹스미디어),언론사
8914,디아트리트 (주식회사 메디포미디어),언론사
8915,디아티스트(THEARTIST),언론사
8916,디애프터(TheAfter) (주식회사 데이터미디어),언론사
8917,디앤에이 라이프(DNA life) (노우앤킵유어제니스(주)),언론사
8918,디앤피에스(D&PS) ((주)모스트엠),언론사
8919,디어코어 미디어,언론사
8920,디어핏뉴스,언론사
8921,디얼라인 필라테스 타임즈,언론사
8922,디에이징뉴스 ((주)이앤씨네트웍스),언론사
8923,디에코 (주식회사 아시아타임즈),언론사
8924,디에프에스매거진 ((주)에스앤에이엔터프라이즈),언론사
8925,디엑시스(The Axis),언론사
8926,디엠에디션,언론사
8927,디엠타임즈,언론사
8928,디엠투데이,언론사
8929,디오데오 ((주)디오데오),언론사
8930,디오비추어리(TheObityaryKorea),언론사
8931,디오위크,언론사
8932,디오타임스(DIOTIMES) (디오코스 주식회사),언론사
8933,디이케이 뉴스 DK(Dynamic Korea) News (사단법인 한국법제발전연구소),언론사
8934,디인덱스,언론사
8935,디인터뷰,언론사
8936,디인터뷰 ((주)디인터뷰),언론사
8937,디일렉 (주식회사 디일렉),언론사
8938,디잇플러스 (주식회사 디일렉),언론사
8939,디자인 창아(design changa),언론사
8940,디자인네트(DESIGNNET) ((주)디자인네트),언론사
8941,디자인신문,언론사
8942,디자인저널 (주)디자인저널),언론사
8943,디자인폭스 레시피,언론사
8944,디잡뉴스,언론사
8945,디졸브매거진,언론사
8946,디지바이브,언론사
8947,디지엔,언론사
8948,디지털 강원,언론사
8949,디지털 농민신문,언론사
8950,디지털 미래와전략,언론사
8951,디지털 브러쉬 (씨지랜드주식회사),언론사
8952,디지털 비즈니스 뉴스(DBN),언론사
8953,디지털 전문뉴스 (디에스앤피 주식회사),언론사
8954,디지털 파이낸스(Digital Finance) ((주)바이그룹),언론사
8955,디지털 피씨라인(Digital PC Line),언론사
8956,디지털경제 ((주)디지털경제),언론사
8957,디지털경제뉴스(Digital Economy News),언론사
8958,디지털광진,언론사
8959,디지털국회신문,언론사
8960,디지털금융신문,언론사
8961,디지털노마드 (주식회사 미디어온),언론사
8962,디지털농업,언론사
8963,디지털뉴스네트워크 ((주)디지털뉴스네트워크),언론사
8964,디지털데일리 ((주)디지털데일리),언론사
8965,디지털라이프(Digital Life) ((주)디플랜네트워크),언론사
8966,디지털마케팅뉴스 ((주)아이보스),언론사
8967,디지털머니 ((주)디지털머니),언론사
8968,디지털배움뉴스,언론사
8969,디지털밸리뉴스(digital vally news),언론사
8970,디지털브러시,언론사
8971,디지털비즈온 (주식회사 펜과디지털),언론사
8972,디지털사진전문지,언론사
8973,디지털서부문화신문,언론사
8974,디지털스마트뉴스24,언론사
8975,디지털시니어뉴스,언론사
8976,디지털애셋(digitalasset) ((주)디애셋),언론사
8977,디지털에듀신문 (주식회사 에프엔제이),언론사
8978,디지털에듀타임즈,언론사
8979,디지털에코데일리 ((주)에코데일리),언론사
8980,디지털연합뉴스,언론사
8981,디지털위크 (더나은인재들 주식회사),언론사
8982,디지털의사신문 (사단법인 대한의사협회 서울특별시의사회),언론사
8983,디지털이코노미(Digital Economy),언론사
8984,디지털인사이트(DI),언론사
8985,디지털주리스트 (Digital Jurist),언론사
8986,디지털지역광장 (주식회사 디지털지엔지),언론사
8987,디지털커넥트뉴스 ((주)디지털커넥트),언론사
8988,디지털콘텐츠뉴스 ((주)디지털콘텐츠그룹),언론사
8989,디지털타임스,언론사
8990,디지털타임스 ((주)디지털타임스),언론사
8991,디지털투데이(DigitalToday) ((주)헥토미디어),언론사
8992,디지털트렌드코리아 ((주)도와세움),언론사
8993,디지털포렌식뉴스 (주식회사 한국생활안전연구원),언론사
8994,디지털포스트 (주식회사 엔지오미디어홀딩스),언론사
8995,디지털포스트(PC사랑) (주식회사 디지털포스트),언론사
8996,디지털포용뉴스,언론사
8997,디지털포커스,언론사
8998,디지털한국농업경영신문,언론사
8999,디지털함께걸음 ((사)장애우권익문제연구소),언론사
9000,디지털합천신문 ((주)합천신문사),언론사
9001,디지털헬스케어뉴스 (주식회사 씨에이치평생교육아카데미),언론사
9002,디지털환경신문,언론사
9003,디지틀조선C&M (주식회사 디지틀조선일보씨엔엠),언론사
9004,디지틀조선TV ((주)디지틀조선일보),언론사
9005,디지틀조선일보 ((주)디지틀조선일보),언론사
9006,디카詩,언론사
9007,디카디카(DICADICA) ((주)디펙스),언론사
9008,디카문학,언론사
9009,디컬쳐(D CULTURE) (더드림미디어(주)),언론사
9010,디케이프레스,언론사
9011,디코노미 ((주)디코노미),언론사
9012,디테일링마스터,언론사
9013,디토뉴스,언론사
9014,디트news24 ((주)디트뉴스이십사),언론사
9015,디페(Dipe) (주식회사 디스패치뉴스그룹),언론사
9016,디펜스 인사이드,언론사
9017,디펜스 코리아,언론사
9018,디펜스타임즈 ((주)디펜스타임즈),언론사
9019,디펜스타임즈코리아,언론사
9020,디펜스투데이 ((주)비즈뷰),언론사
9021,디피펫 (주식회사 메이븐크리에이티브),언론사
9022,딕터(Deecter),언론사
9023,딜라이트 포스트,언론사
9024,딜라이트 필라테스 매거진,언론사
9025,딜라이트닷넷 (딜라이트뉴스 주식회사),언론사
9026,딜라잇뉴스,언론사
9027,딜북뉴스 (주식회사 인프라와이드),언론사
9028,딜사이트 ((주)딜사이트),언론사
9029,딜사이트 경제티브이 (주식회사 데일리임팩트),언론사
9030,딜사이트 경제티브이 (주식회사 딜사이트티브이),언론사
9031,딥뉴스,언론사
9032,딥인투,언론사
9033,딥팩트 ((주)아너미디어),언론사
9034,딩동세종 (딩동세종협동조합),언론사
9035,딩아돌하 (사단법인 딩아돌하문예원),언론사
9036,딩펫,언론사
9037,따뜻한일보,언론사
9038,따사로운 (주식회사 금원),언론사
9039,따옴표,언론사
9040,따자하오,언론사
9041,딱꾹뉴스,언론사
9042,딱따구리친구들,언론사
9043,딴지일보,언론사
9044,딴짓,언론사
9045,땅과사람들 (한국국토정보공사),언론사
9046,땅집고 ((주)엠딕),언론사
9047,때꼴리 사람들,언론사
9048,때때네 (프뢰벨미디어(주)),언론사
9049,땡스투올(Thanks-To-All),언론사
9050,땡큐굿뉴스 (휴먼태크 주식회사),언론사
9051,땡큐뉴스 (주식회사 땡큐미디어그룹),언론사
9052,땡큐일자리신문,언론사
9053,또바기 나눔,언론사
9054,또바기뉴스 ((주)또바기컴퍼니),언론사
9055,똑똑뉴스,언론사
9056,뚜르드몽드(TOUR de MONDE),언론사
9057,뚜르드몽드보팅매거진(Tourdemonde boating magazine),언론사
9058,뚜르드몽드요팅매거진(Tourdemondeyachtingmagazine,언론사
9059,뚜르몽,언론사
9060,뚱디아나 매거진,언론사
9061,뜨레비앙 ((주)세계투어),언론사
9062,뜰안DIY,언론사
9063,뜸(灸)과 건강,언론사
9064,라 라,언론사
9065,라00002 (장성시민연대),언론사
9066,라니코어뉴스,언론사
9067,라디오컨트롤,언론사
9068,라라뉴스 수지,언론사
9069,라라라스튜디오,언론사
9070,라라예술아카데미매거진,언론사
9071,라망매거진(lamain magazine),언론사
9072,라벤하임,언론사
9073,라벨르 미디어,언론사
9074,라벨르뷰티라인 매거진,언론사
9075,라보떼바디 아카데미뉴스,언론사
9076,라비다원(ravidaone) 수지 매거진 (주식회사 프리마베라컴퍼니),언론사
9077,라비도르(La Vie D`or) ((주)티앤에스미디어),언론사
9078,라샤르필라테스 저널,언론사
9079,라스트원(LASTONE) (삼성종합물류 주식회사),언론사
9080,라스포사웨딩스(La SPOSA Weddings) ((주)비즈넥스미디어),언론사
9081,라오노믹스,언론사
9082,라오스타임즈,언론사
9083,라온뉴스,언론사
9084,라온리더스,언론사
9085,라온신문 (주식회사 라온뉴스(RAONNEWS)),언론사
9086,라온필라테스 매거진,언론사
9087,라우드뉴스,언론사
9088,라운드아카데미 (주식회사 라운드아카데미),언론사
9089,라운드원,언론사
9090,라운지 ((주)스포츠조선),언론사
9091,라운지뉴스,언론사
9092,라움뉴스 (메리트아이티 주식회사),언론사
9093,라이드매거진,언론사
9094,라이드플래닛,언론사
9095,라이벌뉴스,언론사
9096,라이브뉴스,언론사
9097,라이브쇼핑뉴스 ((주)세모라이브),언론사
9098,라이브엔,언론사
9099,라이브이슈KR ((주)지에이아이시스템),언론사
9100,라이브제주 LIVEJEJU (라이브제주인터넷신문 주식회사),언론사
9101,라이브커머스(Live Commerce) (주식회사 비스타즈파트너스),언론사
9102,라이브투데이,언론사
9103,라이브팜뉴스,언론사
9104,라이브한돈뉴스,언론사
9105,라이센스뉴스 ((주)뉴스서치),언론사
9106,라이언신문,언론사
9107,라이온(LION),언론사
9108,라이온스신문,언론사
9109,라이즈남악뉴스,언론사
9110,라이즈데일리,언론사
9111,라이즈평생교육신문 ((주)라이즈미디어앤교육),언론사
9112,라이트 저널,언론사
9113,라이트뉴스,언론사
9114,라이팅뉴스 (주식회사 동진기획라이팅뉴스),언론사
9115,라이프 고척뉴스,언론사
9116,라이프N잡 (한국표준보안 주식회사),언론사
9117,라이프굿타임즈(Life Good Times),언론사
9118,라이프데일리,언론사
9119,라이프디자인타임스 (주식회사 다함커뮤니케이션앤콘텐츠),언론사
9120,라이프매거진,언론사
9121,라이프방송(Life방송),언론사
9122,라이프성남,언론사
9123,라이프스토리 ((주)에이치알디한국평생교육원),언론사
9124,라이프앤 ((주)라이프앤),언론사
9125,라이프앤텍스,언론사
9126,라이프앤트래블(life & travel),언론사
9127,라이프앤핏,언론사
9128,라이프업(LIFEUP),언론사
9129,라이프업데일리뉴스 (주식회사 현미디어엠앤비),언론사
9130,라이프에듀브릿지 ((주)아세아드림에듀),언론사
9131,라이프위드캣,언론사
9132,라이프이즈필라테스(방배점),언론사
9133,라이프인 (라이프인사회적협동조합),언론사
9134,라이프인밸런스,언론사
9135,라이프점프 ((주)런앤이매진),언론사
9136,라이프체인징 뉴스 (주식회사 라이프체인징),언론사
9137,라이프케어 헤럴드(Life Care Herald),언론사
9138,라이프코드50 건강뉴스,언론사
9139,라이프타임뉴스,언론사
9140,라이프톡 (주식회사 브릿지엠미디어),언론사
9141,라이프플러스필라뉴스,언론사
9142,라인업 뉴스,언론사
9143,라인핏100필라테스 매거진,언론사
9144,라일락뉴스,언론사
9145,라일러스,언론사
9146,라임저널 (라임저널(주)),언론사
9147,라키비움J (주식회사 제이포럼),언론사
9148,라티오핏 뉴스,언론사
9149,라파앤리햅 매거진,언론사
9150,라펜트 조경뉴스 ((주)에코포스트),언론사
9151,라포르시안 ((주)올댓닥터스),언론사
9152,라포플로 (주식회사 영서조경),언론사
9153,라프필라테스 매거진,언론사
9154,락코리아,언론사
9155,랄라컬쳐클럽 NC 평촌점 (주식회사 랄라컬쳐클럽),언론사
9156,랄라포인트,언론사
9157,래디언스리포트,언론사
9158,랜드데일리(landdaily) ((주)랜드데일리),언론사
9159,랜드모어경매정보 ((주)랜드모어),언론사
9160,랠리테니스 평택뉴스,언론사
9161,랩타임즈(LAP TIMES),언론사
9162,랭킹,언론사
9163,러브레터<Love Letter>,언론사
9164,러브삼성,언론사
9165,러브소나타(Love Sonata) (주식회사 요벨커뮤니케이션),언론사
9166,러브인코리아 ((주)러브인코리아포탈),언론사
9167,러브즈뷰티,언론사
9168,러브프로포즈 ((주)러브프로포즈),언론사
9169,러스틱 매거진,언론사
9170,러시아워,언론사
9171,럭셔리 M (주식회사 디자인하우스),언론사
9172,럭셔리 자동차 매거진 M (주식회사 에스엠미디어그룹),언론사
9173,럭셔리(LUXURY) (주식회사 디자인하우스),언론사
9174,럭셔리골프(Luxury GOLF) ((주)고우미디어),언론사
9175,럭키매거진 품 (품건축(주)),언론사
9176,럭키스,언론사
9177,런닝라이프(Runninglife),언론사
9178,런시티(Run city) (주식회사 몽키랩),언론사
9179,런앤플레이,언론사
9180,런톡 (런톡 주식회사),언론사
9181,레드라인미디어(REDLINE MEDIA),언론사
9182,레드리본,언론사
9183,레드스톤,언론사
9184,레드스튜디오뉴스,언론사
9185,레드썬 인력개발,언론사
9186,레드엔젤(red angel) ((주)레드엔젤),언론사
9187,레드엔진인사이트 (레드엔진 주식회사),언론사
9188,레드카펫코리아 (레드카펫코리아(주)),언론사
9189,레드클럽(RED CLUB) (주식회사 케이에스엔비),언론사
9190,레디앙(Redian) ((주)레디앙미디어),언론사
9191,레디온(Readyon),언론사
9192,레마,언론사
9193,레몬hrd직업기술소식,언론사
9194,레몬뉴스,언론사
9195,레몬트리(Lemon tree) (에이치엘엘중앙(주)),언론사
9196,레미뇽(LES MIGNONS),언론사
9197,레미콘/아스콘/골재,언론사
9198,레미트(REMIT) ((주)레미트화장품),언론사
9199,레벨업코리아 (주식회사 유나이티드프록시코리아),언론사
9200,레볼루션코리아,언론사
9201,레뷔(REVUE),언론사
9202,레브포스트,언론사
9203,레슬미디어넷,언론사
9204,레시피,언론사
9205,레아포스트 (주식회사 레아포스트),언론사
9206,레이뉴스,언론사
9207,레이디 바이 지엠티 코리아 (주식회사 에이오디미디어),언론사
9208,레이디 여성신문,언론사
9209,레이디경향 (주식회사 경향신문사),언론사
9210,레이스24,언론사
9211,레이스위크(RACE WEEK),언론사
9212,레이저기술 (주식회사 레이저월드),언론사
9213,레일로드 ((주)철도방송),언론사
9214,레일앤뉴스 (주식회사 철도신문사),언론사
9215,레저/리조트가이드,언론사
9216,레저산업신문,언론사
9217,레저신문,언론사
9218,레저여행,언론사
9219,레지던트 ((주)바이오사이언스출판),언론사
9220,레크리에이션신문,언론사
9221,레포츠라이프,언론사
9222,렌탈TV (대한민국렌탈사랑협동조합),언론사
9223,렌탈뉴스,언론사
9224,렛디트 (주식회사 홈엔터테인먼트),언론사
9225,렛미인 (애드테인먼트(주)),언론사
9226,렛츠런,언론사
9227,로고스 플러스,언론사
9228,로그아이(Log i) ((주)플랜하우스),언론사
9229,로뎀저널,언론사
9230,로드,언론사
9231,로드경제신문,언론사
9232,로드넷,언론사
9233,로드스카이,언론사
9234,로드스카이비투비,언론사
9235,로드십매거진,언론사
9236,로드앤카 (주식회사 빌리어즈),언론사
9237,로드저널 (주식회사 로드저널),언론사
9238,로드테스트,언론사
9239,로드프레스,언론사
9240,로또복권신문 (주식회사 로또신문사),언론사
9241,로렌츠미래열린 (주식회사 로렌츠미래열린),언론사
9242,로렌츠에듀,언론사
9243,로렌츠예인 (주식회사 로렌츠예인평생교육원),언론사
9244,로리더 (로리더 주식회사),언론사
9245,로리타레거시코리아 (㈜로리타레거시코리아),언론사
9246,로마리네필라테스 개금뉴스,언론사
9247,로마리네필라테스 서면뉴스,언론사
9248,로맨스 (ROMANCE) ((주)나프미디어앤디자인),언론사
9249,로맨스 그레이(ROMANCE GREY) ((주)나프미디어앤디자인),언론사
9250,로봇 ((주)유캔맥스),언론사
9251,로봇데일리,언론사
9252,로봇신문 (주식회사로봇신문사),언론사
9253,로봇저널리즘 신문사 ((주)뉴트리션),언론사
9254,로봇타임스,언론사
9255,로샤뷰티(roshabeauty) 매거진,언론사
9256,로섹션 (에이섹션(주)),언론사
9257,로스쿨매거진(LawSchoolMagazine),언론사
9258,로스쿨타임즈 (사단법인 법학전문대학원협의회),언론사
9259,로시티(lawcity),언론사
9260,로아뉴스,언론사
9261,로아라이프 (주식회사 마임),언론사
9262,로앤머니,언론사
9263,로우데일리,언론사
9264,로우비전 코리아 (주식회사 벗이),언론사
9265,로우엔법률신문 ((주)월드엔),언론사
9266,로이뉴스(Roi News),언론사
9267,로이슈 ((주)로이슈),언론사
9268,로이슈&(앤),언론사
9269,로이십사(LAW24) ((주)로이십사),언론사
9270,로이어(LAWYER) ((주)광암미디어),언론사
9271,로이어타임즈(lawyer times),언론사
9272,로제끌레르,언론사
9273,로제요가타임즈,언론사
9274,로젠탈 에듀 매거진 (주식회사 미래사회교육재단),언론사
9275,로즈데일리 (로즈데일리 주식회사),언론사
9276,로카뉴스 ((주)로카),언론사
9277,로칼리더스 ((주)제이제이미디어그룹),언론사
9278,로컬 거버넌스,언론사
9279,로컬(LOCAL)세계,언론사
9280,로컬(LOCAL)세계 ((주)더로컬세계),언론사
9281,로컬경기,언론사
9282,로컬경남 (주식회사 더함디앤씨),언론사
9283,로컬경제 ((주)일간투데이),언론사
9284,로컬그라운드 (하우스컨설팅주식회사),언론사
9285,로컬뉴스 ((사)한국지역신문협회),언론사
9286,로컬뉴스24 (로컬뉴스24),언론사
9287,로컬뉴스뱅크,언론사
9288,로컬데일리,언론사
9289,로컬라이프(locallife),언론사
9290,로컬라인(Local Line),언론사
9291,로컬리티 (사단법인 부산플랜),언론사
9292,로컬리포트 ((주)뮤디오션),언론사
9293,로컬매거진 각(GAK),언론사
9294,로컬비즈타임즈,언론사
9295,로컬세계뉴스,언론사
9296,로컬세계미디어 ((주)로컬세계미디어),언론사
9297,로컬엠 (글로컬빌리지협동조합),언론사
9298,로컬충남 (충남지역신문연합회 주식회사),언론사
9299,로컬타임스(지방시대),언론사
9300,로컬타임즈,언론사
9301,로컬투데이(LOCAL TODAY) (주식회사 로컬투데이),언론사
9302,로컬페이퍼,언론사
9303,로컬포커스(localfocus news),언론사
9304,로컬푸드K뉴스 (사단법인 로컬푸드운동본부),언론사
9305,로컴_LAWCOM (유나이티드컴(주)),언론사
9306,로켓뉴스 ((주)쿠키로켓),언론사
9307,로코노미 (주식회사 악동),언론사
9308,로타리 부산NEWS ((사)국제로타리 3661지구),언론사
9309,로타리코리아,언론사
9310,로타임즈,언론사
9311,로터리,언론사
9312,로터리뉴스,언론사
9313,로톡뉴스 ((주)로앤컴퍼니),언론사
9314,로투데이 (주식회사 로보미디어 (RoBoMedia Corp.)),언론사
9315,로하 LOHA,언론사
9316,로하스 시사뉴스 ((주)한국브레인협력단),언론사
9317,로하스에듀NEWS,언론사
9318,로하스저널 (사단법인 한국로하스협회),언론사
9319,론봄위크 (주식회사 은봄라이프),언론사
9320,롤링스톤스(ROLLING STONES) (유한회사 롤링스톤스),언론사
9321,롤링스톤코리아 (패스트컴퍼니아시아퍼시픽유한회사),언론사
9322,롯데패밀리,언론사
9323,롱진 (주식회사 롱제비티),언론사
9324,루나필라테스,언론사
9325,루다(RudA),언론사
9326,루리웹닷컴,언론사
9327,루미 팩트,언론사
9328,루미너스 테크놀로지,언론사
9329,루미에르에듀닷컴 (주식회사 루미에르인터내셔널),언론사
9330,루스 이코노믹(RUS ECONOMIC),언론사
9331,루시미디어프레스 (주식회사 컬컴구리점),언론사
9332,루시필라테스 가정(매거진),언론사
9333,루엘(LUEL) (주식회사 위미디어),언론사
9334,루이(Lui),언론사
9335,루이사,언론사
9336,루이셀(Rooicell) (주식회사 라이프투게더),언론사
9337,루케테 뉴스 ((주)루케테),언론사
9338,루케테 포스트,언론사
9339,루케테라이프,언론사
9340,루케테스토리 ((주)루케테),언론사
9341,루케테포커스 ((주)루케테),언론사
9342,루키(Rookie),언론사
9343,루키스트 (주식회사 루키스트엔터테인먼트),언론사
9344,루키프레스,언론사
9345,루트노미 ((주)루트노미),언론사
9346,루트파인더스,언론사
9347,루티즈 ((주)루티즈코리아),언론사
9348,루프랩(Looplab) (주식회사 발라레),언론사
9349,룩(LOOK) (주식회사 뷰티패션),언론사
9350,룩스NS,언론사
9351,룩스뉴스공릉,언론사
9352,룩스뉴스금천,언론사
9353,룩스뉴스먹골,언론사
9354,룩스뉴스문래,언론사
9355,룩스뉴스신사,언론사
9356,룩스뉴스케이 (주식회사 룩스코리아),언론사
9357,룩스뉴스평내호평역,언론사
9358,룩스매거진금천,언론사
9359,룩스스토리 (주식회사 룩스코리아),언론사
9360,룩스앤라이프,언론사
9361,룩스위크,언론사
9362,룩스인사이드 (주식회사 룩스코리아),언론사
9363,룩스저널,언론사
9364,룩스필라테스뉴스,언론사
9365,룩스허브 (주식회사 룩스코리아),언론사
9366,룩어라운드,언론사
9367,룩티크 (주식회사 룩티크),언론사
9368,룰루랄라,언론사
9369,룰루피지컬뷰티 뉴스,언론사
9370,류마티스,언론사
9371,류별 ((사)금헌류방택기념사업회),언론사
9372,류카츠저널,언론사
9373,르 스띨(Le STYLE) ((주)메종드스띨),언론사
9374,르네시떼 뉴스 (뉴스코리아 주식회사),언론사
9375,르네타임즈,언론사
9376,르데뷰,언론사
9377,르데스크 (주식회사 르데스크),언론사
9378,르몽드 디플로마티크(LeMonde Diplomatique),언론사
9379,르바디뉴스,언론사
9380,르빗뉴스,언론사
9381,르엘헤드,언론사
9382,르하뉴스,언론사
9383,르호봇뉴스,언론사
9384,리강영뉴스닷컴,언론사
9385,리걸인사이트(Legalinsight) (주식회사 법률신문사),언론사
9386,리걸타임즈 ((주)리걸타임즈),언론사
9387,리걸타임즈(LegalTimes),언론사
9388,리걸타임즈(LegalTimes) ((주)리걸타임즈),언론사
9389,리걸테크와 법,언론사
9390,리네아타임즈,언론사
9391,리뉴타임스 ((주)인프라투코리아),언론사
9392,리더(LEADER),언론사
9393,리더스 미디어 (주식회사 비비안앤코 (Vivian & Co)),언론사
9394,리더스 월드 (주식회사 리더스월드코리아),언론사
9395,리더스 클럽(Leaders Club),언론사
9396,리더스(Leaders),언론사
9397,리더스경남교육신문,언론사
9398,리더스코리아 (베러나잇 주식회사),언론사
9399,리더스타임즈,언론사
9400,리더스팩트(leaders fact) (주식회사 리더스인덱스),언론사
9401,리더스포스트 ((주)퓨리턴퍼블리싱),언론사
9402,리더스피플 (주식회사 미디어후),언론사
9403,리더십 인사이드,언론사
9404,리더십스포츠,언론사
9405,리더피아(LEADERPIA),언론사
9406,리더피아(Leaderpia) ((주)리더피아),언론사
9407,리드경제 ((주)새벽이슬),언론사
9408,리드어스(Readus) ((주)뷰앤미디어),언론사
9409,리드원에듀테인먼트 NEWS ((주)리드원에듀테인먼트),언론사
9410,리드저널 ((주)토비엘),언론사
9411,리라이프뉴스 (주식회사퓨어엠),언론사
9412,리레코 (1089미디어(주)),언론사
9413,리메디 뷰티 아카데미,언론사
9414,리버럴미디어,언론사
9415,리버티 수도권 뉴스,언론사
9416,리버티코리아포스트 (주식회사 워워트미디어),언론사
9417,리버티코리아포스트 (주식회사 자유통일미디어),언론사
9418,리베르타임즈,언론사
9419,리베르필라테스 매거진,언론사
9420,리벨르 필라테스,언론사
9421,리벨르 필라테스 매거진,언론사
9422,리본 인천송도뉴스,언론사
9423,리본뉴스(강서마곡) (주식회사 리본필라테스강서마곡),언론사
9424,리본뉴스(광명철산) (주식회사 리본필라테스광명철산),언론사
9425,리본뉴스(구로신도림) (주식회사 리본필라테스구로신도림),언론사
9426,리본뉴스(안양평촌),언론사
9427,리본뉴스(양천신정),언론사
9428,리본뉴스(합정) (주식회사 리본필라테스합정),언론사
9429,리본둔산뉴스,언론사
9430,리본라인,언론사
9431,리본부천범박뉴스,언론사
9432,리본풍무뉴스,언론사
9433,리본필라테스 타임즈(공덕),언론사
9434,리본필라테스 타임즈(등촌),언론사
9435,리본필라테스타임즈(부천옥길),언론사
9436,리본필라테스타임즈(일산탄현),언론사
9437,리봄뉴스,언론사
9438,리뷰 인천 (사단법인 인천플러스),언론사
9439,리뷰슈머(Reviewsumer),언론사
9440,리뷰스타,언론사
9441,리뷰타임스 (주식회사 써니피알),언론사
9442,리브베럴포스트,언론사
9443,리빙TV (주식회사 리빙티브이),언론사
9444,리빙구라이후,언론사
9445,리빙라이프(Living Life),언론사
9446,리빙클래식뉴스,언론사
9447,리사운드소식,언론사
9448,리사이클링뉴스,언론사
9449,리샤필라테스,언론사
9450,리샤필라테스 타임즈,언론사
9451,리서치 뉴스(Research News) (주식회사 산업진흥원),언론사
9452,리서치노트 ((주)한국리서어치),언론사
9453,리서치신문 (주식회사 게리센터),언론사
9454,리서치페이퍼(Research paper) ((주)리서치페이퍼),언론사
9455,리센스(RE:SENSE),언론사
9456,리셋뉴스 ((주)더리셋헬스케어),언론사
9457,리셋바디미디어(Reset Body Media)일보,언론사
9458,리쉬(RICHE) ((주)한경엠엔엠),언론사
9459,리스닝 스페셜,언론사
9460,리스닝 스페셜(Listening Special),언론사
9461,리스크 인텔리전스 리뷰(Risk Intelligence Review),언론사
9462,리스크 코리아(Risk Korea) ((사)한국금융리스크관리전문가협회),언론사
9463,리스타트데일리,언론사
9464,리스팩트,언론사
9465,리아 아카데미,언론사
9466,리아뉴스,언론사
9467,리아뜰 매거진,언론사
9468,리아뷰티 매거진,언론사
9469,리아호나 (재단법인 예수그리스도후기성도교회),언론사
9470,리앤저널 (리앤파트너(주)),언론사
9471,리얼뉴스. (헬스타파(주)),언론사
9472,리얼리즘,언론사
9473,리얼맵,언론사
9474,리얼머니뉴스 ((주)뷰티트래블신문),언론사
9475,리얼미디어,언론사
9476,리얼에듀신문,언론사
9477,리얼에셋타임즈 (주식회사 리얼에셋타임즈),언론사
9478,리얼제주,언론사
9479,리얼캐스트 (부동산인포(주)),언론사
9480,리얼타임뉴스,언론사
9481,리얼타임즈,언론사
9482,리얼타임즈뉴스 (주식회사 이루고홀딩스),언론사
9483,리얼타임즈미디어,언론사
9484,리얼타임코리아,언론사
9485,리얼토픽 ((주)엠아이미디어),언론사
9486,리얼티뉴스 (에이엔티씨(주)),언론사
9487,리얼티다이브 (리얼티다이브랩스 유한회사),언론사
9488,리얼티양산,언론사
9489,리얼티타임즈,언론사
9490,리얼팩트,언론사
9491,리얼팩트TV(RealFactTV),언론사
9492,리얼팩트뉴스,언론사
9493,리얼하우스 (주식회사 리얼하우스),언론사
9494,리온필라테스 둔촌동역점,언론사
9495,리온필라테스 양천향교역점,언론사
9496,리온필라테스 하남시청역점,언론사
9497,리움필라테스 수원영통,언론사
9498,리웰온,언론사
9499,리윰 라이프 ((주)브랜드리퍼블릭(지점)),언론사
9500,리윰뉴스,언론사
9501,리윰필라테스 성복(매거진),언론사
9502,리전위크,언론사
9503,리조트랩 군포산본뉴스 (주식회사 제이와이스파렉스),언론사
9504,리조트랩 대전뉴스 (주식회사 리조트랩대전점),언론사
9505,리조트랩뉴스 (주식회사 리조트피플),언론사
9506,리조트랩동탄뉴스 ((주)리조트피플),언론사
9507,리츠경제 (리츠임팩트(주)),언론사
9508,리츠옥션(Reit's Auction) ((주)리츠옥션),언론사
9509,리치,언론사
9510,리치데일리,언론사
9511,리치앤라이프닷컴 (주식회사 리치앤라이프닷컴),언론사
9512,리커먼(RE:COMMON),언론사
9513,리터러시 뉴스,언론사
9514,리테일 매거진 (주식회사 코카리테일인사이트),언론사
9515,리토피아,언론사
9516,리퍼블릭뉴스,언론사
9517,리포액트,언론사
9518,리포테라 ((주)픽펄스),언론사
9519,리폼드 투데이,언론사
9520,리폼드뉴스,언론사
9521,리폼문화뉴스 ((재)한국리폼문화재단),언론사
9522,리프(leaf),언론사
9523,리프레임,언론사
9524,리플아이 ((주)리플아이),언론사
9525,리햅메소드필라테스,언론사
9526,리힐라이프,언론사
9527,린A매거진,언론사
9528,린리포트,언론사
9529,린에스페이퍼,언론사
9530,린피크데이,언론사
9531,릴랙스뉴스코리아.,언론사
9532,릴렉스포토뉴스 (엠오에이치코리아 주식회사),언론사
9533,림진강,언론사
9534,림프라임뉴스,언론사
9535,링고포스트 (링고스타(주)),언론사
9536,링크(LINK),언론사
9537,링크온벳,언론사
9538,링크투데이 (사단법인 소셜커뮤니티),언론사
9539,마감뉴스,언론사
9540,마곡성인영어회화채터박스 매거진,언론사
9541,마그넷뉴스 (개성테크노로지스 주식회사),언론사
9542,마니아리포트 ((주)마니아리포트),언론사
9543,마니아타임즈(Mania times) ((주)마니아리포트),언론사
9544,마당이엔티 (주식회사 마당이엔티),언론사
9545,마더스 타임즈,언론사
9546,마라톤 타임즈,언론사
9547,마라톤포스트 (헥사커스텀코리아 주식회사),언론사
9548,마레필라테스 매거진,언론사
9549,마로니에방송,언론사
9550,마루 (MARU),언론사
9551,마루문학,언론사
9552,마르시아스타임즈,언론사
9553,마르크스21,언론사
9554,마름모코어뉴스,언론사
9555,마리끌레르한국판 ((주)엠씨케이퍼블리싱),언론사
9556,마리매디,언론사
9557,마망뉴스토리,언론사
9558,마모이미탁(mamoi美卓),언론사
9559,마미뉴스,언론사
9560,마블매거진,언론사
9561,마사춘추,언론사
9562,마스뉴스,언론사
9563,마스크(Mask) (요크엔터테인먼트(주)),언론사
9564,마시자매거진 ((주)와인비전프레스),언론사
9565,마약범죄학연구,언론사
9566,마약예방퇴치 인터넷신문 방송(안티드럭뉴스),언론사
9567,마엘리아 요가필라테스,언론사
9568,마운틴(MOUNTAIN),언론사
9569,마운틴여행사,언론사
9570,마운틴월드((Mountain World) ((주)산세상),언론사
9571,마운틴저널,언론사
9572,마을과 사람들 (주식회사 세종의소리),언론사
9573,마을기업신문,언론사
9574,마을목회신문,언론사
9575,마을미디어 뉴스센터 (주식회사 창업경영신문사),언론사
9576,마을신문 금천in ((주)금천아이엔),언론사
9577,마을신문 용산,언론사
9578,마을신문 용산 (용산마을신문협동조합),언론사
9579,마을지도자저널,언론사
9580,마음,언론사
9581,마음 풍경,언론사
9582,마음건강길,언론사
9583,마음과 생각,언론사
9584,마음그리기,언론사
9585,마음꽃,언론사
9586,마음뉴스 ((주)이널셀브즈),언론사
9587,마음소리,언론사
9588,마음시,언론사
9589,마음을 키우는 힘 ((주)마음을 키우는 힘),언론사
9590,마음의 언어,언론사
9591,마음이있는교육 ((주)폴리엠부평),언론사
9592,마음일보,언론사
9593,마음편지 (원여행클럽(주)),언론사
9594,마음향기,언론사
9595,마음혁명,언론사
9596,마이그란트(MigrantOK),언론사
9597,마이누리,언론사
9598,마이누리 (주식회사 마이누리),언론사
9599,마이뉴스,언론사
9600,마이뉴스케이,언론사
9601,마이닝 탑세일,언론사
9602,마이닝독,언론사
9603,마이다스 디지털 타임즈(Midas Digital Times) (마이다스디지털 주식회사),언론사
9604,마이데이뉴스,언론사
9605,마이데일리 (마이데일리(주)),언론사
9606,마이라이프 ((주)클래식),언론사
9607,"마이방콕, 디 오리지날",언론사
9608,마이비데뉴스,언론사
9609,마이스뉴스,언론사
9610,마이스산업신문,언론사
9611,마이스산업신문 (마이스산업신문(주)),언론사
9612,마이스크랩뉴스,언론사
9613,마이스타 (더드림미디어(주)),언론사
9614,마이스타뉴스,언론사
9615,마이스타일 (주식회사 성박),언론사
9616,마이스터 ((주)마이스터연구소),언론사
9617,마이스테이지(MYSTAGE) ((주)마이네스트),언론사
9618,마이스토리큐빅,언론사
9619,마이스투데이(MICE Todayl) (뉴스트리 주식회사),언론사
9620,마이스포츠 (주식회사 창업경영신문사),언론사
9621,마이아이디어뱅크 (MyIdeabank) ((주)문연파이넌셜퓨처),언론사
9622,마이아츠 ((유)아홉),언론사
9623,마이온핏뉴스(은평녹번),언론사
9624,마이요가 타임즈,언론사
9625,마이월드포커스(My World Focus),언론사
9626,마이웨딩 (주식회사 디자인하우스),언론사
9627,마이제주미디어 (주식회사 컬컴제주),언론사
9628,마이카저널,언론사
9629,마이크로소프트웨어 (주식회사 아이티조선),언론사
9630,마이크로스코프 (MICROSCOPE) ((주)어반북스),언론사
9631,마이크로시멘트 매거진,언론사
9632,마이크로청담대구 매거진,언론사
9633,마이타임즈(Mytimes),언론사
9634,마이트루미디어(MTM) ((주)마이트루미디어),언론사
9635,마이펫뉴스,언론사
9636,마이필라테스n요가 타임즈,언론사
9637,마이필라테스대야매거진,언론사
9638,마이필라테스매거진,언론사
9639,마이해피,언론사
9640,마인드TV,언론사
9641,마인드그라프 Mindgraph (에프에프엘컴패니 주식회사),언론사
9642,마인드라인뉴스,언론사
9643,마인드바디 스포츠 사이언스 매거진,언론사
9644,마인드바디필라테스&요가 매거진,언론사
9645,마인드셋포스트(MINDSET POST),언론사
9646,마인드스포츠(mind sports) (주식회사 엠에스케이미디어),언론사
9647,마인드앤필라테스타임즈,언론사
9648,마인드에듀,언론사
9649,마인드에코 뉴스,언론사
9650,마인드인 매거진,언론사
9651,마인드저널,언론사
9652,마인드포스트 ((주)마인드포스트),언론사
9653,마인풀뉴스(mindfull news),언론사
9654,마일드경제,언론사
9655,마임 ((주)마임),언론사
9656,마임만나,언론사
9657,마젤 가재울 뉴스,언론사
9658,마중물 (마중물협동조합),언론사
9659,마케팅,언론사
9660,마케팅뉴스(MARKETING NEWS),언론사
9661,마케팅클리닉뉴스 ((주)페마연),언론사
9662,마케팅투데이,언론사
9663,마케팅투데이 ((주)마케팅투데이),언론사
9664,마켓뉴스(marketnews) ((주)마켓뉴스그룹),언론사
9665,마켓데일리,언론사
9666,마켓라인,언론사
9667,마켓발견 매거진 (주식회사 마켓발견),언론사
9668,마켓아이(MARKET EYE) ((주)마켓아이),언론사
9669,마켓잉크 (주식회사 루카이노베이션),언론사
9670,마켓저널,언론사
9671,마켓프리즘,언론사
9672,마터케어매거진,언론사
9673,마터피아뉴스,언론사
9674,마테리알,언론사
9675,마트 아카데미 (승일미디어그룹 주식회사),언론사
9676,마트-로,언론사
9677,마트저널 (승일미디어그룹 주식회사),언론사
9678,마패클럽,언론사
9679,마포가로수,언론사
9680,마포문학,언론사
9681,마포사랑,언론사
9682,마포시민신문 ((주)뉴스앤펍),언론사
9683,마포신문,언론사
9684,마포인터넷뉴스,언론사
9685,마포저널,언론사
9686,마포타임즈,언론사
9687,마하나임뉴스(The Mahanaim News),언론사
9688,마한뉴스 (유한회사 마한뉴스),언론사
9689,만나고싶습니다,언론사
9690,만나희망나눔,언론사
9691,만남 (사단법인 국제장애인문화교류협회),언론사
9692,만남(マンナン) ((주)씨티넷코리아),언론사
9693,만다라문학,언론사
9694,만민뉴스,언론사
9695,만복뉴스,언론사
9696,만불신문,언론사
9697,만석소식,언론사
9698,만인의소리,언론사
9699,만화신문,언론사
9700,말과 활,언론사
9701,말과글 (사단법인 한국어문기자협회),언론사
9702,말과사람 저널 (주식회사 말과사람),언론사
9703,말과인간투데이,언론사
9704,말과활플러스,언론사
9705,말금교육신문,언론사
9706,말길 (주식회사 비비컴퍼니),언론사
9707,말랑통통 ((주)한영미디어),언론사
9708,말산업저널 (주식회사 미디어피아),언론사
9709,말씀,언론사
9710,말씀묵상,언론사
9711,말씀함께(Companion),언론사
9712,말씀함께(Companion) 큰글자,언론사
9713,맑고향기롭게 ((사)맑고 향기롭게),언론사
9714,맑은 내일 신문,언론사
9715,맑은 신문 ((주)맑은),언론사
9716,맑은누리문학,언론사
9717,맑은뉴스 ((주)맑은뉴스),언론사
9718,맑은마음교육 (주식회사 로렌츠성남),언론사
9719,맑은소리 맑은나라,언론사
9720,맑은신문,언론사
9721,맑은하늘교육 (주식회사 로렌츠화성),언론사
9722,맘스매거진 ((주)유앤아이컴),언론사
9723,맘스바디케어 매거진 ((주)맘스),언론사
9724,맘스커리어 (주식회사 맘스커리어),언론사
9725,맘스타임즈,언론사
9726,맘스피아 인터넷신문,언론사
9727,맘앤아이 코리아,언론사
9728,맘엔젤(momangel) ((주)리퍼블릭픽쳐스),언론사
9729,맛과멋,언론사
9730,맛따라 길따라 (뉴스코리아 주식회사),언론사
9731,맛자랑/먹거리매거진,언론사
9732,맛집멋집신문,언론사
9733,맛집신문 (주식회사 한국건강연구소),언론사
9734,망고포스트(mangopost) (주식회사 피앤엠탤런테크),언론사
9735,망운신문 ((주)망운신문사),언론사
9736,맞춤,언론사
9737,매거진 C (그란데클립코리아 유한책임회사),언론사
9738,매거진 VOICE,언론사
9739,매거진 강원,언론사
9740,매거진 공감,언론사
9741,매거진 군산·새만금,언론사
9742,매거진 꽃신 라이프,언론사
9743,매거진 농구인생,언론사
9744,매거진 도시재생 (주식회사 에이피씨웍스(apc works Inc.)),언론사
9745,매거진 딥,언론사
9746,매거진 랑,언론사
9747,매거진 문화광장,언론사
9748,매거진 서울문화홍보원,언론사
9749,매거진 술,언론사
9750,매거진 아가페,언론사
9751,매거진 엠오(뮤지엄 오퍼스) (주식회사 컴엔시),언론사
9752,매거진 인플러스 (주식회사 콘텐츠그룹재주상회),언론사
9753,매거진 종로,언론사
9754,매거진 캐디인,언론사
9755,매거진 코리아,언론사
9756,매거진 키즈맘,언론사
9757,매거진 탁! magazine tac!,언론사
9758,매거진 피,언론사
9759,매거진 피치 (사단법인 피치마켓),언론사
9760,매거진 필링,언론사
9761,매거진 하이펫,언론사
9762,매거진 허브 (사단법인 예장문화법인허브),언론사
9763,매거진 휘슬,언론사
9764,매거진806,언론사
9765,매거진<반창고>,언론사
9766,매거진S,언론사
9767,매거진X,언론사
9768,매거진누룽지(Nuroogji),언론사
9769,매거진닷킴 (주식회사 보통정치연구소),언론사
9770,매거진두(매거진DOO) ((주)제이티미디어),언론사
9771,매거진밥(Magazine bop),언론사
9772,매거진병:맛,언론사
9773,매거진봐야쥬 ((주)매거진봐야쥬),언론사
9774,매거진뷰(Magazine view) ((주)디지털미디어플러스),언론사
9775,매거진엠플러스(MAGAZINE M+),언론사
9776,매거진장유,언론사
9777,매거진저널(Magazine Journal) (사단법인 한국잡지협회),언론사
9778,매거진큐 (큐아트콘텐츠),언론사
9779,매거진행정수도,언론사
9780,매경AX ((주)매경에이엑스),언론사
9781,매경ECONOMY ((주)매일경제신문사),언론사
9782,매경GOLF ((주)매일경제신문사),언론사
9783,매경LUXMEN ((주)매일경제신문사),언론사
9784,매경투데이,언론사
9785,매경파이낸스,언론사
9786,매경헬스 (주식회사 매경헬스),언론사
9787,매곡마을신문,언론사
9788,매그인플로우 코칭타임즈,언론사
9789,매뉴팩처링티비 ((주)매뉴팩처링티비),언론사
9790,매니페스토(MANIFESTO),언론사
9791,매드클럽 ((주)마카롱),언론사
9792,매드타임스 ((주)마카롱),언론사
9793,매력강좌 샘플분석 (주식회사 이드페이퍼),언론사
9794,매리앤우드매거진,언론사
9795,매쉬어블코리아 (㈜컬컴),언론사
9796,매스타임즈,언론사
9797,매쓰타임즈 ((주)수학사랑),언론사
9798,매쓰펀 (Mathfun),언론사
9799,매일 미디어 K,언론사
9800,매일S (주식회사 파워데일리),언론사
9801,매일건강신문,언론사
9802,매일건설신문,언론사
9803,매일경남뉴스 ((주)매일경남뉴스),언론사
9804,매일경북신문,언론사
9805,매일경제 ((주)매일경제신문사),언론사
9806,매일경제TV ((주)매일경제티브이경인총국),언론사
9807,매일경제뉴스 (주식회사 컬컴평생교육원),언론사
9808,매일광고,언론사
9809,매일교육신문,언론사
9810,매일노동뉴스 ((주)매일노동뉴스),언론사
9811,매일노동뉴스(The Labor Today) ((주)매일노동뉴스),언론사
9812,매일뉴스,언론사
9813,매일뉴스닷컴,언론사
9814,매일마케팅신문,언론사
9815,매일말씀저널,언론사
9816,매일문화,언론사
9817,매일미디어타임스,언론사
9818,매일방송,언론사
9819,매일방송통신,언론사
9820,매일부동산경제신문 (주식회사 매일부동산경제신문),언론사
9821,매일산업뉴스 (매일산업뉴스(주)),언론사
9822,매일시사주간,언론사
9823,매일시사통신,언론사
9824,매일시장,언론사
9825,매일신문,언론사
9826,매일신보 (주식회사 매일신보 신문사),언론사
9827,매일안전신문,언론사
9828,매일연합뉴스,언론사
9829,매일영남신문 (주식회사 영남미디어그룹),언론사
9830,매일인터넷뉴스,언론사
9831,매일일보,언론사
9832,매일일보TV,언론사
9833,매일전북 (유한회사 매일전북신문),언론사
9834,매일케어,언론사
9835,매일타임즈 (주식회사 매일미디어),언론사
9836,매일투데이 ((주)매일투데이),언론사
9837,매일투자신문 (타마커뮤니케이션(주)),언론사
9838,매일포스트(Maeilpost) ((주)매일포스트),언론사
9839,매일폴리스뉴스,언론사
9840,매일한국,언론사
9841,매일환경일보 ((주)신승씨엘씨티),언론사
9842,매직타임즈,언론사
9843,매직투데이,언론사
9844,매직헤럴드(Magic Herald),언론사
9845,매출채권보험 뉴스레터,언론사
9846,매치이즈온닷컴(MATCHISON.COM) (주식회사 에임브로드),언론사
9847,매터 매거진 Matter Magazine (주식회사 랩엠제로),언론사
9848,맥,언론사
9849,맥 뉴스,언론사
9850,맥마당 ((주)맥마당),언론사
9851,맥소금,언론사
9852,맥스맨즈(MAXMANZ) (주식회사 레드비케이),언론사
9853,맥스무비,언론사
9854,맥스무비 Plus,언론사
9855,맥스무비닷컴 (주식회사 더맥스미디어),언론사
9856,맥스큐(MAXQ) (주식회사 맥스큐인터내셔널),언론사
9857,맥스큐SE(맥스큐스페셜에디션) (주식회사 맥스큐인터내셔널),언론사
9858,"맥스포츠뉴스 (주식회사 맥스포츠티비(Maxports TV Co., Ltd.))",언론사
9859,맥앤지나 뉴스 (주식회사 컴퍼니잇),언론사
9860,맥앤지나(MAG AND JINA) (주식회사 컴퍼니잇),언론사
9861,맥인뉴스(MCIN),언론사
9862,맥지 ((사)맥지청소년사회교육원),언론사
9863,맥체인큐티(MQ),언론사
9864,맥형아카데미뉴스 ((주)맥형아카데미),언론사
9865,맨노블레스(Men Noblesse) (주식회사 노블레스디지털솔루션),언론사
9866,맨발건강,언론사
9867,맨온(MENON) (주식회사 몽키랩),언론사
9868,맨즈랩 ((주) 미디어얼라이언스),언론사
9869,맨즈헬스 (주식회사 메커니즘),언론사
9870,맵스(Map's) ((주)맵스콘텐츠미디어랩),언론사
9871,머니&비즈 (주식회사 경제플러스),언론사
9872,머니K,언론사
9873,머니경제신문,언론사
9874,머니그라운드 (주식회사 패스트뷰),언론사
9875,머니네버슬립 (스노우볼랩스 주식회사),언론사
9876,머니랭크 (머니랭크),언론사
9877,머니로보(moneyrobo) ((주)엠로보),언론사
9878,머니매거진,언론사
9879,머니밸류,언론사
9880,머니버스(MoneyVerse),언론사
9881,머니브라이트(MoneyBrite) ((주)에이치앤씨텔레그래프),언론사
9882,머니비전 (타마커뮤니케이션(주)),언론사
9883,머니센스 ((주)플랩자산연구소),언론사
9884,머니앤로 (주식회사 머니앤로),언론사
9885,머니앤피플(Money&People),언론사
9886,머니이즈(MONEY IS) ((주)한국블록체인뉴스),언론사
9887,머니타임즈 ((주)금융사관학교),언론사
9888,머니투데이 ((주)머니투데이),언론사
9889,머니파워,언론사
9890,머니포스트,언론사
9891,머드포유 ((주)더파이브인터렉티브),언론사
9892,머린뉴스(Marine News),언론사
9893,머바르니뉴스 (주식회사 머바르니),언론사
9894,머스트 뉴스 (504랩(주)),언론사
9895,먼데이타임스 ((주)먼데이타임스),언론사
9896,멀티사운드플러스 (주식회사 꾼과쟁이),언론사
9897,멀티포엠,언론사
9898,멋진 인생 라이프 저널,언론사
9899,메가경제 ((주)메가경제신문),언론사
9900,메가시티뉴스 (주식회사 유라시안),언론사
9901,메가시티저널 (주식회사 유라시안),언론사
9902,메가충청뉴스,언론사
9903,메가포네,언론사
9904,메가포커스,언론사
9905,메가폰,언론사
9906,메가프레스(Megapress),언론사
9907,메거진 렛츠(Magazine LETZ),언론사
9908,메고지고TV,언론사
9909,메뉴디자인(MENU DESIGN) ((주)알티엠),언론사
9910,메뉴투데이 (주식회사 창업경영신문사),언론사
9911,메달뱅크 아쿠아틱스 (주식회사 메달뱅크),언론사
9912,메드라이브(Med Live),언론사
9913,메드업 (주식회사 메드업),언론사
9914,메디게이트뉴스 ((주)메디씨앤씨),언론사
9915,메디뉴스 (주식회사 어람),언론사
9916,메디뉴스 포커스,언론사
9917,메디닉스 (주식회사 메디닉스),언론사
9918,메디덴스,언론사
9919,메디드림,언론사
9920,메디먼트뉴스,언론사
9921,메디메타 매거진 (메디메타 주식회사),언론사
9922,메디뷰,언론사
9923,메디브,언론사
9924,메디슈(medissue) (주식회사 더메디칼),언론사
9925,메디스쿨뉴스 ((주)메디푸드),언론사
9926,메디앤컬필라테스 ((주)메디앤컬필라테스교육원),언론사
9927,메디언뉴스,언론사
9928,메디에이 (메디에이뉴스 주식회사),언론사
9929,메디엔로 (정신의학연구소㈜),언론사
9930,메디엘더 (주식회사 무명기획),언론사
9931,메디웰포스트,언론사
9932,메디저널,언론사
9933,메디채널 (대한영양제처방학회 주식회사),언론사
9934,메디칼뉴스,언론사
9935,메디칼디바이스 (한국의료기기협동조합),언론사
9936,메디칼럼,언론사
9937,메디칼리뷰(Medical Review),언론사
9938,메디칼미디어 ((주)메디칼미디어),언론사
9939,메디칼업저버 (메디칼업저버(유)),언론사
9940,메디칼이코노미 (주식회사 메디멘토스),언론사
9941,메디칼케어뉴스,언론사
9942,메디칼타임즈 ((주)메디칼타임즈),언론사
9943,메디칼통신 (주식회사 한국메디칼통신),언론사
9944,메디칼트리뷴 ((주)메디칼뉴스),언론사
9945,메디칼포스트,언론사
9946,메디컬 뉴스,언론사
9947,메디컬 에스테틱 뉴스(Medical Aesthetic News) ((주)미로아이앤씨),언론사
9948,메디컬TV(Medical TV),언론사
9949,메디컬경제(medical economy),언론사
9950,메디컬담하 ((주)담하),언론사
9951,메디컬라이브,언론사
9952,메디컬라이프,언론사
9953,메디컬리포트 ((주)메디컬리포트뉴스),언론사
9954,메디컬마마 공덕뉴스,언론사
9955,메디컬마마 신수뉴스,언론사
9956,메디컬매거진 ((주)피엠디아카데미),언론사
9957,메디컬매거진병원24,언론사
9958,메디컬뷰티뉴스(MedicalBeautyNews ((주)메디컬뷰티뉴스),언론사
9959,메디컬에스테틱글로벌,언론사
9960,메디컬월드뉴스 (주식회사 메디컬월드뉴스),언론사
9961,메디컬웹진 (주식회사 광커뮤니케이션즈),언론사
9962,메디컬인사이트투데이 (탱커 주식회사),언론사
9963,메디컬인포 ((주)메디컬인포),언론사
9964,메디컬저널 ((주)아이비김영),언론사
9965,메디컬커뮤니티,언론사
9966,메디컬케이 (서울특별시한의사회),언론사
9967,메디컬코리아뉴스,언론사
9968,메디컬투데이 ((주)엠케이그룹),언론사
9969,메디컬파크 (주식회사 광커뮤니케이션즈),언론사
9970,메디컬포스트,언론사
9971,메디컬포커스 (주식회사 투에이취에프),언론사
9972,메디컬프라임,언론사
9973,메디컬한국,언론사
9974,메디컬헤럴드(The medical herald) ((주)메디컬헤럴드),언론사
9975,메디코파마 / medicopharma ((주)메디코파마뉴스),언론사
9976,메디코파마뉴스(Medico Pharma News) ((주)메디코파마뉴스),언론사
9977,메디콤뉴스,언론사
9978,메디타임스(meditimes),언론사
9979,메디타임즈 (굿잡앤에듀 주식회사),언론사
9980,메디테크뉴스,언론사
9981,메디텔레스코프뉴스(The meditelescope news) ((주)메디컬헤럴드),언론사
9982,메디투어,언론사
9983,메디트리트저널(The medi treat journal) ((주)메디컬헤럴드),언론사
9984,메디파나뉴스 ((주)메디파나),언론사
9985,메디팜뉴스 ((주)메디팜뉴스),언론사
9986,메디팜스투데이 (주식회사 메디팜스),언론사
9987,메디팜약국 (메디팜 주식회사),언론사
9988,메디팜타임즈,언론사
9989,메디팜헬스 ((주)메디팜헬스뉴스),언론사
9990,메디패스,언론사
9991,메디포뉴스 (주식회사 메디포미디어),언론사
9992,메디포커스(Medi Focus) ((주)파워유통경제신문),언론사
9993,메디포탈,언론사
9994,메디프레스 ((주)지에이치코리아헬스),언론사
9995,메디플로우 매거진,언론사
9996,메디힐(medihill),언론사
9997,메디힐필라테스타임즈,언론사
9998,메리굿에이,언론사
9999,메리핏 필라테스 매거진,언론사
10000,메모리,언론사
10001,메세나 뉴스,언론사
10002,메소드필라테스슈로즈요가 매거진,언론사
10003,메시아닉,언론사
10004,메쎄뉴스 ((주)메쎄티브이),언론사
10005,메이드수 남성역뉴스 (주식회사 메이드에스유),언론사
10006,메이드수(숭실대)뉴스,언론사
10007,메이드인코리아(Made in Korea),언론사
10008,메이뷰티미디어,언론사
10009,메이저뉴스,언론사
10010,메이저필라테스 (주식회사 뉴본코리아),언론사
10011,메이커(MAKER),언론사
10012,메이커스 주니어,언론사
10013,메이커스:어른의 과학,언론사
10014,메이커스저널 ((주)나눔하우징),언론사
10015,메이킹뉴스,언론사
10016,메인뉴스 (주식회사 메인이뉴스),언론사
10017,메인인재개발신문,언론사
10018,메인타임스 ((주)에스에이치미래인재연구소),언론사
10019,메종 디자인 컬렉션 북 ((주)엠씨케이퍼블리싱),언론사
10020,메종마리끌레르한국판 ((주)엠씨케이퍼블리싱),언론사
10021,메타AI뉴스,언론사
10022,메타NFT뉴스,언론사
10023,메타TV뉴스 ((주)메타티브이뉴스),언론사
10024,메타뉴스 (메타뉴스 주식회사),언론사
10025,메타뉴스타운,언론사
10026,메타문학 (사단법인 한국메타문학협회),언론사
10027,메타미디어,언론사
10028,메타버스뉴스 (위키리크스 한국(주)),언론사
10029,메타버스닷컴 (위키경제신문(주)),언론사
10030,메타버스저널 (노동닷컴 주식회사),언론사
10031,메타브리프,언론사
10032,메타빅뉴스,언론사
10033,메타신문 ((주)레드피피),언론사
10034,메타웹데일리(METAWEBDAILY) (주식회사 정수장학학원),언론사
10035,메타이슈,언론사
10036,메타인사이트 뉴스,언론사
10037,메타코리아,언론사
10038,메타포TV (위젠방송 주식회사),언론사
10039,메타포타임즈 (주식회사 본가에프앤비),언론사
10040,메타프론트(Metafront) (주식회사 스틸웨어),언론사
10041,메탈넷코리아(METAL NET KOREA) ((주)공업저널뉴스),언론사
10042,메탈월드(METAL WORLD),언론사
10043,메트로 포천,언론사
10044,메트로(metro) (주식회사 메트로미디어),언론사
10045,메트로365 (주식회사 메트로),언론사
10046,메트로경제(METRO ECONOMY) (주식회사 메트로미디어),언론사
10047,메트로세종,언론사
10048,메트로신문,언론사
10049,메트로타임즈,언론사
10050,메트로폴리탄이슈즈 (주식회사 컬쳐컴플랙스평생교육원),언론사
10051,멘즈헤어인코리아(Men's Hair In Korea),언론사
10052,멘탈사이언뉴스(MSnews) ((주)멘탈사이언스),언론사
10053,멘토뉴스,언론사
10054,멜로디 매거진 (주식회사 멜로디엔터테인먼트),언론사
10055,멜로밍 뉴스,언론사
10056,멜로우(Mellow) (네오라이프코어 주식회사),언론사
10057,멜로쿠키,언론사
10058,멜로쿠키.,언론사
10059,멤브레(membre),언론사
10060,면역세포&줄기세포,언론사
10061,명가명품,언론사
10062,명경백,언론사
10063,명도 119,언론사
10064,명동 핫플뉴스,언론사
10065,명동뉴스,언론사
10066,명문가교육,언론사
10067,명문여행 (주식회사 명문여행사),언론사
10068,명사 FOCUS,언론사
10069,명사신문 (주식회사 명사신문),언론사
10070,명상상담닷컴 ((주)한국명상심리상담교육원),언론사
10071,명상선 문화,언론사
10072,명상의학 저널,언론사
10073,명성일보,언론사
10074,명예대통령 (주식회사 세계그룹세계티브이방송국),언론사
10075,명지라이프,언론사
10076,명찰,언론사
10077,명품신문,언론사
10078,모:든시,언론사
10079,모글,언론사
10080,모기지투데이,언론사
10081,모나비스(Monavis),언론사
10082,모니터링 리포트 (사단법인 한국장애인인권포럼),언론사
10083,모닝 포스트 (주식회사 모닝포스트),언론사
10084,모닝경제 ((주)모닝경제신문),언론사
10085,모닝글로리뉴스 ((주)모닝글로리뉴스),언론사
10086,모닝뉴스,언론사
10087,모닝선데이 (모닝선데이(주)),언론사
10088,모닝스타뉴스,언론사
10089,모닝코리아뉴스,언론사
10090,모닝투데이,언론사
10091,모닝포커스,언론사
10092,모다두렁,언론사
10093,모던타임즈 ((주)빅스트림),언론사
10094,모던파머 (모던파머(주)),언론사
10095,모던포스트뉴스,언론사
10096,모델,언론사
10097,모델뉴스,언론사
10098,모델라인(Model Line) ((주)모델라인이엔티),언론사
10099,모두 (모두의책협동조합),언론사
10100,모두(modu) (모두의책협동조합),언론사
10101,모두라이프타임즈(Modulifetimes) (더올라이프 주식회사),언론사
10102,모두의저널,언론사
10103,"모둠티비 (주식회사 모둠(MODUM co.,Ltd.))",언론사
10104,모듈러주택신문 (주식회사 디와이에셋),언론사
10105,모드,언론사
10106,모드오브,언론사
10107,모든특허뉴스,언론사
10108,모들뉴스,언론사
10109,모리와,언론사
10110,모바뉴스,언론사
10111,모바일 가고파114,언론사
10112,모바일 포스트,언론사
10113,모바일폰(mobile phone),언론사
10114,모범뉴스칼럼,언론사
10115,모블뉴스 (주식회사 모블),언론사
10116,모빅경제,언론사
10117,모빌리티 타임즈,언론사
10118,모빌리티(MOBILITY),언론사
10119,모빌리티tv (주식회사 패스트뷰),언론사
10120,모빌리티경제 (모빌리티경제(주)),언론사
10121,모빌리티뉴스 (브이씨엔씨 주식회사),언론사
10122,모션뉴스,언론사
10123,모스트(MOST),언론사
10124,모심과 살림 (사단법인 모심과살림연구소),언론사
10125,모아뉴스,언론사
10126,모아모아 (사단법인 한국문예원언어콘텐츠연구원),언론사
10127,모양성광장 (유한회사 모양성광장),언론사
10128,모어 댄 나우(More than now),언론사
10129,모임꼴,언론사
10130,모자이크 (사단법인 경기글로벌센터),언론사
10131,모카뉴스 (주식회사 모카뉴스),언론사
10132,모터 플러스(MOTOR PLUS),언론사
10133,모터그래프코리아 ((주)모터그래프),언론사
10134,모터글로브(MotorGlobe),언론사
10135,모터데일리 (주식회사 씨아이티365),언론사
10136,모터라이드,언론사
10137,모터리언,언론사
10138,모터매거진 (주식회사 모터 매거진),언론사
10139,모터매거진(M0TOR MAGAZINE) (주식회사 모터 매거진),언론사
10140,모터바이크,언론사
10141,모터앤라이프,언론사
10142,모터에세이,언론사
10143,모터월드,언론사
10144,모터위켄드,언론사
10145,모터진 (주식회사 메이븐크리에이티브),언론사
10146,모터트렌드 (주식회사 시퀀스엔),언론사
10147,모터팩토리,언론사
10148,모터플렉스(Motor plex) (차란차(주)),언론사
10149,모토야 ((주)넥스틴),언론사
10150,목동 해맑은 요가뉴스,언론사
10151,목동여성신문,언론사
10152,목민광장 ((재)희망제작소),언론사
10153,목민신문,언론사
10154,목사신문,언론사
10155,목사장로신문,언론사
10156,목소리(The Voice),언론사
10157,목양소식 (주식회사 마음자리),언론사
10158,목양신문(牧羊신문),언론사
10159,목요저널 (사)목요언론인클럽),언론사
10160,목장드림뉴스,언론사
10161,목재산업신문 (산림신문(주)),언론사
10162,목포 투데이 ((주)뉴스투데이),언론사
10163,목포경제신문,언론사
10164,목포뉴스,언론사
10165,목포뉴스온,언론사
10166,목포수협소식지 (목포수산업협동조합),언론사
10167,목포시민신문 (주식회사 목포시민신문),언론사
10168,목포신문,언론사
10169,목포일보 (주식회사 목포일보사),언론사
10170,목포주간 ((유)목포주간),언론사
10171,목포타임즈,언론사
10172,목화신문,언론사
10173,목회와 윤리,언론사
10174,목회와신학,언론사
10175,목회와신학(그말씀),언론사
10176,목회와진리수호,언론사
10177,목회자사모신문,언론사
10178,목회자연합신문,언론사
10179,몬스터짐 (주식회사 몬스터그룹),언론사
10180,몰입레터 (몰입아카데미 주식회사),언론사
10181,몸,언론사
10182,몸마인드 요가 매거진,언론사
10183,몸을 연주하라 ((주)와이트리문화센터),언론사
10184,몸이야 금호뉴스,언론사
10185,몸이야 월성뉴스,언론사
10186,몸이야 화정뉴스,언론사
10187,몸이야나주뉴스,언론사
10188,몸이야뉴스(봉선),언론사
10189,몸이야뉴스(포항문덕),언론사
10190,몽드랩 & 셀띠크30 삼성,언론사
10191,몽트르 코리아(MONTRES KOREA) (주식회사 미디어퍼페추얼),언론사
10192,뫔길다문화심리교육신문,언론사
10193,뫼와샘,언론사
10194,묘연 뉴스,언론사
10195,무&용,언론사
10196,무각,언론사
10197,무교신문,언론사
10198,무궁화 신문고,언론사
10199,무궁화시사e-line,언론사
10200,무당세계신문,언론사
10201,무당신문,언론사
10202,무도가 ((주)무도가),언론사
10203,무도매거진,언론사
10204,무도비즈니스타임즈,언론사
10205,무도칼럼,언론사
10206,무등뉴스,언론사
10207,무등산 ((사)무등산보호단체협의회),언론사
10208,무등일보,언론사
10209,무등저널뉴스,언론사
10210,무등타임즈,언론사
10211,무브먼트랩 미디어,언론사
10212,무비 포레스트,언론사
10213,무비스트 (주식회사 더샹그릴라),언론사
10214,무비톡(Movie Tok),언론사
10215,무빙 라이브 (주식회사 뉴코애드윈드),언론사
10216,무선모형,언론사
10217,무신사 (주식회사 무신사),언론사
10218,무안군민신문 ((유)무안미디어),언론사
10219,무안시니어신문 (시니어신문네트워크),언론사
10220,무안신문,언론사
10221,무안신안뉴스 (주식회사 엠에스미디어),언론사
10222,무안타임스 (주식회사 무안타임스),언론사
10223,무엇이든 물어보세요,언론사
10224,무역신문,언론사
10225,무역일보(KOREA TRADE NEWS),언론사
10226,무역타임즈 ((주)펄컴미디어),언론사
10227,무예문학,언론사
10228,무예스포츠신문 (주식회사 스포츠투데이),언론사
10229,무예신문,언론사
10230,무예조선 ((사)한국전통무예진흥회),언론사
10231,무용과 오페라,언론사
10232,무용예술학연구,언론사
10233,무위당 사람들 (사단법인 무위당사람들),언론사
10234,무인이동체(UVnews) (케이유브이(주)),언론사
10235,무재해,언론사
10236,무재해신문,언론사
10237,무적해병신문,언론사
10238,무주뉴스,언론사
10239,무주마을뉘우스 (사단법인 마을을잇는사람들),언론사
10240,무주신문 (무주미디어협동조합),언론사
10241,무주타임즈,언론사
10242,무지개세상,언론사
10243,무지개신문 ((사) 평택·안성범죄피해자지원센터),언론사
10244,무진장인터넷뉴스,언론사
10245,무카스미디어(MOOKAS MEDIA),언론사
10246,무크 파란 (주식회사 함께하는출판그룹파란),언론사
10247,무한뉴스,언론사
10248,무한정보,언론사
10249,무한정보 알파,언론사
10250,묵가,언론사
10251,묵상과 설교,언론사
10252,문,언론사
10253,문 반포 뉴스,언론사
10254,문(文)·문학(文學)·문학인(文學人) (스토리텔링 디자인랩(주)),언론사
10255,문경뉴스,언론사
10256,문경뉴스연합,언론사
10257,문경뉴스통신,언론사
10258,문경매일신문,언론사
10259,문경상주전국뉴스,언론사
10260,문경시민신문,언론사
10261,문경신문,언론사
10262,문경연합뉴스,언론사
10263,문경인터넷뉴스,언론사
10264,문경타임즈 ((주)청운),언론사
10265,문구 Art 매거진 ((사)한국문구인연합회),언론사
10266,문기구필라테스 매거진,언론사
10267,문무문화신문,언론사
10268,문신산업뉴스 (주식회사 에이사),언론사
10269,문예감성,언론사
10270,문예단행본 도마뱀,언론사
10271,문예바다,언론사
10272,문예비전,언론사
10273,문예빛단,언론사
10274,문예사조,언론사
10275,문예세상,언론사
10276,문예시대,언론사
10277,문예연구,언론사
10278,문예와 비평,언론사
10279,문예운동,언론사
10280,문예일보,언론사
10281,문예중앙 (중앙북스(주)),언론사
10282,문예지 맥,언론사
10283,문예창작,언론사
10284,문예춘추,언론사
10285,문예타임즈 (문예타임즈 협동조합),언론사
10286,문예플러스(MUNYE-PLUS),언론사
10287,문예한국,언론사
10288,문원교육뉴스 (주식회사 문원교육),언론사
10289,문장,언론사
10290,문장21(文章21),언론사
10291,문젠(MoonZen) (재단법인 대한불교육조정맥종),언론사
10292,문파문학(文琶文學),언론사
10293,문플닷컴 ((주)문플미디어그룹),언론사
10294,문학 秀,언론사
10295,문학 스케치,언론사
10296,문학 춘하추동,언론사
10297,"문학,상(像)",언론사
10298,문학/사상,언론사
10299,문학in,언론사
10300,문학人신문,언론사
10301,문학愛,언론사
10302,문학가연,언론사
10303,문학고을 문학잡지,언론사
10304,"문학고을 봄계간지,가을계간지",언론사
10305,문학공간,언론사
10306,문학과 사람,언론사
10307,문학과 시드니,언론사
10308,문학과 어린이,언론사
10309,문학과 통일 (사단법인 한국통일문인협회),언론사
10310,문학과 평론,언론사
10311,문학과비평,언론사
10312,문학과사회 ((주)문학과지성사),언론사
10313,문학과여행,언론사
10314,문학과예술,언론사
10315,문학과의식,언론사
10316,문학과창작,언론사
10317,문학과행동,언론사
10318,문학과현실,언론사
10319,문학광장,언론사
10320,문학나무,언론사
10321,문학도시 (사단법인 부산광역시문인협회),언론사
10322,문학동네,언론사
10323,문학동아,언론사
10324,문학들,언론사
10325,문학리더스,언론사
10326,문학마당,언론사
10327,문학마을,언론사
10328,문학매거진 시마,언론사
10329,문학메카 ((사)한국지역문학인협회),언론사
10330,문학미디어(Media),언론사
10331,문학사계 (주식회사 인에이지),언론사
10332,문학사랑,언론사
10333,문학사랑신문,언론사
10334,문학사상,언론사
10335,문학산책,언론사
10336,문학생활,언론사
10337,문학세계,언론사
10338,문학세대,언론사
10339,문학수첩 ((주)문학수첩),언론사
10340,문학시대,언론사
10341,문학신문,언론사
10342,문학에스프리,언론사
10343,문학여행힐링 연구,언론사
10344,문학예술,언론사
10345,문학의 오늘,언론사
10346,문학의 창,언론사
10347,문학의강,언론사
10348,문학의문학,언론사
10349,문학의봄,언론사
10350,문학의빛작가와함께,언론사
10351,문학이후,언론사
10352,문학인,언론사
10353,문학인신문,언론사
10354,문학일보,언론사
10355,문학저널,언론사
10356,문학정신,언론사
10357,문학중심,언론사
10358,문학중앙,언론사
10359,문학창조,언론사
10360,문학청춘,언론사
10361,문학춘추,언론사
10362,문학투데이,언론사
10363,문학한국,언론사
10364,문헌과 해석 (주식회사 태학사),언론사
10365,문화 인천 (전국문화원연합회(분사무소)),언론사
10366,문화TV방송,언론사
10367,문화경제뉴스 ((주)더쎈미디어),언론사
10368,문화경제신문,언론사
10369,문화경찰뉴스,언론사
10370,문화공간 ((재)세종문화회관),언론사
10371,문화공감,언론사
10372,문화과학,언론사
10373,문화관광뉴스 ((주)경향뉴스원),언론사
10374,문화관광신문,언론사
10375,문화관광신문 (문화관광신문 주식회사),언론사
10376,문화관광저널 ((주)경향뉴스원),언론사
10377,문화교육신문,언론사
10378,문화누리 ((재)창원문화재단),언론사
10379,문화뉴스openARTs,언론사
10380,문화다이브(munhwadive),언론사
10381,문화마케팅뉴스 ((주)문화마케팅진흥원),언론사
10382,문화매거진 (주식회사 메타인),언론사
10383,문화매거진 h: humming (재단법인 하남문화재단),언론사
10384,문화매일신문 (주식회사 문화매일),언론사
10385,문화복지 공감저널,언론사
10386,문화복지신문,언론사
10387,문화복지체육신문,언론사
10388,문화분권,언론사
10389,문화선교신문,언론사
10390,문화스포츠,언론사
10391,문화시민저널,언론사
10392,문화신문 '울산의 빛' (사단법인 울산시민문화재단),언론사
10393,문화앤피플 (주식회사 문화앤피플뉴스(Culture&People News)),언론사
10394,문화여성 (주식회사 문화매일),언론사
10395,문화연구,언론사
10396,문화예술,언론사
10397,문화예술TV21,언론사
10398,문화예술복지신문,언론사
10399,문화예술연합신문 (유네스코연합 유한회사),언론사
10400,문화예술정보 (주식회사 월드와이드문예정보),언론사
10401,문화예술콘텐츠,언론사
10402,문화예평,언론사
10403,문화오늘 Culture Now (인천생각협동조합),언론사
10404,문화온뉴스 (투비씨앤씨(주)),언론사
10405,문화와 문학타임,언론사
10406,문화와 예술 매거진,언론사
10407,문화와 표현,언론사
10408,문화유산 담,언론사
10409,문화유산(Cultural Heritage) (문화예술정보 주식회사),언론사
10410,문화유산신문 (㈜리몽),언론사
10411,문화유성 (유성문화원),언론사
10412,문화의뜰 (화성문화원),언론사
10413,문화인미디어,언론사
10414,문화일보 ((주)문화일보),언론사
10415,문화잇슈,언론사
10416,문화재방송 한국,언론사
10417,문화저널 (사단법인 마당),언론사
10418,문화저널 너른마당,언론사
10419,문화저널 맥 (주식회사 맥키스컴퍼니),언론사
10420,문화저널21,언론사
10421,문화저널코리아,언론사
10422,문화정책 (경기문화재단),언론사
10423,문화지168,언론사
10424,문화체육신문영등포,언론사
10425,문화체험신문,언론사
10426,문화톡톡 (주식회사 놀이친구),언론사
10427,문화통,언론사
10428,문화통PLUS (사단법인 광주문화발전소),언론사
10429,문화통신,언론사
10430,문화투데이,언론사
10431,문화포커스,언론사
10432,문화플러스 ((주)문플미디어그룹),언론사
10433,문화플러스서울 ((재)서울문화재단),언론사
10434,문화플러스천안매거진,언론사
10435,문희저널,언론사
10436,묻는다일보 (주식회사 묻는다),언론사
10437,물과별,언론사
10438,물과하천문화,언론사
10439,물류경제,언론사
10440,물류매거진,언론사
10441,물류센터 (주식회사 물류신문사),언론사
10442,물류신문 (주식회사 물류신문사),언론사
10443,물류신문(SCM & Logistics) (주식회사 물류신문사),언론사
10444,물류와경영 ((주)코리아쉬핑가제트),언론사
10445,물류정보뉴스,언론사
10446,물만먹고자라요 (사단법인 대한두채협회),언론사
10447,물산업신문 ((주)디지털매일신문사),언론사
10448,물허벅,언론사
10449,뮤레파 한국경제전망 (유한회사 뮤레파코리아),언론사
10450,뮤어미디어,언론사
10451,뮤즈씬(museseen) (주식회사 뉴스락),언론사
10452,뮤즈온에어,언론사
10453,뮤지션타임즈(Musician Times) (아시아크리에이티브네트웍스 주식회사),언론사
10454,뮤지엄 아트,언론사
10455,뮤지컬 신문 (재단법인 세화문화재단),언론사
10456,뮤지큐평생교육원,언론사
10457,뮤직뉴스24,언론사
10458,뮤직뮤지엄,언론사
10459,뮤직채널,언론사
10460,뮤직토리매거진 ((주)뮤직토리),언론사
10461,뮤직투데이,언론사
10462,뮤직포커스,언론사
10463,뮤직프레스 ((주)라이브콘티넨트),언론사
10464,미 코리아(美 KOREA),언론사
10465,미국뉴욕클래식필라테스 ((주)미국뉴욕클래식필라테스),언론사
10466,미네르바,언론사
10467,미니맵 매거진 (주식회사 미니맵),언론사
10468,미니부기,언론사
10469,미니스트리 다이제스트,언론사
10470,미니프라이데이콤마(mini FRIDAY comma) (중앙엔터테인앤드스포츠(주)),언론사
10471,미담뉴스,언론사
10472,미담플러스 (주식회사 미담그룹),언론사
10473,미당문학,언론사
10474,미대뉴스,언론사
10475,미대입시 (주식회사 엠굿(mgood)),언론사
10476,미대입시닷컴,언론사
10477,미대입시정보지 TODAY,언론사
10478,미드리(MIDRI).,언론사
10479,미디어 K뉴스,언론사
10480,미디어 X,언론사
10481,미디어 i,언론사
10482,미디어 날,언론사
10483,미디어 리포트,언론사
10484,미디어 메디컬 (주식회사 에스에이치에드),언론사
10485,미디어 민정,언론사
10486,미디어 바로,언론사
10487,미디어 붓 (주식회사 미디어붓),언론사
10488,미디어 서울택시,언론사
10489,미디어 시in,언론사
10490,미디어 아산 (미디어 아산),언론사
10491,미디어 엑스(Media X) (코퍼레이션엑스(주)),언론사
10492,미디어 엔,언론사
10493,미디어 엠 이퀄즈,언론사
10494,미디어 예천,언론사
10495,미디어 울림,언론사
10496,미디어 월드 ((주)미디어뱅컴퍼니),언론사
10497,미디어 이슈,언론사
10498,미디어 이슈 ((주)미디어이슈),언론사
10499,미디어 인성시대,언론사
10500,미디어 일,언론사
10501,미디어 전남 (주식회사 미디어전남문화),언론사
10502,미디어 지,언론사
10503,미디어 포스트 (주식회사 나노스토리),언론사
10504,미디어 포항방송,언론사
10505,미디어 픽 ((주)미디어픽),언론사
10506,미디어 해돌,언론사
10507,미디어24,언론사
10508,미디어F뉴스,언론사
10509,미디어K랩 (주식회사 마노미디어),언론사
10510,미디어News,언론사
10511,미디어Yous,언론사
10512,미디어경북 (주식회사 미디어경북),언론사
10513,미디어경인 (미디어문화공정무역 협동조합),언론사
10514,미디어경제뉴스 (주식회사 디오소프트),언론사
10515,미디어골프,언론사
10516,미디어공감,언론사
10517,미디어광명 (주식회사 문화라이프),언론사
10518,미디어금천,언론사
10519,미디어나비삼십육점오도씨에이플러스,언론사
10520,미디어나우 (주식회사 에이원파트너스),언론사
10521,미디어내일엔 ((주) 어스앤파트너스),언론사
10522,미디어넘버1 ((주)컬쳐컴플랙스),언론사
10523,미디어넘버원 (주식회사 컬컴),언론사
10524,미디어노다웃 ((주)컬컴시흥점),언론사
10525,미디어뉴스,언론사
10526,미디어뉴스타임,언론사
10527,미디어다솜 ((재)다솜이재단),언론사
10528,미디어다이제스트 (테라온(주)),언론사
10529,미디어대전,언론사
10530,미디어데이 (주식회사 스마트인미디어),언론사
10531,미디어데일,언론사
10532,미디어데일리뉴스,언론사
10533,미디어디펜스 (주식회사 미디어디펜서(강영희)),언론사
10534,미디어라이징,언론사
10535,미디어라이프 중부신문,언론사
10536,미디어로컬 (사단법인 한국지역언론인클럽),언론사
10537,미디어룩,언론사
10538,미디어리그,언론사
10539,미디어리터러시 (한국언론진흥재단),언론사
10540,미디어마케팅신문,언론사
10541,미디어메디,언론사
10542,미디어모현,언론사
10543,미디어몽구,언론사
10544,미디어미르앤,언론사
10545,미디어붓다 ((주)미디어붓다),언론사
10546,미디어비움,언론사
10547,미디어빌 (미디어빌 주식회사),언론사
10548,미디어생활,언론사
10549,미디어샷,언론사
10550,미디어서울 (미디어서울협동조합),언론사
10551,미디어서치인,언론사
10552,미디어세상 (더뉴스투데이(주)),언론사
10553,미디어소울 (소울프로젝트(주)),언론사
10554,미디어소통 (주식회사 더콘텐츠),언론사
10555,미디어숨 ((주)미디어숨),언론사
10556,미디어스(Mediaus) (주식회사 미디어스),언론사
10557,미디어스타 ((주)미디어스타플래닛),언론사
10558,미디어시선,언론사
10559,미디어시시비비 (주식회사 미디어시시비비),언론사
10560,미디어심리 EM댄스,언론사
10561,미디어써드 ((주)컬컴평택점),언론사
10562,미디어써치 (주식회사 미디어써치),언론사
10563,미디어씨(Media C),언론사
10564,미디어아시아 (㈜퀄컴수원일본어),언론사
10565,미디어아워(Media-hr) (에이치알그룹리테일 주식회사),언론사
10566,미디어아이티타임스 ((주)미디어아이티타임스),언론사
10567,미디어에듀,언론사
10568,미디어여성,언론사
10569,미디어여행,언론사
10570,미디어연합,언론사
10571,미디어연합뉴스,언론사
10572,미디어영상신문,언론사
10573,미디어오늘 ((주)미디어오늘),언론사
10574,미디어오토 (주식회사 미디어오토),언론사
10575,미디어온 (주식회사 미디어온),언론사
10576,미디어와이,언론사
10577,미디어울산 (주식회사 미디어울산),언론사
10578,미디어워치,언론사
10579,미디어워치 ((주)미디어실크에이치제이),언론사
10580,미디어원,언론사
10581,미디어원탑 (주식회사 컬쳐컴플렉스),언론사
10582,미디어유스,언론사
10583,미디어인경북,언론사
10584,미디어인뉴스 (주식회사 포커스뉴스미디어),언론사
10585,미디어인천신문,언론사
10586,미디어인천신문 (주식회사 미디어인천신문),언론사
10587,미디어인포 ((주)미디어경영연구소),언론사
10588,미디어자몽 (미디어자몽(주)),언론사
10589,미디어장성,언론사
10590,미디어저널 (주식회사 미디어저널),언론사
10591,미디어전북,언론사
10592,미디어제이씨,언론사
10593,미디어제주 (주식회사 미디어 제주),언론사
10594,미디어좋은교육,언론사
10595,미디어중부방송 (중부방송 주식회사),언론사
10596,미디어창원,언론사
10597,미디어청양,언론사
10598,미디어체크,언론사
10599,미디어춘천MBC,언론사
10600,미디어충남 (주식회사 선홍),언론사
10601,미디어칠곡,언론사
10602,미디어카 (주식회사 카베이),언론사
10603,미디어카툰,언론사
10604,미디어캠프,언론사
10605,미디어코리아,언론사
10606,미디어코리아뉴스,언론사
10607,미디어큐,언론사
10608,미디어키노,언론사
10609,미디어타임뉴스 (주식회사 제니스타),언론사
10610,미디어타임즈,언론사
10611,미디어타파,언론사
10612,미디어테크 뉴스 (주식회사 제타미디어),언론사
10613,미디어톡톡 ((주)톡톡커뮤니케이션),언론사
10614,미디어통영,언론사
10615,미디어투데이 ((주)미디어투데이),언론사
10616,미디어트리뷴 ((주)플랜에이컨설팅),언론사
10617,미디어파이브 (주식회사 컬컴세종점),언론사
10618,미디어파인 ((주)미디어파인),언론사
10619,미디어팜 ((주)미디어팜),언론사
10620,미디어패션쇼(Media Fashionshow),언론사
10621,미디어팩트 (주식회사 미디어팩트),언론사
10622,미디어퍼스트1 ((주)컬컴하남),언론사
10623,미디어펜(Mediapen) ((주)미디어펜),언론사
10624,미디어펫 ((주)티와이그룹),언론사
10625,미디어평택(Media Pyeongtaek),언론사
10626,미디어포커스,언론사
10627,미디어포커스온,언론사
10628,미디어프레스,언론사
10629,미디어플러스 경인,언론사
10630,미디어플러스지 (미디어플러스지 사회적협동조합),언론사
10631,미디어피아 (주식회사 미디어피아),언론사
10632,미디어피터 (주식회사 컬컴해운대),언론사
10633,미디어하이 ((주)미디어하이),언론사
10634,미디어한국,언론사
10635,미디어합동,언론사
10636,미디어해픈드 (주식회사 컬컴송도점),언론사
10637,미디어허브 ((주)미디어허브),언론사
10638,미디어호남,언론사
10639,미디어힐,언론사
10640,미디어힐링 (주식회사 미디어힐링),언론사
10641,미디어힐링!(인터넷) (주식회사 미디어힐링),언론사
10642,미라클뷰 (미라클뷰(주)),언론사
10643,미라클워커 온리원 성장다이어리,언론사
10644,미라클타임즈 (미코히타 주식회사),언론사
10645,미라클필라테스 매거진,언론사
10646,미래건강신문 ((주)미래건강신문),언론사
10647,미래경제,언론사
10648,미래경제뉴스 ((주)스토리),언론사
10649,미래경제신문 ((주)로이슈),언론사
10650,미래공방 ((재)진보정치연구소),언론사
10651,미래광장TIMES ((주)미래광장타임스(Times)),언론사
10652,미래교육,언론사
10653,미래교육뉴스,언론사
10654,미래교육신문,언론사
10655,미래교육정보신문 (주식회사 미래교육),언론사
10656,미래교육타임즈,언론사
10657,미래농업기술교육신문 ((주)해오름드론항공),언론사
10658,미래다뷰,언론사
10659,미래대한뉴스 ((주)다온미래),언론사
10660,미래도시포럼 (주식회사 케이시크),언론사
10661,미래드림 저널 (주식회사 미래인재교육재단),언론사
10662,미래를 여는 극지인 ((사)한국극지연구진흥회),언론사
10663,미래를꿈꾸는교육,언론사
10664,미래를여는교육 (주식회사 폴리엠김포),언론사
10665,미래매거진,언론사
10666,미래문학,언론사
10667,미래민중 (재인융합경제연구소(주)),언론사
10668,미래방송(미래TV),언론사
10669,미래복지신문,언론사
10670,미래비전신문,언론사
10671,미래사회매거진 (주식회사 미래사회교육재단),언론사
10672,미래사회연구원 회보,언론사
10673,미래산업경제신문,언론사
10674,미래산업뉴스,언론사
10675,미래성장마음,언론사
10676,미래세대,언론사
10677,미래세종일보 (주식회사 미래세종일보),언론사
10678,미래신문 ((주)미래신문),언론사
10679,미래신문사,언론사
10680,미래아이 ((주)미래아이),언론사
10681,미래에너지,언론사
10682,미래에이치알디 뉴스 ((주)세류드림),언론사
10683,미래엔(N) ((사)전광미래사회연구소),언론사
10684,미래와 희망,언론사
10685,미래유아교육학회지,언론사
10686,미래의 선수들,언론사
10687,미래인재개발뉴스,언론사
10688,미래인재교육타임즈,언론사
10689,미래일보,언론사
10690,미래저널,언론사
10691,미래정보신문 ((주)경희전문),언론사
10692,미래창업신문,언론사
10693,미래타임즈 ((주)새희망씨앗),언론사
10694,미래평생교육신문,언론사
10695,미래학자 최윤식박사의 미래통찰보고서,언론사
10696,미래한국 (주식회사 미래한국미디어),언론사
10697,미래한국 Weekly (주식회사 미래한국미디어),언론사
10698,미래환경신문,언론사
10699,미래환경일보,언론사
10700,미륵,언론사
10701,미륵법보,언론사
10702,미륵천무종,언론사
10703,미미쌀농 (남원시민협동조합 비즌),언론사
10704,미미유 타임즈,언론사
10705,미본뉴스 (주식회사 미본),언론사
10706,미션 아리랑,언론사
10707,미션21,언론사
10708,미션21 (유한회사 미션21),언론사
10709,미션3000 (사단법인 미래사목연구소),언론사
10710,미션9,언론사
10711,미션시사타임즈,언론사
10712,미션임팩트(Mission Impact),언론사
10713,미션저널,언론사
10714,미션타임즈 (주식회사 미션타임즈),언론사
10715,미션투데이(Mission Today),언론사
10716,미소가있는교육,언론사
10717,미소문화,언론사
10718,미수복강원민보,언론사
10719,미수복경기민보,언론사
10720,미술과 비평,언론사
10721,미술과비평. (미술과비평(주)),언론사
10722,미술문화,언론사
10723,미술사 논단(美術史 論檀),언론사
10724,미술산책,언론사
10725,미술세계 ((주)미술세계),언론사
10726,미술여행,언론사
10727,미술자료,언론사
10728,미술평단,언론사
10729,미스디카(missdica) ((주)미스디카),언론사
10730,미스코리아(Miss Korea),언론사
10731,미스테리아,언론사
10732,미스토리,언론사
10733,미스핏츠(MISFITS),언론사
10734,미식1947,언론사
10735,미애부뉴스 (주)미애부),언론사
10736,미용경영신문 ((주)피에스포유),언론사
10737,미용경제매거진 ((주)티비헤어),언론사
10738,미용문신매거진,언론사
10739,미용백화점,언론사
10740,미용비스,언론사
10741,미용사,언론사
10742,미용신문,언론사
10743,미용일보,언론사
10744,미용장人 ((사)한국미용장협회),언론사
10745,미용재료,언론사
10746,미용해,언론사
10747,미용회보,언론사
10748,미즈코치(Ms.Coach),언론사
10749,미체(MICHE),언론사
10750,미추홀야구신문,언론사
10751,미트러버뉴스 (주식회사 미트러버),언론사
10752,미트리뷰 (굿윌커머스 주식회사),언론사
10753,미트매거진,언론사
10754,미트비즈니스저널 (주식회사 썬벨트코리아홀딩스),언론사
10755,미트인사이트,언론사
10756,미포유뉴스,언론사
10757,미플에듀,언론사
10758,미학구리뉴스,언론사
10759,미후마니,언론사
10760,믹스라이프,언론사
10761,믹스매치M뉴스,언론사
10762,믹스맥코리아 ((주)비엔엘컬쳐스),언론사
10763,민간조사뉴스,언론사
10764,민간조사매거진,언론사
10765,민국신문,언론사
10766,민들레하나소식 (주식회사 마음자리),언론사
10767,민들레홀씨,언론사
10768,민박매거진 ((주)비오스),언론사
10769,민생일보사,언론사
10770,민석,언론사
10771,민속문화신문,언론사
10772,민속신문,언론사
10773,민심뉴스,언론사
10774,민심닷컴,언론사
10775,민심일보,언론사
10776,민안신문,언론사
10777,민원뉴스,언론사
10778,민원신문 (주식회사 백상큐브),언론사
10779,민이뉴스,언론사
10780,민정(民政),언론사
10781,민정뉴스,언론사
10782,민정신문(民政新聞) (주식회사 아시아메이드),언론사
10783,민조시학(民調詩學),언론사
10784,민족공동체연구,언론사
10785,민족뉴스,언론사
10786,민족문학사연구,언론사
10787,민족복음화 (사단법인 민족복음화운동본부),언론사
10788,민족의 소리 서울의 소리,언론사
10789,민족의학신문,언론사
10790,민족의학신문사 (주식회사 민족의학신문사),언론사
10791,민족저널,언론사
10792,민족정기(民族精氣),언론사
10793,민족중흥동지회신문,언론사
10794,민족지도자신문,언론사
10795,민족통일,언론사
10796,민주경찰뉴스 (주식회사 일간경찰),언론사
10797,민주경찰신문,언론사
10798,민주경찰일보 (주식회사 민주경찰일보),언론사
10799,민주공원 ((사)부산민주항쟁기념사업회),언론사
10800,민주매거진,언론사
10801,민주문학,언론사
10802,민주반월보 (사단법인 대구민주화기념보존회),언론사
10803,민주법학,언론사
10804,민주사회를위한변론,언론사
10805,민주시대365,언론사
10806,민주신문,언론사
10807,민주연합통신,언론사
10808,민주유공 ((재)민주유공자장학재단),언론사
10809,민주일보,언론사
10810,민주통신,언론사
10811,민주판교뉴스 (주식회사 민주),언론사
10812,민주필라테스 광화문,언론사
10813,민주필라테스 송도 (주식회사 민주),언론사
10814,민주필라테스 헬리오시티 (주식회사 민주),언론사
10815,민중신문,언론사
10816,민중언론 참세상,언론사
10817,민중의소리(Voice of People),언론사
10818,민트리온 라이프 ((주)민트리온),언론사
10819,밀(mil);밀리터리저널,언론사
10820,밀교신문 (재단법인 대한불교진각종유지재단),언론사
10821,밀리언에어클럽(Millionaire Club) (주식회사 시공사),언론사
10822,밀리언타임즈 ((주)원밀리언),언론사
10823,밀리터리 리뷰,언론사
10824,밀리터리TV,언론사
10825,밀알&세계,언론사
10826,밀알愛동행,언론사
10827,밀알보 (한국밀알선교단),언론사
10828,밀알복지,언론사
10829,밀알의 꿈,언론사
10830,밀양114닷컴,언론사
10831,밀양교육문화신문 ((주)경남지식인재개발원),언론사
10832,밀양모닝뉴스,언론사
10833,밀양시민신문,언론사
10834,밀양신문 ((주)밀양신문),언론사
10835,밈미디어 (주식회사 피클컴퍼니),언론사
10836,바끄로,언론사
10837,바끄로뉴스 (주식회사 바끄로뉴스),언론사
10838,바나나뉴스 ((주)에스엠티),언론사
10839,바다신문,언론사
10840,바다야뉴스 (바다야 주식회사),언론사
10841,바다에듀미디어,언론사
10842,바다필라테스&바레 매거진,언론사
10843,바둑 ((재)한국기원),언론사
10844,바둑경제,언론사
10845,바둑세계,언론사
10846,바둑천하,언론사
10847,바디녹스뉴스(한남) (주식회사 바디녹스인터내셔널),언론사
10848,바디다움 평생교육원,언론사
10849,바디다움 필라테스&바레,언론사
10850,바디라인스토리,언론사
10851,바디로운 범일뉴스,언론사
10852,바디로운 연산뉴스,언론사
10853,바디로운뉴스,언론사
10854,바디로운뉴스(사하),언론사
10855,바디멀티기구 필라테스 저널,언론사
10856,바디멀티기구 필라테스 타임즈,언론사
10857,바디멀티기구필라테스뉴스,언론사
10858,바디멀티필라테스저널,언론사
10859,바디멀티필라테스저널(구일점),언론사
10860,바디멀티필라테스저널(방학점),언론사
10861,바디멀티필라테스저널(상일점),언론사
10862,바디멀티필라테스저널(석계점),언론사
10863,바디멀티필라테스저널(정릉점),언론사
10864,바디멀티필라테스타임즈,언론사
10865,바디빈플러스타임즈,언론사
10866,바디샵필라테스피티,언론사
10867,바디소나타 청라뉴스,언론사
10868,바디스테이,언론사
10869,바디앤솔 메디 필라테스 ((주)바디앤솔세종),언론사
10870,바디앤솔 문화점,언론사
10871,바디앤솔관저점,언론사
10872,바디앤솔매거진,언론사
10873,바디앤솔아카데미,언론사
10874,바디앤솔필라테스 반곡점 매거진,언론사
10875,바디업 필라테스 매거진,언론사
10876,바디인필라테스뉴스,언론사
10877,바디인필라테스저널,언론사
10878,바디채움 미디어,언론사
10879,바디컨테이너뉴스,언론사
10880,바디코치 망포뉴스,언론사
10881,바디코치 비율리티걸뉴스,언론사
10882,바디클리닉 저널 안산,언론사
10883,바디클리닉 타임즈,언론사
10884,바디클리닉 타임즈 송도3호점,언론사
10885,바디클리닉 타임즈 송도점,언론사
10886,바디클리닉 필라테스 매거진,언론사
10887,바디포유 필라테스 매거진,언론사
10888,바디필라테스,언론사
10889,바디홀릭 필라테스 매거진,언론사
10890,바디홀릭J뉴스,언론사
10891,바디홀릭로드,언론사
10892,바디홀릭미디어 (주식회사 비케이컴퍼니),언론사
10893,바디홀릭온 (주식회사 비케이컴퍼니),언론사
10894,바디홀릭포커스 (주식회사 비케이컴퍼니),언론사
10895,바디힐포커스,언론사
10896,바람 머문 자리,언론사
10897,바람새소식,언론사
10898,바레스바레 타임즈,언론사
10899,바레앤뉴스,언론사
10900,바레톤 뉴스,언론사
10901,바레핏 미디어,언론사
10902,바로뉴스,언론사
10903,바로뉴스닷컴,언론사
10904,바로이런느낌,언론사
10905,바로인터넷뉴스 (주식회사 바로인터넷뉴스),언론사
10906,바로투데이,언론사
10907,바롬리빙,언론사
10908,바루나요가 매거진,언론사
10909,바르고 맑은 세상,언론사
10910,바르지 포스트,언론사
10911,바른건강 해브 핏,언론사
10912,바른경제 (바른경제티브이(주)),언론사
10913,바른교육신문,언론사
10914,바른나라 좋은나라 방송신문,언론사
10915,바른뉴스 ((주)언론종합바른),언론사
10916,바른뉴스BNN,언론사
10917,바른문화신문,언론사
10918,바른미디어 ((주)새길),언론사
10919,바른생활,언론사
10920,바른시선,언론사
10921,바른신문 (주식회사 라온이엔씨),언론사
10922,바른아파트뉴스 ((주)바른아파트),언론사
10923,바른언론 (주식회사 바른언론),언론사
10924,바른정 필라테스연구소 매거진,언론사
10925,바른주차문화신문,언론사
10926,바른포스트,언론사
10927,바른폴필라테스신문,언론사
10928,바른헬스케어뉴스 (주식회사 바른헬스케어뉴스),언론사
10929,바름뉴스,언론사
10930,바름핏필라테스 매거진,언론사
10931,바리스타뉴스(BaristaNews)) ((주)우리인터내셔널),언론사
10932,바스락,언론사
10933,바스켓코리아,언론사
10934,바앤다이닝,언론사
10935,바왕가,언론사
10936,바요필라테스,언론사
10937,바울선교 (사단법인 바울선교회),언론사
10938,바움 미디어,언론사
10939,바웃다TV,언론사
10940,바이도로시테라피뉴스,언론사
10941,바이라인네트워크 ((주)바이라인네트워크),언론사
10942,바이브타임즈 (주식회사 인스피리오),언론사
10943,바이어링크127(Buyerlink127) (주식회사 바이어링크127),언론사
10944,바이어스가이드 Automotives,언론사
10945,바이어스가이드 기계,언론사
10946,바이어스가이드 소비재,언론사
10947,바이어스가이드 전자,언론사
10948,바이오메디칼사이언스(Bio-Medical Science) (주식회사 비.엠.에스),언론사
10949,바이오신문,언론사
10950,바이오타임즈 ((주)비즈뷰),언론사
10951,바이원클럽 (주식회사 바이원클럽),언론사
10952,바이커즈랩,언론사
10953,바이크뉴스,언론사
10954,바이크매거진,언론사
10955,바이크왓 ((주)미디어왓),언론사
10956,바이탈뉴스 (주식회사 바이탈필),언론사
10957,바이탈대구뉴스,언론사
10958,바이포스트뉴스 ((주)스템미디어),언론사
10959,바질(BASIL) (주식회사 윌든),언론사
10960,바퀴,언론사
10961,바하달사 NEWS,언론사
10962,박경준의 스테이지(STAGE) (주식회사 아트컴퍼니본),언론사
10963,박스뉴스 (주식회사 박스뉴스 (BOX NEWS)),언론사
10964,박씨대종보 (사단법인 신라오릉보존회),언론사
10965,박약회소식 ((사)박약회),언론사
10966,박융식 세무회계소식,언론사
10967,박정희,언론사
10968,반가운운전정보,언론사
10969,반갑습니다 (사단법인 서해문화),언론사
10970,반값경제신문,언론사
10971,반도체 네트워크,언론사
10972,반도체뉴스,언론사
10973,반도체신문,언론사
10974,반디뉴스 ((주)스토리미디어랩(Story Media Lab)),언론사
10975,반딧불뉴스 ((주)반딧불뉴스),언론사
10976,반려동물뉴스,언론사
10977,반려동물뉴스(CABN),언론사
10978,반려동물신문,언론사
10979,반려동물저널,언론사
10980,반려시대 (주식회사 에코솔루션),언론사
10981,반려인문樂,언론사
10982,반론보도닷컴 ((사)한국광고주협회),언론사
10983,반반뉴스,언론사
10984,반부패 적패청산 운동본부,언론사
10985,반야의세계대한불교조계종세계평화실천운동신선둥지문화복지재단,언론사
10986,반월동마을미디어,언론사
10987,반월신문 ((주)반월신문사 대표),언론사
10988,반월신문 (반월신문(주)),언론사
10989,반일뉴스,언론사
10990,반짝반짝 (주식회사 폴리엠연수),언론사
10991,반창고뉴스,언론사
10992,반파쇼 민중뉴스,언론사
10993,반하다필라테스,언론사
10994,발견,언론사
10995,발달매거진(baldalmagazine),언론사
10996,발란스뉴스(하남),언론사
10997,발리볼코리아,언론사
10998,발명문화(發明文化),언론사
10999,발명이야기,언론사
11000,발명특허뉴스 (주식회사 도서출판 해맞이),언론사
11001,발명특허신문 ((주)해맞이미디어),언론사
11002,발명특허신문 (주식회사 도서출판 해맞이),언론사
11003,발사랑봉사단,언론사
11004,발자국 (사단법인 한국장애인사진콘텐츠 경기도협회 화성시지부),언론사
11005,발전산업신문,언론사
11006,발코니,언론사
11007,발통신문 ((주) 심테크시스템),언론사
11008,발품뉴스,언론사
11009,발효뉴스,언론사
11010,발효산업정보,언론사
11011,발효신문,언론사
11012,밝돌 시그널,언론사
11013,밝은가족교육신문,언론사
11014,밝은구슬,언론사
11015,밝은뉴스,언론사
11016,밝은뉴스24,언론사
11017,밝은미래뉴스,언론사
11018,밝은미래뉴스 (밝은미래협동조합),언론사
11019,밝은미래신문,언론사
11020,밝은미래신문 ((주)밝은미래신문),언론사
11021,밝은미소교육 (주식회사 로렌츠수영),언론사
11022,밝은사회,언론사
11023,밥(bob),언론사
11024,밥매거진(BOP MAGAZINE) (아름다운청소년 주식회사),언론사
11025,"밥상뉴스 (주식회사 비에스엔(BSN Co., Ltd.))",언론사
11026,밥상머리뉴스 ((주)푸드미디어그룹),언론사
11027,밥줄 이야기,언론사
11028,방문판매신문,언론사
11029,방방곡곡(인터넷),언론사
11030,방범저널,언론사
11031,방송과 콘텐츠 ((사)한국방송채널사용사업협회),언론사
11032,방송기술저널,언론사
11033,방송문화 (사단법인 한국방송협회),언론사
11034,방송선교 ((재)극동방송),언론사
11035,방송언론소비자주권연대,언론사
11036,방송작가 ((사)한국방송작가협회),언론사
11037,방송통신저널,언론사
11038,방역뉴스 (케이방역뉴스 주식회사),언론사
11039,방역시대,언론사
11040,방역위생25시 (가축위생방역지원본부),언론사
11041,방하 ((주)방하),언론사
11042,밭담온,언론사
11043,밭이랑과 이파리 ((사)한국공동체문화연구소),언론사
11044,배관기술,언론사
11045,배낭문학,언론사
11046,배달겨레소리,언론사
11047,배달대행신문,언론사
11048,배드민턴,언론사
11049,배드민턴 타임즈,언론사
11050,배드민턴뉴스 (주식회사 더페어),언론사
11051,배드민턴데일리,언론사
11052,배드민턴코리아 ((주)경향북스),언론사
11053,배럴댄바디(매거진),언론사
11054,배리어프리뉴스 (주식회사 한국장애인신문),언론사
11055,배방신문,언론사
11056,배심원뉴스 (주식회사 명문스터디),언론사
11057,배씨대종회보,언론사
11058,배우다필라테스포스트,언론사
11059,배우담 매거진,언론사
11060,배움과실천 (사단법인 충남교육연구소),언론사
11061,배움뉴스 ((주)올배움),언론사
11062,배움터 선우 (주식회사 선우케어),언론사
11063,배움평생교육타임즈,언론사
11064,배워서남주자,언론사
11065,배추와 열무,언론사
11066,배터리기술(Battery technology) (아이유뉴스(주)),언론사
11067,배터리뉴스,언론사
11068,배터리데일리(Battery Daily) (주식회사 인포더),언론사
11069,배터리투데이_BatteryToday (아이유뉴스(주)),언론사
11070,백경,언론사
11071,백년신문 (사단법인 백년커뮤니티),언론사
11072,백두대간,언론사
11073,백두산맥,언론사
11074,백두산문학,언론사
11075,백만불,언론사
11076,백석뉴스BUNEWS (학교법인 백석대학교),언론사
11077,백석신학저널,언론사
11078,백석저널,언론사
11079,백세가,언론사
11080,백세건강정보저널 (주식회사 와이에스컨설팅),언론사
11081,백세시대 ((주)노년시대사),언론사
11082,백세인생가이드,언론사
11083,백수문학,언론사
11084,백스테이지(BACKSTAGE),언론사
11085,백제뉴스,언론사
11086,백제문학,언론사
11087,백제사랑저널,언론사
11088,백제의소리,언론사
11089,백제이펙트,언론사
11090,백제일보,언론사
11091,백조 (사단법인 노작홍사용기념사업회),언론사
11092,백투에덴 매거진,언론사
11093,백퍼센트,언론사
11094,백프로엔(100PRON),언론사
11095,밴드앤뮤직(band&Music) ((주)브랜드팜),언론사
11096,밴티지포인트,언론사
11097,밸런스뷰필라테스,언론사
11098,밸류뉴스 ((주)데이터노믹스),언론사
11099,밸류업매거진(Value Up Magazine) ((주)밸류링크코리아),언론사
11100,밸류체인타임스 (주식회사 밸류체인홀딩스),언론사
11101,밸류타임즈,언론사
11102,뱁티스트,언론사
11103,뱁티스트 뉴스,언론사
11104,뱁티스트투데이,언론사
11105,뱅크로(Bankro)생활정보 (주식회사 굿뱅크로),언론사
11106,버브[verb] (국립아시아문화전당재단),언론사
11107,버섯신문,언론사
11108,버스교통,언론사
11109,버츄얼 뉴스,언론사
11110,버튼업 매거진 (주식회사 리브위드),언론사
11111,버핏클럽 (주식회사 버핏클럽),언론사
11112,범서신문,언론사
11113,범죄예방신문,언론사
11114,범죄예방신문방송,언론사
11115,법(소)통 (주식회사 리중),언론사
11116,법과사회,언론사
11117,법련,언론사
11118,법륜,언론사
11119,법률검찰신문,언론사
11120,법률경찰신문,언론사
11121,법률경찰일보 (주식회사오직하나),언론사
11122,법률과 생활,언론사
11123,법률구조신문,언론사
11124,법률닷컴,언론사
11125,법률방송뉴스 ((주)법률방송),언론사
11126,법률부동산뉴스,언론사
11127,법률산업신문 (주식회사 창업경영신문사),언론사
11128,법률선진신문 (법률선진신문(주)),언론사
11129,법률선진신문(주) (법률선진신문(주)),언론사
11130,법률세무신문,언론사
11131,법률속보,언론사
11132,법률신문 (주식회사 법률신문사),언론사
11133,법률신문21,언론사
11134,법률신문21.,언론사
11135,법률저널,언론사
11136,법률정보신문,언론사
11137,법률타임즈 (결(주)),언론사
11138,법률행정신문 (주식회사 법률행정신문),언론사
11139,법명사 부루나포교원소식지,언론사
11140,법무경찰신문,언론사
11141,법무경찰신문 ((주)이엠디),언론사
11142,법무사,언론사
11143,법문산책,언론사
11144,법밥뉴스,언론사
11145,법보시,언론사
11146,법보신문 ((주)법보신문사),언론사
11147,법보신문사 ((주)법보신문사),언론사
11148,법사불교,언론사
11149,법수레 (사단법인 대한불교법사회),언론사
11150,법왕청,언론사
11151,법왕청신문 (주식회사 담화미디어그룹),언론사
11152,법의향기,언론사
11153,법인길라잡이 ((주)홍보넷),언론사
11154,법조,언론사
11155,법조신문 (대한변호사협회),언론사
11156,법주회보,언론사
11157,법치경찰,언론사
11158,법치뉴스 ((주)에이지미디어),언론사
11159,법치와 자유 ((주)법률방송),언론사
11160,법학논총,언론사
11161,법학연구,언론사
11162,법화사보,언론사
11163,법화행복불교,언론사
11164,법회와설법,언론사
11165,벙커 K (BUNKER K),언론사
11166,벙커깊수키,언론사
11167,베네핏 매거진 ((주)베네핏),언론사
11168,베뉴 (VENUE) ((주)어반북스),언론사
11169,베니매거진(VENI MAGAZINE) ((주)부이커뮤니티),언론사
11170,베드로의 그물,언론사
11171,베라시떼뉴스,언론사
11172,베뢰아논단,언론사
11173,베리타스 ((주)베리타스),언론사
11174,베리타스 뉴스미디어,언론사
11175,베리타스 알파(VERITAS-α) (베리타스알파(주)),언론사
11176,베리타스알파 (베리타스알파(주)),언론사
11177,베버리지뉴스 ((사)한국바텐더협회),언론사
11178,베스토피아(BESTOPIA) ((주)위베스트인터내셔널),언론사
11179,베스트 라이프(Best Life),언론사
11180,베스트 신문사,언론사
11181,베스트 오브 베스트(BEST of BEST),언론사
11182,베스트 일레븐,언론사
11183,베스트골프,언론사
11184,베스트금융투자뉴스 (주식회사 한국디에이치홀딩스),언론사
11185,베스트베이비,언론사
11186,베스트에듀(Bestedu) (한국교육시스템(주)),언론사
11187,베스트엑싯(BestExit) ((주)에스엠비넷),언론사
11188,베스트여행뉴스 (주식회사 와이비투어),언론사
11189,베스트충청,언론사
11190,베스트커리어 매거진,언론사
11191,베스트타임즈,언론사
11192,베어링신문 (사단법인 한국베어링판매협회),언론사
11193,베이비 실버신문,언론사
11194,베이비 저널,언론사
11195,베이비뉴스 (베이컨 주식회사),언론사
11196,베이비박스에 희망을 싣고,언론사
11197,베이비타임즈 ((주)베이비타임즈),언론사
11198,베이스볼 플레이어(Baseball Player (주식회사 지볼),언론사
11199,베이슬포스트(basalpost) (주식회사 가비아컴),언론사
11200,베이지,언론사
11201,베이커리 ((사)대한제과협회),언론사
11202,베이커리카페뉴스 (베이커리카페 (주)),언론사
11203,베일리필라테스 매거진,언론사
11204,베지로그(vegilog),언론사
11205,베타경제,언론사
11206,베타뉴스,언론사
11207,베타뉴스매거진,언론사
11208,베터라이프뉴스,언론사
11209,베테랑 (렘버스(주)),언론사
11210,베트남 인사이트,언론사
11211,베트남경제뉴스 (주식회사 동화그룹),언론사
11212,베트남여행신문 (트랜스아시아투어 주식회사),언론사
11213,베트남코리아타임즈,언론사
11214,베한타임즈 (베한타임즈 주식회사),언론사
11215,벤딩 인더스트리,언론사
11216,벤에세레 (주식회사 케어천사),언론사
11217,벤처경영신문 ((주)벤처),언론사
11218,벤처뉴스,언론사
11219,벤처산업신문 (주식회사 창업경영신문사),언론사
11220,벤처스퀘어 (주식회사 벤처스퀘어),언론사
11221,벤처신문 ((주)앱피플),언론사
11222,벤처창업신문 ((주)오늘경제미디어),언론사
11223,벤처코리아저널 (주식회사 스팩스페이스),언론사
11224,벤처타임즈 (오케이미디어그룹(주)),언론사
11225,벤처투데이 (주식회사 씨에프오서비스),언론사
11226,벨르(BELLe) (케이씨앤씨(주)),언론사
11227,벨르핏필라테스타임즈,언론사
11228,벨리온뷰 뉴스,언론사
11229,벨린필라테스 타임즈,언론사
11230,벨린필라테스위클리,언론사
11231,벨앤폴 매거진,언론사
11232,벨폴 미디어,언론사
11233,벽제농협 매거진(Magazine) (벽제농협협동조합),언론사
11234,변시뉴스 (주식회사 합격캠프),언론사
11235,별과우주 ((주)천문우주기획),언론사
11236,별나라세상 (주식회사 굿맘포항),언론사
11237,별매거진,언론사
11238,별바다 신문 (별내어린이천문대 주식회사),언론사
11239,별밭시문학,언론사
11240,별세의삶,언론사
11241,병리협보 ((사)대한임상병리사협회),언론사
11242,병아리마을 (사단법인 한국육용종계부화협회),언론사
11243,병원 in 서울 ((사)대한병원협회),언론사
11244,병원(hospital line),언론사
11245,병원신문 ((사)대한병원협회),언론사
11246,병원타임즈,언론사
11247,병원행정인 신문 ((사)대한병원행정관리자협회),언론사
11248,볕뉘뉴스,언론사
11249,보건교육신문,언론사
11250,보건뉴스 ((주)보건신문사),언론사
11251,보건복지 Issue&Focus (한국보건사회연구원),언론사
11252,보건복지신문,언론사
11253,보건복지타임스,언론사
11254,보건복지포럼 (한국보건사회연구원),언론사
11255,보건사회연구 (한국보건사회연구원),언론사
11256,보건산업기술동향 (한국보건산업진흥원),언론사
11257,보건세계,언론사
11258,보건신문,언론사
11259,보건위생환경신문,언론사
11260,보건의료신문,언론사
11261,보건의료연합뉴스 (주식회사 보건의료연합신문),언론사
11262,보건의료연합방송 (주식회사 보건의료연합신문),언론사
11263,보건의료연합신문 (주식회사 보건의료연합신문),언론사
11264,보건타임즈,언론사
11265,보건환경신문,언론사
11266,보그(Vogue)한국판,언론사
11267,보나뉴스,언론사
11268,보노플로우 (주식회사 아이디어보브),언론사
11269,보눔필라테스 저널 (주식회사 보눔컴퍼니),언론사
11270,보눔필라테스 타임즈 (주식회사 보눔컴퍼니),언론사
11271,보는 뉴스,언론사
11272,보니따 강동뉴스,언론사
11273,보니따BI포스트,언론사
11274,보니따BS매거진,언론사
11275,보니따D위클리,언론사
11276,보니따JY뉴스,언론사
11277,보니따TW매거진,언론사
11278,보니따굿뉴스,언론사
11279,보니따라이프,언론사
11280,보니따에스,언론사
11281,보니따온,언론사
11282,보니따탄현신문,언론사
11283,보니따파인팁,언론사
11284,보다 스튜디오 ((주)동아닷컴),언론사
11285,보도25시,언론사
11286,보도뉴스,언론사
11287,보도본부25시,언론사
11288,보드나라 (넥스젠리서치(주)),언론사
11289,보듬테라피뉴스,언론사
11290,보디트리(BODHI TREE) (사단법인 물라싼가),언론사
11291,보라뉴스 ((주)보라뉴스),언론사
11292,보라매,언론사
11293,보라매뉴스,언론사
11294,보령TIMES,언론사
11295,보령뉴스 (주식회사 보령뉴스),언론사
11296,보령데일리뉴스,언론사
11297,보령매일신문,언론사
11298,보령시장신문 (보령시장신문 주식회사),언론사
11299,보령시장신문사,언론사
11300,보령신문 (보령사랑 신문주식회사),언론사
11301,보령엔 (보령앤 주식회사),언론사
11302,"보령일보 (주식회사 씨에이미디어그룹(CA Media co., Ltd.))",언론사
11303,보령투데이 (주식회사 대천),언론사
11304,보령포스트,언론사
11305,보름코지,언론사
11306,보부(BOBOO),언론사
11307,보부뉴스(boboonews),언론사
11308,보성 건강소식,언론사
11309,보성NEWS (주식회사 다향보성),언론사
11310,보성시니어신문 (시니어신문네트워크),언론사
11311,보성신문,언론사
11312,보스데일리,언론사
11313,보스커넥트 ((주)원스타프로비),언론사
11314,보스토크 ((주)보스토크프레스),언론사
11315,보시니참좋았더라,언론사
11316,보안24 ((주) 미래산업정보원),언론사
11317,보안뉴스 (주식회사 더비엔),언론사
11318,보안신문,언론사
11319,보육&복지신문,언론사
11320,보육신문,언론사
11321,보은사,언론사
11322,보은사람들 ((주)보은사람들),언론사
11323,보은신문 ((주)보은신문사),언론사
11324,보은이뉴스 (주식회사 보은이뉴스),언론사
11325,보일러 (한국보일러공업협동조합),언론사
11326,보조금저널,언론사
11327,보조기기신문,언론사
11328,보타닉뉴스(Botanic News),언론사
11329,보통사람들,언론사
11330,보통의가치 미디어,언론사
11331,보팅저널,언론사
11332,보편적인 여행잡지,언론사
11333,보험 저널 (주식회사 더좋은보험지에이연구소),언론사
11334,보험경제 (주식회사 보험경제),언론사
11335,보험금융연구 (사단법인 보험연구원),언론사
11336,보험매일 ((주)보험매일),언론사
11337,보험신문,언론사
11338,보험신보,언론사
11339,보험신보 ((주)보험신보),언론사
11340,보험일보,언론사
11341,보험저널 매거진,언론사
11342,보훈종합신문 (주식회사 송림케이아이디),언론사
11343,보훈클럽,언론사
11344,복권기금 꿈사다리 뉴스레터(렛츠복꿈) (재단법인 한국장학재단),언론사
11345,복덩이뉴스,언론사
11346,복된말씀,언론사
11347,복스(VOX),언론사
11348,복음과 상황,언론사
11349,복음과 실천신학,언론사
11350,복음기도신문,언론사
11351,복음신문,언론사
11352,복음인,언론사
11353,복있는사람,언론사
11354,복지21신문,언론사
11355,복지21신문사,언론사
11356,복지TV강원방송 (주식회사 복지티브이강원방송),언론사
11357,복지TV경기방송,언론사
11358,복지TV전남방송,언론사
11359,복지TV중부방송 (복지티브이대전방송 주식회사),언론사
11360,복지TV충남방송,언론사
11361,복지TV충북방송,언론사
11362,복지TV호남방송 (주식회사 복지티비 호남방송),언론사
11363,복지in,언론사
11364,복지경영뉴스,언론사
11365,복지굿뉴스,언론사
11366,복지뉴스,언론사
11367,복지닷컴 (사회적협동조합 여로),언론사
11368,복지데일리 (사)충청북도사회복지개발회),언론사
11369,복지동향,언론사
11370,복지목회,언론사
11371,복지문화신문,언론사
11372,복지미디어 ((주)복지닷컴),언론사
11373,복지미디어저널,언론사
11374,복지신문,언론사
11375,복지양산 people (재단법인 양산시복지재단),언론사
11376,복지연합신문,언론사
11377,복지요양신문,언론사
11378,복지이슈 FOCUS (재단법인 경기복지재단),언론사
11379,복지일보 (사단법인 복지월드),언론사
11380,복지장애인신문,언론사
11381,복지저널 (사회복지법인 한국사회복지협의회),언론사
11382,복지저널365 ((주)블루스터디),언론사
11383,복지종합일보,언론사
11384,복지코리아,언론사
11385,복지타임즈 (사회복지법인 한국사회복지협의회),언론사
11386,복지투데이 (주식회사 미디어복지 (media bokji)),언론사
11387,복지티브이영남방송 (복지티브이영남방송(주)),언론사
11388,복지티브이전북방송 (복지티브이전북방송 주식회사),언론사
11389,복지티브이한국웰페어뉴스 (희망복지영남방송(주)),언론사
11390,복지환경 (사회복지법인 횃불나눔재단),언론사
11391,복지환경저널Journal,언론사
11392,본어게인,언론사
11393,본얼라인매거진,언론사
11394,본질과 현상,언론사
11395,본헤럴드,언론사
11396,볼 (한국문화예술위원회),언론사
11397,볼런티어뉴스(Volunteer News),언론사
11398,볼링매거진 (주식회사 볼링인매거진),언론사
11399,볼링스토리 (주식회사 볼링스토리),언론사
11400,볼링인매거진 (주식회사 볼링인매거진),언론사
11401,볼트카(VOLTCAR) ((주)가야미디어),언론사
11402,봄봄뉴스,언론사
11403,봄여름가을겨울,언론사
11404,봄요가,언론사
11405,봄포스트,언론사
11406,봄필라테스저널,언론사
11407,봄필라테스타임즈,언론사
11408,봉녕,언론사
11409,봉담 메아리,언론사
11410,봉림사보,언론사
11411,봉사하는 사람들,언론사
11412,봉성신문,언론사
11413,봉성신문 (봉성사회적협동조합),언론사
11414,봉원사보,언론사
11415,봉제기술,언론사
11416,봉화뉴스,언론사
11417,봉화인터넷뉴스,언론사
11418,봉화일보 (주식회사 봉화일보),언론사
11419,봉화일보인터넷뉴스 (주식회사 봉화일보),언론사
11420,봉황망코리아(BHM KOREA),언론사
11421,봉황신보 (주식회사 매일신보),언론사
11422,부경매일 (주식회사 비유케이미디어),언론사
11423,부경복지환경신문,언론사
11424,부경타임즈,언론사
11425,부글부글미디어,언론사
11426,부끼북기,언론사
11427,부동산 가이드,언론사
11428,부동산 리터러시 타임즈,언론사
11429,부동산 창고,언론사
11430,부동산24 ((주)부동산24),언론사
11431,부동산EXPO,언론사
11432,부동산경제,언론사
11433,부동산경제tv,언론사
11434,부동산경제신문 (부동산경제신문(주)),언론사
11435,부동산금융신문,언론사
11436,부동산뉴스데스크,언론사
11437,부동산데일리 ((주)휴데일리),언론사
11438,부동산동서남북,언론사
11439,부동산레이다,언론사
11440,부동산메트로경제 ((주)부동산메트로),언론사
11441,부동산시장보고서 (저스트알 주식회사),언론사
11442,부동산신문 (주식회사 제이에스아이미디어),언론사
11443,부동산엔피엘뉴스,언론사
11444,부동산은 대장~홍대선을 타고,언론사
11445,부동산이슈저널,언론사
11446,부동산이코노미 ((사)새대한공인중개사협회),언론사
11447,부동산인터넷신문,언론사
11448,부동산저널,언론사
11449,부동산정보신문 (주식회사 리치에셋컨설팅),언론사
11450,부동산천국 ((주)부동산네트웍스),언론사
11451,부동산칸,언론사
11452,부동산코리아,언론사
11453,부동산타임즈 ((주)파인스(PINES)),언론사
11454,부동산태인경매,언론사
11455,부동산투자개발view ((사)한국부동산투자자문협회),언론사
11456,부모님과 함께하는 어린이기도수첩 유아유치부 (사단법인 세계복음화전도협회),언론사
11457,부빅 ((주)비즈엠피플),언론사
11458,부산 미디어 (뉴스코리아 주식회사),언론사
11459,부산 비즈니스 뉴스,언론사
11460,부산 장노년시대 공감,언론사
11461,부산 포커스,언론사
11462,부산AI교육뉴스,언론사
11463,부산MBC (부산문화방송주식회사),언론사
11464,부산강서 창의교육신문,언론사
11465,부산경마,언론사
11466,부산경제 (주식회사부산경제신문),언론사
11467,부산경제뉴스 (주식회사 부산경제뉴스),언론사
11468,부산경제방송 (㈜부산경제방송),언론사
11469,부산경제신문 (주식회사부산경제신문),언론사
11470,부산글로벌문학섹션 (사단법인 부산광역시문인협회),언론사
11471,부산금정한국문화교육진흥신문,언론사
11472,부산기독교총연합회신문 (사단법인부산기독교총연합회),언론사
11473,부산기장평생교육원,언론사
11474,부산뉴스 (부산뉴스),언론사
11475,부산뉴스 KNS (주식회사 아시아미디어센터),언론사
11476,부산뉴스연합,언론사
11477,부산다문화교육복지신문,언론사
11478,부산닷컴 (부산일보(주)),언론사
11479,부산동래Think&Solve문화신문,언론사
11480,부산매일 ((주)부산매일신문),언론사
11481,부산매일신문,언론사
11482,부산메카 (주식회사 글로브임펙트),언론사
11483,부산메트로데일리,언론사
11484,부산문단,언론사
11485,부산미래신문,언론사
11486,부산미술,언론사
11487,부산보건복지평생교육원 신문,언론사
11488,부산부경인재교육개발 신문,언론사
11489,부산불교,언론사
11490,부산사랑케이팝,언론사
11491,부산산업직업신문,언론사
11492,부산서구Think&Solve,언론사
11493,부산세계타임즈 (주식회사 세계타임즈),언론사
11494,부산소비자신문 (주식회사 부산소비자신문),언론사
11495,부산소설,언론사
11496,부산시니어신문 (시니어신문네트워크),언론사
11497,부산시단,언론사
11498,부산시사뉴스 (부산시사뉴스 주식회사),언론사
11499,부산시예술위 소식지,언론사
11500,부산시예환위,언론사
11501,부산시인 (사단법인 부산시인협회),언론사
11502,부산시조,언론사
11503,부산신문 ((주)을숙도),언론사
11504,부산아이뉴스,언론사
11505,부산언론인연합회 (주식회사 부언련),언론사
11506,부산여성신문 (주식회사 부산여성뉴스),언론사
11507,부산영도신문,언론사
11508,부산오늘경제 (㈜부산오늘경제),언론사
11509,부산의 소리,언론사
11510,부산인물,언론사
11511,부산인터넷뉴스,언론사
11512,부산인터넷신문,언론사
11513,부산일보,언론사
11514,부산일자리뉴스 (주식회사 대한글로벌),언론사
11515,부산자랑 시민예술제 백일장 입상 작품집 (사단법인 부산광역시문인협회),언론사
11516,부산자원봉사,언론사
11517,부산작고문인 작품집(산문) (사단법인 부산광역시문인협회),언론사
11518,부산작고문인 작품집(운문) (사단법인 부산광역시문인협회),언론사
11519,부산좋은신문 (㈜부산인재역량개발원),언론사
11520,부산중구문학,언론사
11521,부산직업능력교육원,언론사
11522,부산창업신문 (주식회사 창업경영신문사),언론사
11523,부산청소년신문,언론사
11524,부산칼리지평생교육원,언론사
11525,부산크리스천문학,언론사
11526,부산파이낸셜뉴스 (부산파이낸셜뉴스신문(주)),언론사
11527,부산평생교육신문,언론사
11528,부산평생문화신문,언론사
11529,부산햅스(busan haps),언론사
11530,부산희망저널,언론사
11531,부스러기편지 ((사)부스러기사랑나눔회),언론사
11532,부안人신문,언론사
11533,부안군민신문,언론사
11534,부안뉴스 (유한회사 주간부안뉴스),언론사
11535,부안독립신문 ((주)부안독립신문),언론사
11536,부안브레이크뉴스 (주식회사 부안브레이크뉴스),언론사
11537,부안서림신문,언론사
11538,부안우리들뉴스,언론사
11539,부안인터넷신문,언론사
11540,부안저널,언론사
11541,부안제일신문 (주식회사 부안제일신문),언론사
11542,부여군민신문,언론사
11543,부여뉴스 (주식회사 부여뉴스),언론사
11544,부여방송,언론사
11545,부여신문,언론사
11546,부여의 소리 (부여공동체미디어협동조합),언론사
11547,부여이슈 (주식회사 아름미디어그룹),언론사
11548,부용 법보,언론사
11549,부울경CNB뉴스,언론사
11550,부울경人 (주식회사 비유케이미디어),언론사
11551,부울경뉴스 (부울경뉴스 협동조합),언론사
11552,부울경문화뉴스,언론사
11553,부울경신문 (부울경뉴스 협동조합),언론사
11554,부울신문,언론사
11555,부울신문 문학포럼,언론사
11556,부일신문,언론사
11557,부자동,언론사
11558,부자동네타임즈 (주식회사 부자동네타임즈),언론사
11559,부자머니부동산환경,언론사
11560,부자비즈 (주식회사 리더스비전),언론사
11561,부자와성공가이드,언론사
11562,부정부패방지뉴스,언론사
11563,부정부패방지신문 (주식회사 부정부패방지신문),언론사
11564,부정부패인터넷신문 (주식회사 부정부패방지신문),언론사
11565,부채질닷컴 (세이패스 주식회사),언론사
11566,부처님과 함께하는 은해사 사람들,언론사
11567,부천 내일신문 ((주)내일엘엠씨),언론사
11568,부천 뉴매거진,언론사
11569,부천21,언론사
11570,부천Top뉴스,언론사
11571,부천e뉴스,언론사
11572,부천경성신문,언론사
11573,부천경제신문,언론사
11574,부천굴포항뉴스,언론사
11575,부천글로벌뉴스,언론사
11576,부천뉴스,언론사
11577,부천매일,언론사
11578,부천문화저널,언론사
11579,부천미래신문,언론사
11580,부천스마트뉴스(주),언론사
11581,부천시대신문,언론사
11582,부천시민신문,언론사
11583,부천시티저널 (주식회사 아트성주),언론사
11584,부천신문,언론사
11585,부천아파트신문,언론사
11586,부천우리신문,언론사
11587,부천이레아이맘뉴스,언론사
11588,부천인뉴스(한국),언론사
11589,부천인신문 (주식회사 아름다운하모니),언론사
11590,부천일보,언론사
11591,부천저널 ((주)로뎀네트워크),언론사
11592,부천청소년신문 터 (재단법인 부천문화재단),언론사
11593,부천취업직업뉴스,언론사
11594,부천포커스,언론사
11595,부천프라임뉴스,언론사
11596,부패 방지뉴스,언론사
11597,부패방지방송미디어,언론사
11598,부패방지신문,언론사
11599,부패방지저널,언론사
11600,부패방지전국뉴스,언론사
11601,부패방지전국뉴스 ((주)부패방지전국뉴스),언론사
11602,부패척결일보 ((주)부패척결일보),언론사
11603,부평교차로,언론사
11604,부평뉴스비전 (주식회사 부평뉴스비전),언론사
11605,부평신문,언론사
11606,부평위클리,언론사
11607,부평일보 (인천미래연구원 주식회사),언론사
11608,부평중소기업협의회 소식지 아우름 ((사)인천광역시부평구중소기업협의회),언론사
11609,부품소재 (한국부품.소재 산업진흥원),언론사
11610,부흥사연합신문,언론사
11611,북경기신문 (주식회사 북경기신문사),언론사
11612,북극경제신문,언론사
11613,북뉴스 (주식회사 나이스컬처),언론사
11614,북대구 팔공인터넷신문 (주식회사 한빛라이프),언론사
11615,북라이프(Book Life),언론사
11616,북방저널,언론사
11617,북부교차로 (주식회사 서울교차로),언론사
11618,북부시민연합신문 (시민연합신문 주식회사),언론사
11619,북부신문 (북부신문(주)),언론사
11620,북서울신문 ((주)북서울신문),언론사
11621,북세통 (사회적협동조합 세종문화콘텐츠연구소),언론사
11622,북소리,언론사
11623,북인천신문,언론사
11624,북인천케이블TV방송 (북인천케이블티브이 방송주식회사),언론사
11625,북저널리즘 (주식회사 스리체어스),언론사
11626,북즐뉴스,언론사
11627,북촌뉴스,언론사
11628,북촌신문,언론사
11629,북콜로지,언론사
11630,북큐레이션문화,언론사
11631,북타임즈,언론사
11632,북트립,언론사
11633,북프레스,언론사
11634,북한 ((사)북한연구소),언론사
11635,북한 지역 연구,언론사
11636,북한개발뉴스 ((주)안녕링크),언론사
11637,북한구원신문,언론사
11638,북한월간개발소식,언론사
11639,북한이탈주민지원재단재단소식 (북한이탈주민지원재단),언론사
11640,분당가죽공방뉴스,언론사
11641,분당뉴스,언론사
11642,분당신문 ((주)플래닝메이트),언론사
11643,분당판교뉴스,언론사
11644,분양뉴스24,언론사
11645,분양데일리 (주식회사 지오디앤씨),언론사
11646,분양미디어 ((주)분양일보),언론사
11647,분양신문,언론사
11648,분양일보 (부동산몬스터(주)),언론사
11649,분양정보TV ((주)우리하우징),언론사
11650,분양정보닷컴 ((주)분양정보닷컴),언론사
11651,분양통 ((주)디지털매일신문사),언론사
11652,분재시대 ((사)한국분재조합),언론사
11653,불갑사보,언론사
11654,불광 (주-불광미디어),언론사
11655,불교,언론사
11656,불교IN (주식회사 불교인),언론사
11657,불교국제방송,언론사
11658,불교닷컴,언론사
11659,불교매거진 (전국상조통합이행보증(주)),언론사
11660,불교문예,언론사
11661,불교문학,언론사
11662,불교문화,언론사
11663,불교문화신문,언론사
11664,불교복지신문,언론사
11665,불교서원,언론사
11666,불교신문,언론사
11667,불교신보,언론사
11668,불교연합신문,언론사
11669,불교와문학,언론사
11670,불교일보,언론사
11671,불교작가,언론사
11672,불교저널 ((재)선학원),언론사
11673,불교저널. ((재)선학원),언론사
11674,불교정법닷컴,언론사
11675,불교조계종신문,언론사
11676,불교중흥신문,언론사
11677,불교타임즈,언론사
11678,불교투데이 (주식회사 미디어후),언론사
11679,불교평론,언론사
11680,불만닷컴 ((주)케이프레스),언론사
11681,불모이야기,언론사
11682,불심,언론사
11683,불영TV,언론사
11684,불자TV,언론사
11685,불탑뉴스,언론사
11686,붐뉴스,언론사
11687,붓다 매거진,언론사
11688,붓다뉴스,언론사
11689,붓다링크(BuddhaLink),언론사
11690,붕어삼국지,언론사
11691,뷰스앤뉴스 ((주)네오뉴스),언론사
11692,뷰스케치 ((주)픽펄스),언론사
11693,뷰스타 매거진,언론사
11694,뷰어스 ((주)뷰어스),언론사
11695,뷰와송,언론사
11696,뷰즈,언론사
11697,뷰트랜드 리포트 (주식회사 로프트아일랜드),언론사
11698,뷰트랩플러스미디어 (주식회사 로프트아일랜드),언론사
11699,뷰티,언론사
11700,뷰티 인사이트 (주식회사 코스인),언론사
11701,뷰티 코리아 매거진 (주식회사 리홍),언론사
11702,뷰티TV방송,언론사
11703,뷰티갤러리,언론사
11704,뷰티경제 ((주)데일리코스메틱),언론사
11705,뷰티누리 (뷰티누리(주)),언론사
11706,뷰티뉴스,언론사
11707,뷰티대구,언론사
11708,뷰티라이프 ((주)도서출판비앤엘),언론사
11709,뷰티매거진충청,언론사
11710,뷰티베러 ((주)뷰티베러),언론사
11711,뷰티쁠(BEAUTY+),언론사
11712,뷰티샤(BeautySHA) 매거진,언론사
11713,뷰티스타,언론사
11714,뷰티스타플러스 (주식회사 뷰티스타),언론사
11715,뷰티신문수(水),언론사
11716,뷰티앤뷰티 (주식회사 뷰티앤뷰티),언론사
11717,뷰티에듀랩 (뷰티에듀랩 주식회사),언론사
11718,뷰티엔패션,언론사
11719,뷰티엠(Beauty M) (사단법인 대한미용사회),언론사
11720,뷰티와 사람들,언론사
11721,뷰티웰니스,언론사
11722,뷰티인(BEAUTY-IN) ((사)한국미용산업협회),언론사
11723,뷰티인사이드연합뉴스,언론사
11724,뷰티저널,언론사
11725,뷰티코리아,언론사
11726,뷰티코리아뉴스,언론사
11727,뷰티코코,언론사
11728,뷰티클럽,언론사
11729,뷰티텐(beauty ten),언론사
11730,뷰티트래블뉴스 ((주)뷰티트래블신문),언론사
11731,뷰티파크 ((주)코차산업뉴스),언론사
11732,뷰티패션,언론사
11733,뷰티포스트(Beautypost),언론사
11734,뷰티포커스,언론사
11735,뷰티포커스(BeautyFocus),언론사
11736,뷰티플사인,언론사
11737,뷰티한국 (뷰티한국 주식회사),언론사
11738,뷰티헬스신문,언론사
11739,뷰파인더,언론사
11740,브라보마이라이프 (주식회사 이투데이피엔씨),언론사
11741,브래드 리포트,언론사
11742,브랜드 타임즈(Brand Times) (브랜딩그룹(주)),언론사
11743,브랜드농식품,언론사
11744,브랜드뉴스(brandnews) (사단법인 국가브랜드진흥원),언론사
11745,브랜드뉴스+(플러스) BRAND NEWS+(Plus),언론사
11746,브랜드뉴와인 ((주)비닛),언론사
11747,브랜드데스크(brandesk) ((주)고마오),언론사
11748,브랜드브리프 (뉴데일리(주)),언론사
11749,브랜드앤뉴스 (주식회사 글로벌이앤아이),언론사
11750,브런치경제,언론사
11751,브레스저널,언론사
11752,브레이브스톤(bravestone),언론사
11753,브레이브힐포스트,언론사
11754,브레이크뉴스 강원 (주식회사 비티비미디어),언론사
11755,브레이크뉴스 경기북부 (주식회사 비티비미디어),언론사
11756,브레이크뉴스 전남동부 (포도나무(주)),언론사
11757,브레이크뉴스(break news) ((주)브레이크뉴스),언론사
11758,브레이크뉴스경기남부,언론사
11759,브레이크뉴스경기동북부,언론사
11760,브레이크뉴스경남,언론사
11761,브레이크뉴스대구경북 ((주)브레이크뉴스대구경북),언론사
11762,브레이크뉴스대전충청 (브레이크뉴스(주)),언론사
11763,브레이크뉴스전북 (주식회사 브레이크뉴스전북),언론사
11764,브레인 건강 뉴스,언론사
11765,브레인 골프 (주식회사 한문화멀티미디어),언론사
11766,브레인 톡톡 뉴스,언론사
11767,브레인(Brain) ((재)한국뇌과학연구원),언론사
11768,브레인뉴스 (주식회사 브레인뉴스),언론사
11769,브레인박스 ((주)브레인박스벤치마크),언론사
11770,브레인스포츠투데이 (비에스티(주)),언론사
11771,브레인씨,언론사
11772,브레인킹(BRAIN KING) (브라운상민),언론사
11773,브레일코리아,언론사
11774,브로드 뉴스,언론사
11775,브로드컬리(BROADCALLY),언론사
11776,브로우매거진 (주식회사 톡스앤필브로우강남눈썹반영구두피문신강남본점),언론사
11777,브로큰세븐(BROKEN SEVEN),언론사
11778,브리드매거진 (주식회사 브리드필라테스),언론사
11779,브리드앤요가 타임즈,언론사
11780,브리드필라테스 매거진,언론사
11781,브리즈뉴스,언론사
11782,브리크 brique (주식회사 브리크컴퍼니),언론사
11783,브리트신문,언론사
11784,브리핑 뉴스 (주식회사 삼산),언론사
11785,브리핑일보,언론사
11786,브릭스 매거진,언론사
11787,브릿지 저널,언론사
11788,브릿지경북,언론사
11789,브릿지경제신문,언론사
11790,브릿지경제신문 ((주)브릿지경제신문사),언론사
11791,브릿지온 저널(Bridge On Journal) (브릿지온협동조합),언론사
11792,브릿지코리아(Bridge Korea),언론사
11793,브릿지타임즈,언론사
11794,브릿지프레스,언론사
11795,브릿필라뉴스 (주식회사 브릿필라테스),언론사
11796,브릿필라매거진,언론사
11797,브이랩 애오개뉴스 (주식회사 브이랩코퍼레이션),언론사
11798,브이랩 왕십리뉴스 (주식회사 브이랩코퍼레이션),언론사
11799,브이랩필라테스 (주식회사 브이랩코퍼레이션(vlab corporation)),언론사
11800,브이랩필라테스 왕십리뉴스 ((주)브이랩코퍼레이션),언론사
11801,브이알오즈(VROZ) (주식회사 브로즈아시아),언론사
11802,브이케이타임즈(V.K. TIMES),언론사
11803,블라인드 코리아,언론사
11804,블랙라이언,언론사
11805,블랙스완뉴스,언론사
11806,블랙엣지 (주식회사 아트너컨설팅),언론사
11807,블랙워터이슈(Black Water Issue),언론사
11808,블랙워터페이퍼(Black Water Paper),언론사
11809,블랙코믹스,언론사
11810,블레싱뉴스,언론사
11811,블레싱팩토리뉴스,언론사
11812,블레싱핸즈,언론사
11813,블로그뉴스 (주식회사 뉴스원),언론사
11814,블로진 (주식회사 쥐엔),언론사
11815,블로터 ((주)블로터앤미디어),언론사
11816,블록데일리(BLOCK DAILY) (블록뉴스(주)),언론사
11817,블록미디어 ((주)블록미디어),언론사
11818,블록스타,언론사
11819,블록스트리트(Blockstreet) ((주)블록스트리트),언론사
11820,블록인프레스 ((주)블록인프레스),언론사
11821,블록체인21(BLOCKCHAIN21),언론사
11822,블록체인경제신문 (주식회사 센머니뉴스),언론사
11823,블록체인뉴스 (주식회사 싱코),언론사
11824,블록체인서울 (주식회사 하잎랩),언론사
11825,블록체인신문,언론사
11826,블록체인어스 (주식회사 비스타즈파트너스),언론사
11827,블록체인월드뉴스 (주식회사 블록체인월드),언론사
11828,블록체인정보 ((주)지식인),언론사
11829,블록체인타임즈 (주식회사 블록체인타임즈),언론사
11830,블록체인투데이 (주식회사 에이비비),언론사
11831,블록테크미디어(BLOCKTECH MEDIA) ((주)블록테크미디어),언론사
11832,블록투데이,언론사
11833,블록포스트 (블록포스트 (주)),언론사
11834,블록핀(BLOCKFIN) (인더뉴스(주)),언론사
11835,블루 투데이,언론사
11836,블루뉴스 (주식회사 빅밸리미디어),언론사
11837,블루데일리,언론사
11838,블루밍비트 (주식회사 블루밍비트),언론사
11839,블루아이 미디어,언론사
11840,블루앤 소식지 (주식회사 블루앤),언론사
11841,블루앤그린 ((주)동승통상),언론사
11842,블루오션뉴스,언론사
11843,블루진,언론사
11844,블루진(BLUZINE),언론사
11845,블루프레임(BLUEFRAME),언론사
11846,블리스 ((주)블리스에듀),언론사
11847,블립 매거진 ((주)스페이스오디티),언론사
11848,비건뉴스 (주식회사 뉴스플래닛),언론사
11849,비기닝뉴스,언론사
11850,비디오 아트,언론사
11851,비디오메니아,언론사
11852,비디오세계,언론사
11853,비로소,언론사
11854,비로컬 (비로컬(주)),언론사
11855,비릿,언론사
11856,비마이너 (비마이너 주식회사),언론사
11857,비마이뉴스,언론사
11858,비마이펫 라이프 (비마이펫(주)),언론사
11859,비마인필라테스 미디어,언론사
11860,비바 헤리티지 시리즈 Viva Heritage Series (VHS) (박스8 주식회사 (Box8 Inc.)),언론사
11861,비바2080 ((주)비바2080),언론사
11862,비밥스매거진 (주식회사 비밥스),언론사
11863,비브필라테스 타임즈,언론사
11864,비비기구 필라테스,언론사
11865,비비르 라이프,언론사
11866,비사벌뉴스 ((주)비사벌신문),언론사
11867,비사벌신문 (주식회사 비사벌신문),언론사
11868,비석세스 ((주)비석세스),언론사
11869,비손에듀 매거진 (주식회사 비손비격),언론사
11870,비숨코리아,언론사
11871,비스컴,언론사
11872,비스켓(BISKET),언론사
11873,비스타매거진(Vista Magazine),언론사
11874,비아이(Bi),언론사
11875,비아이(B·I),언론사
11876,비아이뉴스 ((주)에이치케이미디어웍스),언론사
11877,비아이에스뉴스 (주식회사 더비즈),언론사
11878,비아이에프(v.i.f),언론사
11879,비아이코리아(BI KOREA),언론사
11880,비알뉴스,언론사
11881,비앤티뉴스 ((주)비앤티뉴스),언론사
11882,비앤피스크립트,언론사
11883,비어포스트 (주식회사 비어포스트),언론사
11884,비에스엔,언론사
11885,비에이치디뉴스 ((주)비에이치디코리아),언론사
11886,비에이티 지티 챔피언십 시리즈 (케이엠알씨 주식회사),언론사
11887,비엔에스 콘텐츠 매거진 ((주) 비엔에스콘텐츠센터),언론사
11888,비엔케이에듀뉴스 (주식회사 비앤케이에듀케이션),언론사
11889,비엘포스트,언론사
11890,비엣비즈코리아(VietBiz Korea) (주식회사 비엣비즈코리아),언론사
11891,비오비 ((주)비오비컬처스),언론사
11892,비온뒤,언론사
11893,비온미디어 (비온미디어㈜),언론사
11894,비옽,언론사
11895,비욘드,언론사
11896,비욘드그룹포스트 (주식회사 비욘드그룹),언론사
11897,비욘드라이프,언론사
11898,비욘드엠디 (주식회사 비진코리아),언론사
11899,비욘드포스트(Beyond Post) ((주) 비욘드포스트),언론사
11900,비욘드피티포스트 (주식회사 비욘드피티필라테스),언론사
11901,비움요가채움필라 미디어,언론사
11902,비원뉴스(오직 진실만 찾는 사람들),언론사
11903,비율 좋은 뉴스(동탄산척점),언론사
11904,비이컨(BEACON),언론사
11905,비자트(BIZart) ((주)에스엠비넷),언론사
11906,"비전 (주식회사 아이알이디 (IRED Co., Ltd.))",언론사
11907,비전(BIZION) ((주)비전컴퍼니),언론사
11908,비전21뉴스,언론사
11909,비전뉴스,언론사
11910,비전데일리뉴스,언론사
11911,비전리포트 (주식회사 에이블런),언론사
11912,비전시흥포커스 (주식회사 비전시흥),언론사
11913,비전아카데미 ((주)비전아카데미),언론사
11914,비전원투뉴스 ((주)비전완투),언론사
11915,비전티브이뉴스(비전TV뉴스) (주식회사 비전티브이방송뉴스),언론사
11916,비젼뉴스 (주식회사 코드포레스트),언론사
11917,비젼평생교육신문 (주)비젼평생교육원),언론사
11918,비젼플러스(VISION PLUS),언론사
11919,비주얼다이브 ((주)비주얼다이브),언론사
11920,비주얼크리에이터뉴스 ((주)프롬마벨),언론사
11921,비즈 브로커 오프 ((주)골든글로벌),언론사
11922,비즈N,언론사
11923,비즈ytn (주식회사 세종미디어랩),언론사
11924,비즈경영뉴스 ((주)비즈경영개발원),언론사
11925,비즈경제뉴스 ((주)허브엠),언론사
11926,비즈넷 미디어,언론사
11927,비즈넷타임스,언론사
11928,비즈니스 데일리,언론사
11929,비즈니스라이프,언론사
11930,비즈니스리포트,언론사
11931,비즈니스리포트 ((주)비즈니스리포트),언론사
11932,비즈니스매거진(Business Magazine),언론사
11933,비즈니스미디어 ((주)제이제이미디어그룹),언론사
11934,비즈니스코리아 ((주)비지니스코리아),언론사
11935,비즈니스포스트 ((주)비즈니스포스트),언론사
11936,비즈니스플러스 (비즈앤저널 협동조합),언론사
11937,비즈니스피티투데이 ((주)로프트아일랜드),언론사
11938,비즈데일리,언론사
11939,비즈라이프,언론사
11940,비즈룩(BeadsLook) ((주)아이프리퍼),언론사
11941,비즈리더스 (루미투스 주식회사),언론사
11942,비즈리포트 ((주)비즈리포트),언론사
11943,비즈맘타임즈,언론사
11944,비즈메디타임즈,언론사
11945,비즈버즈,언론사
11946,비즈서울 (우먼데일리),언론사
11947,비즈셀미디어,언론사
11948,비즈아트 (주식회사 큰획),언론사
11949,비즈앤뉴스 ((주)비즈앤뉴스),언론사
11950,비즈앤잡스(BIZ&JOBS) ((사)한국디지털컨버전스협회),언론사
11951,비즈앤피플,언론사
11952,비즈업데일리 (주식회사 콘쿡),언론사
11953,비즈엔터 ((주)비즈미디어웍스),언론사
11954,비즈엠 (주식회사 경인일보),언론사
11955,비즈워치 (주식회사 비즈니스워치),언론사
11956,비즈워크,언론사
11957,비즈워크 ((주)비즈워크미디어그룹),언론사
11958,비즈원뉴스 ((주)비즈원뉴스),언론사
11959,비즈월드 ((주)비즈월드뉴스),언론사
11960,비즈위드 ((주)디에스에프앤씨),언론사
11961,비즈이코노미,언론사
11962,비즈인사이트 (주식회사 케이에이치솔루션),언론사
11963,비즈인천,언론사
11964,비즈인포 ((주)엠아이미디어),언론사
11965,비즈중앙,언론사
11966,비즈창업뉴스,언론사
11967,비즈채널,언론사
11968,비즈체크,언론사
11969,비즈타임즈 ((주)동우알앤디),언론사
11970,비즈투데이,언론사
11971,비즈트리뷴 ((주)비즈니스트리뷴),언론사
11972,비즈포스트,언론사
11973,비즈포커스(Biz Focus),언론사
11974,비즈프레스 (주식회사 라이징),언론사
11975,비즈플러스,언론사
11976,비즈플레이스(biz place),언론사
11977,비즈한국 ((주)일요신문사),언론사
11978,비지니스 리더(Business Leader),언론사
11979,비지니스 저널,언론사
11980,비지니스이슈(Business Issue) ((주)광교이택스),언론사
11981,비카이브,언론사
11982,비쿨진(BeCulZine),언론사
11983,비타뉴스,언론사
11984,비타미디어(VITAMEDIA) (주식회사 율라니),언론사
11985,비타민 플러스(+),언론사
11986,비타민뉴스 (주식회사 바이타링크),언론사
11987,비타어린이기자단 신문 (주식회사 워터빈),언론사
11988,비트뉴스 (비트뉴스 (주)),언론사
11989,비트와이드 ((주)아이엑스소프트),언론사
11990,비트코인뉴스 (펠릭스플러스 주식회사),언론사
11991,비트허브(The Bit Hub) (주식회사 비트허브),언론사
11992,비틀뉴스,언론사
11993,비티비뉴스(BeTV News) (뷰티브이(주)),언론사
11994,비평공간,언론사
11995,비평과논란,언론사
11996,비프(vif),언론사
11997,비플러스 (주식회사 온더무브),언론사
11998,비하인드 ((주)비하인드뉴스그룹),언론사
11999,빅경제뉴스 ((주) 코스터미디어),언론사
12000,빅뉴스 ((주)미디어빅뉴스),언론사
12001,빅데이터뉴스(TheBigData) ((주)빅데이터뉴스),언론사
12002,빅데일리뉴스,언론사
12003,빅블러 ((주)뉴스노믹스),언론사
12004,빅상식퍼즐,언론사
12005,빅터뉴스 ((주)빅버즈코리아),언론사
12006,빅터웨스턴 (주식회사 컬쳐컴플렉스),언론사
12007,빅텐트,언론사
12008,빅픽뉴스 (주식회사 씨티애드),언론사
12009,빅히트뉴스,언론사
12010,빈들 ((주)위드교육),언론사
12011,빈트리뉴스(BinTreeNewS) (빈트리 주식회사),언론사
12012,빌드업뉴스 (명진랩 주식회사),언론사
12013,빌딩경제신문,언론사
12014,빌딩관리,언론사
12015,빌딩문화,언론사
12016,빌리어즈,언론사
12017,빌리어즈앤스포츠 (주식회사 빌리어즈),언론사
12018,빌리언에어(Billionaire) (주식회사 삼신다이아몬드),언론사
12019,빌리프랜즈(Beliefriends),언론사
12020,빌보드K (주식회사 빌보드코리아),언론사
12021,빌보드코리아,언론사
12022,빗바리,언론사
12023,빛,언론사
12024,빛zine,언론사
12025,빛가람뉴스,언론사
12026,빛가람신문,언론사
12027,빛가람신문 (주식회사 빛가람신문),언론사
12028,빛고을광주덕성1번지,언론사
12029,빛고을뉴스,언론사
12030,빛고을신문,언론사
12031,빛고을아름다운신문,언론사
12032,빛고을일보 (빛고을일보 주식회사),언론사
12033,빛과소금,언론사
12034,빛과소금뉴스,언론사
12035,빛나의 행복저널,언론사
12036,빛두레 ((사)기쁨과희망사목연구원),언론사
12037,빛솔인재개발원 (주식회사 빛솔인재개발원),언론사
12038,빛요가테라피월,언론사
12039,빛의사람들 ((사)천주교사회교정사목위원회),언론사
12040,빛처럼,언론사
12041,빨간 세시간 ((주)해주세요),언론사
12042,빵야뉴스 ((주)빵야뉴스),언론사
12043,빵준서뉴스 (주식회사 빵준서),언론사
12044,빵티티,언론사
12045,뻔씨네 ((주)마오랑),언론사
12046,뾰로롱Ppyororong,언론사
12047,뿌리,언론사
12048,뿌리공원全國門中協會報 (사단법인 뿌리공원전국문중협회),언론사
12049,뿌리내림,언론사
12050,뿌리방송 (주식회사 큰뿌리),언론사
12051,사00001,언론사
12052,사거리 신문사,언론사
12053,사건25시,언론사
12054,사건의내막,언론사
12055,사건의내막 ((주)펜그리고자유 대표),언론사
12056,사계원컬렉션 (주식회사 골프애드세일),언론사
12057,사계절평생교육원,언론사
12058,사계필라테스(도농점),언론사
12059,사곡면소식,언론사
12060,사내근로복지기금뉴스 ((주)사내근로복지기금연구소),언론사
12061,사닥다리,언론사
12062,사단법인 대한민국 신문기자협회,언론사
12063,사단법인 대한민국 언론인연합 협의회,언론사
12064,사단법인 빅이슈코리아 (사단법인 빅이슈코리아),언론사
12065,사단법인 한국장애인MICE협회 NEWS LETTER (사단법인 한국장애인마이스협회),언론사
12066,사도행전29타임즈,언론사
12067,사라미,언론사
12068,사라센 뷰티 SARACEN BEAUTY,언론사
12069,사람in강서마을,언론사
12070,사람과 공간 (주식회사 해피코),언론사
12071,사람과 보따리 ((사)경기도평택항소무역연합회),언론사
12072,사람과 복지,언론사
12073,사람과 의료 (사단법인 인도주의실천의사협의회),언론사
12074,사람과 하늘,언론사
12075,사람과뉴스,언론사
12076,사람과사회,언론사
12077,사람과산,언론사
12078,사람과잡대전뉴스,언론사
12079,사람과잡문화뉴스일보,언론사
12080,사람과잡직업뉴스,언론사
12081,사람과집,언론사
12082,사람뉴스 ((주)스마트플랫폼),언론사
12083,사람들 (주식회사 사람들),언론사
12084,사람을 만나고 싶다.,언론사
12085,사람의문학,언론사
12086,사람의풍경,언론사
12087,사람이 사랑이다,언론사
12088,사람일보,언론사
12089,사람찾기신문 ((주)사람찾기신문),언론사
12090,사람풍경 (주식회사 사람풍경),언론사
12091,사람희망신문,언론사
12092,사랑+,언론사
12093,사랑과 공의 뉴스,언론사
12094,사랑과 영혼 ((주)제이섹션),언론사
12095,사랑과열정가이드,언론사
12096,사랑깊은동산 (사회복지법인 은평천사원),언론사
12097,사랑깊은약속,언론사
12098,사랑나눔실천가이드,언론사
12099,사랑뉴스,언론사
12100,사랑위드뉴스라인,언론사
12101,사랑의 리퀘스트 ((주)가연엠에스아이),언론사
12102,사랑의 편지,언론사
12103,사랑의푸시핀 (주식회사 사랑의푸시핀),언론사
12104,사랑이있는교육 (주)폴리엠충주),언론사
12105,사랑합니다,언론사
12106,사례뉴스 ((주)가인지캠퍼스),언론사
12107,사립탐정,언론사
12108,사목정보,언론사
12109,사민뉴스,언론사
12110,사법행정,언론사
12111,사보 (프뢰벨하우스(주)),언론사
12112,사보 신촌사료,언론사
12113,사보 홍익 ((주)신호페이퍼 대표),언론사
12114,사보기자네트워크,언론사
12115,사보한올 (한올제약 주식회사),언론사
12116,사상계,언론사
12117,사상계(思想界) (사상계미디어 주식회사),언론사
12118,사상신문 (사단법인 사상신문사),언론사
12119,사상타임스(SaSangTimes) ((주)사상타임스),언론사
12120,사색,언론사
12121,사색의향기,언론사
12122,사슴과 건강,언론사
12123,사슴과 녹용 ((사)한국사슴협회),언론사
12124,사슴지,언론사
12125,사업 끌어주는 남자,언론사
12126,사역의 말씀 다이제스트,언론사
12127,사운드넥트,언론사
12128,사운드온에어(Sound on air) (주식회사 미디앤사운드),언론사
12129,사이다 (주식회사 더페이퍼),언론사
12130,사이다뉴스 ((주)사이다),언론사
12131,사이동마을신문,언론사
12132,사이드뷰,언론사
12133,사이버안보연구 (사단법인 한국사이버안보학회),언론사
12134,사이버안보저널,언론사
12135,사이버오로 (세계사이버기원(주)),언론사
12136,사이버타임즈(cybertimes),언론사
12137,사이언스 올제 ((주)과학과 문화),언론사
12138,사이언스21 (주식회사 사이언스이십일),언론사
12139,사이언스데일리,언론사
12140,사이언스모니터,언론사
12141,사이언스엠디,언론사
12142,사이언스엠디뉴스 (사이언스엠디뉴스(주)),언론사
12143,사이언스웨이브,언론사
12144,사이언스타임즈 (재단법인 한국과학창의재단),언론사
12145,사이펀,언론사
12146,사인문화 ((주)에스엠비앤씨),언론사
12147,사인앤그래픽,언론사
12148,사임당,언론사
12149,사임당평생교육원 (주식회사 사임당),언론사
12150,사장님인사이트 ((주)책임지는사회네트워크),언론사
12151,사주 뉴스 (뉴스코리아 주식회사),언론사
12152,사주 데일리 (뉴스코리아 주식회사),언론사
12153,사주명리경채TV,언론사
12154,사주와타로 교육원뉴스,언론사
12155,사쥬(SAGE) (가온미디어(주)),언론사
12156,사진영상총람(PHOTO IMAGING DIRECTORY),언론사
12157,사진예술,언론사
12158,사진예술 ((주)사진예술),언론사
12159,사천신문 (사천신문(주)),언론사
12160,사천을담다,언론사
12161,사포,언론사
12162,사하뉴스,언론사
12163,사하신문 ((주)을숙도),언론사
12164,사학회보 ((사)한국사립초중고등학교법인협의회),언론사
12165,사회 공헌 뉴스 (주식회사창조적봉사그룹),언론사
12166,사회공헌과 복지,언론사
12167,사회공헌문화신문,언론사
12168,사회공헌신문,언론사
12169,사회공헌저널,언론사
12170,사회공헌타임스,언론사
12171,사회교육신문 ((주)한국사회교육미디어),언론사
12172,사회리더 대학생 멘토링 뉴스레터 (재단법인 한국장학재단),언론사
12173,사회복지법인 세계불교종단연맹복지재단 전북지부,언론사
12174,사회복지신문,언론사
12175,사회복지잡뉴스,언론사
12176,사회복지정보신문,언론사
12177,사회복지환경신문,언론사
12178,사회봉사신문 (주식회사 사회봉사신문),언론사
12179,사회서비스방송 ((사)한국사회서비스인력직업훈련협회),언론사
12180,사회안전.학교폭력예방신문,언론사
12181,사회안전신문(SafeNews) ((주)사회안전신문),언론사
12182,사회안전일보,언론사
12183,사회연대경제미디어랩(SSEMediaLab) (사회연대경제교육원 사회적협동조합),언론사
12184,사회인골프신문,언론사
12185,사회인야구신문,언론사
12186,사회인축구신문,언론사
12187,사회일보,언론사
12188,사회적경제뉴스 (주식회사 나들이),언론사
12189,사회적경제방송 (사회적경제방송 주식회사),언론사
12190,사회적경제신문 ((주)사회적경제신문),언론사
12191,사회적기업신문 (주식회사 사회적기업신문사),언론사
12192,사회적약자와 함께하는 신문,언론사
12193,사회적책임연대(SRN),언론사
12194,사회적협동조합 경기사회서비스협회 매거진 (사회적협동조합 경기사회서비스협회),언론사
12195,사회진보연대,언론사
12196,사회질서신문,언론사
12197,사회혁신 포커스,언론사
12198,사회현상과심리,언론사
12199,산,언론사
12200,산 막 골,언론사
12201,산경enews,언론사
12202,산경에너지 ((주)산경이뉴스신문사),언론사
12203,산경일보,언론사
12204,산경일보 ((주)산경일보),언론사
12205,산경투데이 (주식회사 산경미디어),언론사
12206,산들소리,언론사
12207,산림 (산림조합중앙회),언론사
12208,산림경제신문(Forest Economy News),언론사
12209,산림경제타임스,언론사
12210,산림녹지신문,언론사
12211,산림녹지환경신문,언론사
12212,산림뉴스 (하브루타미래포럼 주식회사),언론사
12213,산림문학 山林文學 (사단법인 한국산림문학회),언론사
12214,산림신문 (산림신문(주)),언론사
12215,산림일보,언론사
12216,산림치유저널,언론사
12217,산림환경신문 (사단법인 산림환경포럼),언론사
12218,산보배인사이트 ((주)더코스모),언론사
12219,산삼배양근 알림,언론사
12220,산성마을신문,언론사
12221,산소마을,언론사
12222,산업경제TV,언론사
12223,산업경제신문 (주식회사 이비뉴스산업경제),언론사
12224,산업경제일보,언론사
12225,산업관광신문,언론사
12226,산업뉴스 (주식회사 더페어),언론사
12227,산업단지신문 ((주)첨단),언론사
12228,산업데일리 ((주)산업데일리신문사),언론사
12229,산업문화,언론사
12230,산업보건 (사단법인 대한산업보건협회),언론사
12231,산업부동산,언론사
12232,산업안전NEWS,언론사
12233,산업안전일보,언론사
12234,산업인 (주식회사 산업인),언론사
12235,산업인뉴스 (주식회사 산업인),언론사
12236,산업일보 (주식회사 다아라),언론사
12237,산업입지 (한국산업단지공단),언론사
12238,산업재산권,언론사
12239,산업재해신문 (기술법인중용(주)),언론사
12240,산업저널,언론사
12241,산업종합저널 (주식회사 다아라),언론사
12242,산업카운슬링 (사단법인 한국산업카운슬러협회),언론사
12243,산업폐자원 News Letter (한국산업폐자원공제조합),언론사
12244,산으로 (주식회사 아이지티엠),언론사
12245,산은조사월보 (한국산업은행),언론사
12246,산이좋아 ((주)엘엠미디어),언론사
12247,산재뉴스 (사단법인 인천광역시산업재해인협회),언론사
12248,산재의료신문,언론사
12249,산청시대 ((주)천왕이미디어),언론사
12250,산청의 창,언론사
12251,산청인터넷신문,언론사
12252,산촌뉴스타임,언론사
12253,산타뉴스(Santa News),언론사
12254,산학뉴스 (주식회사 다임),언론사
12255,산학연 코리아 (산학연미디어 협동조합),언론사
12256,산학연 피플,언론사
12257,산학연관 뉴스,언론사
12258,산학정21 (산학연종합센터(주)),언론사
12259,산학협동 인포 (사단법인 한국산학협동연구원),언론사
12260,산후조리원 연합뉴스,언론사
12261,살구뉴스,언론사
12262,살기좋은 집 (형제아트 주식회사),언론사
12263,살레시오가족 (재단법인 한국천주교살레시오회),언론사
12264,살림과 나눔 (사단법인 고양여성민우회),언론사
12265,살림교육,언론사
12266,살림문화,언론사
12267,살림브라더 (주식회사 패스트뷰),언론사
12268,살림이야기 (한살림소비자생활협동조합연합회),언론사
12269,살림지,언론사
12270,살맛나는 뉴스 NGL,언론사
12271,살맛나는세상 (재단법인 오운문화재단),언론사
12272,살맛나는영주,언론사
12273,살아지구,언론사
12274,살어리랏다,언론사
12275,살통뉴스 (주식회사 에스티컴퍼니),언론사
12276,삶과 명상,언론사
12277,삶과꿈,언론사
12278,삶과문화 (재단법인 제주문화예술재단),언론사
12279,삶과술 (주식회사 교통정보신문),언론사
12280,삶글,언론사
12281,삶을 바꾸는 동화 신문,언론사
12282,삶의 온기,언론사
12283,삶의지혜가이드,언론사
12284,삶이보이는창 ((사)디지털노동문화복지센터),언론사
12285,삶터문학,언론사
12286,삼남교육신문,언론사
12287,삼다도,언론사
12288,삼다일보 (주식회사 삼다일보),언론사
12289,삼도향토타임즈,언론사
12290,삼랑뉴스,언론사
12291,삼례사람들,언론사
12292,삼백포커스,언론사
12293,삼보신문,언론사
12294,삼성동 행복소식,언론사
12295,삼성중앙신문사,언론사
12296,삼성카드금융소식 (대명아이티에스주식회사),언론사
12297,삼송케어 뉴스(samsongcare news),언론사
12298,삼신럭셔리 (주식회사 삼신다이아몬드),언론사
12299,삼신신앙보 (재단법인삼신신앙대본사유지재단),언론사
12300,삼애마당,언론사
12301,삼일미디어 ((사)삼일동지회),언론사
12302,삼척동해신문,언론사
12303,삼척동해조은뉴스,언론사
12304,삼천뉴스통신,언론사
12305,삼천동 사람들,언론사
12306,삼천이야기,언론사
12307,삼태극,언론사
12308,삼프로TV (이브로드캐스팅 주식회사),언론사
12309,삼화불교신문,언론사
12310,삽교신문 (주식회사 삽교신문),언론사
12311,상가114,언론사
12312,상가뉴스,언론사
12313,상가리모델링뉴스,언론사
12314,상가정보,언론사
12315,상교우서 (재단법인 천주교수원교구유지재단),언론사
12316,상담과 예술,언론사
12317,상담과치유,언론사
12318,상록수문학,언론사
12319,상무저널,언론사
12320,상북면 동행소식지,언론사
12321,상산신문,언론사
12322,상상 앤 아이 (주식회사 상상),언론사
12323,상상뉴스,언론사
12324,상상뉴스레터 (주식회사 아름다운상상),언론사
12325,상상테라피 (상상바이오 주식회사),언론사
12326,상상파크 헬스케어 (상상파크 주식회사),언론사
12327,"상생(相生,SangSaeng) (아시아·태평양국제이해교육원)",언론사
12328,상생뉴스 (주식회사 상생뉴스),언론사
12329,상용차경제신문,언론사
12330,상용차매거진(Truck&Bus Magazine) (주식회사 상용차정보),언론사
12331,상용차신문 (주식회사 상용차정보),언론사
12332,상인신문,언론사
12333,상장례산업뉴스,언론사
12334,상조 매거진,언론사
12335,상조뉴스 (주식회사 미디어라이프),언론사
12336,상조문화신문,언론사
12337,상조신문,언론사
12338,상조웨딩뉴스,언론사
12339,상조일보,언론사
12340,상조장례뉴스 (주식회사 미디어라이프),언론사
12341,상존배신문,언론사
12342,상주.문경.예천포커스뉴스,언론사
12343,상주뉴스,언론사
12344,상주닷컴,언론사
12345,상주라이프,언론사
12346,상주문경 일번지,언론사
12347,상주문경로컬신문,언론사
12348,상주문경매일신문,언론사
12349,상주삼백신문,언론사
12350,상주성모병원보,언론사
12351,상주시민뉴스,언론사
12352,상주시민신문 (상주시민신문 주식회사),언론사
12353,상주신문 (상주신문(주)),언론사
12354,상주오늘신문,언론사
12355,상주우리신문,언론사
12356,상주의소리,언론사
12357,상주이웃뉴스,언론사
12358,상주인뉴스,언론사
12359,상주인터넷뉴스,언론사
12360,상주인터넷방송,언론사
12361,상주인터넷신문,언론사
12362,상주일보인터넷신문,언론사
12363,상주투데이,언론사
12364,상주포커스,언론사
12365,상징학연구소,언론사
12366,상촌신문,언론사
12367,상촌신보 ((주)상촌신보),언론사
12368,상품정보신문 (주식회사 비씨월드코리아),언론사
12369,상하수도신문,언론사
12370,상호문화뉴스,언론사
12371,새 종로신문,언론사
12372,새가정,언론사
12373,새개혁신문,언론사
12374,새거제신문,언론사
12375,새경북 드론피아 (주식회사 새경북미디어),언론사
12376,새경북방송 (주식회사 새경북미디어),언론사
12377,새경북인터넷뉴스,언론사
12378,새교육,언론사
12379,새군산신문,언론사
12380,새군산타임즈,언론사
12381,새글밭,언론사
12382,새금산신문 (주식회사 새금산신문),언론사
12383,새길이야기 ((사)새길 기독사회문화원),언론사
12384,새김천신문 (주식회사 새김천신문),언론사
12385,새나,언론사
12386,새나(새벽나라),언론사
12387,새날뉴스,언론사
12388,새농사,언론사
12389,새누리신문 (주식회사 새누리신문사),언론사
12390,새눈빛 (사단법인전라북도시각장애인연합회),언론사
12391,새로나신문,언론사
12392,새로서는 가정의,언론사
12393,새로운뉴스홈,언론사
12394,새마갈노,언론사
12395,새마을교통봉사대(개인택시 조합원) 소식지,언론사
12396,새마을뉴스 ((주)새마을뉴스),언론사
12397,새마을운동부산,언론사
12398,새만금문학,언론사
12399,새만금문화재단소식 (사)새만금문화재단협의회),언론사
12400,새만금신문 (새만금신문 주식회사),언론사
12401,새만금에너지,언론사
12402,새만금일보 (주식회사 새만금일보),언론사
12403,새만금코리아 뉴스 (사단법인 새만금코리아),언론사
12404,새만금타임즈,언론사
12405,새목포일보 (유한회사 새목포일보),언론사
12406,새문경뉴스 (주식회사 새재라이프),언론사
12407,새문안,언론사
12408,새미래충청뉴스,언론사
12409,새바다신문 (해양산업개발 주식회사),언론사
12410,새백제일보,언론사
12411,새벗 ((주)성서원),언론사
12412,새벽세시,언론사
12413,새벽신문,언론사
12414,새벽을 열어가는 시인들 (한무리창조문인협회),언론사
12415,새벽장터,언론사
12416,새벽종,언론사
12417,새부천신문,언론사
12418,새생명,언론사
12419,새서울뉴스,언론사
12420,새서울신문,언론사
12421,새서울의회 ((주)대한언론인회미디어본부),언론사
12422,새성북신문,언론사
12423,새소망톱뉴스,언론사
12424,새수원신문 (주식회사 새수원신문),언론사
12425,새시대국민뉴스 (사단법인 새시대국민연합),언론사
12426,새시대일보 ((주)새시대일보),언론사
12427,새신안신문&남도저널 (유한회사 남도저널),언론사
12428,새싹 큐티인 (재단법인 큐티선교회),언론사
12429,새싹e-세상 ((사)인터넷윤리실천협의회),언론사
12430,새싹뉴스,언론사
12431,새싹문학 (사단법인 새싹회),언론사
12432,새아리랑,언론사
12433,새아침경제신문,언론사
12434,새여수 복지사랑,언론사
12435,새여수인터넷TV(방송) (미디어르네상스 주식회사),언론사
12436,새여수일보 (미디어르네상스 주식회사),언론사
12437,새연합신문,언론사
12438,새연합신문 (새연합신문 주식회사),언론사
12439,새영남신문 (주식회사 새영남신문),언론사
12440,새와사람,언론사
12441,새용산신문 ((주)새용산신문),언론사
12442,새의성신문 ((주)새의성신문),언론사
12443,새이웃,언론사
12444,새인물,언론사
12445,새전북신문 ((주)새전북신문),언론사
12446,새조선신문,언론사
12447,새주소신문,언론사
12448,새중앙경제신문,언론사
12449,새중앙신문,언론사
12450,새창녕신문,언론사
12451,새천년남북통일운동본부 ((사)새천년남북통일운동본부),언론사
12452,새천년환경21 ((사)한국환경보전실천교육회),언론사
12453,새한경제,언론사
12454,새한일보 ((주)새한일보),언론사
12455,새화순신문,언론사
12456,새환경신문,언론사
12457,새환경신문 (주식회사 새환경신문),언론사
12458,색다른저널개원2.0,언론사
12459,샌드타임즈 ((주)샌드타임즈),언론사
12460,샐러던트리포트 (주식회사 샐러던트리포트),언론사
12461,샐러드TV(SALAD TV),언론사
12462,샘,언론사
12463,샘문뉴스(saemmoonnews),언론사
12464,샘물이야기,언론사
12465,샘바위,언론사
12466,샘소리뉴스 (유한회사 샘소리),언론사
12467,샘솟는기쁨 ONTIME(온타임),언론사
12468,샘터 (주식회사 샘터사),언론사
12469,샛별 큐티인 (재단법인 큐티선교회),언론사
12470,샛별아이들 (주식회사 로렌츠일산),언론사
12471,샛별장학뉴스 (재단법인 대륜동창장학회),언론사
12472,생각대로,언론사
12473,생각의 힘,언론사
12474,생각이있는교육 (주식회사 로렌츠구미평생교육원),언론사
12475,생각팡팡 ((주)엘투이엔아이이),언론사
12476,생각하는 나무,언론사
12477,생각하는1프로신문사 ((주)생각하는 1프로),언론사
12478,생거진천부동산정보지,언론사
12479,생글생글Young한국경제신문 ((주)한국경제신문),언론사
12480,생기과학저널,언론사
12481,생명 愛 ((사)자살예방전국학교연합회),언론사
12482,생명과문학,언론사
12483,생명나무 소식,언론사
12484,생명사랑 ((사)한국백혈병소아암협회),언론사
12485,생명위기예방멘토,언론사
12486,생명의 빛,언론사
12487,생명의 삶,언론사
12488,생명의 삶 개정개역판,언론사
12489,생명의 삶 우리말 성경,언론사
12490,생명의 삶 우리말성경 Holy impact,언론사
12491,생명의 소리 (사단법인 프로라이프),언론사
12492,생명의삶 큰글자 개역개정판,언론사
12493,생명의삶 큰글자 우리말성경,언론사
12494,생명의삶 플러스,언론사
12495,생명의삶(개역개정판),언론사
12496,생명의삶(우리말성경),언론사
12497,생명의전화,언론사
12498,생생TV (주식회사 경기인터넷방송),언론사
12499,생생뉴스 (주식회사 인터넷방송생생뉴스),언론사
12500,생생비즈,언론사
12501,생생비즈플러스(생생비즈Plus),언론사
12502,생생투데이,언론사
12503,생약저널 (경남생약농업협동조합),언론사
12504,생태적지혜 (생태적지혜연구소협동조합),언론사
12505,생태환경뉴스 Eco-Times,언론사
12506,생태환경잡지 초록세상 (사단법인 인천녹색연합),언론사
12507,생협평론 (재단법인 아이쿱협동조합연구소),언론사
12508,생화학분자생물학소식지,언론사
12509,생활경제TV (주식회사 합동신문합동통신),언론사
12510,생활문화정보,언론사
12511,생활법률정보ACE ((주)에이스),언론사
12512,생활부동산뉴스 (리츠코리아개발(주)),언론사
12513,생활성서 ((재)천주교까리따스수녀회유지재단),언론사
12514,생활속 향기,언론사
12515,생활속에배우는교육 (주식회사 폴리엠포항),언론사
12516,생활속의대자유 (대승불교양우회유지재단),언론사
12517,생활속의불교,언론사
12518,생활속의향기,언론사
12519,생활스포츠,언론사
12520,생활신문,언론사
12521,생활아트뉴스,언론사
12522,생활의지혜와향기,언론사
12523,생활정치시대 (생활정치시대(유)),언론사
12524,생활체육투데이 (주식회사 생활체육투데이),언론사
12525,생활치유신문,언론사
12526,샤레트에듀,언론사
12527,샤먼뉴스,언론사
12528,샤이니제이닷컴,언론사
12529,샤인(Shine),언론사
12530,샤인위클리,언론사
12531,샨티아로마,언론사
12532,샵 동삭 매거진,언론사
12533,샵 미디어,언론사
12534,샵필라테스 매거진,언론사
12535,서경뉴스,언론사
12536,서경신문 ((주)서경신문사),언론사
12537,서경일보,언론사
12538,서경포커스,언론사
12539,서귀포 문화예술 몬딱 (사단법인 문화예술공간몬딱),언론사
12540,서귀포뉴스,언론사
12541,서귀포방송,언론사
12542,서귀포사람들 (주식회사 서귀포사람들),언론사
12543,서귀포신문 (주식회사 서귀포신문),언론사
12544,서귀포오일장신문,언론사
12545,서남저널 (주식회사 서남저널),언론사
12546,서남투데이 ((주)다다미디어),언론사
12547,서니일보,언론사
12548,서대문교육뉴스,언론사
12549,서대문구소비자저널,언론사
12550,서대문방송 ((주)중심),언론사
12551,서대문사람들,언론사
12552,서대문신문,언론사
12553,서대문은평방송,언론사
12554,서대문은평시사플러스 ((주)티케이플러스),언론사
12555,서대문인터넷뉴스,언론사
12556,서드앵글,언론사
12557,서라벌 문예,언론사
12558,서라벌뉴스 (서라벌신문 주식회사),언론사
12559,서라벌신문 (서라벌신문 주식회사),언론사
12560,서랍 속의 그리움,언론사
12561,서로를살리는교육민들레,언론사
12562,서리풀타임즈,언론사
12563,서민의소리,언론사
12564,서부(종로)교차로,언론사
12565,서부경남신문 (주식회사 서부경남신문),언론사
12566,서부뉴스 ((주)서부뉴스),언론사
12567,서부뱅크,언론사
12568,서부산신문,언론사
12569,서부타임즈,언론사
12570,서브웨이,언론사
12571,서브커넥트 ((주)앤키스),언론사
12572,서비스뉴스 (주식회사 서비스뱅크그룹),언론사
12573,서비스산업신문,언론사
12574,서비스인사이트,언론사
12575,서산뉴스,언론사
12576,서산문화광장,언론사
12577,서산순복음소식,언론사
12578,서산시대 ((주)서산시대),언론사
12579,서산신문,언론사
12580,서산인터넷뉴스,언론사
12581,"서산일보 (주식회사 씨에이미디어그룹(CA Media co., Ltd.))",언론사
12582,서산타임즈 (미디어서산 주식회사),언론사
12583,서산태안TV,언론사
12584,서산태안신문,언론사
12585,서산포스트 (주식회사서산포스트),언론사
12586,서상신문 (유한회사 서상신문),언론사
12587,서서울신문,언론사
12588,서수면마을신문,언론사
12589,서시,언론사
12590,서신동마을신문,언론사
12591,서예,언론사
12592,서예문화(書藝文化),언론사
12593,서울 강서방송,언론사
12594,서울 뉴스 타임즈 (사단법인 한국문화예술홍보원),언론사
12595,서울 무비,언론사
12596,서울 부동산 신문 (서울지지아카데미(주)),언론사
12597,서울 케이뉴스,언론사
12598,서울(SEOUL),언론사
12599,서울1TV,언론사
12600,서울STV뉴스 (서울에스티비 주식회사),언론사
12601,서울강남 커뮤니티,언론사
12602,서울강남문화신문,언론사
12603,서울강남청소년문화예술신문,언론사
12604,서울강동신문,언론사
12605,서울강동인재교육원,언론사
12606,서울강북신문 ((주)서울강북신문),언론사
12607,서울강서신문,언론사
12608,서울건축사신문,언론사
12609,서울경기경제신문,언론사
12610,서울경기신문 ((주)서울경기행정신문),언론사
12611,서울경기일보,언론사
12612,서울경마칸,언론사
12613,서울경인타임즈,언론사
12614,서울경제,언론사
12615,서울경제 ((주)서울경제신문),언론사
12616,서울경제 GOLF MONTHLY(골프먼슬리) ((주)서울경제신문),언론사
12617,서울경제TV (주식회사 서울경제티브이),언론사
12618,서울경제연합신문,언론사
12619,서울경제인협회 협회보 (사단법인 서울경제인협회),언론사
12620,서울경제인협회보 (사단법인 서울경제인협회),언론사
12621,서울경찰신문,언론사
12622,서울경찰신보,언론사
12623,서울관광 가이드맵 (주시회사 아이트립),언론사
12624,서울광장,언론사
12625,서울교육방송,언론사
12626,서울교육신문 ((주)퍼스널프로젝트),언론사
12627,서울교육저널,언론사
12628,서울구민신문 ((주)구민신문),언론사
12629,서울남부신문,언론사
12630,서울뉴스 (서울뉴스(주)),언론사
12631,서울뉴스 네트워크 (주식회사 스카이즈코리아),언론사
12632,서울뉴스1,언론사
12633,서울뉴스통신,언론사
12634,서울대저널,언론사
12635,서울덕성소식지,언론사
12636,서울데일리,언론사
12637,서울데일리뉴스,언론사
12638,서울도봉톱뉴스,언론사
12639,서울도시연구 (서울시정 개발연구원),언론사
12640,서울동부신문 (서울동부신문(주)),언론사
12641,서울동부신문. (서울동부신문(주)),언론사
12642,서울동북신문(Dongbuknews) (주식회사 세이프타임즈),언론사
12643,서울로컬뉴스,언론사
12644,서울리뷰오브북스,언론사
12645,서울리안,언론사
12646,서울매일 (서울매일 주식회사),언론사
12647,서울매일경제 (서울매일 주식회사),언론사
12648,서울매일신문 (베러나잇 주식회사),언론사
12649,서울매일신문TV ((주)한국감찰일보사),언론사
12650,"서울메디컬포스트 (주식회사 에이치비메디(HB medi Co.,Ltd.))",언론사
12651,서울문학,언론사
12652,서울문학 인(Seoulmunhakin),언론사
12653,서울문화교육신문,언론사
12654,서울문화뉴스,언론사
12655,서울문화신문,언론사
12656,서울문화예술신문,언론사
12657,서울문화원,언론사
12658,서울문화인,언론사
12659,서울문화투데이,언론사
12660,서울미디어코리아뉴스,언론사
12661,서울방송,언론사
12662,서울복지 (한국교육인재개발원 주식회사),언론사
12663,서울복지뉴스,언론사
12664,서울복지신문 ((주)서울복지신문),언론사
12665,서울부산경마,언론사
12666,서울사당문화신문,언론사
12667,서울사랑 K-POP (주식회사 사계원홈쇼핑),언론사
12668,서울산업신문 (서울프랜차이즈센터(주)),언론사
12669,서울생활문화뉴스 ((주)천호평생교육원),언론사
12670,서울서초 커뮤니티,언론사
12671,서울세계타임즈 (주식회사 세계타임즈),언론사
12672,서울셀렉트(SEOUL SELECT) ((주)동동),언론사
12673,서울소비자신문,언론사
12674,서울소상공인뉴스 (주식회사 아이탑교육),언론사
12675,서울소상공인신문,언론사
12676,서울송파신문 (주식회사 송파신문사),언론사
12677,서울스코프,언론사
12678,서울스트리트저널 (주식회사 통일경제미디어),언론사
12679,서울스트리트저널(Seoul Street Journal) (주식회사 통일경제미디어),언론사
12680,서울스포츠(SEOUL SPORTS) (서울특별시체육회),언론사
12681,서울시민방송,언론사
12682,서울시민신문,언론사
12683,서울시민의 힘,언론사
12684,서울시아파트신문,언론사
12685,서울시정일보,언론사
12686,서울시정일보 (주식회사 제이앤원투),언론사
12687,서울시티(seoulcity),언론사
12688,서울시학원연합신문 (사단법인 학원안전공제회),언론사
12689,서울시한의사회보 (서울특별시한의사회),언론사
12690,서울신문,언론사
12691,서울신문 ((주)서울신문사),언론사
12692,서울신문NTN ((주)엔티엔미디어),언론사
12693,서울신문위(서울신문We) ((주)서울신문사),언론사
12694,서울아산병원,언론사
12695,서울아트가이드(Seoul art Guide),언론사
12696,서울아파트신문,언론사
12697,서울약령신문 (사단법인 서울약령시협회),언론사
12698,서울약사회지 ((사)대한약사회),언론사
12699,서울에듀투데이,언론사
12700,서울여성신문 ((주)한국감찰일보사),언론사
12701,서울연예스포츠신문 ((주)한국감찰일보사),언론사
12702,서울연예스포츠신문TV ((주)한국감찰일보사),언론사
12703,서울연합회보,언론사
12704,서울오늘신문,언론사
12705,서울우리복지신문,언론사
12706,서울웹3(seoulweb3) (서울매일 주식회사),언론사
12707,서울웹툰인사이트 ((주)에스더블유에이),언론사
12708,서울은평신문,언론사
12709,서울의사,언론사
12710,서울의정방송TV,언론사
12711,서울의정회보 (사 서울특별시의정회),언론사
12712,서울의회,언론사
12713,서울의회보,언론사
12714,서울의회신문,언론사
12715,서울이코노미뉴스 ((주) 서울이코미디어),언론사
12716,서울인(SEOUL IN) ((주)서울신문사),언론사
12717,서울인뉴스,언론사
12718,서울일보 (서울일보(주)),언론사
12719,서울일보ESG (서울일보이에스지(주)),언론사
12720,서울일보신문 ((주)퍼스널프로젝트),언론사
12721,서울자치신문,언론사
12722,서울장애인스포츠,언론사
12723,서울장애인신문,언론사
12724,서울저널 (대곡문화교류(주)),언론사
12725,서울제주도민회신문,언론사
12726,서울종합복지평생교육원,언론사
12727,서울중구의정회보 (사단법인 서울특별시중구의정회),언론사
12728,서울중앙방송 (서울중앙방송 주식회사),언론사
12729,서울중앙신문 ((주)서울중앙신문),언론사
12730,서울창업신문,언론사
12731,서울컬쳐투데이,언론사
12732,서울타임스 (주식회사 서울타임스),언론사
12733,서울타임즈뉴스 (주식회사 퍼스트경제),언론사
12734,서울토요저널 (주식회사 서울토요저널),언론사
12735,서울톱뉴스,언론사
12736,서울통신 (주식회사 대한공론),언론사
12737,서울투데이(Seoul today) (서울투데이(주)),언론사
12738,서울트리뷴,언론사
12739,서울파이낸셜타임즈 ((주)한국매일투자그룹),언론사
12740,서울파이낸스 (서울금융신문(주)),언론사
12741,서울파이낸스(Seoul Finance),언론사
12742,서울패션위크 ((주)시사미디어),언론사
12743,서울포럼 (하브루타미래포럼 주식회사),언론사
12744,서울포스트,언론사
12745,서울포스트 신문 ((주)서울포스트신문사),언론사
12746,서울포커스,언론사
12747,서울포커스신문,언론사
12748,서울학연구,언론사
12749,서울행정뉴스,언론사
12750,서울헤럴드,언론사
12751,서울협동조합,언론사
12752,서원경새뜸,언론사
12753,서정과현실,언론사
12754,서정문학,언론사
12755,서정시학,언론사
12756,서천광장,언론사
12757,서천닷컴 (주식회사 서천신문),언론사
12758,서천신문 (주식회사 서천신문),언론사
12759,"서천일보 (주식회사 씨에이미디어그룹(CA Media co., Ltd.))",언론사
12760,서초구민신문,언론사
12761,서초뉴스,언론사
12762,서초뉴스넷,언론사
12763,서초불교신문,언론사
12764,서초신문,언론사
12765,서초인뉴스,언론사
12766,서초일보 ((주)더엠에프),언론사
12767,서초저널,언론사
12768,서초타임즈 ((주)화수분미디어),언론사
12769,서초프리데일리,언론사
12770,서촌신문,언론사
12771,서총회보,언론사
12772,서평문화,언론사
12773,서프라이즈 (서프라이프(주)),언론사
12774,서프라이즈 뉴스 (주식회사 서프라이즈),언론사
12775,서해문화신문 (주식회사 서해신문),언론사
12776,서해민보,언론사
12777,서해신문 (서해연합일보 주식회사),언론사
12778,서해안신문 (주식회사 서해안신문사),언론사
12779,서해유라시아,언론사
12780,서해일보,언론사
12781,서해타임즈 (주식회사 더블유타임즈),언론사
12782,서해트리뷴,언론사
12783,서해환경신문,언론사
12784,서해환경신문 (주식회사 서해환경신문),언론사
12785,서현일보,언론사
12786,서희신문 (주식회사 서희신문),언론사
12787,석세스 매거진,언론사
12788,석세스스토리,언론사
12789,석세스월드,언론사
12790,석유가스신문,언론사
12791,석회 (한국석회석가공업협동조합장),언론사
12792,선경일보 ((주)선경일보사),언론사
12793,선과 예술,언론사
12794,선교,언론사
12795,선교문화,언론사
12796,선교문화신문,언론사
12797,선교신문 (주식회사 씨미디어),언론사
12798,선교연합신문,언론사
12799,선교타임즈,언론사
12800,선데이 저널 ((주)선데이저널),언론사
12801,선데이 종로,언론사
12802,선데이광명,언론사
12803,선데이뉴스 ((주)선데이뉴스신문사),언론사
12804,선데이뉴스신문,언론사
12805,선데이서울 ((주)서울신문사),언론사
12806,선데이타임즈 ((주)선데이타임즈),언론사
12807,선문화,언론사
12808,선미글씨.216,언론사
12809,선바위신문 (울주복지재단 중부종합사회복지관),언론사
12810,선박뉴스,언론사
12811,선박뉴스 (주식회사 선박뉴스),언론사
12812,선배시민뉴스 (마리다사회적협동조합),언론사
12813,선비문화 ((사)남명학연구원),언론사
12814,선수필,언론사
12815,선암사신문,언론사
12816,선우홀딩스 매거진 (주식회사 이에스피티),언론사
12817,선원(禪苑) ((재)선학원),언론사
12818,선으로가는길,언론사
12819,선재 (사회복지법인 열린가람),언론사
12820,선진물류리뷰 ((사)한국선진물류정책연구원),언론사
12821,선진한국,언론사
12822,선택과집중 (주식회사 탑커뮤니케이션),언론사
12823,선포스트뉴스,언론사
12824,선학 ((사)선교총림 선림원),언론사
12825,선한열매신문 (유한회사 선한열매신문),언론사
12826,선한이웃 (사랑의장기기증운동본부 대표),언론사
12827,선한이웃 뉴스,언론사
12828,선행사회,언론사
12829,선홍톱뉴스,언론사
12830,설경뉴스,언론사
12831,설계경기,언론사
12832,설교자를위한복있는사람,언론사
12833,설교한국,언론사
12834,설비기술,언론사
12835,설악NEWS,언론사
12836,설악시니어신문 (주식회사 디딤돌),언론사
12837,설악시민뉴스(Seorak-citizen-news),언론사
12838,설악신문,언론사
12839,설악타임즈 (주식회사 설악타임즈),언론사
12840,설악투데이,언론사
12841,설화와 인물,언론사
12842,섬김,언론사
12843,섬마실 (주식회사 섬버리),언론사
12844,섬에서온편지,언론사
12845,섬유공예신문,언론사
12846,섬유신문,언론사
12847,섬진강인터넷뉴스,언론사
12848,섬투데이,언론사
12849,섭리역사,언론사
12850,섭씨 233,언론사
12851,성가롤로 NEWS ((재)천주교까리따스수녀회유지재단),언론사
12852,성격자본신문,언론사
12853,성결광장신문,언론사
12854,성결신문,언론사
12855,성경과 고고학,언론사
12856,성경과 교회,언론사
12857,성경과삶이야기 울림,언론사
12858,성경대로 믿는 사람들,언론사
12859,성경적 상담 매거진(Biblical Counseling Magazine),언론사
12860,성경통독 글로벌뉴스(Bible Tongdok Global News),언론사
12861,성공매거진,언론사
12862,성공하는마을 (주-성공을도와주는사람들),언론사
12863,성광일보 (성광미디어(주)),언론사
12864,성균관신문(成均館新聞) (재단법인 성균관),언론사
12865,성남 N,언론사
12866,성남경제신문,언론사
12867,성남공감뉴스,언론사
12868,성남광주신문,언론사
12869,성남뉴스,언론사
12870,성남뉴스레터 (사단법인 성남산업단지관리공단),언론사
12871,성남데일리,언론사
12872,성남도시신문 (주식회사 도시플러스),언론사
12873,성남리포트,언론사
12874,성남미디어,언론사
12875,성남비전,언론사
12876,성남비즈플라자 (재단법인 성남산업진흥원),언론사
12877,성남시 소비자저널,언론사
12878,성남시민신문,언론사
12879,성남신문,언론사
12880,성남에듀뉴스 (주식회사 에듀윌(성남지점)),언론사
12881,성남연합신문,언론사
12882,성남의소리,언론사
12883,성남인사이트,언론사
12884,성남일보,언론사
12885,성남저널,언론사
12886,성남종합뉴스,언론사
12887,성남포커스,언론사
12888,성남피플 (주식회사 에스엔미디어),언론사
12889,성동가로수,언론사
12890,성동매거진,언론사
12891,성동문학,언론사
12892,성동신문,언론사
12893,성동저널,언론사
12894,성동저널 (주식회사 한강미디어),언론사
12895,성락인사이드,언론사
12896,성모기사 (재단법인 천주교꼰벤뚜알성프란치스꼬수도회),언론사
12897,성모꽃마을,언론사
12898,성모님의 군단 ((재)광주구천주교회유지재단 가톨릭목포성지),언론사
12899,성북가로수 (주식회사 강북가로수),언론사
12900,성북신문,언론사
12901,성분도소식,언론사
12902,성산 평생교육원,언론사
12903,성산포-신문,언론사
12904,성서마당,언론사
12905,성서신앙(聖書信仰),언론사
12906,성서신애,언론사
12907,성시신문,언론사
12908,성심문학,언론사
12909,성안,언론사
12910,성원 뉴스레터 (주식회사 성원애드피아),언론사
12911,성인병 뉴스,언론사
12912,성주net,언론사
12913,성주신문,언론사
12914,성주인터넷뉴스,언론사
12915,성주인터넷신문,언론사
12916,성주자치신문 ((주)성주자치신문),언론사
12917,성지신문,언론사
12918,성지필라테스 매거진,언론사
12919,성진포스트,언론사
12920,성품리더십 (전주완산좋은나무평생교육원주식회사),언론사
12921,성품저널,언론사
12922,성형나비,언론사
12923,성형인사이트,언론사
12924,성화(成花),언론사
12925,성화랑 (주식회사 천원사),언론사
12926,세계 무예보 ((주)세계킥복싱무에타이총연맹),언론사
12927,세계 식품과 농수산 ((사)국제연합식량농업기구한국협회),언론사
12928,세계 연합 신문 ((주)한국연합미디어),언론사
12929,세계TV (세계미디어(주)),언론사
12930,세계경제,언론사
12931,세계경제TV (세계미디어(주)),언론사
12932,세계경제eTV (주식회사 세계경제티비),언론사
12933,세계경제뉴스 (세계미디어(주)),언론사
12934,세계경제발전보,언론사
12935,세계경제신문 (사단법인 한국청소년정책개발원),언론사
12936,세계경제타임즈 ((주)세계경제타임즈),언론사
12937,세계교육신문,언론사
12938,세계기독교교육신문방송,언론사
12939,세계기독교신문 (주식회사 한국기독교신문사),언론사
12940,세계노인신문 ((사)한국노인사랑운동본부),언론사
12941,세계뉴스 ((주)유피),언론사
12942,세계뉴스통신,언론사
12943,세계동포신문,언론사
12944,세계디카시,언론사
12945,세계로선민TV,언론사
12946,세계로컬타임즈,언론사
12947,세계명인(명품명소)미디어,언론사
12948,세계무술위키,언론사
12949,세계문학,언론사
12950,세계문학회,언론사
12951,세계문화경제신문 (주식회사 제주도시환경디자인연구소),언론사
12952,세계문화뉴스99,언론사
12953,세계문화신문 (오케이미디어그룹(주)),언론사
12954,세계문화예술방송,언론사
12955,세계문화예술신문,언론사
12956,세계문화예술올림픽 (사단법인 세계문화예술총연합회 대한민국협회),언론사
12957,세계미래신문,언론사
12958,세계미래연대뉴스 ((주)보나드스토리),언론사
12959,세계복음화신문,언론사
12960,세계불교,언론사
12961,"세계불교교황청TV(WBM-TV) (주식회사 제이에스에스미디어(JSS MEDIA Co., Ltd.))",언론사
12962,"세계불교교황청신문 (주식회사 제이에스에스미디어(JSS MEDIA Co., Ltd.))",언론사
12963,세계불교문화예술 (주식회사 성민글로벌),언론사
12964,세계불교법왕청,언론사
12965,세계불교선불종,언론사
12966,세계불교선불종 불설염불선원,언론사
12967,세계불교승가회,언론사
12968,세계불교신문,언론사
12969,세계불교조계종,언론사
12970,세계비즈 ((주)세계비즈앤스포츠월드),언론사
12971,세계비즈&스포츠월드(SEGYE비즈&스포츠월드) ((주)세계비즈앤스포츠월드),언론사
12972,세계생활정보,언론사
12973,세계선교,언론사
12974,세계선교신문,언론사
12975,세계시민,언론사
12976,세계시사뉴스,언론사
12977,세계시사뉴스통신 (주식회사 세계시사뉴스통신),언론사
12978,세계여행신문 ((주)세계여행신문사),언론사
12979,세계유통신문,언론사
12980,세계의문학,언론사
12981,세계일보 ((주)세계일보),언론사
12982,세계일주매거진,언론사
12983,세계장애인예술스포츠신문 ((사)열린장애인문화복지진흥회),언론사
12984,세계정보신문,언론사
12985,세계조명신문(WORLD LIGHTING NEWS),언론사
12986,세계중심나주뉴스 (주식회사 세계중심나주뉴스),언론사
12987,세계진도견동우회 (주식회사 지구시장한국학교),언론사
12988,세계청소년학교 교육신문 (세계청소년학교 교육협동조합),언론사
12989,세계타임즈 (주식회사 세계타임즈),언론사
12990,세계탐험뉴스,언론사
12991,세계태권도경영자연맹 ((사)무도세계태권도연맹),언론사
12992,세계태권도무예신문,언론사
12993,세계태권도신문,언론사
12994,세계태권도연합뉴스,언론사
12995,세계투데이 (세계미디어(주)),언론사
12996,세계평화뉴스,언론사
12997,세계하나일보,언론사
12998,세계한류신문,언론사
12999,세계한인[Global Korean] (사단법인 세계한인언론인협회),언론사
13000,세계한인뉴스,언론사
13001,세계한인신문(OK Times) ((사)해외교포문제연구소),언론사
13002,세계호국무예봉사단협회,언론사
13003,세계환경문학,언론사
13004,세균수사대 뉴스,언론사
13005,세나(sena),언론사
13006,세대공감 (춘천세대공감사회적협동조합),언론사
13007,세라믹뉴스 ((주)월간세라믹스 대표),언론사
13008,세라믹아트,언론사
13009,세리그래프,언론사
13010,세리필라테스 위클리 (주식회사 세리필라테스),언론사
13011,세리필라테스 타임즈 (주식회사 세리필라테스),언론사
13012,세마병원경영 ((주)세마그룹),언론사
13013,세명TV,언론사
13014,세명일보 (주식회사 세명일보),언론사
13015,세모담 연구소,언론사
13016,세무경제신문,언론사
13017,세무뉴스 (주식회사 세무뉴스),언론사
13018,세무법인 올림 사업성공,언론사
13019,세무사신문,언론사
13020,세무신문,언론사
13021,세무신보,언론사
13022,세무인 신문,언론사
13023,세무인사이드 가현택스(세무사조중식),언론사
13024,세무인사이드 녹색세무법인 경인지점,언론사
13025,세무인사이드 세무법인 대한(영남지점),언론사
13026,세무인사이드 세무법인 드림새시대,언론사
13027,세무인사이드 세무법인 바름(울산지점),언론사
13028,세무인사이드 세무법인 한결 둔산2지점,언론사
13029,세무인사이드 세무법인프라임 성남하이테크지점,언론사
13030,세무인사이드 세무사 송영덕 사무소,언론사
13031,세무인사이드 정연수세무회계사무소,언론사
13032,세무저널,언론사
13033,세무회계경영저널,언론사
13034,세무회계소식,언론사
13035,세무회계신문,언론사
13036,세미나웨비나(SeminarWebinar) ((주)디엔엔),언론사
13037,세미나투데이,언론사
13038,세봄찬미디어 ((주)컬컴김포점),언론사
13039,세븐스마트 ((주)세븐스마트),언론사
13040,세븐틴(seventeen),언론사
13041,세상만사,언론사
13042,세상사는 아름다운 이야기,언론사
13043,세상소리 VOICE OF WORLD(VOW),언론사
13044,세상에이런일이매거진,언론사
13045,세상이야기,언론사
13046,세운641 소식지,언론사
13047,세움경제뉴스 (주식회사 세움경제뉴스),언론사
13048,세움뉴스,언론사
13049,세원경제신문,언론사
13050,세이뉴스,언론사
13051,세이데일리,언론사
13052,세이암(洗耳岩),언론사
13053,세이프데이뉴스 ((사)국민안전진흥원),언론사
13054,세이프머니(SafeMoney) (주식회사 세이프타임즈),언론사
13055,세이프아시아뉴스(safeasianews),언론사
13056,세이프코리아뉴스(safe korea news),언론사
13057,세이프타임즈 (주식회사 세이프타임즈),언론사
13058,세이프투데이(safetoday) ((주)세이프투데이),언론사
13059,세이프티퍼스트닷뉴스 (주식회사 세이프티퍼스트닷뉴스),언론사
13060,세이플로리(SAYFLORY),언론사
13061,세일경제신문 ((주)한국뉴미디어영남본부),언론사
13062,세일즈랩 (주식회사 세일즈랩),언론사
13063,세정신문,언론사
13064,세정일보,언론사
13065,세정포커스,언론사
13066,세종 n TV,언론사
13067,세종 경제신문 (주식회사 세종경제신문),언론사
13068,세종 굿뉴스 (주식회사 휴먼에듀피아),언론사
13069,세종 비사이로 일보,언론사
13070,세종 유스스퀘어,언론사
13071,세종 트리뷴,언론사
13072,세종25시,언론사
13073,세종TV (유한회사 에스제이비세종티브이),언론사
13074,세종경제 (주식회사 세종경제신문),언론사
13075,세종경제뉴스 (주식회사 세종경제뉴스),언론사
13076,세종교육방송,언론사
13077,세종교육신문,언론사
13078,세종넷 ((주)유비컴즈),언론사
13079,세종뉴스,언론사
13080,세종뉴스마당,언론사
13081,세종뉴스펜,언론사
13082,세종닷컴,언론사
13083,세종대왕신문,언론사
13084,세종데일리 (주)세종데일리),언론사
13085,세종로국정포럼 (한국시민(주)),언론사
13086,세종매일 (주식회사 세종매일),언론사
13087,세종문단,언론사
13088,세종문학,언론사
13089,세종문화일보,언론사
13090,세종미래교육신문,언론사
13091,세종방송 (주식회사 세종방송),언론사
13092,세종새보람신문,언론사
13093,세종생활뉴스,언론사
13094,세종세계타임즈 (주식회사 세계타임즈),언론사
13095,세종시 천문학 이야기,언론사
13096,세종시뉴스닷컴,언론사
13097,세종시마루,언론사
13098,세종시민일보,언론사
13099,세종시사뉴스,언론사
13100,세종신문,언론사
13101,세종연구원 (재단법인 세종연구원),언론사
13102,세종연기일보,언론사
13103,세종영재타임즈 (주식회사 에스아이지티영재교육연구원),언론사
13104,세종오늘신문,언론사
13105,"세종온라인뉴스 (주식회사 씨에이미디어그룹(CA Media co., Ltd.))",언론사
13106,세종우먼,언론사
13107,세종의 아침,언론사
13108,세종의소리 (주식회사 세종의소리),언론사
13109,세종이코노미,언론사
13110,세종인뉴스 (주식회사 세종인뉴스(Sejonginnews)),언론사
13111,세종일보 (주식회사 세종일보),언론사
13112,세종저널,언론사
13113,세종창업신문 (주식회사 창업경영신문사),언론사
13114,세종충청뉴스,언론사
13115,세종타임스닷컴,언론사
13116,세종타임즈,언론사
13117,세종투데이 (주)세종투데이),언론사
13118,세종파라미,언론사
13119,세종포스트 (주식회사 세종포스트),언론사
13120,세종해피뉴스,언론사
13121,세종행복뉴스,언론사
13122,세종화이트뉴스 ((주)한국기독신문사),언론사
13123,세진참된교육 ((주)세진누리),언론사
13124,세차,언론사
13125,세컨드미러 ((주)메이져세븐컴퍼니),언론사
13126,섹션헤드라인 ((주)동우정보),언론사
13127,섹션헤드라인뉴스 ((주)동우웰니스),언론사
13128,센머니 (주식회사 센머니뉴스),언론사
13129,센서기술,언론사
13130,센서블뉴스(sensiblenews) ((주)센서블뉴스),언론사
13131,센세이션V ((주)프리시카),언론사
13132,센스오브스피치,언론사
13133,센터둘,언론사
13134,센터인 강일뉴스,언론사
13135,센터인 덕소도심뉴스,언론사
13136,센터인 마석뉴스,언론사
13137,센터인 양원뉴스,언론사
13138,센텀뉴스,언론사
13139,센트럴뉴스,언론사
13140,센트럴송도뉴스,언론사
13141,센트리얼 대치 뉴스 (센트리얼필 주식회사),언론사
13142,센트리얼 방배 뉴스 (센트리얼필 주식회사),언론사
13143,센트리얼 서원주 뉴스,언론사
13144,센트리얼 하남뉴스 (센트리얼필 주식회사),언론사
13145,센트리얼제주에듀 미디어,언론사
13146,센티널즈(SENTINELS) ((주)센티널즈),언론사
13147,셀라이프,언론사
13148,셀러브리티(Celebrity),언론사
13149,셀러클럽 ((주)펀앤쇼핑),언론사
13150,셀러타임즈,언론사
13151,셀럽뉴스,언론사
13152,셀럽미디어 ((주) 셀럽미디어),언론사
13153,셀럽인플루언서뉴스,언론사
13154,셀렙,언론사
13155,셀룰러뉴스(THE CELLULAR NEWS),언론사
13156,셀텀(seltum)필라테스 저널,언론사
13157,셔터뉴스,언론사
13158,소공인뉴스 ((사)한국소공인진흥협회),언론사
13159,소공인연합뉴스 (에스와이엔24 주식회사),언론사
13160,소금나무,언론사
13161,소금창고일보 (소금창고주식회사),언론사
13162,소년 (재단법인 천주교서울대교구유지재단),언론사
13163,소년 영웅,언론사
13164,소년문학,언론사
13165,소년소녀가장과함께하는아름다운동행,언론사
13166,소년중앙 weekly (중앙일보 주식회사),언론사
13167,소년한국일보,언론사
13168,소년한국플러스 (주식회사 소년한국일보),언론사
13169,소담미디어 (주식회사 컬컴신부점),언론사
13170,소디프소식지 (주식회사 소디프 비엔에프),언론사
13171,소래미,언론사
13172,소리마당 ((사)중앙국악예술협회),언론사
13173,소리소문 ((주)소리대장간),언론사
13174,소리신문,언론사
13175,소리의숲,언론사
13176,소망가족의 늘푸른 이야기 (사회복지법인 양친사회복지회),언론사
13177,소믈리에타임즈 (씨앤제이글로벌(주)),언론사
13178,소미라이프 (주식회사 소셜마인드랩),언론사
13179,소방TV,언론사
13180,소방검정 (한국소방검정공사),언론사
13181,소방신문,언론사
13182,소방안전뉴스,언론사
13183,소방안전신문,언론사
13184,소방재난옴부즈,언론사
13185,소방재난옴부즈 뉴스,언론사
13186,소방행정신문,언론사
13187,소백춘추,언론사
13188,소비라이프 (소비라이프(주)),언론사
13189,소비라이프큐(소비라이프Q) (소비라이프(주)),언론사
13190,소비와 문화 ((사)한국소비자연맹),언론사
13191,소비자 ((사)한국소비자단체협의회),언론사
13192,소비자 ISSUE ((주)소비자연합타임스),언론사
13193,소비자TV (주식회사 신아신문신아통신),언론사
13194,소비자가 만드는 신문,언론사
13195,소비자경제 (소비자경제(주)),언론사
13196,소비자고발뉴스 ((주)이코노믹포스트),언론사
13197,소비자고발신문컨슈머리포트,언론사
13198,소비자뉴스,언론사
13199,소비자닷컴,언론사
13200,소비자를위한 신문,언론사
13201,소비자리포트 ((사)소비자시민모임),언론사
13202,소비자문제연구,언론사
13203,소비자보호신문,언론사
13204,소비자불만119,언론사
13205,소비자비전신문,언론사
13206,소비자시대,언론사
13207,소비자신문,언론사
13208,소비자신문 컨슈머포스트,언론사
13209,소비자안전신문 (소비자안전신문(주)),언론사
13210,소비자연합Times,언론사
13211,소비자연합신문 ((주)에스와이비미디어),언론사
13212,소비자연합전국뉴스,언론사
13213,소비자연합통신,언론사
13214,소비자인사이트 ((주)스포츠조선),언론사
13215,소비자저널,언론사
13216,소비자정책동향,언론사
13217,소비자주권 (사단법인 소비자주권시민회의),언론사
13218,소비자채널 (유한회사 통합신문),언론사
13219,소비자타임 (주식회사 소비자타임즈),언론사
13220,소비자타임즈 (주식회사 소비자타임즈),언론사
13221,소비자평가 (주식회사 소비자평가),언론사
13222,소비자포커스,언론사
13223,소비환경뉴스,언론사
13224,소사벌 뉴스,언론사
13225,소사이어티(Society),언론사
13226,소상공뉴스,언론사
13227,소상공인 인사이트,언론사
13228,소상공인 타임스,언론사
13229,소상공인(자영업자)TV (주식회사 700에스비엠),언론사
13230,소상공인경제신문 ((주)뉴스앤펍),언론사
13231,소상공인뉴스 (사단법인 한국소상공인마케팅협회),언론사
13232,소상공인매거진,언론사
13233,소상공인복지신문,언론사
13234,소상공인소식지 (사단법인 충청남도 소상공인 연합회),언론사
13235,소상공인시장신문 (재단법인 소상공인방송정보원),언론사
13236,소상공인신문,언론사
13237,소상공인연합신문,언론사
13238,소상공인온라인뉴스,언론사
13239,소상공인저널,언론사
13240,소상공인창업경영신문 ((주)세종경영연구소),언론사
13241,소상공인창업사관학교 (주식회사 창업경영신문사),언론사
13242,소상공인포커스,언론사
13243,소설 보다 ((주)문학과지성사),언론사
13244,소설문학(小說文學),언론사
13245,소설앤소설가 (주식회사 김앤정컴퍼니),언론사
13246,소설의발견,언론사
13247,소설잡지 긋닛,언론사
13248,소셜 인사이드 (소셜인사이드),언론사
13249,소셜 프로파일링(현상과 사람들),언론사
13250,소셜뉴스 (주식회사 뷰리),언론사
13251,소셜라이프,언론사
13252,소셜마케팅코리아 (주식회사 골드넥스),언론사
13253,소셜미디어뉴스,언론사
13254,소셜미디어저널,언론사
13255,소셜밸류(social value) (더밸류미디어 주식회사),언론사
13256,소셜브릿지 (소셜브릿지협동조합),언론사
13257,소셜워치,언론사
13258,소셜임팩트뉴스 ((사)임팩트확산네트워크),언론사
13259,소셜타임스 ((주)알앤피파트너스),언론사
13260,소셜타임즈 (주식회사 소셜품앗이),언론사
13261,소셜파인드,언론사
13262,소셜포커스(Socialfocus),언론사
13263,소솜뉴스,언론사
13264,소송 법률신문 (뉴스코리아 주식회사),언론사
13265,소수재(昭垂齋),언론사
13266,소승불교조계종,언론사
13267,소식 (주식회사 대호씨알엠),언론사
13268,소식닷컴,언론사
13269,소예필라뉴스,언론사
13270,소울 ((주)멜기세덱출판사),언론사
13271,소울레터 (주식회사 리탐빌),언론사
13272,소유필라테스 매거진 ((주)선이),언론사
13273,소중한 사람들,언론사
13274,소중한생활정보,언론사
13275,소통,언론사
13276,소통과 힐링의 시,언론사
13277,소통뉴스,언론사
13278,소통비즈 (주식회사 더콘텐츠),언론사
13279,소프레 매거진,언론사
13280,소프트(soft),언론사
13281,소프트(soft)양천,언론사
13282,소프트분당(Soft Bundang) (주식회사 드림미디어),언론사
13283,소프트웨어세상 (프로넷소프트(주)),언론사
13284,소프트웨어인사이트 정책리포트 (한국소프트웨어진흥원),언론사
13285,소프트저널,언론사
13286,소피아매거진,언론사
13287,소후도이,언론사
13288,속리산유통소식 (농업회사법인(주)속리산유통),언론사
13289,속보라인뉴스 (주식회사 대한안전일보),언론사
13290,속보삼일총서 (삼일피더블유씨솔루션 주식회사 (Samil PwC Solutions Inc.)),언론사
13291,속삭닷컴 ((주)바디로),언론사
13292,속초뉴스모아,언론사
13293,속초신문 (주식회사 강원방송),언론사
13294,손끝매운 뉴스공방,언론사
13295,손빛필라테스 매거진,언론사
13296,손스튜디오뉴스,언론사
13297,손에손잡고 (사단법인 지구촌사랑나눔),언론사
13298,손편지,언론사
13299,솔경제 ((주)솔경제),언론사
13300,솔깃,언론사
13301,솔라타임즈 (에너지코리아ICT(주)),언론사
13302,솔라투데이(SOLAR TODAY) (주식회사 인포더),언론사
13303,솔라팩트,언론사
13304,솔레이 화장품,언론사
13305,솔로나라뉴스 (주식회사 촌장엔터테인먼트),언론사
13306,솔로몬뉴스,언론사
13307,솔로몬뉴스미디어,언론사
13308,솔루션뉴스 ((주)솔루션뉴스),언론사
13309,솔뫼성지 ((재)대전교구천주교회유지재단),언론사
13310,솔밭문학,언론사
13311,솔토건강,언론사
13312,솔트필라테스 뉴스,언론사
13313,솜위클리뉴스,언론사
13314,솜포스트,언론사
13315,솟대평론,언론사
13316,송광사,언론사
13317,송도 헬스엔젤스타임즈,언론사
13318,송도국제신문 (주식회사 국제반려동물신문),언론사
13319,송도뉴스,언론사
13320,송도신문 (인천송도신문 주식회사),언론사
13321,송림신문,언론사
13322,송정길,언론사
13323,송천동마을신문,언론사
13324,송파CS,언론사
13325,송파i 문화인터넷신문,언론사
13326,송파강동 내일신문 ((주)내일엘엠씨),언론사
13327,송파구민신문,언론사
13328,송파인터넷뉴스,언론사
13329,송파타임즈,언론사
13330,송파톱뉴스,언론사
13331,송필라핏타임즈,언론사
13332,송학요가 평생교육원 뉴스,언론사
13333,쇼도그(SHOW DOG),언론사
13334,쇼비즈코리아(Showbiz Korea),언론사
13335,쇼스타(Show Star) ((주)뉴스코드),언론사
13336,쇼앤 (피앤더블유에이티 주식회사),언론사
13337,쇼오브더먼스 ((주)뉴벤처엔터테인먼트),언론사
13338,쇼킹맨즈,언론사
13339,쇼퍼 shopper (주식회사 놀커뮤니케이션),언론사
13340,쇼핑가이드,언론사
13341,쇼핑걸,언론사
13342,쇼핑투데이,언론사
13343,수 톱뉴스,언론사
13344,수기연합뉴스,언론사
13345,수도권 공동주택신문,언론사
13346,수도권 아파트 신문,언론사
13347,수도권in뉴스,언론사
13348,수도권경제뉴스,언론사
13349,수도권경제데일리,언론사
13350,수도권뉴스,언론사
13351,수도권데일리,언론사
13352,수도권신문 ((주)수도권일보사),언론사
13353,수도권일보 ((주)수도권일보사),언론사
13354,수도권저널25,언론사
13355,수도권제일신문 ((주)수도권제일신문),언론사
13356,수도권지역뉴스,언론사
13357,수도권지역신문,언론사
13358,수도권타임즈,언론사
13359,수도권탑뉴스,언론사
13360,수도시민경제,언론사
13361,수도일보 (수도일보 주식회사),언론사
13362,수도취업저널,언론사
13363,수리사랑,언론사
13364,수사연구,언론사
13365,수사일보 (수사일보),언론사
13366,수산뉴스,언론사
13367,수산신문 ((주)피쉬어리뉴스),언론사
13368,수산양식 ((주)플로인),언론사
13369,수산인신문 ((주)수산미디어),언론사
13370,수상레저 ((사)한국수상레저연합회),언론사
13371,수석문화,언론사
13372,수소경제 (피알코리아(주)),언론사
13373,수소뉴스 ((주)한국가스신문사),언론사
13374,수소신문 ((주)에너지신문),언론사
13375,수소에너지 ((주)미디어소사이어티),언론사
13376,수수포커스,언론사
13377,수심대(水心臺) (사단법인 중봉조헌선생기념사업회),언론사
13378,수안보,언론사
13379,수어홑씨 특집호,언론사
13380,수에르떼 뉴스,언론사
13381,수영신문,언론사
13382,수영인터넷뉴스,언론사
13383,수완뉴스,언론사
13384,수원뉴스,언론사
13385,수원로컬경제,언론사
13386,수원복지신문 (사단법인 경기도장애인마을),언론사
13387,수원복지요양신문,언론사
13388,수원사랑나눔신문사,언론사
13389,수원산단뉴스 (사단법인 수원산업단지협의회),언론사
13390,수원시민뉴스,언론사
13391,수원시민신문,언론사
13392,수원시아파트신문,언론사
13393,수원신문 (에스에스미디어그룹 유한회사),언론사
13394,수원영통매거진 ((주)컬컴영통점),언론사
13395,수원인터넷뉴스 (주식회사 좋은사이),언론사
13396,수원일보 (주식회사 수원일보사),언론사
13397,수원화성뉴스,언론사
13398,수원화성신문 (주식회사 미디어토마토),언론사
13399,수원휘랑평생교육원신문,언론사
13400,수은북한경제 (한국수출입은행),언론사
13401,수은해외경제 (한국수출입은행),언론사
13402,수의사뉴스투데이 (주식회사 세미나비즈),언론사
13403,수의축산경제,언론사
13404,수입차가이드북,언론사
13405,수중세계,언론사
13406,수지뉴스&매거진 ((주)컬컴수지),언론사
13407,수지라아카데미 교육안내,언론사
13408,수출입신문,언론사
13409,수퍼씨 (주식회사 코스믹이앤이),언론사
13410,수퍼씨(superc) (사단법인 수퍼크리에이터클럽),언론사
13411,수퍼코리아티비(Super Korea TV),언론사
13412,수필界,언론사
13413,수필가 (주식회사 수필가),언론사
13414,수필과 사람,언론사
13415,수필과비평,언론사
13416,수필뜨락,언론사
13417,수필문학,언론사
13418,수필미학,언론사
13419,수필세계,언론사
13420,수필시대,언론사
13421,수필오디세이,언론사
13422,수필춘추,언론사
13423,수학공감(供感) (한국외국어교육시스템(주)),언론사
13424,수학동감(童感) (한국외국어교육시스템(주)),언론사
13425,수학동아X (주식회사 동아사이언스),언론사
13426,수험뉴스,언론사
13427,수현포커스,언론사
13428,숙박레저신문,언론사
13429,숙박매거진,언론사
13430,숙박신문,언론사
13431,숙박신문 (주식회사 나간다숙박신문),언론사
13432,숙박여행신문,언론사
13433,순국,언론사
13434,순복음,언론사
13435,순복음영산,언론사
13436,순복음총회신문 (재단법인 여의도순복음연합),언론사
13437,순수문학,언론사
13438,순위로 보는 세상 (주식회사 비엠아이앤씨),언론사
13439,순창신문 (주식회사 순창신문사),언론사
13440,순천광장신문 (순천언론협동조합),언론사
13441,순천독립신문 (주식회사 순천독립신문),언론사
13442,순천문학,언론사
13443,순천사랑케이팝 (주식회사 한글사랑케이팝),언론사
13444,순천신문 (유한회사 순천신문),언론사
13445,순천일보,언론사
13446,순천일보 (주식회사 대신),언론사
13447,순천정원 (남해안콘텐츠협동조합),언론사
13448,숨숲 (주식회사 숨쉬는숲),언론사
13449,숨앤쉼SPBB,언론사
13450,숨인숲방배뉴스,언론사
13451,숨인숲서초뉴스 (주식회사 숨인숲뱅뱅사거리),언론사
13452,숨인숲압구정뉴스 (주식회사 숨인숲압구정동),언론사
13453,숨인숲양재뉴스,언론사
13454,숨필라테스매거진,언론사
13455,숭대시보,언론사
13456,숲나책보,언론사
13457,숲닷컴,언론사
13458,숲이 사람에게 사람이 숲에게 (사단법인 한국숲해설가협회),언론사
13459,숲플러스,언론사
13460,쉐마코리아,언론사
13461,쉐어하우스(ShareHows) ((주)도빗),언론사
13462,쉐이딩 글라스(Shading Glass) ((주)제이씨컴퍼니),언론사
13463,쉬핑뉴스넷,언론사
13464,쉬핑투데이,언론사
13465,쉼돌,언론사
13466,쉽지 (주식회사 소소한소통),언론사
13467,슈 미디어,언론사
13468,슈머(Video Supremacy) (주)원우이엔지),언론사
13469,슈브위크,언론사
13470,슈브포스트,언론사
13471,슈슈포스트,언론사
13472,슈퍼골프(Super Golf) ((주)슈퍼골프),언론사
13473,슈퍼드림뉴스,언론사
13474,슈퍼리스닝(Super Listening),언론사
13475,슈퍼리치,언론사
13476,슈퍼스타키즈 매거진,언론사
13477,슈퍼아이콘 타임즈 (주식회사 슈퍼아이콘(김재광)),언론사
13478,슈퍼액션,언론사
13479,슈퍼펌프,언론사
13480,슈프렉스(SUPREX) ((주)슈프렉스 코리아),언론사
13481,슈프림,언론사
13482,스낵뉴스(SNACK NEWS),언론사
13483,스니커즈 데일리,언론사
13484,스도쿠,언론사
13485,스랍과그룹들(Seraphim et Cherubim),언론사
13486,스마일063 (사단법인 스마일전북),언론사
13487,스마일필라테스,언론사
13488,스마트 투데이 ((주)스마트투데이),언론사
13489,스마트HRD평생교육원뉴스,언론사
13490,스마트경제 (주식회사 엑스포츠미디어),언론사
13491,스마트경찰방송,언론사
13492,스마트농업뉴스 (주식회사 양산뉴스),언론사
13493,스마트농업신문,언론사
13494,스마트데일리,언론사
13495,스마트라이프,언론사
13496,스마트매거진 ((주)엣나우),언론사
13497,스마트미디어N뉴스 ((주)스마트미디어앤),언론사
13498,스마트비즈(SmartBiz) (주식회사 스마트에프엔),언론사
13499,스마트시니어매거진,언론사
13500,스마트시티,언론사
13501,스마트애그리뉴스(smartagrinews),언론사
13502,스마트에듀미디어 ((주)국가공인자격서울서부센터),언론사
13503,스마트온(SMART ON),언론사
13504,스마트온타임스(SMART ON TIMES),언론사
13505,스마트유비쿼터스시티,언론사
13506,스마트인베스터 SmartInvestors,언론사
13507,스마트저널,언론사
13508,스마트전북,언론사
13509,스마트코리아 · 스마트콘텐츠,언론사
13510,스마트타임스 ((주)스마트타임스),언론사
13511,스마트팜,언론사
13512,스마트팩토리,언론사
13513,스마트홈,언론사
13514,스매시365 매거진,언론사
13515,스몰웨딩 인 대구,언론사
13516,스브스프리미엄 ((주)에스비에스),언론사
13517,스산의숨결,언론사
13518,스웨이,언론사
13519,스카우팅 ((사)한국스카우트연맹),언론사
13520,스카이데일리(skyedaily) (주식회사 스카이데일리),언론사
13521,스카이메타뉴스(Sky Meta News),언론사
13522,스카이섬,언론사
13523,스카이저널,언론사
13524,스카이타임지 (주식회사 언론법인스카이방송),언론사
13525,스카이핑고,언론사
13526,스캔유니 (Scan uni),언론사
13527,스케치북,언론사
13528,스케치투어,언론사
13529,스켑틱 Skeptic (주식회사 바다출판사),언론사
13530,스코렙 (주식회사 스코렙),언론사
13531,스쿠바다이버,언론사
13532,스쿠버타임즈,언론사
13533,스쿨iTV,언론사
13534,스쿨크리에이터 국제학생기자단신문,언론사
13535,스크랩워치(scrapwatch) (스크랩워치 주식회사),언론사
13536,스크랩워치인터넷(The Scrapwatch Internet),언론사
13537,스크린,언론사
13538,스크린골프다이제스트 (S&V엔터테인먼트 주식회사),언론사
13539,스크린골프매거진,언론사
13540,스크린골프신문,언론사
13541,스크린에스(SCREEN S),언론사
13542,스크린인쇄기술정보,언론사
13543,스타 일(Star 1),언론사
13544,스타(star),언론사
13545,스타TV,언론사
13546,스타뉴스(star news),언론사
13547,스타뉴스투데이,언론사
13548,스타다큐 (주식회사 스타다큐),언론사
13549,스타데일리뉴스 ((주)뉴스미디어그룹),언론사
13550,스타서울,언론사
13551,스타세이 (주식회사 캐스트넷),언론사
13552,스타스뷰(STARS VIEW) ((주)한국티브이타임즈),언론사
13553,스타스코리아,언론사
13554,스타스타일 (주식회사 카붐),언론사
13555,스타시안,언론사
13556,스타시오뉴스,언론사
13557,스타엑스포,언론사
13558,스타예감,언론사
13559,스타우드 신문,언론사
13560,스타웨이(STARWAY) (주식회사 스타웨이이십일),언론사
13561,스타이동뉴스 ((주)보수웹컨설팅),언론사
13562,스타인뉴스 (주식회사 단비코퍼레이션),언론사
13563,스타일 톡(Style Talk),언론사
13564,스타일21 온라인(style21 online) (주식회사 미디어21),언론사
13565,스타일21(STYLE21),언론사
13566,스타일뉴스 ((주)제이앤엘컴퍼니),언론사
13567,스타일리유 매거진,언론사
13568,스타일벨라(Style Bella) (주식회사 돈케이컨텐츠그룹),언론사
13569,스타일보 ((주)스타일보),언론사
13570,스타일에이치(style.H) (주식회사 디자인하우스),언론사
13571,스타일엑스 (주식회사 엑스포츠미디어),언론사
13572,스타일워 ((주)몹아시아),언론사
13573,스타일지존뉴스 (국제미용예술가협회(주)),언론사
13574,스타일헤어,언론사
13575,스타즈 위클리,언론사
13576,스타케어뉴스,언론사
13577,스타코리아,언론사
13578,스타킹채널,언론사
13579,스타투데이,언론사
13580,스타트 뉴스,언론사
13581,스타트업 ChosunBiz (주식회사 조선비즈),언론사
13582,스타트업뉴스,언론사
13583,스타트업데일리 (코코넛사일로 주식회사),언론사
13584,스타트업레시피 ((주)미디어레시피),언론사
13585,스타트업비즈니스위크,언론사
13586,스타트업엔(startupN) (주식회사 엔미디어그룹),언론사
13587,스타트업코리아 (주식회사 센머니뉴스),언론사
13588,스타트업타임즈 (주식회사 테크니플로우즈),언론사
13589,스타트업투데이 ((주)비즈뷰),언론사
13590,스타트잡뉴스 (공감소통협동조합),언론사
13591,스타파이브,언론사
13592,스타패션 (주식회사 연결더블유엠),언론사
13593,스타퍼즐,언론사
13594,스타포커스 (주식회사 엠지엠미디어),언론사
13595,스타필라테스 매거진,언론사
13596,스탁데일리,언론사
13597,스탁패치,언론사
13598,스탠다드 비지니스 리뷰,언론사
13599,스탠다드뉴스,언론사
13600,스탠딩아웃 ((주)엔티이),언론사
13601,스탬프 투어 (뉴스코리아 주식회사),언론사
13602,스탯티즈 (주식회사 스탯티즈),언론사
13603,스터디뉴스 ((주)더블유에이치와이),언론사
13604,스테셔너리 코리아 THE STATIONERY KOREA,언론사
13605,스테이매거진,언론사
13606,스테이지 (주식회사 아트컴퍼니본),언론사
13607,스테이지 뉴스,언론사
13608,스텝e뉴스,언론사
13609,스토리 울진,언론사
13610,스토리212,언론사
13611,스토리교육신문,언론사
13612,스토리그래픽,언론사
13613,스토리스팟,언론사
13614,스토리앤링크,언론사
13615,스토리앤에스(storyNS) (주식회사 스토리미디어),언론사
13616,스토리워커,언론사
13617,스톡티브이 ((주)스톡티브이),언론사
13618,스톤매거진,언론사
13619,스톤아일랜드 ((주)스톤아일랜드),언론사
13620,스튜디오에이 타임즈 (주식회사 스튜디오에이),언론사
13621,스튜디오카잼(Studio Car Jam),언론사
13622,스트라다(STRADA),언론사
13623,스트레이트뉴스 ((주)스트레이트뉴스),언론사
13624,스트레칭조이 뉴스 (주식회사 스트레칭조이),언론사
13625,스트레칭조이 대치뉴스,언론사
13626,스트링앤보우 ((주)음연),언론사
13627,스티치 앤 트립,언론사
13628,스틸IN,언론사
13629,스틸데일리,언론사
13630,스틸마켓(STEEL MARKET),언론사
13631,스틸프라이스 ((주)스틸프라이스),언론사
13632,스파라이프,언론사
13633,스파라이프코리아,언론사
13634,스파이스걸스(spicegirls),언론사
13635,스파이시 매거진(spicy magazine),언론사
13636,스파인뉴스,언론사
13637,스파크(SPARK),언론사
13638,스파크뉴스 (잡코디골드(주)),언론사
13639,스파투데이,언론사
13640,스팟TV ((주)스팟미디어),언론사
13641,스팟뉴스 (주식회사 엘씨씨),언론사
13642,스페셜 경제 ((주)스페셜미디어),언론사
13643,스페셜라이프뉴스,언론사
13644,스페셜저니,언론사
13645,스페셜타임스 ((주)위드플러스미디어),언론사
13646,스페이스글로벌연예타임즈,언론사
13647,스페이스뉴스 (주식회사 한국공동주택교육진흥원),언론사
13648,스페이스에임,언론사
13649,스펙트럼 디브이디뉴스(SPECTRUM DVD NEWS) (주식회사 스펙트럼디브이디),언론사
13650,스펙트럼 매거진 (주식회사 쌤스토리),언론사
13651,스포넷뉴스(SPONETNEWS),언론사
13652,스포르티보 미디어(Sportivo media) (주식회사 스테디터틀),언론사
13653,스포비즈타임즈 ((주)스포비즈),언론사
13654,스포엔터 뉴스,언론사
13655,스포츠 인천,언론사
13656,스포츠 저널코리아 (사단법인 한국체육언론인회),언론사
13657,스포츠21,언론사
13658,스포츠AI (주식회사 팩트플러스),언론사
13659,스포츠Q ((주)와이케이미디어),언론사
13660,스포츠경향,언론사
13661,스포츠경향 (주식회사 경향신문사),언론사
13662,스포츠과학,언론사
13663,스포츠구루 (주식회사 시원리소시스),언론사
13664,스포츠긱,언론사
13665,스포츠뉴스25,언론사
13666,스포츠다이브(sports dive) (스포츠다이브 주식회사),언론사
13667,스포츠닷컴 (스포츠닷컴(주)),언론사
13668,스포츠당구,언론사
13669,스포츠동아 ((주)스포츠동아),언론사
13670,스포츠디비 ((주)더블베어스),언론사
13671,스포츠라이프 ((주)스포츠라이프),언론사
13672,스포츠레저뉴스,언론사
13673,스포츠미디어 시리,언론사
13674,스포츠비즈니스리뷰 ((사)한국스포츠산업협회),언론사
13675,스포츠산업매거진,언론사
13676,스포츠서울 (스포츠서울신문 주식회사),언론사
13677,스포츠선교뉴스,언론사
13678,스포츠선데이 ((주)선데이뉴스신문사),언론사
13679,스포츠세종,언론사
13680,스포츠스낵,언론사
13681,스포츠아웃라인뉴스 (주식회사 풋볼아웃라인),언론사
13682,스포츠앤조이(sportsNjoy),언론사
13683,스포츠에 미치다,언론사
13684,스포츠엔터,언론사
13685,스포츠연예신문 ((주)스포츠연예미디어),언론사
13686,스포츠온(sportson) ((주)신앤박미디어),언론사
13687,스포츠와,언론사
13688,스포츠와이어,언론사
13689,스포츠월드,언론사
13690,스포츠유,언론사
13691,스포츠인사이트,언론사
13692,스포츠인포(sportsinfo),언론사
13693,스포츠저널,언론사
13694,스포츠조선 ((주)스포츠조선),언론사
13695,스포츠코리아신문,언론사
13696,스포츠타임스 ((주)스포츠타임스),언론사
13697,스포츠타임즈 (주식회사 영종뉴스),언론사
13698,스포츠투데이 (스포츠투데이미디어(주)),언론사
13699,스포츠투데이 M,언론사
13700,스포츠투데이M ((주)더스포츠투데이),언론사
13701,스포츠투데이트래블,언론사
13702,스포츠피플타임즈,언론사
13703,스포츠한국 (주식회사 폴리스미디어),언론사
13704,스포츠한국 (주식회사 한국아이닷컴),언론사
13705,스포츠한국TV,언론사
13706,스포츠현장 sports field (스포츠현장뉴스 주식회사),언론사
13707,스포츠힘닷컴,언론사
13708,스포탈코리아 ((주)에스피앤코),언론사
13709,스포테이너즈(SPORTAINERS),언론사
13710,스포테인경제,언론사
13711,스포트라이트,언론사
13712,스포트라이트 유,언론사
13713,스포티비뉴스 ((주)뉴스플레이어),언론사
13714,스폰시,언론사
13715,스푸트니크,언론사
13716,스프레드스팟(spreadspot) (주식회사 퍼스트골프라운지),언론사
13717,스피나핏 수내뉴스,언론사
13718,스피드경제신문 (주식회사 스피드경제),언론사
13719,스피드뉴스 (새만금뉴스 유한회사),언론사
13720,스피드부동산뉴스 (부동산일번지 주식회사),언론사
13721,스피라TV,언론사
13722,스픽스(SPEAKS) (주식회사 스픽스),언론사
13723,슬기로운 밴드생활 (더뉴스투데이(주)),언론사
13724,슬기로운 시니어뉴스,언론사
13725,슬로매거진달팽이,언론사
13726,슬로우 라이프 미디어 (유한회사 더조은),언론사
13727,슬로우뉴스 (슬로우뉴스 주식회사),언론사
13728,승가대신문,언론사
13729,승리하는 삶,언론사
13730,승마/요트매거진,언론사
13731,승마매거진(The Horse Magazine),언론사
13732,승무원(Cabin Crew),언론사
13733,시,언론사
13734,시( ),언론사
13735,시(詩)마을,언론사
13736,시각,언론사
13737,시각장애인신문,언론사
13738,시결,언론사
13739,시경신문,언론사
13740,시계(詩界),언론사
13741,시그널 (미디어협동조합 시그널),언론사
13742,시그널나인,언론사
13743,시그저널 (주식회사 시그미디어네트웍스홀딩스),언론사
13744,시나브로 재활운동전문스튜디오 매거진,언론사
13745,시나와(sinawa) ((주)스타디엠비),언론사
13746,시낭송,언론사
13747,시냇가에심은나무 ((사)한국기독학생회),언론사
13748,시네라처,언론사
13749,시네티즌 ((주)시네티즌엔터테인먼트),언론사
13750,시네필리아리뷰,언론사
13751,시니어,언론사
13752,시니어 Senior,언론사
13753,시니어 비즈니스,언론사
13754,시니어 케어 (제론테크 주식회사),언론사
13755,시니어 코리아,언론사
13756,시니어 타임스(Senior Times) (시니어타임스 주식회사),언론사
13757,시니어 폴리티코,언론사
13758,시니어GBN뉴스 (지비엔뉴스(주)),언론사
13759,시니어每日(매일) (주식회사 데일리엔),언론사
13760,시니어뉴스,언론사
13761,시니어데일리(Senior Daily),언론사
13762,시니어라이프,언론사
13763,시니어방송 (주식회사 대한미디어그룹),언론사
13764,시니어복지신문,언론사
13765,시니어비즈(Senior Biz) (주식회사 메인에이지),언론사
13766,시니어시대 (주식회사 메인에이지),언론사
13767,시니어신문 (시니어신문네트워크),언론사
13768,시니어싱킹,언론사
13769,시니어오늘,언론사
13770,시니어와이드,언론사
13771,시니어저널,언론사
13772,시니어창업뉴스 (주식회사올커머스),언론사
13773,시니어천안저널,언론사
13774,시니어타임즈,언론사
13775,시니어탑뉴스,언론사
13776,시니어투데이(SENIOR TODAY),언론사
13777,시니어포스트 (유한회사 더베스트라이프),언론사
13778,시니어포커스 (한국지자체미디어협동조합),언론사
13779,시니언스 월드 ((주)블루쿼션트),언론사
13780,시담,언론사
13781,시담포엠,언론사
13782,시대,언론사
13783,시대뉴스타임,언론사
13784,시대와철학 ((주)시철출판사대표),언론사
13785,시대의 논리,언론사
13786,시대의 눈,언론사
13787,시대일보 ((주)시대일보사),언론사
13788,시대저널 (주식회사 시대저널),언론사
13789,시대포커스,언론사
13790,시도뉴스레터,언론사
13791,시도민 뉴스,언론사
13792,시동화&아동미술TV,언론사
13793,시드원 ((주)시드원커뮤니케이션스),언론사
13794,시로여는세상 (주식회사 시로여는세상),언론사
13795,시를사랑하는사람들,언론사
13796,시리즈9,언론사
13797,시립문화예술원(詩立文化예술원) (주식회사 닥터유),언론사
13798,시마,언론사
13799,시마당,언론사
13800,시마을문예 (품건축(주)),언론사
13801,시문학,언론사
13802,시민 공수처 방송 (주식회사 공수처티브이),언론사
13803,시민 주권 뉴스,언론사
13804,시민PRESS (시민프레스 주식회사),언론사
13805,시민감시,언론사
13806,시민경제신문 (주식회사 시민경제신문사),언론사
13807,시민공수처뉴스,언론사
13808,시민과 세계,언론사
13809,시민과 함께하는 선거문화 (사단법인)바른선거시민모임중앙회),언론사
13810,시민과언론 (사단법인 민주언론시민연합),언론사
13811,시민광장,언론사
13812,시민교육저널 (시민교육연구원 주식회사),언론사
13813,시민뉴스 (시민뉴스 주식회사),언론사
13814,시민매거진 ((주)시민일보사),언론사
13815,시민물결,언론사
13816,시민미디어마당 (시민디디어마당 사회적협동조합),언론사
13817,시민방송 (주식회사 시민방송),언론사
13818,시민방송뉴스통신 (주식회사 시민방송),언론사
13819,시민방송용인 (주식회사 시민방송용인),언론사
13820,시민사회신문,언론사
13821,시민시대 ((사)목요학술회 이사),언론사
13822,시민신문 (주식회사 시민신문),언론사
13823,시민신문 인터넷 (주식회사 시민신문),언론사
13824,시민신문닷컴,언론사
13825,시민안전TV ((주)케어가드서비스),언론사
13826,시민언론 더탐사 (주식회사 열린공감티브이),언론사
13827,시민언론 들꽃,언론사
13828,시민언론 파란뉴스,언론사
13829,시민언론민들레 ((주)시민언론민들레),언론사
13830,시민운동연합신문 ((주)시민운동연합신문),언론사
13831,시민의 소리 신문,언론사
13832,시민의도시 (사단법인 참여자치군산시민연대),언론사
13833,시민의소리 (주식회사 시민의소리),언론사
13834,시민일보 ((주)시민일보사),언론사
13835,시민저널 (주식회사 미추홀신문사),언론사
13836,시민정원신문,언론사
13837,시민투데이,언론사
13838,시민포커스,언론사
13839,시민행동,언론사
13840,시민행정신문 (주식회사 담화미디어그룹),언론사
13841,시빅뉴스,언론사
13842,시사 IMPACT,언론사
13843,시사 IN Korea (주식회사 경남여성신문사),언론사
13844,시사 경주인,언론사
13845,시사 경찰매거진,언론사
13846,시사 뉴스플러스,언론사
13847,시사 대구 경북인,언론사
13848,시사 서서울,언론사
13849,시사 서울매거진,언론사
13850,시사 영남인,언론사
13851,시사 타임뉴스(SISA TIMENEWS),언론사
13852,시사&스포츠,언론사
13853,시사1 (주식회사 시사1),언론사
13854,시사24 (주식회사 시사24),언론사
13855,시사25,언론사
13856,시사365 (주식회사 광커뮤니케이션즈),언론사
13857,시사9시뉴스,언론사
13858,시사IN(시사인) ((주)참언론),언론사
13859,시사N뉴스네트워크 ((주)씨디메스),언론사
13860,시사ON (펜과오늘(주)),언론사
13861,시사Pick (주식회사 물류온뉴스),언론사
13862,시사TV (주식회사 시사티비),언론사
13863,시사TV코리아,언론사
13864,시사e조은뉴스,언론사
13865,시사강원신문 (시사강원신문 주식회사),언론사
13866,시사경북 (주식회사 시사경북),언론사
13867,시사경제,언론사
13868,시사경제 ((주)시사이코노미스트),언론사
13869,시사경제뉴스,언론사
13870,시사경제매거진,언론사
13871,시사경제스케치,언론사
13872,시사경제신문,언론사
13873,시사경제오늘 ((주)에스씨파트너즈),언론사
13874,시사경제타임즈,언론사
13875,시사경찰뉴스 (동행그룹 주식회사),언론사
13876,시사경찰신문 (주식회사 시사경찰신문),언론사
13877,시사경찰일보 ((주)시사경찰일보),언론사
13878,시사경찰청신문,언론사
13879,시사공간,언론사
13880,시사공감,언론사
13881,시사교육 포커스,언론사
13882,시사교육매거진,언론사
13883,시사교통신문,언론사
13884,시사국회방송뉴스,언론사
13885,시사금융,언론사
13886,시사내외통신 ((주)내외뉴스),언론사
13887,시사넷,언론사
13888,시사뉴스,언론사
13889,시사뉴스&,언론사
13890,시사뉴스24,언론사
13891,시사뉴스25,언론사
13892,시사뉴스라인,언론사
13893,시사뉴스매거진신문 ((주)시사뉴스매거진신문),언론사
13894,시사뉴스방송,언론사
13895,시사뉴스저널,언론사
13896,시사뉴스채널,언론사
13897,시사뉴스코리아 (주식회사 아름다운미래를준비하는신문),언론사
13898,시사뉴스타임,언론사
13899,시사뉴스타임즈,언론사
13900,시사뉴스투데이,언론사
13901,시사뉴스피플,언론사
13902,시사뉴스피플 ((주)시사뉴스피플),언론사
13903,시사닷컴 (시사닷컴 주식회사),언론사
13904,시사대한뉴스,언론사
13905,시사대한매일신보 (주식회사 시사대한매일신보),언론사
13906,시사대한화보,언론사
13907,시사더타임즈,언론사
13908,시사데일리,언론사
13909,시사라인투데이,언론사
13910,시사레코드,언론사
13911,시사리포트,언론사
13912,시사매거진,언론사
13913,시사매거진 2580,언론사
13914,시사매거진 2580(sisamagazine2580),언론사
13915,시사매거진 뉴스 (주식회사 시사매거진),언론사
13916,시사매거진TODAY,언론사
13917,시사매거진넷,언론사
13918,시사매일신문,언론사
13919,시사매일신문 (주식회사 시사매일신문),언론사
13920,시사매일일보 (주식회사 서울매일신보사),언론사
13921,시사메가시티,언론사
13922,시사메디,언론사
13923,시사문경,언론사
13924,시사문화저널,언론사
13925,시사미디어,언론사
13926,시사미래신문,언론사
13927,시사미래타임즈,언론사
13928,시사바로타임즈(Sisa Baro Times),언론사
13929,시사발전소,언론사
13930,시사뱅크(sisa bank),언론사
13931,시사법률,언론사
13932,시사법률신문,언론사
13933,시사부안 (유한회사 시사부안신문사),언론사
13934,시사부안신문 (유한회사 시사부안신문사),언론사
13935,시사불교매너리즘 깨달음의씨앗,언론사
13936,시사뷰타임즈,언론사
13937,시사브레이크,언론사
13938,시사브리핑 ((주)시사브리핑),언론사
13939,시사비전 (타마커뮤니케이션(주)),언론사
13940,시사상조,언론사
13941,시사상조.,언론사
13942,시사상조뉴스,언론사
13943,시사상조뉴스 ((주)시사상조뉴스),언론사
13944,시사서울,언론사
13945,시사선진한국,언론사
13946,시사신문 ((주)일간시사신문),언론사
13947,시사아시아뉴스,언론사
13948,시사안성,언론사
13949,시사안전뉴스.kr,언론사
13950,시사앤뉴스 (주식회사 서강이일씨),언론사
13951,시사앤피플,언론사
13952,시사앤피플(sisanpeople),언론사
13953,시사에이치알디 (주식회사 시사에이치알디),언론사
13954,시사엔 ((주)시사엔미디어),언론사
13955,시사연합신문,언론사
13956,시사연합신문.,언론사
13957,시사오늘 (펜과오늘(주)),언론사
13958,시사와이드 ((주)에프오유알에스티),언론사
13959,시사우리신문 ((주)미디어우리),언론사
13960,시사울산,언론사
13961,시사월드 ((주)미디어소사이어티),언론사
13962,시사월드뉴스,언론사
13963,시사월드뉴스서울 (시사월드뉴스서울(주)),언론사
13964,시사위크 ((주)펜세상),언론사
13965,시사음악신문,언론사
13966,시사의정 (시사시선 주식회사),언론사
13967,시사의창 (주식회사 시사의창),언론사
13968,시사이천,언론사
13969,시사인 투데이,언론사
13970,시사인뉴스 매거진,언론사
13971,시사인물,언론사
13972,시사인사이드,언론사
13973,시사인사이트,언론사
13974,시사인터넷뉴스,언론사
13975,시사인터뷰(Sisa Interview),언론사
13976,시사일보,언론사
13977,시사일보. ((주)한국언론공보사),언론사
13978,시사저널,언론사
13979,시사저널 ((주)시사저널사),언론사
13980,시사저널 청풍 ((주)청풍),언론사
13981,시사저널21,언론사
13982,시사저널NEWS ((주)에스제이씨앤비),언론사
13983,시사저널e ((주)시사저널이코노미),언론사
13984,시사저널코리아,언론사
13985,시사저널타임즈(Sisa-journal Times),언론사
13986,시사전남,언론사
13987,시사전북,언론사
13988,시사전북닷컴,언론사
13989,시사정책뉴스,언론사
13990,시사조은뉴스,언론사
13991,시사종합뉴스 (시사종합뉴스 주식회사),언론사
13992,시사종합신문 (㈜시사종합신문),언론사
13993,시사종합천안매거진,언론사
13994,시사종합충남매거진,언론사
13995,시사주간 ((주)이코노믹포스트),언론사
13996,시사주간 대구경북,언론사
13997,시사주간(sisa weekly) ((주)이코노믹포스트),언론사
13998,시사주간지 뉴스타임,언론사
13999,시사주간지 티뷰이 방송 연합뉴스,언론사
14000,시사줌뉴스,언론사
14001,시사중앙 ((주)리온의학연구소),언론사
14002,시사창닷컴 (주식회사 시사창),언론사
14003,시사채널,언론사
14004,시사채널뉴스,언론사
14005,시사천안저널,언론사
14006,시사초점 ((주)첨단미디어씨티),언론사
14007,시사초점TV,언론사
14008,시사충청,언론사
14009,시사캐스트,언론사
14010,시사캐스트 (일간오늘신문(주)),언론사
14011,시사캐치,언론사
14012,시사케이뉴스 (시사케이뉴스 주식회사),언론사
14013,시사코리아 (한국미디어뉴스(주)),언론사
14014,시사코리아뉴스,언론사
14015,시사코리아닷컴,언론사
14016,시사코리아저널 (시사코리아 주식회사),언론사
14017,시사크리스챤,언론사
14018,시사타임,언론사
14019,시사타임-인터넷,언론사
14020,시사타임즈 ((주)시사타임즈),언론사
14021,시사타파NEWS (주식회사 시사타파미디어),언론사
14022,시사터치,언론사
14023,시사토픽뉴스,언론사
14024,시사통신 (시사통신주식회사),언론사
14025,시사통영,언론사
14026,시사통영 ((주)시사통영),언론사
14027,시사투데이,언론사
14028,시사투모로우,언론사
14029,시사파일,언론사
14030,시사팩트(Sisa Fact) (주식회사 시사팩트),언론사
14031,시사팩트저널(SISA FACT JOURNAL),언론사
14032,시사평론,언론사
14033,시사포스트,언론사
14034,시사포천,언론사
14035,시사포커스 ((주)일간시사신문),언론사
14036,시사포커스저널,언론사
14037,시사포토뉴스,언론사
14038,시사포토코리아,언론사
14039,시사프라임 ((주)일간시사이프라임),언론사
14040,시사프리신문,언론사
14041,시사프리즘,언론사
14042,시사플러스,언론사
14043,시사피플,언론사
14044,시사픽,언론사
14045,시사한국 (주식회사 미디어라이프),언론사
14046,시사한국인,언론사
14047,시사한국저널,언론사
14048,시사함양,언론사
14049,시사행정자치일보 (주식회사 한국연예정보신문사),언론사
14050,시사헤드라인,언론사
14051,시사호남,언론사
14052,시사환경신문,언론사
14053,시사환경신문 (주식회사 한국연예정보신문사),언론사
14054,시산(詩山),언론사
14055,시산맥,언론사
14056,시선,언론사
14057,시선 부산,언론사
14058,시선2.0,언론사
14059,시선과 시각 (사단법인 한국대학출판협회),언론사
14060,시선뉴스 ((주)시선뉴스),언론사
14061,시선들:the lines,언론사
14062,시설안전관리 ((주)주간시사경제),언론사
14063,시세계,언론사
14064,시안,언론사
14065,시어터플러스+,언론사
14066,시에,언론사
14067,시온뉴스,언론사
14068,시와 문화,언론사
14069,시와 미학,언론사
14070,시와 소금,언론사
14071,시와 예술,언론사
14072,시와 함께,언론사
14073,시와 희곡 (사단법인 노작홍사용기념사업회),언론사
14074,시와경계,언론사
14075,시와과학,언론사
14076,시와글사랑문학,언론사
14077,시와동화,언론사
14078,시와반시,언론사
14079,시와사람,언론사
14080,시와사상,언론사
14081,시와산문,언론사
14082,시와세계,언론사
14083,시와수상문학 계간지,언론사
14084,시와수필,언론사
14085,시와수필마당,언론사
14086,시와시인,언론사
14087,시와시학,언론사
14088,시와정신,언론사
14089,시와창작,언론사
14090,시와표현,언론사
14091,시의 나라,언론사
14092,시의 시간들,언론사
14093,시의 에스프레소,언론사
14094,시인(詩人),언론사
14095,시인뉴스포엠,언론사
14096,시인들,언론사
14097,시인보호구역,언론사
14098,시인세계,언론사
14099,시인수첩 (주식회사 여우난골),언론사
14100,시인시대,언론사
14101,시인정신,언론사
14102,시인투데이,언론사
14103,시작(詩作),언론사
14104,시작하다,언론사
14105,시장가이드 모아매거진 (주식회사 모아매거진),언론사
14106,시장경제신문 (주식회사 시장경제신문),언론사
14107,시전문계간지신생,언론사
14108,시전문잡지 시인마을,언론사
14109,시정일보 ((주)한국시정일보),언론사
14110,시정저널,언론사
14111,시조,언론사
14112,시조21,언론사
14113,시조매거진,언론사
14114,시조문학,언론사
14115,시조생활 (사단법인 세계전통시인협회한국본부),언론사
14116,시조시학,언론사
14117,시조예술,언론사
14118,시조전문지 「시 맥」,언론사
14119,시조정신,언론사
14120,시조춘추,언론사
14121,시즌(Season) (주식회사 갈다),언론사
14122,시지저스티비,언론사
14123,시집그리고에세이 만추 (주식회사 부크럼),언론사
14124,시창작,언론사
14125,시큐리티 코리아 ((사)한국경비협회),언론사
14126,시큐리티월드 (주식회사 더비엔),언론사
14127,시크릿 B(Secret B) (주식회사 맥스큐인터내셔널),언론사
14128,시크먼트매거진 (주식회사 시크먼트),언론사
14129,시트코믹스(SIT COMIX),언론사
14130,시티 in,언론사
14131,시티 오브 엔젤 (주식회사 엔젤클럽),언론사
14132,시티뉴스 플러스,언론사
14133,시티라이프(Citylife) ((주)매일경제신문사),언론사
14134,시티타임스(CityTimes) ((주)시티타임스),언론사
14135,시티트리뷴,언론사
14136,시티팜뉴스,언론사
14137,시혼문학,언론사
14138,시화뉴스 (주식회사 더큰),언론사
14139,시흥 knews(시흥 케이뉴스),언론사
14140,시흥·안산 스마트허브,언론사
14141,시흥뉴스,언론사
14142,시흥뉴스라인 (뉴스라인 주식회사),언론사
14143,시흥미디어,언론사
14144,시흥사회복지 (사회복지법인 시흥시사회복지협의회),언론사
14145,시흥시민신문 (주식회사 시흥시민신문),언론사
14146,시흥신문 (주식회사 시흥신문사),언론사
14147,시흥의 소리,언론사
14148,시흥인터넷뉴스,언론사
14149,시흥일보 (시흥일보언론협동조합),언론사
14150,시흥자치신문 (주식회사 새시흥신문사),언론사
14151,시흥장수신문 (주식회사 시흥장수신문),언론사
14152,시흥저널 (주식회사 시흥저널),언론사
14153,시흥춘추,언론사
14154,시흥타임즈 (주식회사 에스시흥타임즈),언론사
14155,시흥환경신문 (시흥환경신문 주식회사),언론사
14156,식당가 (food street) 뉴스 (뉴스코리아 주식회사),언론사
14157,식량닷컴 (주식회사 식량닷컴),언론사
14158,식문화타임즈,언론사
14159,식약매거진 (주식회사 굿365),언론사
14160,식약신문,언론사
14161,식약일보,언론사
14162,식약저널(Food&Medicine) (주식회사 굿365),언론사
14163,식용곤충회지 Bug'zin,언론사
14164,식육,언론사
14165,식음료신문,언론사
14166,식품 산업,언론사
14167,식품과 유통 (사단법인 한국식품유통연구원),언론사
14168,식품법과 정책 (식품안전정보원),언론사
14169,식품보건건강신문,언론사
14170,식품안전유통타임스,언론사
14171,식품안전환경일보,언론사
14172,식품외식경영 ((주) 알지엠푸드하우스),언론사
14173,식품외식경제,언론사
14174,식품외식경제 (한국외식정보 주식회사),언론사
14175,식품외식뉴스 (사단법인식품외식진흥협회),언론사
14176,식품음료신문,언론사
14177,식품저널,언론사
14178,식품저널(Food News),언론사
14179,신·재생에너지 뉴스레터 (한국신·재생에너지협회),언론사
14180,신가종보(辛家宗報),언론사
14181,신개념증빙서철,언론사
14182,신경북뉴스 (주식회사 경북신문사),언론사
14183,신경북일보 (주식회사 경북신문사),언론사
14184,신경정신의학,언론사
14185,신경제신문 (주식회사 비손리버),언론사
14186,신경주신문 (경주시민신문(주)),언론사
14187,신구로뉴스(NGN),언론사
14188,신나는NIE 시사원정대 (주식회사 동아이지에듀),언론사
14189,신나는복음묵상 (사단법인 미래사목연구소),언론사
14190,신노년愛세상,언론사
14191,신노인(新老人),언론사
14192,신다문화하나로,언론사
14193,신대한,언론사
14194,신대한.,언론사
14195,신대한뉴스,언론사
14196,신도시뉴스 (신도시뉴스 주식회사),언론사
14197,신도청경북지역교육뉴스,언론사
14198,신도회보,언론사
14199,신동성 건설 소식,언론사
14200,신동성소식,언론사
14201,신동아,언론사
14202,신동아방송(sdatv) (주식회사 신동아방송),언론사
14203,신동아방송호남티브이 (신동아방송호남티브이),언론사
14204,신동아음악신문사,언론사
14205,신드롬(Syndrome) ((주)도서출판일렉션),언론사
14206,신디더퍼키 (플래닛팔이(주)),언론사
14207,신라신문 ((주)아이디어나라),언론사
14208,신라오릉보존회 박씨대종친회보 (주식회사 대박),언론사
14209,신라일보 (주식회사 경북신문사),언론사
14210,신뢰와감동의코오롱세계일주 ((주)맥여행사),언론사
14211,신뢰정보사,언론사
14212,신망애이야기,언론사
14213,신명난장,언론사
14214,신명일보 (주식회사 신명),언론사
14215,신문과 방송 (한국언론진흥재단),언론사
14216,신문예(新文藝),언론사
14217,신문윤리 (사단법인 한국신문윤리위원회),언론사
14218,신문협회보 (사단법인 한국신문협회),언론사
14219,신문화뉴스,언론사
14220,신바람뉴스,언론사
14221,신발,언론사
14222,신서울신문,언론사
14223,신세계,언론사
14224,신세계 복지신문,언론사
14225,신세계문학,언론사
14226,신세계보건복지통신 (주식회사신세계뉴스통신),언론사
14227,신세대문화정보페이퍼(Paper) ((주)페이퍼프로덕션),언론사
14228,신소재경제신문,언론사
14229,신소통 (주식회사 리중),언론사
14230,신아뉴스통신,언론사
14231,신아세아(新亞細亞),언론사
14232,신아일보 (신아일보미디어(주)),언론사
14233,신안군민신문 (유한회사 호남저널),언론사
14234,신안신문,언론사
14235,신안의소리 (유한회사 서남미디어에스엔티),언론사
14236,신앙과 삶,언론사
14237,신앙과교육,언론사
14238,신앙과학문 (사단법인 기독교세계관학술동역회),언론사
14239,신앙세계,언론사
14240,신앙신보 ((주)신앙신보사),언론사
14241,신어문학,언론사
14242,신용경제,언론사
14243,신용사회 (신용보증기금),언론사
14244,신용산(新龍山)신문,언론사
14245,신인간 ((주)신인간사),언론사
14246,신일비전타임즈,언론사
14247,신재생 에너지 알림이 (주식회사 사람들과사람),언론사
14248,신재생에너지,언론사
14249,신재생에너지정보 (재단법인 건설산업정보연구원),언론사
14250,신정문학,언론사
14251,신제품기술,언론사
14252,신제품정보,언론사
14253,신중년시대 (주식회사 이음커뮤니티(ieum community co)),언론사
14254,신중년중앙회신문 (한국신중년중앙회),언론사
14255,신중일보 (신중일보 주식회사),언론사
14256,신지식인,언론사
14257,신천지신문,언론사
14258,신체발란스운동 건강신문,언론사
14259,신총선교회 교회정론,언론사
14260,신평화통일신문,언론사
14261,신학과이단,언론사
14262,신학비평,언론사
14263,신학정론,언론사
14264,신학지남,언론사
14265,신한 Premier ((주)더북컴퍼니),언론사
14266,신한국人 (주식회사 경인굿뉴스),언론사
14267,신한뉴스,언론사
14268,신한일미래 (사단법인 신한일미래포럼),언론사
14269,신한일보,언론사
14270,신한일보 ((주)신한미디어),언론사
14271,신행 365,언론사
14272,신호등 (한국도로교통공단),언론사
14273,신호등뉴스,언론사
14274,신화보(新華報) ((주)한국신화보),언론사
14275,신흥,언론사
14276,신흥뉴스,언론사
14277,신흥자경소,언론사
14278,실로아뉴스,언론사
14279,실로암 ((사)실로암사람들),언론사
14280,실로암선교신문 ((주)광고와 인쇄마을),언론사
14281,실록,언론사
14282,실명예방 함께보는 세상 ((재)한국실명예방재단),언론사
14283,실버 늬우스 ((사)대한실버산업협회),언론사
14284,실버건강복지뉴스,언론사
14285,실버건강신문 (주식회사 실버건강신문),언론사
14286,실버경제신문 ((주)비즈뷰),언론사
14287,실버넷TV ((주)실버넷티비),언론사
14288,실버넷뉴스 (사단법인 실버넷운동본부),언론사
14289,실버뉴스,언론사
14290,실버데이,언론사
14291,실버라이프뉴스,언론사
14292,실버방송,언론사
14293,실버세상 매거진,언론사
14294,실버시대 (사회복지법인 해동학원),언론사
14295,실버신문,언론사
14296,실버아이뉴스 ((주)실버아이),언론사
14297,실버요양신문,언론사
14298,실버월드,언론사
14299,실버유토피아 (보금주택개발(주)),언론사
14300,실버저널,언론사
14301,실버종합뉴스,언론사
14302,실버컨슈머(silverconsumer),언론사
14303,실버콕닷컴,언론사
14304,실버타운신문 ((주)빌더클럽),언론사
14305,실버타임뉴스 (주식회사 타임아시아그룹),언론사
14306,실버타임즈,언론사
14307,실버톡 (주식회사 실버톡),언론사
14308,실버투데이,언론사
14309,실버플랜 ((사)한국노인종합복지관협회),언론사
14310,실버피아 ((주)유니씨에스),언론사
14311,실버피아온라인 (유니실버(주)),언론사
14312,실상문학,언론사
14313,실시간TV,언론사
14314,실업극복,언론사
14315,실용음악뉴스,언론사
14316,실천문학 ((주)실천문학),언론사
14317,심상,언론사
14318,심장과 대사 (주식회사 메디칼리뷰),언론사
14319,심장소식,언론사
14320,심정문학,언론사
14321,심플러 SIMPLER,언론사
14322,심플리뉴스,언론사
14323,심플소잉NCC 매거진,언론사
14324,십대들의 연,언론사
14325,십대들의쪽지,언론사
14326,십대의벗 ((사)십대의벗청소년교육센터),언론사
14327,십자가 복음,언론사
14328,싱귤레러티 SINGULARiTY (한국전자도서출판 주식회사),언론사
14329,싱글리스트 (주식회사 싱글리스트미디어),언론사
14330,싱클레어,언론사
14331,싸나이 (주식회사 에어뉴),언론사
14332,싸이렌,언론사
14333,쌍계,언론사
14334,쌤타임즈,언론사
14335,쌩쌩뉴스 (주식회사 타이쿤영보드),언론사
14336,쌩쌩무지개뉴스,언론사
14337,쌩쌩영보드뉴스,언론사
14338,써니스타임즈 ((주)써니스),언론사
14339,써클30뉴스,언론사
14340,써클타임즈,언론사
14341,써타임즈(SIR TIMES) (주식회사 써타임즈),언론사
14342,썬뉴스,언론사
14343,썬스타코리아 (주식회사 이얼즈커뮤니케이션즈),언론사
14344,썬스토리 (주식회사 포스트더필라테스),언론사
14345,쎄씨 (에이치엘엘중앙(주)),언론사
14346,쎄씨 캠퍼스 (에이치엘엘중앙(주)),언론사
14347,쎄씨anotherchoice+쎄씨캠퍼스합본호 (에이치엘엘중앙(주)),언론사
14348,쎈tv뉴스 (주식회사 글로벌미디어네트워크),언론사
14349,쎈트렌(SenTren),언론사
14350,쏙닥쏙닥,언론사
14351,쓰고 쓰게,언론사
14352,쓰담미디어 (주식회사 쓰담미디어),언론사
14353,쓰담쓰담,언론사
14354,쓰리디아이템즈 ((주)쓰리디아이템즈),언론사
14355,쓰리잇(3IT) ((주)잇미디어랩),언론사
14356,쓺-문학의 이름으로 ((사)문학실험실),언론사
14357,씨네 21 (씨네21 주식회사),언론사
14358,씨네랩 ((주)하이스트레인저),언론사
14359,씨네마웨이브 (주식회사 클릭버스터),언론사
14360,씨네마천국,언론사
14361,씨네울산,언론사
14362,씨네진,언론사
14363,씨네플레이 (씨네플레이(주)),언론사
14364,씨네필(Cine phile) ((주)더제트),언론사
14365,씨네필매거진(cinephile magazine) (주식회사 씨엠닉스),언론사
14366,씨넷코리아 ((주)메가뉴스),언론사
14367,씨드뉴스,언론사
14368,씨밀레 매거진,언론사
14369,씨써클 타임즈,언론사
14370,씨아이뉴스 (씨아이뉴스 주식회사),언론사
14371,씨알의 소리,언론사
14372,씨앗부모,언론사
14373,씨앤비뉴스(CNBNEWS),언론사
14374,씨앤씨뉴스(CNC NEWS),언론사
14375,씨앤에프 아카데미 매거진,언론사
14376,씨앤이교육,언론사
14377,씨에스엔(CSN),언론사
14378,씨에이(CA),언론사
14379,씨에이미디어,언론사
14380,씨에이미디어. ((주)씨에이미디어),언론사
14381,씨에이치 파트너즈 ((주)씨에이치파트너즈),언론사
14382,씨엔꼬레아,언론사
14383,씨엔비국회방송 (주식회사 씨엔비국회방송),언론사
14384,씨엔이저널,언론사
14385,씨엘뉴스위크,언론사
14386,씨엘라이프,언론사
14387,씨엘매거진,언론사
14388,씨엘미디어,언론사
14389,씨엘반포뉴스,언론사
14390,씨엘요가 필라테스 타임즈,언론사
14391,씨엘이페이퍼,언론사
14392,씨엘포커스,언론사
14393,씨엘필라테스신문,언론사
14394,씨오쟁이,언론사
14395,씨원뉴스,언론사
14396,씨이오(CEO)마케팅신문 (그린라운드 주식회사),언론사
14397,씨이오뉴스,언론사
14398,씨이오와,언론사
14399,씨이오창업신문 ((주)씨이오),언론사
14400,씨이오투데이,언론사
14401,씨제이스월드뉴스,언론사
14402,씨제이조이큐브 매거진 (씨제이조이큐브 주식회사),언론사
14403,씨초포스트 SSICHO POST,언론사
14404,씨케이올라이프에듀 ((주)씨케이투자그룹),언론사
14405,씨큐엔(Secu N),언론사
14406,씨투비스마트폰인터넷뉴스(CSIN),언론사
14407,씨티21 뉴스 (주식회사 씨티21뉴스),언론사
14408,씨티21뉴스,언론사
14409,씨티경제 (주식회사 크로스라인),언론사
14410,씨티신문 ((주)씨티마켓),언론사
14411,씨티피 & 인쇄 ((주)한디지탈프린팅),언론사
14412,씨피씨뉴스,언론사
14413,씨허브,언론사
14414,씬풀레이빌,언론사
14415,씰뉴스(SEAL-NEWS) (주식회사 스마트인디지털),언론사
14416,씽크씽크,언론사
14417,아! 대한민국 (사단법인 한국독립운동교육사업회),언론사
14418,아가방 (주)아가방),언론사
14419,아가페,언론사
14420,아가페 큰사랑,언론사
14421,아가페신문 (사)월드복음선교협의회),언론사
14422,아고라 젠,언론사
14423,아고라 타임즈 ((주)엠에이티원스타즈),언론사
14424,아고라젠TV,언론사
14425,아고라채널 (주식회사 아고라클립(Agora Clip)),언론사
14426,아그레아블 매거진 (주식회사 아그레아블커뮤니티),언론사
14427,아그리테크 타임즈 (주식회사 세움미래전략),언론사
14428,아기 소식,언론사
14429,아기가행복한나라 (주식회사 베비라),언론사
14430,아기성공닷컴 (주식회사 희망마루),언론사
14431,아낌없이주는나무,언론사
14432,아난다 세종 뉴스,언론사
14433,아난다뉴스,언론사
14434,아난드요가저널,언론사
14435,아다지오 필라테스 동천점,언론사
14436,아담앤이브뉴스,언론사
14437,아던트뉴스,언론사
14438,아델린뉴스,언론사
14439,아동문예,언론사
14440,아동문학 사상,언론사
14441,아동문학평론,언론사
14442,아동청소년문학 (사단법인 한국아동청소년문학협회),언론사
14443,아따매거진 (백범(주)),언론사
14444,아뜨리에,언론사
14445,아띠GM뉴스 (주식회사 지오바니),언론사
14446,아띠역곡뉴스,언론사
14447,아띠참신문 ((주)아띠참신문),언론사
14448,아라글로벌 매거진 (아라학원 주식회사),언론사
14449,아라글로벌라운지 (모시리 주식회사),언론사
14450,아라쇼츠,언론사
14451,아라펫 뉴스 (주식회사 국제반려동물신문),언론사
14452,아란치블로터 (아란치미디어 주식회사),언론사
14453,아람문학,언론사
14454,아레나 옴므 플러스,언론사
14455,아레나타임스,언론사
14456,아령매거진,언론사
14457,아로니아베리저널,언론사
14458,아로마교육미디어,언론사
14459,아르(Are),언론사
14460,아르보필라테스,언론사
14461,아르코뉴스,언론사
14462,아름다운 가정,언론사
14463,아름다운 건강,언론사
14464,아름다운 국립공원,언론사
14465,아름다운 동행 HMP 소식지 ((주)히트미디어),언론사
14466,아름다운 복음신문 기독타임스,언론사
14467,아름다운 사람들,언론사
14468,아름다운 사람들과 골프 ((주)파란이엔지),언론사
14469,아름다운 사람들을 위하여,언론사
14470,아름다운 사람들이 만드는 참여사회,언론사
14471,아름다운 샘 (의료법인 길 의료재단),언론사
14472,아름다운 예술충남,언론사
14473,아름다운 우리 옷,언론사
14474,아름다운 인연,언론사
14475,아름다운 젊음 ((재)한국마약퇴치운동본부),언론사
14476,아름다운 중독,언론사
14477,아름다운가정을위하여,언론사
14478,아름다운교육신문,언론사
14479,아름다운교육신문 (아름다운교육신문(주)),언론사
14480,아름다운꿈뉴스 ((주) 선진평생교육원),언론사
14481,아름다운나눔의신문 ((주)아름다운나눔의신문),언론사
14482,아름다운동행 (사단법인 아름다운동행),언론사
14483,아름다운미래,언론사
14484,아름다운바다,언론사
14485,아름다운사람 크리스차니티,언론사
14486,아름다운세상 대해,언론사
14487,아름다운세상만들기,언론사
14488,아름다운소식,언론사
14489,아름다운신문,언론사
14490,아름다운요가신문,언론사
14491,아름다운하나 (사회복지법인 사랑의집),언론사
14492,아름필라테스 매거진,언론사
14493,아리랑1045 ((사)일제강제노역피해자정의구현전국연합회),언론사
14494,아리랑뉴스,언론사
14495,아리랑저널 (주식회사 아리랑저널),언론사
14496,아리수,언론사
14497,아리울신문 (유한회사 아리울신문),언론사
14498,아림신문 (주식회사아림신문사),언론사
14499,아마고수골프신문,언론사
14500,아망뉴스,언론사
14501,아메리카 요가 타임즈(마들),언론사
14502,아메리카 요가타임즈(잠실새내),언론사
14503,아메리카today,언론사
14504,아메리카요가 문정뉴스,언론사
14505,아모스요엘원 (사회복지법인 아모스),언론사
14506,아몬드페이퍼,언론사
14507,아무,언론사
14508,아문(亞文:亞世亞公論),언론사
14509,아미뉴스,언론사
14510,아바뉴스 ((주)아바뉴스),언론사
14511,아바코리아잡이슈 (주식회사 인컴트랜드),언론사
14512,아방가르드,언론사
14513,아버지와자녀,언론사
14514,아보리덤,언론사
14515,아보아름,언론사
14516,아빠신문,언론사
14517,아빠와 함께 독서를 ((주)기탄교육),언론사
14518,아사진미디어,언론사
14519,아사투어로 ((주)아사인터내셔널여행사),언론사
14520,아산 시사신문,언론사
14521,아산 헤럴드 뉴스,언론사
14522,아산IN (주식회사 아산인),언론사
14523,아산뉴스,언론사
14524,아산데스크 ((주)아산데스크),언론사
14525,아산데일리,언론사
14526,아산만정보신문,언론사
14527,아산문학 ((사)한국문인협회 아산지부),언론사
14528,아산미래미디어 (주식회사 아산미래신문),언론사
14529,아산복지뉴스,언론사
14530,아산시대,언론사
14531,"아산신문 (주식회사 씨에이미디어그룹(CA Media co., Ltd.))",언론사
14532,"아산인터넷뉴스(AsanInternet News, AI News, 에이아이 뉴스)",언론사
14533,아산저널,언론사
14534,아산톱뉴스닷컴,언론사
14535,아산투데이닷컴,언론사
14536,아산포커스,언론사
14537,아산프레스,언론사
14538,아세아연구 (고려대학교 아세아문제연구원),언론사
14539,아세안데일리 (주식회사 아세안데일리),언론사
14540,아세안매거진,언론사
14541,아세안타임즈,언론사
14542,아스타티비(AstaTV),언론사
14543,아시아 데일리(Asia Daily),언론사
14544,아시아 문화 (주식회사 아시아문화커뮤니티),언론사
14545,아시아 문화예술신문 ((주)제이콥스아트웍스),언론사
14546,아시아 스타뉴스 ((주)코리아엔터프라이즈),언론사
14547,아시아 헤브론 푸른꿈 FC,언론사
14548,아시아24 (주식회사 미디어와이즈),언론사
14549,아시아경제 ((주)아시아경제),언론사
14550,아시아경제닷컴,언론사
14551,아시아글로브,언론사
14552,아시아기독교방송,언론사
14553,아시아뉴스 (세계미디어(주)),언론사
14554,아시아뉴스TV,언론사
14555,아시아뉴스TV ((주)데자뷰코리아),언론사
14556,아시아뉴스전북 (주식회사 아시아뉴스전북),언론사
14557,아시아뉴스통신 (주식회사 아시아뉴스통신),언론사
14558,아시아뉴스통신TV,언론사
14559,아시아데이터 (황종주식회사),언론사
14560,아시아메일,언론사
14561,아시아문예 ((사)푸른세상),언론사
14562,아시아문화경제신문 (아시아씨이앤(주)),언론사
14563,아시아방송 (주식회사 뉴아시아일보),언론사
14564,아시아빅뉴스,언론사
14565,아시아사회과학,언론사
14566,아시아서석문학,언론사
14567,아시아씨이뉴스,언론사
14568,아시아에너지경제신문 ((주)아시아에너지경제신문사),언론사
14569,아시아에이(Asia A) ((주)에이치앤씨텔레그래프),언론사
14570,아시아엔,언론사
14571,아시아연합TV (아시아창의방송(주)),언론사
14572,아시아연합신문,언론사
14573,아시아예술연구,언론사
14574,아시아월드뉴스,언론사
14575,아시아인문학,언론사
14576,아시아일보 (주식회사 뉴아시아일보),언론사
14577,아시아저널,언론사
14578,아시아타임방송 (주식회사 아시아타임방송),언론사
14579,아시아타임즈 (주식회사 아시아타임즈),언론사
14580,아시아통신,언론사
14581,아시아투데이 ASIATODAY,언론사
14582,아시아투데이ASIATODAY닷컴 (아시아투데이(주)),언론사
14583,아시아트리뷴,언론사
14584,아시아패시픽비지네스앤드테크노놀리지 (주식회사 아시아퍼시픽비즈니스앤테크놀로지),언론사
14585,아시아포스트,언론사
14586,아시아포커스,언론사
14587,아시아포커스 ((주)씨아이에이엠),언론사
14588,아시아헤럴드(asiaherald) (와이앤아처(주)),언론사
14589,"아시안타임즈(Asiantimes) (주식회사 아시안허브(AsianHub Co., Ltd.))",언론사
14590,아엠맘(I am mom),언론사
14591,아우룸미디어,언론사
14592,아울러 지역정보,언론사
14593,아웃도어긱스매거진,언론사
14594,아웃도어라이프(OUTDOORLIFE) ((주)아웃도어라이프),언론사
14595,아웃도어리빙 OUTDOORLIVING,언론사
14596,아웃도어트렌즈,언론사
14597,아웃소싱 타임스,언론사
14598,아웃소싱타임스 ((주)아웃소싱타임스),언론사
14599,아웃스탠딩 ((주)아웃스탠딩컴퍼니),언론사
14600,아워스 뉴스,언론사
14601,아유경제 (주식회사 아유경제),언론사
14602,아유경제(AU경제),언론사
14603,아이 연합건설신문,언론사
14604,아이(i)가스저널,언론사
14605,아이(i)파주민보,언론사
14606,아이경북뉴스,언론사
14607,아이경제뉴스 (주식회사 아이경제뉴스),언론사
14608,아이구디,언론사
14609,아이굿뉴스,언론사
14610,아이꿈희망,언론사
14611,아이나 요가앤필라테스 타임즈,언론사
14612,아이나무 ((주)한국알티센터),언론사
14613,아이넷뉴스,언론사
14614,아이넷신문 ((주)아이티씨엔에스),언론사
14615,아이놀이터 (아이꿈발전소 사회적협동조합),언론사
14616,아이뉴스,언론사
14617,아이뉴스24(inews24) ((주)아이뉴스이십사),언론사
14618,아이뉴스에이(INEWSA),언론사
14619,아이뉴스엠 (주식회사 와이에스엠시티),언론사
14620,아이뉴스인,언론사
14621,아이뉴스투데이,언론사
14622,아이닷컴뉴스 (삼일피더블유씨솔루션 주식회사 (Samil PwC Solutions Inc.)),언론사
14623,아이더카라반 (에스씨미디어 주식회사),언론사
14624,아이돌뉴스 ((주)아이돌뉴스),언론사
14625,아이돌스타,언론사
14626,아이돌차트 (주식회사 스탯티즈),언론사
14627,아이들판,언론사
14628,아이디경마,언론사
14629,아이디어 그리고 디자인 ((주)한국교육안전개발연구원),언론사
14630,아이디어 래빗,언론사
14631,아이디어뱅크(ideabank) ((주)문연파이넌셜퓨처),언론사
14632,아이디얼즈 (IDEALS) (주식회사 아메리칸아이디얼즈),언론사
14633,아이디위클리 (주식회사 아이디위클리),언론사
14634,아이러브 PC방 (주식회사 아이엘미디어),언론사
14635,아이러브 제주,언론사
14636,아이러브천안매거진,언론사
14637,아이러브충남매거진,언론사
14638,아이러브캐릭터,언론사
14639,아이러브캐릭터(I Love Character),언론사
14640,아이러브태권도 (주식회사 토트),언론사
14641,아이러브프라하(I LOVE PRAGUE) ((주)이유마아케팅),언론사
14642,아이를위한교육 ((주)로렌츠강서양천),언론사
14643,아이리스 (주식회사 신미디어엔터테인먼트),언론사
14644,아이마음교육 (주식회사 비엔케이),언론사
14645,아이만나 ((유)밀스톤출판사),언론사
14646,아이맘저널,언론사
14647,아이맘케어에듀일보 (주식회사 아이맘케어),언론사
14648,아이모바일타임스,언론사
14649,아이미래 ((주)아이미래로),언론사
14650,아이미래매거진,언론사
14651,아이밍뉴스 (아이밍코리아 주식회사),언론사
14652,아이바이블뉴스,언론사
14653,아이방주뉴스,언론사
14654,아이별나라 (주식회사 굿맘안양),언론사
14655,아이부천타임즈,언론사
14656,아이브매거진,언론사
14657,아이비교육뉴스,언론사
14658,아이비스포츠 뉴스 ((주)아이비스포츠),언론사
14659,아이비에스타임즈 (주식회사 아이비에스인천방송),언론사
14660,아이비토마토 ((주)아이비토마토),언론사
14661,아이비티뉴스 ((주)커먼웰스앤코리아),언론사
14662,아이생각 (주식회사 로렌츠은평),언론사
14663,아이소셜,언론사
14664,아이스타임즈 ((주)아이스타임즈),언론사
14665,아이스팟뉴스(ispotnews),언론사
14666,아이스포츠코리아 ((주)스포츠코리아),언론사
14667,아이씨앤비저널(icnb journal) (주식회사 문화경제연구),언론사
14668,아이씨엔매거진,언론사
14669,아이씨엔코리아 (주식회사 아이씨엔코리아),언론사
14670,아이아토 (주식회사 아토홈),언론사
14671,아이알팜 ((주)아이알팜),언론사
14672,아이알필라테스뉴스,언론사
14673,아이어 뉴스 (주식회사 희망제작소),언론사
14674,아이에듀타임즈(iEduTimes),언론사
14675,아이에스플러스닷컴 (이데일리엠(주)),언론사
14676,아이에이피뉴스 ((주)아이에이피에듀),언론사
14677,"아이엑스디자인, 리빙",언론사
14678,아이엔지뉴스,언론사
14679,아이엔지북스 라망에디션,언론사
14680,아이엘티뉴스닷컴,언론사
14681,아이엠매거진,언론사
14682,아이엠에스신문,언론사
14683,아이엠에스신문 (주식회사 아이엠에스신문),언론사
14684,아이엠유어스타,언론사
14685,아이엠피터뉴스,언론사
14686,아이연,언론사
14687,아이오리포트 ((주)마니아스타일),언론사
14688,아이오포커스,언론사
14689,아이우주교실 ((주)아이우주교실),언론사
14690,아이우주교실남양주천문대 ((주)아이우주교실남양주천문대),언론사
14691,아이웨어뉴스 (아이렌즈주식회사),언론사
14692,아이유아,언론사
14693,아이유엠 스튜디오 매거진,언론사
14694,아이이뉴스 ((주)아이이뉴스(IE NEWS)),언론사
14695,아이좋아 경남교육,언론사
14696,아이즈(ize) ((주)스타뉴스),언론사
14697,"아이큐점프 ((주)서울미디어코믹스 (Seoulmedia Comics, Inc))",언론사
14698,아이큐퍼즐,언론사
14699,아이키니 (주식회사 아이키니미디어),언론사
14700,아이타임(Eye Time),언론사
14701,아이템매거진,언론사
14702,아이토디(iTODY) (사단법인 한국아이티소년단),언론사
14703,아이투데이,언론사
14704,아이투자 ((주)한국투자교육연구소),언론사
14705,아이티 이코노미(IT ECONOMY) ((주)명진씨앤아이),언론사
14706,아이티데일리(IT Daily),언론사
14707,아이티비즈(IT Biz),언론사
14708,아이티비즈니스저널(IT Business Journal),언론사
14709,아이티비즈니스저널(IT Business Journal) ((주)태극미디어),언론사
14710,아이티인 (아이티서비스협동조합),언론사
14711,아이티인사이트(IT Insight),언론사
14712,아이티타임스,언론사
14713,아이티투데이(IT TODAY),언론사
14714,아이티포커스(ITFocus),언론사
14715,아이틴뉴스,언론사
14716,아이팜뉴스,언론사
14717,아이펫타임즈 ((주)펫타임즈),언론사
14718,아이폰뉴스 ((주)제이엔피커뮤니케이션),언론사
14719,아이프레스 (ipress) ((주)이룸시스),언론사
14720,아이피데일리 ((주)아이피데일리),언론사
14721,아이피에이아이(IPAI) 매거진,언론사
14722,아이피타깃 (아이피타깃 주식회사),언론사
14723,아이행복더하기,언론사
14724,아이호프(Ihope) ((주)문연파이넌셜퓨처),언론사
14725,아인미디어뉴스,언론사
14726,아인스 스카우트,언론사
14727,아인위클리뉴스,언론사
14728,아인필라미디어,언론사
14729,아임 코리안,언론사
14730,아임뉴스(등촌) ((주)아임필라테스),언론사
14731,아임뉴스(목동),언론사
14732,아임뉴스TV,언론사
14733,아임유 세상,언론사
14734,아정당뉴스 (주식회사 아정네트웍스),언론사
14735,아주ROAD (주식회사 아주시대),언론사
14736,아주경제,언론사
14737,아주로앤피 ((주)아주로앤피),언론사
14738,아주시대 ((주) 아주홀딩스),언론사
14739,아주일보(亞洲日報),언론사
14740,아주중국(亞洲中國) (주식회사 아주뉴스코퍼레이션),언론사
14741,아주차이나,언론사
14742,아주프레스,언론사
14743,아줌마닷컴 (주식회사 이너스커뮤니티),언론사
14744,아쥬어페이퍼,언론사
14745,아츠뉴스 플러스 (주식회사 아츠미디어그룹),언론사
14746,아츠앤컬쳐 ((주)아츠앤컬쳐),언론사
14747,아츠앤컬쳐(Arts&Culture) ((주)아츠앤컬쳐),언론사
14748,아츠엠(artsm),언론사
14749,아치앤컬 매거진,언론사
14750,아침놀뉴스,언론사
14751,아침뉴스.com (한국의아침(주)),언론사
14752,아침독서 (사단법인 행복한아침독서),언론사
14753,아침뜨락,언론사
14754,아침신문,언론사
14755,아침을 여는 사람들,언론사
14756,아카데미도원,언론사
14757,아카데믹타임즈,언론사
14758,아카이브뉴스,언론사
14759,아카인디,언론사
14760,아쿠아라이프,언론사
14761,아쿠아라이프코리아(AquaLifeKorea),언론사
14762,아쿠아인포(aquainfo) (아쿠아인포(주)),언론사
14763,아크노프 까레유 (아크노프까레유미디어 주식회사),언론사
14764,아크로팬(ACROFAN),언론사
14765,아크앤필라테스 미디어,언론사
14766,아태,언론사
14767,아태경제신문 ((사)아태경제연구원),언론사
14768,아태경제저널 ((주)메이블런),언론사
14769,아태평화공론(亞太平和公論),언론사
14770,아토포스,언론사
14771,아토피뉴스 ((사)농산어촌홍보개발원),언론사
14772,아토피를 치료하는 사람들 ((주)엔에이비아이),언론사
14773,아토피천식건강신문,언론사
14774,아트 이펙트(Art Effect) ((주)한국평생교육원),언론사
14775,아트 인 컬처(art in culture) ((주)에이엠아트),언론사
14776,아트 큐레이션(Art Curation) (주식회사 헤라스미디어),언론사
14777,아트-코트,언론사
14778,아트1크리티크(아트1) ((주)이뉴스엠),언론사
14779,"아트K뉴스(artknews) (주식회사 아트노믹스(Artnomics Co.,ltd))",언론사
14780,아트plus ((주)아트플러스),언론사
14781,아트그라운드,언론사
14782,아트네스(ArtNes),언론사
14783,아트뉴스닷미,언론사
14784,아트데이즈,언론사
14785,아트데일리 ((주)비티씨엔),언론사
14786,아트렉처,언론사
14787,아트리뷰카이 ART REVIEW CAI,언론사
14788,아트릿지,언론사
14789,아트뷰 (재단법인 성남문화재단),언론사
14790,아트성남문화,언론사
14791,아트스팟,언론사
14792,아트아우름저널,언론사
14793,아트아트매거진,언론사
14794,아트앤뉴스 ((주)아트컨티뉴),언론사
14795,아트앤뮤지엄(art and museum) (한국온라인미술연구소 주식회사),언론사
14796,아트앤뷰티 아카데미,언론사
14797,아트앤브릿지 (주식회사 아트앤브릿지),언론사
14798,아트앤비즈(ART&BIZ),언론사
14799,아트앤에듀타임즈,언론사
14800,아트앤에피소드,언론사
14801,아트앤엔터,언론사
14802,아트앤컬처,언론사
14803,아트앤피플(ART&PEOPLE) ((주)예술과사람),언론사
14804,아트에프알,언론사
14805,아트월드 21 (한국현대미술협회),언론사
14806,아트월드뉴스,언론사
14807,아트인뱅크 (주식회사 아트인뱅크),언론사
14808,아트인사이트,언론사
14809,아트인아시아(art in Asia) ((주)아트인아시아),언론사
14810,아트인아트,언론사
14811,아트인코리아,언론사
14812,아트인포 (아트인포 주식회사),언론사
14813,아트저널 ((주)아리랑),언론사
14814,아트조선,언론사
14815,아트컬처저널,언론사
14816,아트컴퍼니달문 매거진 ((주)아트컴퍼니달문),언론사
14817,아트케어 ((주)한국브엘세바),언론사
14818,아트코리아,언론사
14819,아트코리아방송 ((주)아트코리아방송),언론사
14820,아트코이데일리 (관광아트코이협동조합),언론사
14821,아트콜렉티브 소격,언론사
14822,아트타임즈 엠(art times M),언론사
14823,아트타임즈(art times),언론사
14824,아트텀스 매거진 (주식회사 아트텀스),언론사
14825,아트톡뉴스 (뮤코협동조합),언론사
14826,아트투데이,언론사
14827,아트포 ((주)아트포),언론사
14828,아트포뉴스,언론사
14829,아트플러스 ((주)아트플러스),언론사
14830,아트피아(ARTPIA) ((주)아트피아),언론사
14831,아트피플,언론사
14832,아트헤리티지 (주식회사 단청미디어),언론사
14833,아틀라스뉴스 ((주)아틀라스뉴스),언론사
14834,아티브,언론사
14835,아티스토리,언론사
14836,아티스필라테스 매거진 (주식회사 엔파워스),언론사
14837,아티크(Artique),언론사
14838,아파트 24 (뉴스코리아 주식회사),언론사
14839,아파트 관리비 제로 신문,언론사
14840,아파트 리빙,언론사
14841,아파트 사람들 (사단법인 인천광역시아파트연합회),언론사
14842,아파트관리신문 (주식회사 아파트관리신문사),언론사
14843,아파트금융톡,언론사
14844,아파트뉴스,언론사
14845,아파트먼트 (주식회사 호원미디어),언론사
14846,아파트신문,언론사
14847,아파트연합신문,언론사
14848,아파트인증뉴스,언론사
14849,아파트자치신문,언론사
14850,아파트저널,언론사
14851,아파트패밀리뉴스,언론사
14852,아파트패밀리뉴스(APT family news) (주식회사 일송커뮤니케이션),언론사
14853,아프리카 저널,언론사
14854,아프리카뉴스,언론사
14855,아하,언론사
14856,아하 한겨레 (주식회사 한겨레엔),언론사
14857,아하경제 (사단법인 한국경제교육협회),언론사
14858,아하뉴스,언론사
14859,아흘란코리아 ((주)아랍),언론사
14860,악필,언론사
14861,안강신문 (경주시민신문(주)),언론사
14862,안경114,언론사
14863,안경계 (사단법인 대한안경사협회),언론사
14864,안녕 광안리 (주식회사 광안리사람들),언론사
14865,안녕시골 (주식회사 브랜드쿡),언론사
14866,안녕일보,언론사
14867,안녕하세요,언론사
14868,안다미로 (버스로기획(주)),언론사
14869,안단테 미디어,언론사
14870,안동권씨종보,언론사
14871,안동권씨종보능동춘추 ((주)안동권씨종보사),언론사
14872,안동넷 ((주)이우텍),언론사
14873,안동뉴스,언론사
14874,안동데일리,언론사
14875,안동병원 (의료법인 안동병원재단),언론사
14876,안동신문,언론사
14877,안동신문 (주식회사 안동신문사),언론사
14878,안동신문인터넷뉴스 (주식회사 안동신문사),언론사
14879,안동인터넷뉴스,언론사
14880,안동인터넷신문,언론사
14881,안동일보,언론사
14882,안마을신문,언론사
14883,안면장애인신보 (안면장애인협회),언론사
14884,안보문화와 미래,언론사
14885,안보신문,언론사
14886,안산 내일신문 ((주)내일엘엠씨),언론사
14887,안산 밀알보,언론사
14888,안산교육신문,언론사
14889,안산굿뉴스,언론사
14890,안산뉴스 (주식회사 안산뉴스),언론사
14891,안산방송 (주식회사 안산방송),언론사
14892,안산보육뉴스,언론사
14893,안산시민신문,언론사
14894,안산시민회 (사단법인 안산시민회),언론사
14895,안산신문 (주식회사 안산신문),언론사
14896,안산인터넷뉴스,언론사
14897,안산일보 (주식회사 안산일보),언론사
14898,안산장애인신문 (시민사회적기업 주식회사),언론사
14899,안산정론신문 (안산정론신문 주식회사),언론사
14900,안산천문대이야기 (안산어린이천문대 주식회사),언론사
14901,안산타임스 (시민사회적기업 주식회사),언론사
14902,안산통일포럼,언론사
14903,안산투어 ((사)안산시관광진흥협회),언론사
14904,안성뉴스 (주식회사 안성뉴스),언론사
14905,안성복지신문 (주식회사 안성복지신문),언론사
14906,안성시민신문,언론사
14907,안성신문 (주식회사 안성신문사),언론사
14908,안성투데이,언론사
14909,안세재경저널 ((주)안건조세정보 대표),언론사
14910,안심생활 (사단법인 안심생활),언론사
14911,안심코리아 (주식회사 안심코리아),언론사
14912,안아주세요 (사회복지법인 신망애복지재단 대표),언론사
14913,안양i문화인터넷신문,언론사
14914,안양·군포·의왕·과천 주간현대 (주식회사 안양미디어),언론사
14915,안양광역신문 (주식회사 안양광역신문사),언론사
14916,안양군포의왕과천 내일신문 ((주)내일엘엠씨),언론사
14917,안양뉴스,언론사
14918,안양데일리,언론사
14919,안양문화 (안양문화원),언론사
14920,안양문화시민뉴스,언론사
14921,안양방송,언론사
14922,안양불교신문,언론사
14923,안양시민신문,언론사
14924,안양신문 (주식회사 상상캐스팅),언론사
14925,안양톱뉴스,언론사
14926,안양희망신문 (사단법인 희망과 사람),언론사
14927,안전 ((주)안전신문사),언론사
14928,안전 리뷰,언론사
14929,안전관리,언론사
14930,안전광장 (사단법인 한국보호구협회),언론사
14931,안전기술,언론사
14932,안전뉴스,언론사
14933,안전뉴스(피플안전),언론사
14934,안전문화복지신문,언론사
14935,안전문화신문,언론사
14936,안전보건 (한국산업안전보건공단),언론사
14937,안전세계 (주식회사 안전세계),언론사
14938,안전신문 ((주)안전신문사),언론사
14939,안전신문고,언론사
14940,안전저널 (사단법인 대한산업안전협회),언론사
14941,안전정보,언론사
14942,안전타임즈 (주식회사 이에이치알디),언론사
14943,안전포커스,언론사
14944,안전한 사회 ((주)포레스트메타),언론사
14945,안전환경일보 (주식회사 안전환경일보),언론사
14946,안티에이징 뉴스,언론사
14947,안팎뉴스,언론사
14948,안흥고을신문,언론사
14949,알 아랍 인 서울(AL-Arab in Seoul) ((주)마르카즈아라빅),언론사
14950,알뜰생활,언론사
14951,알뜰정보,언론사
14952,알렛츠(ALLETS) ((주)인터스텔라),언론사
14953,알로필라테스 저널,언론사
14954,알리야,언론사
14955,알리오뉴스 (주식회사 알리오),언론사
14956,알씨코리아(RC-KOREA),언론사
14957,알아두면유용한컬러매거진,언론사
14958,알앤디타임즈(R&D Times) (주식회사 한국인증융합연구원),언론사
14959,알에프디자인코리아(RFdesign Korea) (주식회사 컨버전스미디어),언론사
14960,알에프아이디저널코리아(RFID JOURNAL korea) (주식회사 퍼스트유비알앤씨),언론사
14961,알이씨이오(RE-CEO) ((주)한국경영인학술협회),언론사
14962,알지 미디어(ALZi Media) ((주)알려줌),언론사
14963,알찬경영정보 ((주)광교이택스),언론사
14964,알찬분양정보 ((주)한틀),언론사
14965,알코리아(AL KOREA),언론사
14966,알통뉴스 (한국모바일방송(주)),언론사
14967,알티케이뉴스 (키두커뮤니케이션(주)),언론사
14968,알티케이헬스미디어 (키두커뮤니케이션(주)),언론사
14969,알파경제 (주식회사 미디어알파),언론사
14970,알파고뉴스 ((주)케이티네트워크),언론사
14971,알파노믹스 (주식회사 파노믹스),언론사
14972,알파노트,언론사
14973,알파뉴스 (주식회사 식스원),언론사
14974,알파데일리(alpha daily),언론사
14975,알파매거진,언론사
14976,알파진도신문,언론사
14977,알파포스트,언론사
14978,알피니스트 코리아,언론사
14979,암 환우들의 희망뉴스,언론사
14980,암과 생활 (주식회사 암과생활),언론사
14981,암행어사 박문수,언론사
14982,암행어사박,언론사
14983,앙가드,언론사
14984,앙트레타임스 (주식회사 페이먼트인앱),언론사
14985,애견매용,언론사
14986,애견신문,언론사
14987,애견타임즈 ((주)애견타임즈),언론사
14988,애기똥풀,언론사
14989,애널리스트(Analyst),언론사
14990,애니띵 ANITHING,언론사
14991,애니멀뉴스,언론사
14992,애니멀라이트,언론사
14993,애니멀타임즈(animaltimes) (주식회사 애니멀타임즈),언론사
14994,애니멀투게더,언론사
14995,애니멀투데이 (주식회사 애니멀미디어그룹),언론사
14996,애니멀포스트 (주식회사 애니멀앤컴퍼니),언론사
14997,애니멀플래닛 (주식회사 함께사는세상),언론사
14998,애니메이툰,언론사
14999,애니원골프(anyonegolf) (주식회사 케이피지이미지),언론사
15000,애니코믹미션,언론사
15001,애듀앤인포 (주식회사 소옴),언론사
15002,애드뉴스 인천,언론사
15003,애드리브 인사이트 (주식회사 애드리브),언론사
15004,애드벤티스트 리뷰 ((재)제칠일안식일예수재림교 북아시아태평양지회),언론사
15005,애마신보,언론사
15006,애슬레틱,언론사
15007,애지(愛知),언론사
15008,애프터눈 (주식회사 오엠피),언론사
15009,애프터요가 충무로역점 매거진,언론사
15010,애플경제 ((주)애플미디어그룹),언론사
15011,애플경제인터넷 ((주)애플미디어그룹),언론사
15012,애플민트 ((주)에이에스에이치미디어),언론사
15013,애플온뉴스,언론사
15014,애향전북 ((사)전북애향본부),언론사
15015,액티브시니어뉴스 ((주)엔에스피뉴스통신사),언론사
15016,액티비티 골든 라이프,언론사
15017,앤바레톤 (주식회사 앤댄썸),언론사
15018,앤소유 (주식회사 앤댄썸),언론사
15019,앤써通(answer Tong) (주식회사 해오름커뮤니케이션즈),언론사
15020,앨리스앤폴,언론사
15021,앰비앙스,언론사
15022,앱스토리 ((주)휴먼웍스),언론사
15023,앱피타이저 ((주)디지틀조선일보),언론사
15024,앳스타일(@style) (스타일도어(주)),언론사
15025,앳스타일(atstar1) (스타일도어(주)),언론사
15026,앵커On(앵커온),언론사
15027,앵커포스트(anchorpost) (주식회사 앵커포스트),언론사
15028,야구친구 (주식회사 와프스),언론사
15029,야무진,언론사
15030,야쿠,언론사
15031,야크소식지 (사단법인 한국우주정보소년단),언론사
15032,야호펫,언론사
15033,약국뉴스닷컴 (주식회사 창업경영신문사),언론사
15034,약국신문,언론사
15035,약문약답 위클리 다이제스트 (약문약답 주식회사),언론사
15036,약바로 뉴스 ((주)동명북미디어),언론사
15037,약사공론 ((사)대한약사회),언론사
15038,약사와건강,언론사
15039,약사회지인사이드,언론사
15040,약사회지헬스앤라이프 ((주)약사회지헬스앤라이프),언론사
15041,약산소식지,언론사
15042,약수법보,언론사
15043,약초신문사,언론사
15044,약품신문,언론사
15045,양감사랑,언론사
15046,양계연구,언론사
15047,양구뉴스,언론사
15048,양돈타임스,언론사
15049,양록신문,언론사
15050,양림동산,언론사
15051,양문평생교육신문,언론사
15052,양봉관리 (사단법인 양봉관리사협회),언론사
15053,양봉신문,언론사
15054,양산TV,언론사
15055,양산人 (양산신문(주)),언론사
15056,양산뉴스파크,언론사
15057,양산뉴스파크 ((주)양산뉴스파크),언론사
15058,양산매일신문 (양산매일신문 주식회사),언론사
15059,양산시민신문,언론사
15060,양산시민신문 (양산시민신문 주식회사),언론사
15061,양산시민평생교육신문,언론사
15062,양산신문 (양산신문(주)),언론사
15063,양산인재개발신문,언론사
15064,양산일보 (양산신문(주)),언론사
15065,양산타임스,언론사
15066,양산투니몽,언론사
15067,양식21,언론사
15068,양심뉴스,언론사
15069,양씨춘추,언론사
15070,양양투데이,언론사
15071,양자건강신문사,언론사
15072,양자신문(quantum times),언론사
15073,양주e뉴스,언론사
15074,양주메아리,언론사
15075,양주신문 (주식회사 동두천연천시사신문사),언론사
15076,양주일보,언론사
15077,양주조씨종보,언론사
15078,양지회보 (사단법인 양지회),언론사
15079,양천강서영등포구로 내일신문 ((주)내일엘엠씨),언론사
15080,양천복지NEWS ((재)양천사랑복지재단),언론사
15081,양천샛별교육미디어 (양천샛별평생교육원(주)),언론사
15082,양천신문 (주식회사 양천신문),언론사
15083,양천일보저널,언론사
15084,양파티브이뉴스,언론사
15085,양평 토박이 신문,언론사
15086,양평TV,언론사
15087,양평관광뉴스 (코길 주식회사),언론사
15088,양평바른뉴스,언론사
15089,양평백운신문·양평방송,언론사
15090,양평시니어신문 (시니어신문네트워크),언론사
15091,양평시민광장,언론사
15092,양평시민의소리 ((주)양평시민의소리신문),언론사
15093,양평신문고,언론사
15094,양평신문고 (양평언론협동조합),언론사
15095,양평포스트,언론사
15096,어게인1961,언론사
15097,어게인뉴스 (주식회사 어게인뉴스),언론사
15098,어깨동무,언론사
15099,어나더매거진(AnOtherMagazine) ((주)네오한스프로덕션),언론사
15100,어니스트뉴스,언론사
15101,어니스트타임즈,언론사
15102,어드벤처피아노(Adventure Piano) ((주)어드벤처에듀프라임),언론사
15103,어떻게 살 것인가 (동서문화동판 주식회사),언론사
15104,어라운드필라테스 매거진,언론사
15105,어르신의 웃음꽃이 피어나는 이동 목욕 이야기 (유한회사 케이에이치코리아),언론사
15106,어린이 (방정환가족주식회사),언론사
15107,어린이 강원일보 (주식회사 강원일보),언론사
15108,어린이 교육 신문,언론사
15109,어린이 기도 수첩 (사단법인 세계복음화전도협회),언론사
15110,어린이 말씀함께(고학년용),언론사
15111,어린이 말씀함께(저학년용),언론사
15112,어린이 문학,언론사
15113,어린이 복있는 사람,언론사
15114,어린이 에듀뉴스,언론사
15115,어린이 잡지 KIDO(키도),언론사
15116,어린이 큐티인 (재단법인 큐티선교회),언론사
15117,어린이경제신문 (주식회사 이코노아이),언론사
15118,어린이과학동아 (주식회사 동아사이언스),언론사
15119,어린이꿈 ((주)굿맘중랑),언론사
15120,어린이뉴스 ((주)지움홀딩스),언론사
15121,어린이동산,언론사
15122,어린이동아 (주식회사 동아이지에듀),언론사
15123,어린이문예 (사단법인 문화도시 부산 네트워크),언론사
15124,어린이문화,언론사
15125,어린이미술세계,언론사
15126,어린이수학동아 (주식회사 동아사이언스),언론사
15127,어린이시조나라 (사단법인 한국시조시인협회),언론사
15128,어린이와 문학,언론사
15129,어린이조선일보 (주식회사 조선일보사),언론사
15130,어린이집경영 (대우노무법인),언론사
15131,어린이책이야기,언론사
15132,어린이한국 (주식회사 한국아이닷컴),언론사
15133,어린이환경신문(E&C NEWS),언론사
15134,어문생활(語文生活) (사단법인 한국어문회),언론사
15135,어문연구,언론사
15136,어뮤즈미디어 ((주)에이엠미디어),언론사
15137,어바웃영광 ((주)어바웃영광),언론사
15138,어바웃포스트,언론사
15139,어반그린아카데미뉴스 (어반그린 아카데미 협동조합),언론사
15140,어반뉴스,언론사
15141,어반블랭크스 (주식회사 어반블랭크스),언론사
15142,어반스트리트저널(Urban Street Journal),언론사
15143,어반포스트,언론사
15144,어반필드뉴스 (주식회사 어반필드),언론사
15145,어부바,언론사
15146,어센드매거진 (주식회사 어센드미디어),언론사
15147,어소트락게임아카데미 ((주)네오락),언론사
15148,어스 포항효자뉴스,언론사
15149,어스 화명뉴스,언론사
15150,어썸제이뉴스,언론사
15151,어울놀이,언론사
15152,어울림,언론사
15153,어울림 서울,언론사
15154,어울림복지저널,언론사
15155,어웨어뉴스 ((주)지온힐링명상심리상담센터),언론사
15156,어웨어랩 (어웨어랩(주)),언론사
15157,어웨이크뉴스,언론사
15158,어지니문화인터넷신문,언론사
15159,어진일보 (주식회사 커뮤니티비즈니스),언론사
15160,어쩌다보니,언론사
15161,어촌신문,언론사
15162,어패럴뉴스 ((주)어패럴뉴스사),언론사
15163,어피티 (주식회사 포브미디어),언론사
15164,언니네 가경뉴스 (주식회사 언니네필라테스),언론사
15165,언니네 가음정뉴스,언론사
15166,언니네 구갈뉴스,언론사
15167,언니네 마산양덕뉴스 (주식회사 언니네필라테스),언론사
15168,언니네 복대뉴스,언론사
15169,언니네 부산용호뉴스 (주식회사 언니네필라테스),언론사
15170,언니네 부평 뉴스 (주식회사 언니네필라테스),언론사
15171,언니네 부평남부 뉴스 (주식회사 언니네필라테스),언론사
15172,언니네 부평북부 뉴스,언론사
15173,언니네 사직뉴스 ((주)언니네필라테스),언론사
15174,언니네 연산뉴스 (주식회사 언니네필라테스),언론사
15175,언니네 연수뉴스,언론사
15176,언니네 율량뉴스 (주식회사 언니네필라테스),언론사
15177,언니네 학익뉴스 (주식회사 언니네필라테스),언론사
15178,언니네뉴스(창원 중동) (주식회사 언니네필라테스),언론사
15179,언더그라운드 컬쳐 뉴스 (주식회사 이투제이),언론사
15180,언더그라운드컬쳐 뉴스,언론사
15181,언더스탠딩 (주식회사 언더스탠딩),언론사
15182,언덕과 개울,언론사
15183,언덕길사람들,언론사
15184,언론과사회,언론사
15185,언론노보 (전국언론노동조합),언론사
15186,언론모니터링 리포트 (사단법인 한국장애인인권포럼),언론사
15187,언론인연합협의회,언론사
15188,언론인협회보,언론사
15189,언론전북,언론사
15190,언론출판독서TV (주식회사 에이콘),언론사
15191,언론출판위,언론사
15192,언론협동조합파주바른신문 (언론협동조합 파주바른신문),언론사
15193,언블록미디어(UNBLOCKMEDIA) ((주)블록미디어),언론사
15194,언약사랑나눔사회복지신문 (주식회사 언약더이음),언론사
15195,언어 범주와 유형,언론사
15196,언어산책,언론사
15197,언어와 문화,언론사
15198,언어유희,언론사
15199,얼라이브 고촌역점 매거진 (주식회사 태인(고촌역점)),언론사
15200,얼라이브필라테스 고촌수기점 매거진 ((주)더블에이치),언론사
15201,얼라이브필라테스 매거진 (주식회사 태인),언론사
15202,얼라이브필라테스 불로점 매거진 (주식회사 태인),언론사
15203,얼루어(Allure)한국판,언론사
15204,얼리어답터 (주식회사 글림퍼),언론사
15205,얼리어답터뉴스,언론사
15206,얼쑤충청,언론사
15207,얼쑤충청 (얼쑤협동조합),언론사
15208,얼터너티브,언론사
15209,엄마운동타임즈,언론사
15210,업다운뉴스 ((주)엠탑),언론사
15211,업코리아 ((주)업코리아뉴스),언론사
15212,업타운저널,언론사
15213,업타운피라테스 돌곶이점 타임즈,언론사
15214,에공회 톡톡 ((주)에듀윌),언론사
15215,에꼴데보자르 (주식회사 에꼴데보자르),언론사
15216,에너지 프로슈머,언론사
15217,에너지&기후변화,언론사
15218,에너지경제,언론사
15219,에너지경제 ((주)에너지경제신문사),언론사
15220,에너지경제닷컴 ((유)더 베스트),언론사
15221,에너지경제연구 (재단법인 에너지경제연구원),언론사
15222,에너지관리 ((주)한국에너지정보센터),언론사
15223,에너지뉴스,언론사
15224,에너지데일리 ((주)에너지데일리),언론사
15225,에너지산업신문,언론사
15226,에너지신문 ((주)에너지신문),언론사
15227,에너지안전신문 ((주)한국에너지안전신문),언론사
15228,에너지에프앤 ((주)한국정책미디어),언론사
15229,에너지자원신문,언론사
15230,에너지절약,언론사
15231,에너지코리아,언론사
15232,에너지코리아뉴스,언론사
15233,에너지타임뉴스 ((주)에너지시간신문사),언론사
15234,에너지타임즈 (주식회사 에너지타임즈),언론사
15235,에너지플랫폼뉴스(Energy Platform News),언론사
15236,에너플러스텍,언론사
15237,에녹부흥타임즈,언론사
15238,에덴 미디어,언론사
15239,에듀 NEWS,언론사
15240,에듀on저널,언론사
15241,에듀노와미디어,언론사
15242,에듀누리 (이엔커뮤니티 주식회사),언론사
15243,에듀뉴스,언론사
15244,에듀뉴스(주) (에듀뉴스 주식회사),언론사
15245,에듀데일리 (주식회사 솜미디어),언론사
15246,에듀라이프,언론사
15247,에듀마인 부모저널,언론사
15248,에듀메트로양천,언론사
15249,에듀모닝 ((주)올에듀링크),언론사
15250,에듀비즈인포(edubiziinfo),언론사
15251,에듀빈(edubean) (주식회사 크리드시스템),언론사
15252,에듀앤컬처 (주식회사 정인미디어),언론사
15253,에듀온라이프,언론사
15254,에듀윌 시사상식,언론사
15255,에듀인(eduin),언론사
15256,에듀인뉴스(EduinNews) ((주)에듀인플라자),언론사
15257,에듀인사이드 ((주)에듀인사이드미디어),언론사
15258,에듀인포,언론사
15259,에듀저널,언론사
15260,에듀진(나침반36.5도) (주식회사 입시엔),언론사
15261,에듀칸레포트,언론사
15262,에듀컨텍스트,언론사
15263,에듀케어,언론사
15264,에듀케어뉴스 (주식회사 아이원에듀테인먼트),언론사
15265,에듀콘,언론사
15266,에듀클래식(educlassic),언론사
15267,에듀타임(Edu Time) ((주)씨에스교육미디어),언론사
15268,에듀테크뉴스 (주식회사 에이블에듀테크),언론사
15269,에듀테크코리아 ((주)스마트동스쿨),언론사
15270,에듀테크타임즈 ((주)런케이에듀),언론사
15271,에듀투데이,언론사
15272,에듀포커스,언론사
15273,에듀프레스,언론사
15274,에듀플러스 (이티에듀(주)),언론사
15275,에듀한국,언론사
15276,에디케이(ADDYK) (주식회사 케이콘텐츠그룹),언론사
15277,에디티오 (주식회사 메이커스디),언론사
15278,에반더 마들뉴스,언론사
15279,에반더 상계뉴스,언론사
15280,에반더뉴스,언론사
15281,에버그린 신문사 (에버그린 평생교육원),언론사
15282,에버뉴스 (매일방송(주)),언론사
15283,에버라이프(EVERLIFE),언론사
15284,에버사모,언론사
15285,에버웰니스 필라테스 바레&요가 은평 뉴스,언론사
15286,에버핏뉴스,언론사
15287,에벤에셀장애인선교회,언론사
15288,에벤역삼뉴스,언론사
15289,에브리골프,언론사
15290,에브리뉴스 (주식회사 에브리뉴스),언론사
15291,에비뉴엘 (주식회사 노블레스디지털솔루션),언론사
15292,에뽀끄 (사단법인 에뽀끄),언론사
15293,에세이21,언론사
15294,에세이문예,언론사
15295,에세이문학 ((사)한국수필문학진흥회),언론사
15296,에세이스트,언론사
15297,에세이포레,언론사
15298,에센셜랩 매거진 (주식회사 에센셜랩),언론사
15299,에센셜타임즈 (주식회사 쿰업),언론사
15300,에스더블유티브이(SWTV) (주식회사 에스더블유티브이),언론사
15301,에스디 브리프(SD BRIEF) (사단법인 지구행동),언론사
15302,에스디뉴스에스디인터넷방송 ((주)에스데일리),언론사
15303,에스띠안 ((주)웰캠),언론사
15304,에스알에듀교육 ((주)한국재무심리연구소),언론사
15305,에스앤피이(SNPE)바른자세척추운동 마곡나루,언론사
15306,에스엔피이 바른자세척추운동 분당 정자점,언론사
15307,에스엠티패키징포커스(SMT PACKAGING FOCUS),언론사
15308,에스이(SE),언론사
15309,에스인베스트먼트,언론사
15310,에스인재교육원뉴스,언론사
15311,에스지프레스비아 (주식회사 에스지어학원),언론사
15312,에스카사,언론사
15313,에스코(ESCO) ((사)에너지절약전문기업협회),언론사
15314,에스코트 명동(영문판),언론사
15315,에스코트 명동(일어판),언론사
15316,에스코트 명동(중문판),언론사
15317,에스코트서울영어판(ESCORT SEOUL),언론사
15318,에스코트서울일어판 ((주)유니컴코리아),언론사
15319,에스코트서울중국어판,언론사
15320,에스콰이어한국판,언론사
15321,에스테인,언론사
15322,에스테티카(ESTETICA),언론사
15323,에스테틱&스파(Aesthetic & Spa),언론사
15324,에스테틱매가진 웰빙,언론사
15325,에스티브이(STV) (주식회사 미디어라이프),언론사
15326,에스프로(AESPRO) (사단법인 한국피부미용능력개발협회),언론사
15327,에스피티에이타임즈 (반도체공정기술교육원(주)),언론사
15328,에쓰오에이치희망지성,언론사
15329,에어(AIR),언론사
15330,에어라인네트워크센터 ((주)에어라인네트워크센터),언론사
15331,에어카고타임즈(Air Cargo Times),언론사
15332,에어타임스,언론사
15333,에어포트리무진(Airport Limousine),언론사
15334,에어필라테스 염창 매거진,언론사
15335,에이디기구필라테스 매거진,언론사
15336,에이디필라테스 타임즈,언론사
15337,에이블뉴스(Ablenews) ((주)에이블뉴스),언론사
15338,에이비씨필라테스포스트,언론사
15339,에이빙(AVING) (엔에스비에스(주)),언론사
15340,에이스,언론사
15341,에이스 신문사,언론사
15342,에이스문화 ((주)광인엔터테인먼트),언론사
15343,에이스직업교육닷컴,언론사
15344,에이아이 뉴스허브,언론사
15345,에이아이(AI)산업신문 (한국에이아이산업문화개발원 주식회사),언론사
15346,에이아이매터스(AI Matters) ((주)딜라이트커뮤니케이션),언론사
15347,에이아이인사이트저널 (주식회사 에이전트데스크),언론사
15348,에이아이타임스 (주식회사 에이아이타임스),언론사
15349,에이에프피 비비뉴스 ((주)온글로브),언론사
15350,에이저널(A-Journal),언론사
15351,에이치알디(HRD) (케이에치알디 주식회사 (khrd)),언론사
15352,에이치알인사이트(HR Insight),언론사
15353,에이치알프로페셔널(HR Professional) (사단법인 한국인사전문가협회),언론사
15354,에이치앤아시아뉴스 (주식회사 다문화연합신문),언론사
15355,에이치에스헤럴드 ((주)한국에이치에스교육원),언론사
15356,에이치엔엔호남방송 (유한회사 에이치엔엔호남방송),언론사
15357,에이치요가뉴스,언론사
15358,에이치제이엘티비(HJLTV),언론사
15359,에이치커뮤니케이션,언론사
15360,에이치티엠뉴스,언론사
15361,에이커,언론사
15362,에이타임즈,언론사
15363,에이티엔뉴스 (주식회사 에이티엔뉴스),언론사
15364,에이티코리아 (아시아타임즈코리아(주)),언론사
15365,에이포(A4) (주식회사 제로드팀),언론사
15366,에이포웹 애니타임즈(A4web Anitimes),언론사
15367,에이플러스뉴스,언론사
15368,에이피나인(AP-9),언론사
15369,에일리 미디어,언론사
15370,에잇,언론사
15371,에코(ECO),언론사
15372,에코경남,언론사
15373,에코그린뉴스,언론사
15374,에코뉴스 ((주)뉴스앤펍),언론사
15375,에코데일리 ((주)에코데일리),언론사
15376,에코데일리 뉴스네트워크 ((주)에코데일리),언론사
15377,에코라이프필라테스 뉴스,언론사
15378,에코리아뉴스,언론사
15379,에코리조트(Eco-Resort),언론사
15380,에코맘,언론사
15381,에코미뉴스,언론사
15382,에코미메거진,언론사
15383,에코비전21,언론사
15384,에코스케이프,언론사
15385,에코시그널(Ecosignal) (주식회사 환경안전건강연구소),언론사
15386,에코월드뉴스,언론사
15387,에코이투데이 (에코오아시스 주식회사),언론사
15388,에코저널 ((주)에코저널),언론사
15389,에코타임스,언론사
15390,에코피아뉴스,언론사
15391,에코필라뉴스 ((주)에코밸런스),언론사
15392,에코환경일보 (주식회사 신동아방송),언론사
15393,에코환경일보 경남 (주식회사 새환경연합신문),언론사
15394,에콜로지코리아(ECOLOGY KOREA),언론사
15395,에쿼티뉴스,언론사
15396,에클레시아,언론사
15397,에파타뉴스 (에파타전략개발원 주식회사),언론사
15398,에포크타임스 ((주)에포크미디어코리아),언론사
15399,에포크타임스(THE EPOCH TIMES) ((주)에포크미디어코리아),언론사
15400,에프디스포츠뉴스 (주식회사 에프디스포츠),언론사
15401,에프비아이통신 ((주)에프비아이통신),언론사
15402,에프엠뉴스(FMNEWS) (주식회사 에프엠뉴스),언론사
15403,에프원레이싱 ((주)코발트 미디어),언론사
15404,"에피소드 , 은평(EPEP)",언론사
15405,엑스인(Exin) ((재)한백),언론사
15406,엑스트라 ((주)채널미디어),언론사
15407,엑스트라 아카이브 (사단법인 한국디자인사학회),언론사
15408,엑스퍼트 ((주)운정미디어),언론사
15409,엑스포7뉴스,언론사
15410,엑스포츠뉴스 (주식회사 엑스포츠미디어),언론사
15411,엑스포커스(EXPOCUS),언론사
15412,엑시터,언론사
15413,엔담피플 (엔담레벤처 주식회사),언론사
15414,엔도저널 (주식회사 엔도그룹),언론사
15415,엔드뷰,언론사
15416,엔라이튼,언론사
15417,엔비익스트림 (주식회사 미디어컨텐츠그룹),언론사
15418,엔사이드,언론사
15419,엔소다 ((주)퍼니이브),언론사
15420,엔스마트뉴스 (주식회사 나눔커뮤니케이션즈),언론사
15421,엔시티비,언론사
15422,엔에스아이뉴스(nsinews):논산인터넷뉴스,언론사
15423,엔엔에스뉴스앤서울(NNS News&서울) ((주)성은엔엔에스),언론사
15424,엔이에이티브이코리아(NEATVKOREA) ((주)엔이에이티브이코리아),언론사
15425,엔젤뉴스(Angel news),언론사
15426,엔젤클럽,언론사
15427,엔지니어링 종합정보 (주식회사 한국종합기술),언론사
15428,엔지니어링데일리 (한국엔지니어링협회),언론사
15429,엔지오방송(ngotv),언론사
15430,엔지오충청,언론사
15431,엔진(N zine),언론사
15432,엔진소리 (주식회사 그리다소프트),언론사
15433,엔카매거진 (엔카닷컴(주)),언론사
15434,엔케이 클로즈업(North Korea Close-Up),언론사
15435,엔케이뉴스그룹,언론사
15436,엔케이모니터,언론사
15437,엔케이비젼(NK Vision) ((사)북한민주화네트워크),언론사
15438,엔케이엔뉴스 ((주)우리투어네트웍스),언론사
15439,엔케이이코노,언론사
15440,엔케이타임즈,언론사
15441,엔터(Enter),언론사
15442,엔터라이브,언론사
15443,엔터미디어 (엔터미디어(주)),언론사
15444,엔터스타뉴스,언론사
15445,엔터스터디 분당,언론사
15446,엔터스톰,언론사
15447,엔터시아(entersia),언론사
15448,엔터위크 (주식회사 에스비엠엔이),언론사
15449,엔터케이뉴스,언론사
15450,엔터포츠,언론사
15451,엔터프레스,언론사
15452,엔트로트,언론사
15453,엔트로피타임즈 (주식회사 지식품앗이),언론사
15454,엔티뉴스채널(NT뉴스채널),언론사
15455,엔티엠뉴스,언론사
15456,엔피엘과 경매 (구루핀 합자회사),언론사
15457,엘 까치산뉴스,언론사
15458,엘 용인동백뉴스,언론사
15459,엘 포스트(L-Post) (주식회사 리케이온컨설팅),언론사
15460,엘(L),언론사
15461,엘더타임즈 (주식회사 엘더타임즈),언론사
15462,엘라스픽,언론사
15463,엘로퀀스 (주식회사 엘로퀀스),언론사
15464,엘로히스트 ((주)멜기세덱출판사),언론사
15465,엘로히스트 스페인어판(ELOHISTA) ((주)멜기세덱출판사),언론사
15466,엘로히스트 영어판(ELOHIST) ((주)멜기세덱출판사),언론사
15467,엘로히스트 중국어판(埃洛希姆派) ((주)멜기세덱출판사),언론사
15468,엘르 브릴리언트,언론사
15469,엘르+엘르데코레이션 합본,언론사
15470,엘르+엘르악세사리+엘르데코 합본,언론사
15471,엘르+엘르악세서리 합본,언론사
15472,엘르+코스모폴리탄 합본,언론사
15473,엘르악세사리+엘르데코레이션 합본,언론사
15474,엘리트네트워크센터 (주식회사 엘리트네트워크센터),언론사
15475,엘리펀트슈,언론사
15476,엘림신문,언론사
15477,엘츠매거진(성북구청),언론사
15478,엘츠매거진(신도림),언론사
15479,엘케이비 미디어,언론사
15480,엠(M)톡,언론사
15481,엠굿 (주식회사 엠굿(mgood)),언론사
15482,엠뉴스,언론사
15483,엠데일리 ((주)엠데일리),언론사
15484,엠디 데일리(MD Daily),언론사
15485,엠디 포럼(MD FORUM),언론사
15486,엠디(MD) (주식회사 엠디),언론사
15487,엠디뉴스,언론사
15488,엠디탁터(mddoctor),언론사
15489,엠디포스트(MD POST),언론사
15490,엠브릿지미디어 ((주)모든커뮤니케이션),언론사
15491,엠아이앤뉴스 ((주)엠아이앤뉴스),언론사
15492,엠알케이21(MRK21) ((주)www.MRK.co.kr),언론사
15493,엠에스뷰티뉴스,언론사
15494,엠에이치비포스트 (주식회사 몸가짐휘트니스),언론사
15495,엠에이치앤 (주식회사 머스트해브뉴스),언론사
15496,엠에이치엠포스트,언론사
15497,엠엠재즈(MMJAZZ) ((주)에스제이에이뮤직),언론사
15498,엠초이스 (주식회사엠초이스),언론사
15499,엠케어뉴스,언론사
15500,엠케이빌리어드뉴스 ((주)엠케이빌리어드),언론사
15501,엠케이스포츠(MK스포츠) ((주)스포엔터미디어),언론사
15502,엠투뉴스 (주식회사 퍼시픽컨설팅그룹),언론사
15503,엠투데이(M Today) (주식회사 오토데일리),언론사
15504,엠파워뉴스,언론사
15505,엠파이트,언론사
15506,엠파인드,언론사
15507,엠포인사이트,언론사
15508,엣집,언론사
15509,여기,언론사
15510,여기봐 (주식회사 여기봐),언론사
15511,여기에 (주식회사 한국종합기술),언론사
15512,여기에뉴스 (주식회사 한국종합기술),언론사
15513,여럿이함께,언론사
15514,여론과뉴스 ((주)팩트인),언론사
15515,여론광장,언론사
15516,여론조사,언론사
15517,여름 타임즈 (시아티엔 주식회사),언론사
15518,여름D포스트,언론사
15519,여명,언론사
15520,여명일보(汝明日報),언론사
15521,여민일보 (여민일보 주식회사),언론사
15522,여성경제신문 (주식회사 에스엠이엔),언론사
15523,여성과 심장,언론사
15524,여성과 인권,언론사
15525,여성과경영 (사단법인 한국여성경영자총협회),언론사
15526,여성과사회 ((주)창작과비평사),언론사
15527,여성노동 (사단법인 여성노동법률지원센터),언론사
15528,여성농업인신문 (주식회사 농업인신문),언론사
15529,여성뉴스 (주식회사 경남여성신문사),언론사
15530,여성동아,언론사
15531,여성동아CHINA ASIAN STARS MAGAZINE(女性东亚) (주식회사 동아일보),언론사
15532,여성문학 (사단법인 한국여성문학인회),언론사
15533,여성방송 (주식회사 대한미디어그룹),언론사
15534,여성소비자신문 ((주)여성소비자신문사),언론사
15535,여성시대,언론사
15536,여성시대 아름다운사람들,언론사
15537,여성신문 ((주)여성신문사),언론사
15538,여성씨이오(여성CEO),언론사
15539,여성암재단소식 (재단법인 한국여성암연구재단),언론사
15540,여성언론,언론사
15541,여성연구 (한국여성개발원 원장),언론사
15542,여성의정 (사단법인 한국여성의정),언론사
15543,여성이론,언론사
15544,여성일보,언론사
15545,여성조선,언론사
15546,여성조선 프리미엄(woman.chosun.com),언론사
15547,여성종합뉴스 (주식회사 여성종합뉴스),언론사
15548,여성중앙 (에이치엘엘중앙(주)),언론사
15549,여성지도자신문,언론사
15550,여성호르몬,언론사
15551,여성환경신문,언론사
15552,여세 여성이 살리는 세상,언론사
15553,여수 뉴스타임즈,언론사
15554,여수 뉴스타임즈 (미디어내일 주식회사),언론사
15555,여수교차로신문 (유한회사 여수교차로),언론사
15556,여수넷통뉴스,언론사
15557,여수뉴스,언론사
15558,여수마도페뉴스,언론사
15559,여수미디어,언론사
15560,여수복지뉴스,언론사
15561,여수성심병원 (여수성심병원),언론사
15562,여수시민신문 (주식회사 여수시민신문),언론사
15563,여수신문 (주식회사 여수신문),언론사
15564,여수인터넷뉴스,언론사
15565,여수인터넷신문닷컴·에듀저널,언론사
15566,여수일보 (주식회사 여수일보사),언론사
15567,여수일보인터넷방송 (주식회사 여수일보사),언론사
15568,여수타임스 (주식회사 여수타임스),언론사
15569,여수타임즈,언론사
15570,여수투데이,언론사
15571,여수포털뉴스,언론사
15572,여약사신문,언론사
15573,여여향기,언론사
15574,여원,언론사
15575,여원뉴스 ((주)여원뉴스),언론사
15576,여유시대 ((주)엠프레젠트홀딩스),언론사
15577,여의도뉴스,언론사
15578,여의도리뷰 (주식회사 지브린),언론사
15579,여의도연세경제신문,언론사
15580,여의도저널(Yeouido Journal),언론사
15581,여의도타임즈,언론사
15582,여의도통신 (여의도(주)),언론사
15583,여의도티비뉴스 ((주)여의도증권미디어그룹),언론사
15584,여의사회보 (사단법인 한국여자의사회),언론사
15585,여의주불교신문,언론사
15586,여주 타임즈,언론사
15587,여주뉴스 (주식회사 여주뉴스),언론사
15588,여주새뜸,언론사
15589,여주시민신문,언론사
15590,여주신문 (주식회사 여주신문),언론사
15591,여주신문(여주방송)여주라디오 (주식회사 여주신문),언론사
15592,여주저널 (주식회사 여주저널),언론사
15593,여주투데이,언론사
15594,여풍당당,언론사
15595,여행가이드,언론사
15596,여행관광가이드,언론사
15597,여행그리고사진이야기,언론사
15598,여행꿀팁,언론사
15599,여행레저신문,언론사
15600,여행문화 ((사)남촌문화예술포럼),언론사
15601,여행생활 ((주)안데르센),언론사
15602,여행스케치,언론사
15603,여행스케치 ((주)하이미디어피앤아이),언론사
15604,여행신문 ((주)여행신문),언론사
15605,여행을 말하다,언론사
15606,여행이야기 ((주)여행이야기),언론사
15607,여행인문학,언론사
15608,여행작가,언론사
15609,여행정보신문 ((주)여행정보신문사),언론사
15610,여행지도,언론사
15611,여행톡톡,언론사
15612,여행플래너 사이다와삶은계란,언론사
15613,여행픽 (주식회사 나비랑),언론사
15614,역망,언론사
15615,역본대조매일성경,언론사
15616,역사,언론사
15617,역사문제연구 ((사)역사문제연구소),언론사
15618,역사문학,언론사
15619,역사문화신문 (역사문화신문 주식회사),언론사
15620,역사복원신문,언론사
15621,역사비평,언론사
15622,역사와 책임 (사단법인 민족문제연구소),언론사
15623,역사와문화 (사단법인 전북역사문화학회),언론사
15624,역사와현실,언론사
15625,역사저널 ((주)미디어잇),언론사
15626,역세권대표신문 (주식회사 코이스페이스),언론사
15627,역전참소식,언론사
15628,연경然景,언론사
15629,연구소식,언론사
15630,연극은문학이다북매거진,언론사
15631,연극평론,언론사
15632,연금신문,언론사
15633,연금포럼 (국민연금공단),언론사
15634,연꽃 (사단법인 동련),언론사
15635,연꽃마을,언론사
15636,연꽃마을 (사회복지법인 연꽃마을),언론사
15637,연리지 TV (가치온협동조합),언론사
15638,연방타임즈,언론사
15639,연세경영연구,언론사
15640,연세법률신문,언론사
15641,연세사회복지아카데미,언론사
15642,연세소식 ((학)연세대학교),언론사
15643,연세일보,언론사
15644,연수다 (협동조합 벼리),언론사
15645,연수라이프 ((주)연수신문사),언론사
15646,연수신문,언론사
15647,연습생닷컴 (그릿플래닛 (주)),언론사
15648,연안부두,언론사
15649,연안환경녹색신문,언론사
15650,연애남녀 ((주)한국영상미디어),언론사
15651,연예가 뉴스 신문,언론사
15652,연예가HOT뉴스 (주식회사 매일종합신문),언론사
15653,연예가중계,언론사
15654,연예미디어일보,언론사
15655,연예뷰티신문,언론사
15656,연예영화신문,언론사
15657,연예인뉴스,언론사
15658,연예저널 ((주)연예저널),언론사
15659,연예정보뉴스,언론사
15660,연예정보방송,언론사
15661,연예타임즈,언론사
15662,연예투데이뉴스,언론사
15663,연인,언론사
15664,연천AI뉴스센터,언론사
15665,연천뉴스,언론사
15666,연천동두천닷컴,언론사
15667,연천신문,언론사
15668,연합건설신문 (주식회사 연합건설신문),언론사
15669,연합경매캠프,언론사
15670,연합경제,언론사
15671,연합경제TV,언론사
15672,연합경제뉴스,언론사
15673,연합경제매거진,언론사
15674,연합국민뉴스,언론사
15675,연합국회방송 ((주)연합국회방송),언론사
15676,연합귀촌창업캠프,언론사
15677,연합기독교뉴스,언론사
15678,연합기독교방송,언론사
15679,연합기독신문,언론사
15680,연합뉴스,언론사
15681,연합뉴스 사보 (주식회사 연합뉴스),언론사
15682,연합뉴스 아이,언론사
15683,연합뉴스통신,언론사
15684,연합매일신문,언론사
15685,연합문화뉴스TV,언론사
15686,연합미디어,언론사
15687,연합법률신문,언론사
15688,연합복지신문,언론사
15689,연합부동산캠프,언론사
15690,연합불교방송(CBC108.COM),언론사
15691,연합불교신문,언론사
15692,연합시민의소리,언론사
15693,연합신문,언론사
15694,연합이매진(YONHAP IMAZINE),언론사
15695,연합인포맥스 ((주)연합인포맥스),언론사
15696,연합일보(YONHAP ILBO),언론사
15697,연합저널(YONHAP JOURNAL),언론사
15698,연합종교,언론사
15699,연합종교뉴스,언론사
15700,연합지역뉴스 (스마일드래곤 주식회사),언론사
15701,연합창업캠프,언론사
15702,연합채널,언론사
15703,연합통신,언론사
15704,연합투데이,언론사
15705,연합편의점뉴스 ((주)연합편의점뉴스),언론사
15706,연합포스트 ((주)케이웰니스랩),언론사
15707,연합환경뉴스 ((주)영남연합신문),언론사
15708,연합환경타임즈,언론사
15709,연희문고,언론사
15710,열린 창업 미디어,언론사
15711,열린경영신문,언론사
15712,열린공감TV,언론사
15713,열린교육연합미디어저널,언론사
15714,열린길평생교육,언론사
15715,열린뉴스 (주식회사 심플피플),언론사
15716,열린뉴스통신 ((주)열린미디어그룹),언론사
15717,열린뜻 ((사)열린치과봉사회),언론사
15718,열린문학,언론사
15719,열린문화복지,언론사
15720,"열린미디어,열린사회 ((사)열린미디어연구소)",언론사
15721,열린브레인세계,언론사
15722,열린빠른뉴스 ((주)한국미디어),언론사
15723,열린사람들,언론사
15724,열린사회,언론사
15725,열린소리 (사) 한국농아인협회),언론사
15726,열린순창 (주식회사 열린순창),언론사
15727,열린시대,언론사
15728,열린시민뉴스,언론사
15729,열린시학,언론사
15730,열린신문,언론사
15731,열린아동문학,언론사
15732,열린유아세상 (주식회사 열린화성평생교육원),언론사
15733,열린정보장애인신문,언론사
15734,열린정책뉴스 (열린정책뉴스 주식회사),언론사
15735,열린제보뉴스 ((주)일간스포츠한국),언론사
15736,열린종교신문,언론사
15737,열린지평,언론사
15738,열린창업신문 ((주)상현엠앤지),언론사
15739,열린톱뉴스,언론사
15740,열린휴식공간저널,언론사
15741,열망은 네 빛으로,언론사
15742,열방선교신문(Nations Report),언론사
15743,열방선교신문(The Nations Report),언론사
15744,열쇠보안,언론사
15745,열우물소식,언론사
15746,열정,언론사
15747,열치신문 ((사)열린치과봉사회),언론사
15748,열한시,언론사
15749,염화실,언론사
15750,엽서시,언론사
15751,영광(전남)뉴스,언론사
15752,영광21 ((주)영광21신문사),언론사
15753,영광TV,언론사
15754,영광군민신문,언론사
15755,영광군민신문 ((주)영광미디어),언론사
15756,영광군조합신문 (영광군조합신문 주식회사),언론사
15757,영광뉴스 (유한회사 신안신문),언론사
15758,영광소리 ((주)영광소리신문사),언론사
15759,영광신문 (주식회사 영광신문),언론사
15760,영광저널,언론사
15761,영광함평뉴스,언론사
15762,영광함평장성인터넷뉴스 ((주)영광함평장성인터넷뉴스),언론사
15763,영남IN저널,언론사
15764,영남경제 (영남경제신문 주식회사),언론사
15765,영남교육신문,언론사
15766,영남뉴스,언론사
15767,영남뉴스통신,언론사
15768,영남데일리,언론사
15769,영남데일리TV,언론사
15770,영남도민일보 (주식회사 영남도민일보),언론사
15771,영남매일 (주식회사 영남미디어문화재단),언론사
15772,영남매일뉴스,언론사
15773,영남매일신문,언론사
15774,영남문학,언론사
15775,영남문화뉴스,언론사
15776,영남문화채널,언론사
15777,영남사람들,언론사
15778,영남시민뉴스,언론사
15779,영남시사투데이,언론사
15780,영남신문 ((주)영남신문),언론사
15781,영남안전뉴스,언론사
15782,영남연합뉴스 ((주)영남연합신문),언론사
15783,영남연합언론방송인뉴스 ((주)영남연합언론방송인뉴스),언론사
15784,영남연합일보,언론사
15785,영남연합포커스 (주식회사 영남연합포커스),언론사
15786,영남의 소리 ((주)영남의 소리),언론사
15787,영남의정뉴스,언론사
15788,영남의정신문,언론사
15789,영남이코노믹 ((주)영남이코노믹),언론사
15790,영남인시사,언론사
15791,영남인터넷뉴스,언론사
15792,영남인터넷방송 (웹시스코리아 주식회사),언론사
15793,영남인터넷신문,언론사
15794,영남일보,언론사
15795,영남장애인신문 (주식회사 영남장애인신문사),언론사
15796,영남청소년교육신문,언론사
15797,영남체육신문,언론사
15798,영남타임즈,언론사
15799,영남투데이,언론사
15800,영농자재신문 (영농자재신문(주)),언론사
15801,영덕봉화뉴스,언론사
15802,영덕신문 ((주)영덕신문사),언론사
15803,영덕울진인터넷뉴스,언론사
15804,영도 관광신문 (뉴스코리아 주식회사),언론사
15805,영도독립신문 (인쇄마당 주식회사),언론사
15806,영동IN신문 (주식회사 영동신문),언론사
15807,영동뉴스,언론사
15808,영동신문 ((주)주간영동신문),언론사
15809,영동타임즈 (주식회사 리치월드트레이딩),언론사
15810,영동투데이,언론사
15811,영등포건설신문 (주식회사 제일평생교육원),언론사
15812,영등포문화신문,언론사
15813,영등포방송,언론사
15814,영등포사람들,언론사
15815,영등포사랑 ((주)사랑나눔엔터테인먼트),언론사
15816,영등포시대,언론사
15817,영등포시민뉴스,언론사
15818,영등포신문,언론사
15819,영등포투데이,언론사
15820,영등포투데이신문사,언론사
15821,영등포포럼 (동의제약 주식회사),언론사
15822,영등포포커스,언론사
15823,영등포프리데일리,언론사
15824,영락이데아,언론사
15825,영산강닷컴,언론사
15826,영상기술,언론사
15827,영상기자,언론사
15828,영상뉴스 (주식회사 오성프리즘),언론사
15829,영상미디어 ((주)영상미디어),언론사
15830,영상아젠다,언론사
15831,영상작가를위한시나리오,언론사
15832,영상제작학회지,언론사
15833,영서신문 (주식회사 영서신문),언론사
15834,영성을 살다,언론사
15835,영성의 삶,언론사
15836,영성의샘,언론사
15837,영스타 주니어(youngstar junior),언론사
15838,영스타(YOUNGSTAR),언론사
15839,영스필라 매거진 (영스필라 주식회사),언론사
15840,영스필라뉴스,언론사
15841,영스필라위크 (영스필라(주)),언론사
15842,영시니어타임즈,언론사
15843,영암군민신문 (주식회사 영암군민 신문사),언론사
15844,영암군민일보 (유한회사 전남미디어),언론사
15845,영암뉴스 (주식회사 위클리 영암뉴스),언론사
15846,영암신문 (영암신문 주식회사),언론사
15847,영암열린신문 (주식회사 열린미디어),언론사
15848,영암일보 (영암일보주식회사),언론사
15849,영양군민신문,언론사
15850,영양신문 ((주)경북지역신문),언론사
15851,영양인터넷뉴스,언론사
15852,영어신문,언론사
15853,영어알파에서오메가까지,언론사
15854,영업신문,언론사
15855,영원한 친구들 (사단법인 한미우호협회),언론사
15856,영월매일,언론사
15857,영월신문,언론사
15858,영월인,언론사
15859,영월정(迎月亭),언론사
15860,영유아신문,언론사
15861,영재교육 ((주)창의와탐구),언론사
15862,영재아이 (한국영재교육학술원 주식회사),언론사
15863,영종국제도시아파트신문,언론사
15864,영종뉴스 (주식회사 영종뉴스),언론사
15865,영종데일리 (주식회사 조이스에셋),언론사
15866,영종도뉴스 ((주) 방송문화미디어텍),언론사
15867,영종신문,언론사
15868,영종일보 (주식회사 영종뉴스),언론사
15869,영종포커스,언론사
15870,영주TV (주식회사 영주미디어),언론사
15871,영주문화 ((사)영주문화연구회),언론사
15872,"영주민정일보(영주민정방송,영주민정뉴스,영주민정daily)",언론사
15873,영주방송,언론사
15874,영주시민신문 (주식회사 영주미디어),언론사
15875,영진에듀매거진,언론사
15876,영천 행복한 신문,언론사
15877,영천귀농촌협회 교육소식지,언론사
15878,영천기독성시화신문,언론사
15879,영천기독연합신문,언론사
15880,영천뉴스24,언론사
15881,영천시민뉴스 (주식회사 영천시민신문),언론사
15882,영천시민신문 (주식회사 영천시민신문),언론사
15883,영천신문 ((주)영천신문),언론사
15884,영천인터넷뉴스 ((주)영천인터넷뉴스),언론사
15885,영천일보,언론사
15886,영천저널,언론사
15887,영천타임즈,언론사
15888,영천투데이,언론사
15889,영타임즈(YOUNG TIMES) 청소년신문,언론사
15890,영테크,언론사
15891,영통팔자회보,언론사
15892,영투데이 ((주)와이비엠컴퍼니),언론사
15893,영필라테스 뉴스,언론사
15894,영호남문학,언론사
15895,영혼의때를위하여,언론사
15896,영화로운 대구,언론사
15897,영화롭게,언론사
15898,영화마을컬렉션 (씨네타운 주식회사),언론사
15899,영화비평편지 여담,언론사
15900,영화신문,언론사
15901,영화언어,언론사
15902,영화잡지 아노,언론사
15903,영흥신문,언론사
15904,예결신문 (주식회사 예결신문),언론사
15905,예그리나 인터넷신문,언론사
15906,예능교육신문,언론사
15907,예능음악신문사,언론사
15908,예능톱뉴스,언론사
15909,예다문화교육신문,언론사
15910,예담경찰청채플린,언론사
15911,예든평생교육신문,언론사
15912,예뜰,언론사
15913,예산뉴스 무한정보,언론사
15914,예산신문고,언론사
15915,예산인터넷뉴스,언론사
15916,"예산일보 (주식회사 씨에이미디어그룹(CA Media co., Ltd.))",언론사
15917,예산투데이 (주식회사 예산투데이),언론사
15918,예성불교,언론사
15919,예솔뮤직 (주식회사 예솔뮤직),언론사
15920,예수교개혁,언론사
15921,예수님이랑 나랑,언론사
15922,예수님이좋아요(저학년),언론사
15923,예수바라기,언론사
15924,예술가,언론사
15925,예술가의 길,언론사
15926,예술과 만남 (재단법인 경기도문화의전당),언론사
15927,예술과 인생,언론사
15928,예술부산 (사단법인 부산예술문화단체총연합회),언론사
15929,예술부산뉴스 (사단법인 한국예술문화단체총연합회(부산시연합회)),언론사
15930,예술세계,언론사
15931,예술신문,언론사
15932,예술의 전당과 함께 Beautiful Life,언론사
15933,예술이흐르는 강,언론사
15934,예술통신,언론사
15935,예술평론 (주식회사 한국문화예술센터),언론사
15936,예술행정신문,언론사
15937,예스N,언론사
15938,예스워크 뉴스 (YesWork News) (주식회사 예스워크),언론사
15939,예스큐NEWS,언론사
15940,예스타임즈 (주식회사 제이비크리에이티브),언론사
15941,예안신문,언론사
15942,예인저널,언론사
15943,예일시니어포커스 (예일시니어포커스 주식회사),언론사
15944,예일아카데미평생교육원,언론사
15945,예장뉴스,언론사
15946,예장백석대신신문,언론사
15947,예장통합뉴스,언론사
15948,예절문화,언론사
15949,예조(예수님이좋아요 고학년),언론사
15950,예조고학년,언론사
15951,예주신문 (주식회사 대구광역일보),언론사
15952,예천24시뉴스,언론사
15953,예천e희망뉴스,언론사
15954,예천군민뉴스 (주식회사 예천군민뉴스),언론사
15955,예천뉴스,언론사
15956,예천매일뉴스,언론사
15957,예천연합뉴스,언론사
15958,예천인터넷뉴스,언론사
15959,예천인터넷방송,언론사
15960,예천인터넷신문,언론사
15961,예천저널,언론사
15962,예천투데이,언론사
15963,예탁결제 (한국예탁결제원),언론사
15964,예함문화예술교육,언론사
15965,예향(藝鄕),언론사
15966,예향대전 ((사)대전예술단체총연합회),언론사
15967,예향미디어,언론사
15968,예향진도신문 (주식회사 진도신문사),언론사
15969,옛스터데이뉴스 (주식회사 지브린),언론사
15970,옛역사알리고,언론사
15971,오 양평뉴스,언론사
15972,오! 풍경,언론사
15973,오가닉라이프(Organic Life),언론사
15974,오군'S PICK,언론사
15975,오날타임즈 (주식회사 오날에듀),언론사
15976,오너클랜 쇼핑몰창업뉴스 (주식회사 오너클랜),언론사
15977,오뉴스TV(Oh News TV) (케이신드롬 주식회사),언론사
15978,오늘,언론사
15979,"오늘, 교육ON (주식회사 아이로보)",언론사
15980,오늘경제 ((주)오늘경제미디어),언론사
15981,오늘뉴스,언론사
15982,오늘뉴스24,언론사
15983,오늘시도 (주식회사 이앤씨),언론사
15984,오늘신문 (시사통신주식회사),언론사
15985,오늘신문 원주횡성 (주식회사 꿈이있는내일),언론사
15986,오늘신문광주 (오늘신문 주식회사),언론사
15987,오늘의 교육,언론사
15988,오늘의 동양사상,언론사
15989,오늘의 메디컬 (주식회사 엠피알),언론사
15990,오늘의 복지 경제 생활 뉴스,언론사
15991,오늘의 움직임,언론사
15992,오늘의 작곡가 오늘의 작품,언론사
15993,오늘의 좋은 소설 (사단법인 부산소설가협회),언론사
15994,오늘의 한국,언론사
15995,오늘의경제,언론사
15996,오늘의문예비평,언론사
15997,오늘의문학,언론사
15998,오늘의불교문화 ((재)대한불교진흥원),언론사
15999,오늘의시조,언론사
16000,오늘의청년 (사단법인 부산청년정책연구원),언론사
16001,오늘의필라테스,언론사
16002,오늘익산,언론사
16003,오늘일보,언론사
16004,오늘필라테스 타임즈,언론사
16005,오대산,언론사
16006,오대산의향기,언론사
16007,오도민신문 (주식회사 주간이북오도신문),언론사
16008,오도신문 (이북오도신문(주)),언론사
16009,오동수 세무회계소식,언론사
16010,오동추야,언론사
16011,오드아이,언론사
16012,오디너리 (오디너리컴퍼니 주식회사),언론사
16013,오디션스타,언론사
16014,오디오(Audio) (주식회사 오디오),언론사
16015,오뜨 브라이드,언론사
16016,오뜨 피플 ((주)오뜨피플),언론사
16017,오뜨웨딩(Haute Wedding) ((주)오뜨마케팅),언론사
16018,오라클(Oracle) ((주)앤씨씨),언론사
16019,오락가락 (유한회사 베지컴퍼니),언론사
16020,오레뉴스,언론사
16021,오레위클리,언론사
16022,오렌지경제 (오렌지경제 주식회사),언론사
16023,오렌지나무뉴스 (오렌지나무(주)),언론사
16024,오렌지레터 (마이오렌지 주식회사),언론사
16025,오륙도 문학,언론사
16026,오륙도n신문,언론사
16027,오륙도신문 (주식회사 오륙도신문),언론사
16028,오륜대성지,언론사
16029,오르간(Organ),언론사
16030,오르벳 동교뉴스 (오르벳홀딩스 주식회사),언론사
16031,오르벳 상도뉴스 (오르벳홀딩스 주식회사),언론사
16032,오르벳걸포뉴스 (오르벳홀딩스 주식회사),언론사
16033,오르소 필라테스 타임즈,언론사
16034,오른뉴스,언론사
16035,오리엔탈이미지(ORIENTAL IMAGE),언론사
16036,오리진픽스 ((주)오리진픽스),언론사
16037,오마이건설뉴스,언론사
16038,오마이경주,언론사
16039,오마이광주,언론사
16040,오마이뉴스(OhmyNews),언론사
16041,오마이디지탈(ohmydigital) (오마이디지탈(주)),언론사
16042,오마이셜록,언론사
16043,오마이제천단양,언론사
16044,오마이타임즈,언론사
16045,오마이필라테스 매거진,언론사
16046,오매라도,언론사
16047,오메가일보,언론사
16048,오메이트(OMATE)시니어,언론사
16049,오버나우 ((주)오버나우),언론사
16050,오버라인 미디어,언론사
16051,오버탑루리뉴스,언론사
16052,오보이!(Oh Boy!),언론사
16053,오보이매거진,언론사
16054,오브라이프코리아,언론사
16055,오브필라테스 타임즈,언론사
16056,오비에스더블유(OBSW) 충청방송 (주식회사 오비에스더블유충청방송본부),언론사
16057,오산TV (주식회사 아름다운 사람들),언론사
16058,오산시민신문 (주식회사 오산시민신문사),언론사
16059,오산신문,언론사
16060,오산인터넷뉴스,언론사
16061,오산인터넷뉴스라인 (주식회사 웹플래인),언론사
16062,오산인포커스,언론사
16063,오산일보 (주식회사 국민투데이),언론사
16064,오산타임즈,언론사
16065,오산한국병원,언론사
16066,오성세무회계소식,언론사
16067,오션21(OCEAN21),언론사
16068,오션스프링스,언론사
16069,오션원뉴스 ((주)오션원케어),언론사
16070,오션인사이트(Ocean-Insight),언론사
16071,오션타임즈,언론사
16072,오션투데이,언론사
16073,오송매거진,언론사
16074,오송타임즈 (산학연미디어 협동조합),언론사
16075,오쎈비즈(OSEN BIZ) ((주)오에스이엔),언론사
16076,오아시스뉴스 (함세사회적협동조합),언론사
16077,오에스이엔(OSEN) ((주)오에스이엔),언론사
16078,오에스헬스앤케어(OS' Health and care),언론사
16079,오엑스큐(OXQ) ((주)비엠코퍼레이션),언론사
16080,오엔뉴스매거진 ((주)디자인컴퍼니오엔),언론사
16081,오엔엔뉴스 (ONNews) (사단법인 한국건강대학),언론사
16082,오요가타임즈,언론사
16083,오은문학사,언론사
16084,오이스트리트,언론사
16085,오일장,언론사
16086,오즈 타임스 (OZ Times) (오즈엠미디어(주)),언론사
16087,오지선교,언론사
16088,오창뉴스,언론사
16089,오창신문,언론사
16090,오천소리,언론사
16091,오케이뉴스(OK NEWS) (주식회사 오케이뉴스),언론사
16092,오코리아뉴스,언론사
16093,오코어 아라 뉴스,언론사
16094,오코어 이도 뉴스,언론사
16095,오키나와포스트 ((주)오키나와포스트),언론사
16096,오토 레이싱,언론사
16097,오토 투데이(Auto today),언론사
16098,오토가이드,언론사
16099,오토놀로지,언론사
16100,오토다이어리,언론사
16101,오토메이션월드 ((주)첨단),언론사
16102,오토모닝,언론사
16103,오토모빌 (주식회사 프로젝트잇다),언론사
16104,오토모빌썬,언론사
16105,오토모티브 리포트 ((주)이오문화사),언론사
16106,오토모티브 일렉트로닉스 매거진 (스마트앤컴퍼니주식회사),언론사
16107,오토미디어,언론사
16108,오토바이크,언론사
16109,오토버프,언론사
16110,오토뷰 ((주)중앙오토미디어),언론사
16111,오토사운드(AUTOSOUND),언론사
16112,오토센티널 (주식회사 애드무브),언론사
16113,오토스케이프(AUTO SCAPE),언론사
16114,오토엔뉴스 (엔터미디어(주)),언론사
16115,오토이슈,언론사
16116,오토정보,언론사
16117,오토카뉴스,언론사
16118,오토카코리아(AUTOCAR KOREA),언론사
16119,오토캐스트,언론사
16120,오토타임즈,언론사
16121,오토타임즈플러스,언론사
16122,오토트리뷴 (주식회사 오토트리뷴),언론사
16123,오토포스트 (주식회사 카붐),언론사
16124,오토프레스,언론사
16125,오토피플(Auto People),언론사
16126,오토헤럴드 (오토헤럴드 주식회사),언론사
16127,오투뉴스,언론사
16128,오투타임즈,언론사
16129,오티오티(OTOT) 신문,언론사
16130,오펀디스커스 ((주)미디어잉그램),언론사
16131,오페라,언론사
16132,오프더레코드,언론사
16133,오프라인뉴스,언론사
16134,오픈 인터뷰(Open Interview),언론사
16135,오픈뉴스(open news),언론사
16136,오픈타임즈(Open Times),언론사
16137,오피니언뷰,언론사
16138,오피스후,언론사
16139,오행생식,언론사
16140,옥시즌(OXYGEN),언론사
16141,옥천신문 (주간옥천신문(주)),언론사
16142,옥천향수신문 (주식회사 옥천향수신문사),언론사
16143,온,언론사
16144,온 더 데스크(On the Desk),언론사
16145,온(on)필라테스매거진,언론사
16146,온가족건강뉴스,언론사
16147,온거제신문,언론사
16148,온고을TREE (사단법인 건강가정행복센터),언론사
16149,온나라뉴스,언론사
16150,온나라타임즈,언론사
16151,온누리 톡톡 뉴스 (오티엔 주식회사),언론사
16152,온누리경제,언론사
16153,온누리뉴스 ((주)티엔글로벌),언론사
16154,온누리전자신문,언론사
16155,온누리키즈,언론사
16156,온누리파워뉴스,언론사
16157,온뉴스 (온글로브뉴스통신 주식회사),언론사
16158,온뉴스라운지,언론사
16159,온더데스크 ON THE DESK,언론사
16160,온더웨이뉴스,언론사
16161,온도미디어 (주식회사 온도미디어),언론사
16162,온돌뉴스,언론사
16163,온라인 전문셀러 창업가이드,언론사
16164,온라인가스저널,언론사
16165,온라인더뉴스,언론사
16166,온라인방송기술저널,언론사
16167,온라인비즈뉴스,언론사
16168,온라인시사신문 ((주)일간시사신문),언론사
16169,온라인아이티타임스 ((주)아이티티엔),언론사
16170,온라인유통신문,언론사
16171,온라인충청일보 (주식회사 충청일보),언론사
16172,온라인편집기자협회보,언론사
16173,온라인편집기자협회보 ((사)한국온라인편집기자협회),언론사
16174,온리원에듀뉴스,언론사
16175,온리포유포스트,언론사
16176,온리포유포스트2,언론사
16177,온리포유포스트3 ((주)센티에르포유),언론사
16178,온리포트,언론사
16179,온마을TV (경산온마을협동조합),언론사
16180,온바오닷컴 ((주)온바오),언론사
16181,온보드뉴스 (한의정보협동조합),언론사
16182,온비로 미디어,언론사
16183,온산소식,언론사
16184,온새미로저널,언론사
16185,온세계교육 (주)온세계방송),언론사
16186,온세상위하여,언론사
16187,온세종교(溫世宗敎),언론사
16188,온쉼표저널,언론사
16189,온신문 (주식회사 온신문),언론사
16190,온아신문 (주식회사 온양아산신문),언론사
16191,온애드,언론사
16192,온양뉴스,언론사
16193,온양신문 (주식회사 온양신문사),언론사
16194,온양전통시장 소식지 (온양전통시장 및 상점가 활성화구역 상인회),언론사
16195,온에어리포트 ((주)이끄),언론사
16196,온올리포트 ((주)온필라테스라운지),언론사
16197,온유 회천2호뉴스 (주식회사 퍼스트),언론사
16198,온유뉴스 (주식회사 맘껏드림),언론사
16199,온유어필라테스타임즈,언론사
16200,온유필라테스 뉴스,언론사
16201,온유필라테스매거진 (주식회사 다온엠앤케이),언론사
16202,온이슈충청,언론사
16203,온주신문,언론사
16204,온지방뉴스 ((주)온지방),언론사
16205,온차이나,언론사
16206,온천정보,언론사
16207,온캠퍼스뉴스,언론사
16208,온컬렉션(ON COLLECTION),언론사
16209,온케이웨더 (온케이웨더(주)),언론사
16210,온큐레이션,언론사
16211,온타임즈 (주식회사 그린미디어),언론사
16212,온통대전,언론사
16213,온통스포츠 ((주)송우),언론사
16214,온투데이,언론사
16215,온트렌드(ON TREND),언론사
16216,온포커스,언론사
16217,온필라주엽라운지,언론사
16218,온필라테스동백백현점 (주식회사 온핏(동백백현점)),언론사
16219,온필라테스라운지뉴스 ((주)온필라테스라운지),언론사
16220,온필라테스저널,언론사
16221,온핏 필라테스 매거진 (주식회사 온핏),언론사
16222,올(ALL)바른뉴스,언론사
16223,올곧뉴스저널,언론사
16224,올댓 코리아,언론사
16225,올댓뉴스 ((주)올댓뉴스),언론사
16226,올댓댄스 (주식회사 투비메타),언론사
16227,올댓리치 ((주)리치앤리더스),언론사
16228,올댓모터스,언론사
16229,올댓발리(All that bali),언론사
16230,올댓아웃도어,언론사
16231,올데이 매거진,언론사
16232,올데이뉴스,언론사
16233,올란 필라테스,언론사
16234,올레(ole),언론사
16235,올로드(allroad),언론사
16236,올리뷰뉴스,언론사
16237,올리브노트(Olivenote) ((주)어바웃라이프),언론사
16238,올리브뉴스(ALLREVENEWS),언론사
16239,올리브영(OLIVEYOUNG),언론사
16240,올리브클럽(Olive club) (세계문화 주식회사),언론사
16241,올리서치(AllResearch) ((주)비전코리아솔루션즈),언론사
16242,올바로 암사뉴스,언론사
16243,올바로 잠실새내뉴스,언론사
16244,올바른신문 ((주)제이엠피코리아),언론사
16245,올백뉴스(All100 News),언론사
16246,올브레인 뉴스 ((주)엘리트포럼),언론사
16247,올빼미가 사는 숲 (주식회사 니스),언론사
16248,올어바웃스타트업,언론사
16249,올어바웃앱뉴스 (주식회사 드림비즈니스),언론사
16250,올어바웃휴가 ((주)더휴가),언론사
16251,올오브제주,언론사
16252,올인뉴스,언론사
16253,올인코리아,언론사
16254,올파이팅챔피언쉽티비,언론사
16255,올패키징 저널 (올패키징 주식회사),언론사
16256,올포워십,언론사
16257,올포유뷰,언론사
16258,올피플필라테스뉴스,언론사
16259,옴마지아신문,언론사
16260,옵.신(Ob.scene),언론사
16261,옵서예,언론사
16262,옵티몰(OPTIMALL) ((주)아이옵트),언론사
16263,옵티즌(OPTIZEN) ((주)아이옵트),언론사
16264,옹달샘,언론사
16265,옹진일보 (주식회사 옹진신문사),언론사
16266,옻이랑 오에스바이오,언론사
16267,와뉴스 (주식회사 와컴퍼니(수원지점)),언론사
16268,와룡신문 사천넷,언론사
16269,와리스뉴스 (주식회사 와리스뉴스),언론사
16270,와와걸 ((주)와와일공구),언론사
16271,와우 투데이_Wow Today,언론사
16272,와우!신문(WOU!News),언론사
16273,와우3D프린팅타임즈 (주식회사 와우쓰리디),언론사
16274,와우테일 (주식회사 와우파트너스),언론사
16275,와이(Why) 이유있는 의문,언론사
16276,와이뉴스,언론사
16277,와이뉴스 제천,언론사
16278,와이니즈(WINIES) ((주)와이니즈),언론사
16279,와이드경제 (주식회사 디에스인사이트),언론사
16280,와이드뉴스 (주식회사 인포시크),언론사
16281,와이드뷰,언론사
16282,와이드스포츠 ((주)와이드스포츠),언론사
16283,와이드이어 (주식회사 와이드이어),언론사
16284,와이드포커스,언론사
16285,와이디알뉴스 (YDRNEWS) (여의도르네상스 주식회사),언론사
16286,와이디엠씨엔 매거진 ((주)와이디엠씨엔),언론사
16287,와이비씨미디어그룹 (주식회사 와이비씨미디어그룹),언론사
16288,와이비씨미디어영상뉴스 (주식회사 와이비씨미디어영상뉴스),언론사
16289,와이비씨연합방송(YBC연합방송) (연합방송(주)),언론사
16290,와이스트릿 ((주)와이스트릿),언론사
16291,와이아트,언론사
16292,와이어드코리아 ((주)스포티비와이어드),언론사
16293,와이에이치뉴스타임즈 (주식회사 평생교육복지),언론사
16294,와이와이디 뉴스(YYDNEWS) (주식회사 와이와이디뉴스),언론사
16295,와이이코노미 (주식회사 와이이코노미),언론사
16296,와이일렉 (주식회사 디일렉),언론사
16297,와이즈경제,언론사
16298,와이즈뉴스 (와이즈미디어네트웍스(주)),언론사
16299,와이즈맘미디어,언론사
16300,와이즈월드뉴스,언론사
16301,와이즈카페 (와이즈멘토유한회사),언론사
16302,와이즈타임즈,언론사
16303,와이즈포커스,언론사
16304,와이케이타임즈,언론사
16305,와이티브이(Ytv)영상스토리,언론사
16306,와이티신문 주식회사 (와이티신문 주식회사),언론사
16307,와이피뉴스 (주식회사 와이피뉴스),언론사
16308,와인21 미디어 ((주)와인이십일닷컴),언론사
16309,와인CEO매거진,언론사
16310,와인드 ((주)블루핸즈퍼블리싱),언론사
16311,와인리뷰(Wine Review) (주식회사 와인리뷰(Wine Review Inc.)),언론사
16312,와인앤시티(wine an˙ city) (주식회사 자원평가연구원),언론사
16313,와인인스퍼레이션 Wine Inspiration,언론사
16314,와일드(WILD),언론사
16315,와젬 (몽크라페 주식회사),언론사
16316,왁싱창업뉴스 (큐에프컴퍼니(주)),언론사
16317,완도군민신문 (주식회사 완도군민신문사),언론사
16318,완도뉴스 ((유)완도뉴스),언론사
16319,완도라이브 (유한회사 완도라이브),언론사
16320,완도스토리 (완도스토리 유한회사),언론사
16321,완도신문,언론사
16322,완도일보 (주식회사 완도일보),언론사
16323,완도타임스,언론사
16324,완도프레스 ((유) 완도프레스),언론사
16325,완주 마을소식지 완두콩 (미디어공동체완두콩협동조합),언론사
16326,완주독립신문 (주식회사 완주독립신문),언론사
16327,완주산다 (대승불교양우회유지재단),언론사
16328,완주신문 (주식회사 완주미디어),언론사
16329,완펀제주 (주식회사 태산글로벌),언론사
16330,왓이프게임즈,언론사
16331,왕도매상품정보신문,언론사
16332,외교 (사단법인 한국외교협회),언론사
16333,외교/안보매거진,언론사
16334,외교문화 (주식회사 외교문화뉴스),언론사
16335,외교문화뉴스 (주식회사 외교문화뉴스),언론사
16336,외교신문 (리퍼블릭디벨롭먼트파트너스 주식회사),언론사
16337,외교저널(Diplomacy Journal) (주식회사 담화미디어그룹),언론사
16338,외교저널Diplomacy Journal (주식회사 담화미디어그룹),언론사
16339,외교통상뉴스방송,언론사
16340,외국인뉴스미디어(FOREIGNERS NEWS MEDIA),언론사
16341,외국인신문,언론사
16342,외국인취업뉴스,언론사
16343,외동먹거리일번지 사랑의거리,언론사
16344,외동신문 (경주시민신문(주)),언론사
16345,외식관광뉴스,언론사
16346,외식문화,언론사
16347,외식산업신문 (주식회사 창업경영신문사),언론사
16348,외식산업저널,언론사
16349,요가 ((유)한국요가출판사),언론사
16350,요가라인필라테스 (주식회사 엘티에스아카데미),언론사
16351,요가산책 매거진,언론사
16352,요가스피릿 (주식회사 요가스피릿),언론사
16353,요가스피릿 플라잉&번지피지오 매거진,언론사
16354,요가앤필라 스튜디오 매거진,언론사
16355,요가앤필라테스(Yoga&Pilates) 인사이트 (다옴 월요가 앤 월레),언론사
16356,요가저널 코리아 ((주)요가저널코리아),언론사
16357,요가정원 매거진,언론사
16358,요가하는나무 타임즈,언론사
16359,요가하라 뉴스,언론사
16360,요가홀릭스토리,언론사
16361,요가흐름뉴스,언론사
16362,요긴(YOGIN),언론사
16363,요리신문,언론사
16364,요셉의 꿈,언론사
16365,요셉의원 (요셉나눔 재단법인),언론사
16366,요양&호스피스 (사단법인 행복한가정문화원),언론사
16367,요양뉴스,언론사
16368,요양소식 ((주)씨엔에이치),언론사
16369,요양신문,언론사
16370,요즘IT (주식회사 위시켓),언론사
16371,요트&골프,언론사
16372,요트피아 (주식회사 요트피아),언론사
16373,욜드(YOLD),언론사
16374,욜라 ((주)다른미디어),언론사
16375,욜로와저널,언론사
16376,용산경마종합,언론사
16377,용산뉴스,언론사
16378,용산시대 ((주)공정미디어),언론사
16379,용산신문,언론사
16380,용산자치신문 (주식회사 이십일세기월드),언론사
16381,용산저널 (사단법인 용산구의정회),언론사
16382,용산타임스(yongsantimes),언론사
16383,용인 산하 ((주)용인일보사),언론사
16384,용인 요기요기,언론사
16385,용인 핫플뉴스,언론사
16386,용인son뉴스,언론사
16387,용인경제신문,언론사
16388,용인뉴스 (주식회사 용인뉴스),언론사
16389,용인라이프투데이,언론사
16390,용인문학 (용인문학회),언론사
16391,용인시민신문,언론사
16392,용인시민신문 (용인시대신문사),언론사
16393,용인신문,언론사
16394,용인신문 (주식회사 용인신문사),언론사
16395,용인안전교육신문,언론사
16396,용인인터넷신문(yiinews.com),언론사
16397,용인일보 ((주)용인일보사),언론사
16398,용인저널리즘 (주식회사 제이비크리에이티브),언론사
16399,용인종합뉴스,언론사
16400,용인직업전문뉴스,언론사
16401,용인티비종합뉴스,언론사
16402,용인프리데일리,언론사
16403,용인환경신문 (주식회사 용인환경신문),언론사
16404,용주사 회보,언론사
16405,용화세계미륵종,언론사
16406,우드매거진 (주식회사 우드웨이),언론사
16407,우드플래닛 (주식회사 라이프폼),언론사
16408,우따따 신문 (주식회사 딱따구리),언론사
16409,우람교육신문,언론사
16410,우리 문화,언론사
16411,우리 사람들 (주식회사 우리사람들),언론사
16412,우리(WURI) ((재)국가정책포럼),언론사
16413,우리가 만드는 세상,언론사
16414,우리가간다 (주식회사 우리가간다),언론사
16415,우리가그리니,언론사
16416,우리가족 건강주치의,언론사
16417,우리가족사랑,언론사
16418,우리검경신문,언론사
16419,우리경제뉴스,언론사
16420,우리경제신문,언론사
16421,"우리경제신문 (주식회사 제이에스에스미디어(JSS MEDIA Co., Ltd.))",언론사
16422,우리교육 (주식회사 우리교육),언론사
16423,우리군민신문,언론사
16424,우리글,언론사
16425,우리넷,언론사
16426,우리뉴스 ((주)우리뉴스),언론사
16427,우리뉴스TV ((주)우리뉴스),언론사
16428,우리동네 능말,언론사
16429,우리동네 점빵잡지 오크 (주식회사 우리동네),언론사
16430,우리동네. 전문직업박사. HBS고향동네방송. 알타이민족사이버기능대학교,언론사
16431,우리동네TV,언론사
16432,우리동네뉴스 ((주)우리동네뉴스),언론사
16433,우리동네뉴스24 (주식회사 오케이밴드),언론사
16434,우리동네뉴스닷컴 ((주)우리동네뉴스),언론사
16435,우리동네소상공인방송 홍제지국,언론사
16436,우리동네스포츠클럽,언론사
16437,우리동넷,언론사
16438,우리동시조,언론사
16439,우리들,언론사
16440,우리들세상 (주식회사 화리진단),언론사
16441,우리떡 ((사)한국떡류식품가공협회),언론사
16442,우리마을 행복이야기,언론사
16443,우리마을뉴스,언론사
16444,우리매일신문 (우리미디어그룹(주)),언론사
16445,우리문학,언론사
16446,우리문화뉴스신문,언론사
16447,우리문화신문,언론사
16448,우리미디어뉴스,언론사
16449,우리바다 (수산업협동조합중앙회 회장),언론사
16450,우리방송,언론사
16451,우리병원소식,언론사
16452,우리복지신문,언론사
16453,우리불교,언론사
16454,우리사는 이야기,언론사
16455,우리선생님 ((주)비오스),언론사
16456,우리스타(woori star),언론사
16457,우리시,언론사
16458,우리신문 일산덕양파주,언론사
16459,우리아이 ((주)콤파),언론사
16460,우리아이들,언론사
16461,우리아파트신문,언론사
16462,우리얼 ((사)한국청소년연맹),언론사
16463,우리역사와땅,언론사
16464,우리의높은부르심,언론사
16465,우리일보 (주식회사 복지티브이경인방송),언론사
16466,우리지역신문 (주식회사 우리지역신문),언론사
16467,우리집 주치의,언론사
16468,우리코헴,언론사
16469,우리타임즈,언론사
16470,우리투데이 (우리투데이 주식회사),언론사
16471,우리학교신문 (주식회사 글로벌에듀),언론사
16472,우리학교타임즈 (주식회사 시사대한매일신보),언론사
16473,우리한자광장,언론사
16474,우리함께 다함께,언론사
16475,우먼골프(WOMAN Golf) (주식회사 해피미디어그룹),언론사
16476,우먼데일리,언론사
16477,우먼센스 ((주)일요신문사),언론사
16478,우먼센스데일리 ((주)일요신문사),언론사
16479,우먼스플라워,언론사
16480,우먼앤피플 (주식회사 우먼앤피플),언론사
16481,우먼채널{woman channel(W.DOUBLEU)},언론사
16482,우먼카인드 womankind (주식회사 바다출판사),언론사
16483,우먼컨슈머,언론사
16484,우먼타임스 (주식회사 우먼미디어),언론사
16485,우먼포스트,언론사
16486,우바이예찬,언론사
16487,우분투 금산시대 신문 (주식회사 우분투),언론사
16488,우산미디어,언론사
16489,우수수닷컴 ((주)우수수),언론사
16490,우슈(武術)문화 ((주)타이치신문사),언론사
16491,우스타(Martial Arts News),언론사
16492,우아 상동뉴스,언론사
16493,우아필라테스뉴스,언론사
16494,우익진보신문,언론사
16495,우주 정책 연구 (한국항공우주연구원),언론사
16496,우주문학,언론사
16497,우쥬필라테스 매거진,언론사
16498,우즈코이코노미 (주식회사 우즈코미디어그룹),언론사
16499,우직 스타즈(WOOZIC STARZ) (주식회사 리히),언론사
16500,우파 미디어 (뉴스코리아 주식회사),언론사
16501,우포신문 (우포신문(주)),언론사
16502,우표 ((사)한국우취연합),언론사
16503,운남보이차 (주식회사 포랑),언론사
16504,운동과학,언론사
16505,운동과학뉴스 ((주)엑사이리서치),언론사
16506,운문(雲門),언론사
16507,운봉소식,언론사
16508,운세신문,언론사
16509,운송신문 (주식회사 미디어이레),언론사
16510,운정 이브필라테스 프라이빗,언론사
16511,운정교하내일신문 ((주)내일엘엠씨),언론사
16512,운정뉴스 (주식회사 파주미디어그룹),언론사
16513,운정신문 (주식회사 파주미디어그룹),언론사
16514,울릉관광신문,언론사
16515,울릉독도인터넷뉴스,언론사
16516,울릉신문 (주식회사 울릉신문사),언론사
16517,울릉코리아,언론사
16518,울리블리 ((주)비주얼다이브),언론사
16519,울림뉴스,언론사
16520,울산 배움,언론사
16521,울산 산업 투데이 (주식회사 더솔루션),언론사
16522,울산MBC Family,언론사
16523,울산TV,언론사
16524,울산건축교육원,언론사
16525,울산경제 ((주)울산경제신문),언론사
16526,울산경제신문 ((주)울산경제신문),언론사
16527,울산고래일보,언론사
16528,울산광역매일 ((주)광역매일),언론사
16529,울산광역일보,언론사
16530,울산교육복지신문,언론사
16531,울산기독교신문,언론사
16532,울산뉴스넷,언론사
16533,울산뉴스투데이 (사회적경제개발원사회적협동조합),언론사
16534,울산다문화소식지,언론사
16535,울산데일리뉴스,언론사
16536,울산동네신문,언론사
16537,울산매일 (주식회사 울산매일신문사),언론사
16538,울산매일경제신문,언론사
16539,울산문화교육진흥신문,언론사
16540,울산문화콘텐츠,언론사
16541,울산미담타임즈,언론사
16542,울산민족문학,언론사
16543,울산밀알보,언론사
16544,울산부동산뉴스,언론사
16545,울산부동산신문 (주식회사 다인컨설팅),언론사
16546,울산사람,언론사
16547,울산세계타임즈 (주식회사 세계타임즈),언론사
16548,울산시니어신문 (시니어신문네트워크),언론사
16549,울산시민신문 (주식회사 울산시민신문),언론사
16550,울산시민일보,언론사
16551,울산시사 ((주)울산경제일보),언론사
16552,울산시조,언론사
16553,울산신문 ((주)울산신문사),언론사
16554,울산아트포커스,언론사
16555,울산여성뉴스,언론사
16556,울산여성신문 (주식회사울산여성신문),언론사
16557,울산일보,언론사
16558,울산저널 ((주)울산저널),언론사
16559,울산저널i ((주)울산저널),언론사
16560,울산제일일보 (울산제일일보 주식회사),언론사
16561,울산조은뉴스,언론사
16562,울산조은신문,언론사
16563,울산종합신문,언론사
16564,울산종합일보 ((주)울산종합일보),언론사
16565,울산창업신문 (주식회사 창업경영신문사),언론사
16566,울산천곡한국문화교육진흥신문,언론사
16567,울산타임즈,언론사
16568,울산평생교육원신문,언론사
16569,울산포스트,언론사
16570,울산함성,언론사
16571,울산호계한국문화교육진흥신문,언론사
16572,울주뉴스 (주식회사 울주신문),언론사
16573,울주신문,언론사
16574,울주신문 ((주)비유케이뉴스),언론사
16575,울주조은뉴스,언론사
16576,울주휴먼뉴스,언론사
16577,울진21닷컴 (주식회사 울진21신문사),언론사
16578,울진경제,언론사
16579,울진뉴스,언론사
16580,울진뉴스닷컴,언론사
16581,울진닷컴,언론사
16582,울진닷컴 (주식회사 울진닷컴),언론사
16583,울진마당,언론사
16584,울진마당신문 (주식회사 울진마당신문),언론사
16585,울진신문 (주식회사 울진신문사),언론사
16586,울진이네,언론사
16587,울진일보,언론사
16588,울진저널,언론사
16589,울진타임즈,언론사
16590,울진투데이,언론사
16591,울진포커스,언론사
16592,웃음 꽃피는 가정,언론사
16593,웅도 경북인,언론사
16594,웅상뉴스,언론사
16595,웅상라이프,언론사
16596,웅상신문 (웅상신문 주식회사),언론사
16597,웅상타임스,언론사
16598,워너바디라이프매거진,언론사
16599,워너진,언론사
16600,워라밸k뉴스,언론사
16601,워라벨타임스 (주식회사 워라벨미디어),언론사
16602,워렌NEWS (워렌증권에듀 주식회사),언론사
16603,워밍업,언론사
16604,워십뮤지션매거진 (주식회사 글로벌워십미니스트리),언론사
16605,워십뮤지션매거진(Worship Musician Magazine) (주식회사 글로벌워십미니스트리),언론사
16606,워싱턴저널(The Washington Journal),언론사
16607,워크웨어21 (주식회사 코레카),언론사
16608,"워크인투코리아(WalkintoKorea) (주식회사 워크인투코리아(WALK INTO KOREA CO.,LTD.))",언론사
16609,워크투데이(worktoday) (주식회사 워크투데이),언론사
16610,워킹우먼,언론사
16611,워터저널(Water Journal),언론사
16612,원 코리아 ONE KOREA (재단법인 통일한국연구소),언론사
16613,원곡,언론사
16614,원곡동소식지,언론사
16615,원광 (재단법인 원불교),언론사
16616,원뉴스,언론사
16617,원단정보 (주식회사 원단정보),언론사
16618,원더뉴스,언론사
16619,원더코리아 (삼라디아 주식회사),언론사
16620,원더풀라이프,언론사
16621,원더풀서울,언론사
16622,원더풀타임즈,언론사
16623,원데이뉴스 ((주)에스엠제이코퍼레이션),언론사
16624,원데이원,언론사
16625,원데일리,언론사
16626,원데일리(one daily),언론사
16627,원로4H(에이취) 회보,언론사
16628,원미 (주식회사 원미코리아),언론사
16629,원스코리아저널 (주식회사 원스소프트),언론사
16630,원스텝뉴스,언론사
16631,원스톱타임즈,언론사
16632,원시불교조계종,언론사
16633,원업포스트,언론사
16634,원업필라테스매거진,언론사
16635,원예닷컴,언론사
16636,원예산업신문 (주식회사 원예산업신문),언론사
16637,원웨이뉴스(Oneway news),언론사
16638,원자력산업,언론사
16639,원자력신문,언론사
16640,원주라이프 (합자회사 원주라이프),언론사
16641,원주시민의 열린법회보 ((사) 원주불교청년회),언론사
16642,원주신문 (주식회사 원주신문),언론사
16643,원주투니몽,언론사
16644,원주투니콜,언론사
16645,원주투데이 ((주)원주투데이),언론사
16646,원코리아투데이 ((사)원코리아),언론사
16647,원탑뉴스,언론사
16648,원투원뉴스,언론사
16649,원트w매거진,언론사
16650,원피스 ((주)문화지형연구소씨티알),언론사
16651,원픽뉴스,언론사
16652,원핏필라테스 매거진,언론사
16653,원한해결사무소,언론사
16654,원효사상 ((재)원효불교문화연구재단),언론사
16655,원효신문 ((재)대한불교원효종),언론사
16656,월간 4·19통일,언론사
16657,월간 ANA 시사종합월간지,언론사
16658,월간 CXO(월간 시엑스오),언론사
16659,월간 EI(energyissue ＆ invention) ((주)산경이뉴스신문사),언론사
16660,월간 ESC (주식회사 케이비미디어사업단),언론사
16661,월간 Hot People,언론사
16662,월간 NEW 기계기술,언론사
16663,월간 PLASTICS(플라스틱스),언론사
16664,월간 REVIEW,언론사
16665,월간 TBS (재단법인 서울특별시 미디어재단 티비에스),언론사
16666,월간 The 미션타임즈 (더미션타임즈 주식회사),언론사
16667,월간 e-housing (이하우징플러스 주식회사),언론사
16668,월간 for you 뉴스 (주식회사 프리어스),언론사
16669,월간 mz필라테스,언론사
16670,월간 「NewMedia」,언론사
16671,월간 須彌미추홀,언론사
16672,월간 가구 나무와 느낌,언론사
16673,월간 가드닝 (가드닝 주식회사),언론사
16674,월간 가드닝 (그린쿱 협동조합),언론사
16675,월간 가요 Magazine,언론사
16676,월간 가이드아트,언론사
16677,월간 감각요가필라테스,언론사
16678,월간 감정평가사,언론사
16679,월간 강해설교,언론사
16680,월간 객석 ((주)객석컴퍼니),언론사
16681,월간 건강365,언론사
16682,월간 건축문화,언론사
16683,월간 경매 ((주)대한공경매사협회),언론사
16684,월간 경민 (주식회사 경민일보사),언론사
16685,월간 경제,언론사
16686,월간 경제비타민 ((주)티앤디플러스),언론사
16687,월간 경제저널,언론사
16688,월간 경주 (월간화백 주식회사),언론사
16689,월간 고교 독서평설,언론사
16690,월간 고물상,언론사
16691,월간 고양사람,언론사
16692,월간 골프Monthly Golf,언론사
16693,월간 곰단지야,언론사
16694,월간 교회와 가정,언론사
16695,월간 국민,언론사
16696,월간 국방외교저널 (주식회사 한국국방외교저널),언론사
16697,월간 국제 메소드바디 필라테스,언론사
16698,월간 국회 저널 (국회저널(주)),언론사
16699,월간 군사(軍事)세계,언론사
16700,월간 군사저널,언론사
16701,월간 그리고 필라테스 서울역점,언론사
16702,월간 그립습니다,언론사
16703,월간 글로벌 창업 ((주)조이투코리아),언론사
16704,월간 기계기술,언론사
16705,월간 기아대책 ((사)한국국제기아대책기구),언론사
16706,월간 기후변화,언론사
16707,월간 김포기독저널,언론사
16708,월간 김포뉴스,언론사
16709,월간 꿈CUM,언론사
16710,월간 나다운 필라테스 (주식회사 워너짐),언론사
16711,월간 나라사랑,언론사
16712,월간 나인티 필라테스 용산점,언론사
16713,월간 남도 (주식회사 남도),언론사
16714,월간 낭독 (주식회사 오디오펍),언론사
16715,월간 내로라,언론사
16716,월간 노사포커스(FOCUS) (한국공인노무사회),언론사
16717,월간 농기유통 (사단법인 한국농기계유통),언론사
16718,월간 농수산,언론사
16719,월간 농촌 경제,언론사
16720,월간 누가,언론사
16721,월간 뉴스인,언론사
16722,월간 다도,언론사
16723,월간 닭고기 (사단법인 한국육계협회),언론사
16724,월간 당뇨 ((사)한국당뇨협회),언론사
16725,월간 대통령,언론사
16726,월간 대한사랑 (사단법인 대한사랑(분사무소)),언론사
16727,월간 대한투데이 (주식회사 킴스미디어대한투데이),언론사
16728,월간 더 골프,언론사
16729,월간 더 체인지,언론사
16730,월간 더 펫,언론사
16731,월간 더뮤직(The Music),언론사
16732,월간 더바른 필라테스,언론사
16733,월간 더블유(W)필라테스,언론사
16734,월간 도시재생,언론사
16735,월간 도예 ((주)월간세라믹스 대표),언론사
16736,월간 독도 (사)영토지킴이독도사랑회),언론사
16737,월간 독립정신,언론사
16738,월간 동물복지,언론사
16739,월간 동서포럼,언론사
16740,월간 동의보감,언론사
16741,월간 동행,언론사
16742,월간 두드림(Do Dream),언론사
16743,월간 디자인 (주식회사 디자인하우스),언론사
16744,월간 떡,언론사
16745,월간 라이팅뉴스 with you (주식회사 동진기획라이팅뉴스),언론사
16746,월간 라이프플러스 염창점 (주식회사 라이프플러스휘트니스),언론사
16747,월간 라인업 필라테스,언론사
16748,월간 레브 필라테스,언론사
16749,월간 로봇기술,언론사
16750,월간 로스쿨,언론사
16751,월간 로컬푸드 (농업회사법인완주로컬푸드주식회사),언론사
16752,월간 루아프 필라테스 (주식회사 루아프),언론사
16753,월간 루어플라이낚시,언론사
16754,월간 리더,언론사
16755,월간 리더십(Leadership),언론사
16756,월간 리벨르 필라테스 내곡점,언론사
16757,월간 리뷰,언론사
16758,월간 리비 피라테스,언론사
16759,월간 리빙센스 ((주)시사저널이코노미),언론사
16760,월간 리온필라테스,언론사
16761,월간 리온필라테스 둔촌동역점,언론사
16762,월간 리온필라테스 하남시청역점,언론사
16763,월간 리움필라테스,언론사
16764,월간 리움필라테스 서현,언론사
16765,월간 리크루트 ((주)한경리크루트),언론사
16766,월간 마음건강 (주식회사 웰비아이),언론사
16767,월간 마음건강(웹진) (주식회사 웰비아이),언론사
16768,월간 마이더스(Midas) ((재)연합뉴스동북아센터),언론사
16769,월간 마포,언론사
16770,월간 만나(The monthly Manna),언론사
16771,월간 말 ((주)월간말 대표),언론사
16772,월간 맛싸,언론사
16773,월간 매거진아트,언론사
16774,월간 메디앤 필라테스,언론사
16775,월간 메디케이션인포,언론사
16776,월간 모던포엠,언론사
16777,월간 모델비 필라테스 (모델비 주식회사),언론사
16778,월간 모션컨트롤(Motion Control),언론사
16779,월간 목회,언론사
16780,월간 문경,언론사
16781,월간 문학바탕 (주식회사 미디어바탕),언론사
16782,월간 문화,언론사
16783,월간 물가시세,언론사
16784,월간 물가자료,언론사
16785,월간 미디어포커스 (한일지도(주)),언론사
16786,월간 미래 (주식회사 폴리스미디어),언론사
16787,월간 미술,언론사
16788,월간 미용,언론사
16789,월간 미용회보,언론사
16790,월간 미트저널 (미트저널(주)),언론사
16791,월간 믹싱,언론사
16792,월간 민족중흥 21세기,언론사
16793,월간 밀알보,언론사
16794,월간 바다낚시 & 씨루어 ((주)파스미디어),언론사
16795,월간 바디스테이션 필라테스,언론사
16796,월간 바앤다이닝,언론사
16797,월간 발우,언론사
16798,월간 방과후학교,언론사
16799,월간 방송과기술,언론사
16800,월간 법공양,언론사
16801,월간 베리,언론사
16802,월간 베이커리 뉴스 ((사)대한제과협회),언론사
16803,월간 보건소저널,언론사
16804,월간 보통달,언론사
16805,월간 보험이,언론사
16806,월간 보훈,언론사
16807,월간 보훈21,언론사
16808,월간 보훈NEWS(뉴스),언론사
16809,월간 보훈뉴스,언론사
16810,월간 보훈문화,언론사
16811,월간 복만넷 ((주)오코물산),언론사
16812,월간 복지한국,언론사
16813,월간 부동산,언론사
16814,월간 부동산과 금융 ((주)랜드스터디),언론사
16815,월간 부동산매거진,언론사
16816,월간 부동산자산관리 (케이알피엠에듀센타 주식회사),언론사
16817,월간 부동산저널 ((주)월간부동산저널),언론사
16818,월간 부산,언론사
16819,월간 붓다,언론사
16820,월간 뷰티가이드,언론사
16821,월간 비상장주식 (유스탁 주식회사),언론사
16822,월간 비엠 더 프라이빗 관저점 (주식회사 비엠코퍼레이션),언론사
16823,월간 비타민,언론사
16824,월간 빌더(Builder) ((주)제이씨컴퍼니),언론사
16825,월간 빛나는 한국,언론사
16826,월간 사람 ((유)한우리정경문화연구소),언론사
16827,월간 사우나,언론사
16828,월간 사장 (에이피링스 주식회사),언론사
16829,월간 사장 (주식회사 비파이브크루),언론사
16830,월간 사회운동,언론사
16831,월간 산가이드,언론사
16832,월간 산란계 (사단법인 대한산란계협회),언론사
16833,월간 새보람 (사단법인 한국지체장애인협회),언론사
16834,월간 생활체육,언론사
16835,월간 서금요법 ((주)고려수지),언론사
16836,월간 서예문인화 ((주)도서출판서예문인화),언론사
16837,월간 서울 ((주)삼명씨스템컨설팅),언론사
16838,월간 선경,언론사
16839,월간 설렘 필라테스 화정점,언론사
16840,월간 성공창업,언론사
16841,월간 성인병 ((사)한국만성질환관리협회),언론사
16842,월간 세계농촌경제,언론사
16843,월간 세계무예스포츠,언론사
16844,월간 세금박사 (주식회사 창업경영신문사),언론사
16845,월간 소상공인 (주식회사 소상공인신문),언론사
16846,월간 수석의 미,언론사
16847,월간 수소 경제 (주식회사 수소지식그룹),언론사
16848,월간 수퍼마켓 (한국수퍼마켓협동조합연합회),언론사
16849,월간 순국,언론사
16850,월간 순천인,언론사
16851,월간 숭례문 (사단법인 숭례문복원국민운동본부),언론사
16852,월간 쉽빌딩(shipbuilding) (엠앤티매거진(주)),언론사
16853,월간 스마일 필라테스 (주식회사 에이치스마일컴퍼니),언론사
16854,월간 스크린골프,언론사
16855,월간 시니어,언론사
16856,월간 시니어스토리 (주식회사 이엔씨미디어닷컴),언론사
16857,월간 시사브리핑,언론사
16858,월간 시사우리 ((주)미디어우리),언론사
16859,월간 식당,언론사
16860,월간 신학논단,언론사
16861,월간 실내환경 (사단법인 실내환경협회),언론사
16862,월간 실용음악,언론사
16863,월간 싱어즈(Monthly Singers),언론사
16864,월간 써드에이지,언론사
16865,월간 씨텝 (Monthly cTTEB),언론사
16866,월간 아다지오 필라테스,언론사
16867,월간 아뜨리에 ((주)인아뜨리에),언론사
16868,월간 아시아뉴스통신,언론사
16869,월간 아트앤디자인(ART & DESIGN) ((주)에이디미디어),언론사
16870,월간 아트옥션,언론사
16871,월간 아트프라이스(ART PRICE),언론사
16872,월간 아트플러스,언론사
16873,월간 악보,언론사
16874,월간 안과정보,언론사
16875,월간 안티캔서 코리아 (주식회사 한국노벨그룹),언론사
16876,월간 알트로 커피,언론사
16877,월간 알파로 (주식회사 인텔리콘 연구소),언론사
16878,월간 암정복,언론사
16879,월간 압구정 린 필라테스 대구점,언론사
16880,월간 압구정 린 필라테스 서면점 (주식회사 압구정린골프필라테스),언론사
16881,월간 압구정 린 필라테스 울산점,언론사
16882,월간 압구정 린 필라테스 창원점,언론사
16883,월간 앱 ((주)위드프레스),언론사
16884,월간 양봉 (사단법인 양봉협회),언론사
16885,월간 양산투어 맛자랑멋자랑,언론사
16886,월간 어웨이크 필라테스,언론사
16887,월간 에듀넷 (한국교육학술정보원),언론사
16888,월간 에센스오브필라테스 영도점,언론사
16889,월간 에스바디워크필라테스 구월점 (주식회사 에스바디워크필라테스 구월점),언론사
16890,월간 에스바디워크필라테스 낙성대점 (주식회사 에스바디워크필라테스(낙성대점)),언론사
16891,월간 에스바디워크필라테스 당산점,언론사
16892,월간 에스바디워크필라테스 대구상인점 (주식회사 대구에스바디워크필라테스),언론사
16893,월간 에스바디워크필라테스 대구칠곡3지구점 (주식회사 에스바디워크필라테스(대구칠곡3지구점)),언론사
16894,월간 에스바디워크필라테스 대구침산점 (주식회사 대구에스바디워크필라테스),언론사
16895,월간 에스바디워크필라테스 민락점,언론사
16896,월간 에스바디워크필라테스 방배점 (주식회사 에스바디워크필라테스(방배점)),언론사
16897,월간 에스바디워크필라테스 병점진안점 (주식회사 에스바디워크필라테스),언론사
16898,월간 에스바디워크필라테스 삼산점 ((주)용감한컴퍼니),언론사
16899,월간 에스바디워크필라테스 상록수점,언론사
16900,월간 에스바디워크필라테스 성균관대점 ((주)에스바디워크필라테스(성균관대점)),언론사
16901,월간 에스바디워크필라테스 안산중앙역점 (주식회사 에스바디워크필라테스(안산중앙역점)),언론사
16902,월간 에스바디워크필라테스 회룡역점 (주식회사 에스바디워크필라테스(회룡역점)),언론사
16903,월간 에스템,언론사
16904,월간 에스템 기구필라테스 오목천동점,언론사
16905,월간 에스필라테스 인천논현점,언론사
16906,월간 엘리베이터주차설비 (주)유통정보사),언론사
16907,월간 엣지필라테스 녹양점,언론사
16908,월간 엣지필라테스 신곡점,언론사
16909,월간 엣지필라테스 창동점,언론사
16910,월간 엣지필라테스 한성대점,언론사
16911,월간 여성,언론사
16912,월간 여하정 (엔케이미디어 주식회사),언론사
16913,월간 여행지기 (주식회사 아만투어),언론사
16914,월간 영산,언론사
16915,월간 예닮스쿨,언론사
16916,월간 예술문화,언론사
16917,월간 오늘,언론사
16918,월간 온어스 필라테스 세종아름점,언론사
16919,월간 온어스 필라테스 세종종촌점 (주식회사 온어스),언론사
16920,월간 올댓닥터스 ((주)올댓닥터스),언론사
16921,월간 옻이랑,언론사
16922,월간 옻칠,언론사
16923,월간 왕홍 ((주)한중왕홍협회),언론사
16924,월간 외식경영 ((주)외식경영),언론사
16925,월간 외식저널(Foodservice Jornal) ((주)에이에취앤티 아카데미),언론사
16926,월간 요가하라 범게역점,언론사
16927,월간 요양원 (제론테크 주식회사),언론사
16928,월간 용인,언론사
16929,월간 용접기술,언론사
16930,월간 우리,언론사
16931,월간 우리문화 (한국문화원연합회),언론사
16932,월간 우즈코 이코노미 (주식회사 우즈코미디어그룹),언론사
16933,월간 원예,언론사
16934,월간 원주라이프 플러스,언론사
16935,월간 웰빙라이프뉴스,언론사
16936,월간 웰빙명상,언론사
16937,월간 웰빙앤힐링,언론사
16938,월간 유기농,언론사
16939,월간 유아 (이케이 주식회사),언론사
16940,월간 유학생 ((주)다이고코리아),언론사
16941,월간 은혜와선교,언론사
16942,월간 음악저널,언론사
16943,월간 의약정보 (주)메디칼매니지먼트그룹),언론사
16944,월간 의정 (사단법인 한반도평화네트워크),언론사
16945,월간 이나우스 ((주)조세통람),언론사
16946,월간 이야기 마당 (사회복지법인 이야기마을),언론사
16947,월간 이유필라테스 (주식회사 이유라이프),언론사
16948,월간 이텝 (Monthly eTTEB),언론사
16949,월간 인권,언론사
16950,월간 인권연대,언론사
16951,월간 인사관리,언론사
16952,월간 인삼.약초산업 (사단법인 한국인삼산업전략화협의회),언론사
16953,월간 인성교육 (주식회사 교육타임스),언론사
16954,월간 인연,언론사
16955,월간 인터뷰,언론사
16956,월간 임산부,언론사
16957,월간 자동판매기 (한국자동판매기운영업협동조합),언론사
16958,월간 자동화기술 ((주)첨단),언론사
16959,월간 자라다 ((주)자라다교육),언론사
16960,월간 자성동이 (재단법인 대한불교진각종유지재단),언론사
16961,월간 장기요양 (주식회사 하이케어솔루션),언론사
16962,월간 장례인 (장례뉴스(주)),언론사
16963,월간 장외주식,언론사
16964,월간 전국뉴스 (주식회사 전국),언론사
16965,월간 전기,언론사
16966,월간 전남매일 (주식회사 덕천),언론사
16967,월간 전북 사람들,언론사
16968,월간 전시비즈니스 ((주)필디앤씨),언론사
16969,월간 전자부품,언론사
16970,월간 정경브리핑,언론사
16971,월간 조선,언론사
16972,월간 조세 ((주)조세통람),언론사
16973,월간 종합가격정보,언론사
16974,월간 좋은건강,언론사
16975,월간 좋은이웃들,언론사
16976,월간 주.락,언론사
16977,월간 주민자치 (사단법인 한국주민자치학회),언론사
16978,월간 주차정보,언론사
16979,월간 중고차 (서울특별시자동차매매사업조합),언론사
16980,월간 중소기업,언론사
16981,월간 중앙 (중앙일보에스 주식회사),언론사
16982,월간 중앙경제,언론사
16983,월간 중학 독서평설,언론사
16984,월간 지방자치,언론사
16985,월간 진로적성 ((주)이도콘텐츠랩),언론사
16986,월간 진로진학 (사단법인 한국진로진학정보원),언론사
16987,"월간 진리의 벗, 법우 (사단법인 문사수불교문화원)",언론사
16988,월간 참전영웅,언론사
16989,월간 창과문 ((주)제이씨컴퍼니),언론사
16990,월간 창조문예,언론사
16991,월간 채널예스 (예스이십사(주)),언론사
16992,월간 책도서관,언론사
16993,월간 척수수레바퀴,언론사
16994,월간 천관,언론사
16995,월간 청년비평 (주식회사 아이커머),언론사
16996,월간 체크(check) ((주)비엘티커뮤니케이션),언론사
16997,월간 초등독서평설 (주식회사 지학사),언론사
16998,월간 총신뉴스 (총신대학교산학협력단),언론사
16999,월간 최신기기정보 月刊最新機器情報,언론사
17000,월간 축산,언론사
17001,월간 축산인,언론사
17002,월간 충청예술문화,언론사
17003,월간 충탑 (시티엔 주식회사),언론사
17004,월간 충효예 (사단법인 충효예실천운동본부),언론사
17005,월간 친환경축산 (사단법인 친환경축산협회),언론사
17006,월간 침술의학,언론사
17007,월간 카고뉴스(Cargo News),언론사
17008,월간 카포스(carpos) ((주)자동차엘엔씨),언론사
17009,월간 커피,언론사
17010,월간 컨트롤(control),언론사
17011,월간 케이 필라테스,언론사
17012,월간 코리아라이프,언론사
17013,월간 코팬프레지던트 (주식회사 한일문화경제신문),언론사
17014,월간 쿠폰,언론사
17015,월간 크리스챤 포스트(Christian Post),언론사
17016,월간 크리스천CEO,언론사
17017,월간 클러스트벤처스 ((주)클러스트벤처스),언론사
17018,월간 타우요가&필라테스 세종소담점,언론사
17019,월간 타이거,언론사
17020,월간 타임즈 (주식회사 타임즈),언론사
17021,월간 탑 잉글리쉬 퍼즐(Top English Puzzle),언론사
17022,월간 텍스브리핑(Tax Briefing) (주식회사 에스티에스엔터프라이즈),언론사
17023,월간 트럭특장차,언론사
17024,월간 티에라 요가,언론사
17025,월간 파주人,언론사
17026,월간 퍼블릭 앤 피에스에이티(Public & PSAT),언론사
17027,월간 평화대사,언론사
17028,월간 포스터,언론사
17029,월간 포장 (주식회사 포장산업),언론사
17030,월간 프라임(Monthly PRIME),언론사
17031,월간 프랜차이즈 (주식회사 창업경영신문사),언론사
17032,월간 프레지던트,언론사
17033,월간 플라워뉴스,언론사
17034,월간 플로라,언론사
17035,월간 필라테스 메딕 반포본점,언론사
17036,월간 필라테스 바이 타라,언론사
17037,월간 필라테스 샌디에고,언론사
17038,월간 필라테스 샌디에고 문정점,언론사
17039,월간 필라테스 케밍 강남논현점 (주식회사 플랜),언론사
17040,월간 필라테스 케밍 독산점 (주식회사 플랜 코퍼레이션),언론사
17041,월간 필라테스 케밍 방배점 (주식회사 플랜 코퍼레이션),언론사
17042,월간 필라테스 케밍 방이역점 (주식회사 플랜 코퍼레이션),언론사
17043,월간 필라테스 케밍 범계점,언론사
17044,월간 필라테스 케밍 부천상동점,언론사
17045,월간 필라테스 케밍 산본점,언론사
17046,월간 필라테스 케밍 상도점 (주식회사 플랜),언론사
17047,월간 필라테스 케밍 수유점 (주식회사 플랜 코퍼레이션),언론사
17048,월간 필라테스 케밍 오산점 (주식회사 플랜),언론사
17049,월간 필라테스 케밍 주안점,언론사
17050,월간 필라테스 해요,언론사
17051,월간 필라테스가든 신촌점 (주식회사 더건강한패밀리),언론사
17052,월간 필라테스앤모어 매거진,언론사
17053,월간 하나 (북한이탈주민지원재단),언론사
17054,월간 하늘핏 필라테스 목동중앙점,언론사
17055,월간 하늘핏 필라테스 선유도역점 (주식회사 제이앤에프컨설팅),언론사
17056,월간 하늘핏 필라테스 염창역점,언론사
17057,월간 한강(漢江),언론사
17058,월간 한국NGO뉴스,언론사
17059,월간 한국뉴스,언론사
17060,월간 한국미디어,언론사
17061,월간 한국승마(EQUESTRIAN),언론사
17062,월간 한국이용,언론사
17063,월간 한국인(월간 코리아인),언론사
17064,월간 한글+漢字문화 (사단법인 전국한자교육추진총연합회),언론사
17065,월간 한농연 (사단법인 한국농업경영인중앙연합회),언론사
17066,월간 한방미인화장품 다이아,언론사
17067,월간 한옥,언론사
17068,월간 한올문학,언론사
17069,월간 한우,언론사
17070,월간 한중글로벌 (한국동아시아연구소 주식회사),언론사
17071,월간 항공,언론사
17072,월간 항공 (주식회사 와스코),언론사
17073,월간 해법 세무회계소식,언론사
17074,월간 행복,언론사
17075,월간 행복에세이,언론사
17076,월간 행복한 휴,언론사
17077,월간 현대경영,언론사
17078,월간 현대시,언론사
17079,월간 호그와트 필라테스,언론사
17080,월간 호텔 리조트(HOTEL + RESORT),언론사
17081,월간 호텔&피플,언론사
17082,월간 홍익노사,언론사
17083,월간 화순투데이,언론사
17084,월간 환경 (주식회사 이젠그린),언론사
17085,월간 환경기술인 (사단법인 한국환경기술인협회),언론사
17086,월간 활어,언론사
17087,월간 황금연못,언론사
17088,월간 회계,언론사
17089,월간 휴필라테스,언론사
17090,월간''사학연금'' (사립학교교직원연금관리공단),언론사
17091,월간)비단물결 유한회사 (월간비단물결 유한회사),언론사
17092,월간3D아티산,언론사
17093,월간AI부동산,언론사
17094,월간B2B (비투비아레나 주식회사),언론사
17095,월간CAR~매니저,언론사
17096,월간KEPCO (한국전력공사),언론사
17097,월간KNS뉴스통신,언론사
17098,월간KOVI,언론사
17099,월간NGO타임즈,언론사
17100,월간POWERKOREA(파워코리아),언론사
17101,월간e-세상의빛,언론사
17102,월간강원 (강원신문 주식회사),언론사
17103,월간강원의정 (사단법인강원도의정회),언론사
17104,월간강원정치,언론사
17105,월간건설안전,언론사
17106,월간검경 (주식회사 검경일보),언론사
17107,월간경기북부메거진 (주식회사 포천뉴스),언론사
17108,월간경남 ((주)경남신문사),언론사
17109,월간경남주차관리,언론사
17110,월간경북,언론사
17111,월간고신 생명나무,언론사
17112,월간고양이 (소나기크리에이티브 주식회사),언론사
17113,월간골프신문,언론사
17114,월간골프클래식,언론사
17115,월간공공디자인엑스포,언론사
17116,월간광장,언론사
17117,월간교육,언론사
17118,월간교육신문 ((주)키드잡아동문화협회),언론사
17119,월간국립극장,언론사
17120,월간국립극장(온라인),언론사
17121,월간국민문화,언론사
17122,월간금산소식,언론사
17123,월간김포뉴스 (주식회사 김포뉴스),언론사
17124,월간김해,언론사
17125,월간낙농 ((주)축산신문),언론사
17126,월간네오카 (사단법인 새인천전문정비사업조합),언론사
17127,월간놀이 (주식회사 꼬망세미디어),언론사
17128,월간다문화,언론사
17129,월간다육,언론사
17130,월간대학 ((사) 한국문화콘텐츠 협회),언론사
17131,월간더모스트(THE MOST) (월간더모스트 유한회사),언론사
17132,월간도시 (주식회사 월간도시),언론사
17133,월간독서 ((주)에이원뉴스),언론사
17134,월간독자 Reader,언론사
17135,월간독자 리더,언론사
17136,월간동서저널 (월간 동서저널),언론사
17137,월간동아,언론사
17138,월간디자인M (주식회사 오디아이앤디),언론사
17139,월간라이프 (주식회사 디엠지),언론사
17140,월간로보티즌,언론사
17141,월간리얼티뉴스,언론사
17142,월간리움필라테스 동탄장지,언론사
17143,"월간명의 ((주)디와이미디어그룹(DY media group co., Ltd))",언론사
17144,월간목욕위생 ((사)한국목욕업중앙회 대표),언론사
17145,월간무예,언론사
17146,월간무인화기술(無人化技術),언론사
17147,월간문예신문,언론사
17148,월간문학,언론사
17149,월간문화 (주식회사 동제월드),언론사
17150,월간미술세계 (주식회사 월간미술세계),언론사
17151,월간민속문화,언론사
17152,월간민족21 ((주)민족이십일),언론사
17153,월간민화 ((주)디자인밈),언론사
17154,월간밀리미터 (주식회사 아이디사랑),언론사
17155,월간발명저널 (이씨지 주식회사),언론사
17156,월간배스마스타코리아(BASSMASTER KOREA),언론사
17157,월간버섯,언론사
17158,월간법률 (한국법률신문 주식회사),언론사
17159,월간베이비앤맘,언론사
17160,월간복지& (주식회사 복지앤(오경윤)),언론사
17161,월간볼링뉴스,언론사
17162,월간불교법인연대신문,언론사
17163,월간붕어,언론사
17164,월간뷰티,언론사
17165,월간뷰티코리아,언론사
17166,월간브랜드,언론사
17167,월간비즈 (한국장애인인력지원(주)),언론사
17168,월간사물인터넷,언론사
17169,월간사진 (주식회사 월간사진),언론사
17170,월간사진영상(iPhoto View) (주식회사 뉴그린미트),언론사
17171,월간산림 (평택시 산림조합),언론사
17172,월간상용차 (주식회사 상용차정보),언론사
17173,월간색소폰,언론사
17174,월간생활불교,언론사
17175,월간성가,언론사
17176,월간성공이오(성공25),언론사
17177,월간세금이 ((주)택스인포),언론사
17178,월간세무회계소식 세무법인청안,언론사
17179,월간소방,언론사
17180,월간수산양식 ((주)한국수산신문사),언론사
17181,월간스토리문학,언론사
17182,월간시민잡지,언론사
17183,월간시사,언론사
17184,월간시사문단,언론사
17185,월간시인,언론사
17186,월간실버타운 (제론테크 주식회사),언론사
17187,월간실천특수교육,언론사
17188,월간아동문학,언론사
17189,월간아이엠(IM),언론사
17190,월간암 (주식회사 월간암),언론사
17191,월간양록,언론사
17192,월간양산,언론사
17193,월간에너지,언론사
17194,월간에세이 (주식회사 월간에세이),언론사
17195,월간여론 ((주)비전코리아솔루션즈),언론사
17196,월간여성씨이오 ((주)월간여성씨이오),언론사
17197,월간역학,언론사
17198,월간연수,언론사
17199,월간영종,언론사
17200,월간옥이네 (주식회사 고래실),언론사
17201,월간온오프 ((주)소울메이트),언론사
17202,월간요양,언론사
17203,월간울진,언론사
17204,월간이드 (주식회사 이드페이퍼),언론사
17205,월간이벤트,언론사
17206,월간이비에스(EBS)딩동댕유치원 ((주)온머리미디어),언론사
17207,월간인물(Monthly People),언론사
17208,월간인물(Monthly People) (주식회사 월간인물),언론사
17209,월간인삼저널클럽,언론사
17210,월간인천,언론사
17211,월간잡담,언론사
17212,월간재활용 (사단법인 한국자원재생재활용연합회),언론사
17213,월간저널 ((주)자이언트미디어),언론사
17214,월간저널 일렉트릭 파워(Electric Power) ((주)전력문화사),언론사
17215,월간전남 ((주)순천투데이),언론사
17216,월간전북,언론사
17217,월간전북 ((주)월간전북),언론사
17218,월간전시회 (얍미디어 주식회사),언론사
17219,월간정론 더뉴스코리아 (주식회사 더뉴스코리아),언론사
17220,월간정토,언론사
17221,월간제주도지정보,언론사
17222,월간제주여행인싸이트 (주식회사 렛츠114제주),언론사
17223,월간조달뉴스 ((주)한국케이피엔),언론사
17224,월간종로화보,언론사
17225,월간중국,언론사
17226,월간중앙저널,언론사
17227,월간지 맘 스토리,언론사
17228,월간지리산 (월간지리산 주식회사),언론사
17229,월간지식사회 ((주)커네듀),언론사
17230,월간창업경제,언론사
17231,월간체험,언론사
17232,월간축제 ((주)축제플라자),언론사
17233,"월간충남 (주식회사 씨에이미디어그룹(CA Media co., Ltd.))",언론사
17234,월간친환경,언론사
17235,월간타이어,언론사
17236,월간타임스,언론사
17237,월간탐정기자,언론사
17238,월간토마토,언론사
17239,월간특종25시,언론사
17240,월간파워코리아브랜드,언론사
17241,월간편입뉴스 ((주)아이비김영),언론사
17242,월간포장타임즈,언론사
17243,월간포천 (주식회사 호두나무),언론사
17244,월간폴트리 (월간폴트리 주식회사),언론사
17245,월간프레티피플즈Peopleof the Golf,언론사
17246,월간피그 (월간피그(주)),언론사
17247,월간한국사랑네트워크,언론사
17248,월간한국요양신문 (한국요양신문 주식회사),언론사
17249,월간한복,언론사
17250,월간한복 전자매거진,언론사
17251,월간한옥 매거진,언론사
17252,월간한옥 전자매거진,언론사
17253,월간행복나무통합사례관리 (주식회사 행복나무),언론사
17254,월간현장체험,언론사
17255,월간호텔,언론사
17256,월간화물.환경,언론사
17257,월간환경뉴스,언론사
17258,월간환경세계,언론사
17259,월간환경소방안전,언론사
17260,월곡1동 마을미디어,언론사
17261,월남참전신문,언론사
17262,월드 (주식회사 월드),언론사
17263,월드 가톨릭(World Catholic) (주식회사 가톨릭다이제스트),언론사
17264,월드 리더(World Reader),언론사
17265,월드 뮤직 투데이,언론사
17266,월드 오브 크루징 ((주)코리아크루즈마케팅),언론사
17267,월드 코리아,언론사
17268,월드 포크 익스프레스 (주식회사 정피엔씨연구소),언론사
17269,월드 홀덤 매거진,언론사
17270,월드365 (주식회사 월드뉴스통신),언론사
17271,월드i뉴스 (성진선미(주)),언론사
17272,월드경제신문 ((주)월드경제신문),언론사
17273,월드그린뉴스 (가온누리 사회적협동조합),언론사
17274,월드그린피스 ((주)월드그린피스),언론사
17275,월드금융 (주식회사 굿웰),언론사
17276,월드뉴스(worldnews),언론사
17277,월드뉴스·월드비지니스 ((주)도서사랑),언론사
17278,월드뉴스매거진 ((주)연합뉴스미디어),언론사
17279,월드뉴스인 (주식회사 월드뉴스인),언론사
17280,월드뉴스통신 (주식회사 월드뉴스통신),언론사
17281,월드데일리뉴스통신 (주식회사 컴포유),언론사
17282,월드마인드스포츠뉴스페이퍼,언론사
17283,월드메디컬코스메틱,언론사
17284,월드무예신문 (사)한국무예총연합회),언론사
17285,월드미션신문,언론사
17286,월드미션연합신문,언론사
17287,월드미션타임즈,언론사
17288,월드방송 itv (월드방송아이티브이 주식회사),언론사
17289,월드방송티브이 (월드방송그룹(주)),언론사
17290,월드베스트미디어,언론사
17291,월드뷰 (주식회사 세상바로보기),언론사
17292,월드뷰티타임즈 (주식회사 디블랙프로젝트),언론사
17293,월드블록체인뉴스,언론사
17294,월드스타,언론사
17295,월드스포츠선교,언론사
17296,월드시사 매거진,언론사
17297,월드시사경제 (주식회사 금강익스프레스),언론사
17298,월드아트타임즈(Worldarttimes),언론사
17299,월드앤뉴월드저널 (주식회사 월드앤뉴월드저널),언론사
17300,월드얀,언론사
17301,월드엑스포뉴스 ((주)그린마이스플래닝),언론사
17302,월드연예스포츠신문 (한국목조주택평생교육원 주식회사),언론사
17303,월드연합불교뉴스,언론사
17304,월드음악.미술신문,언론사
17305,월드일보,언론사
17306,월드장애인사랑뉴스,언론사
17307,월드저널,언론사
17308,월드짐 매거진 (주식회사 월드짐팩토리),언론사
17309,월드채널 ((사)나눔재단월드채널),언론사
17310,월드컬처뉴스,언론사
17311,월드케이뉴스,언론사
17312,월드케이뉴스 인천지사,언론사
17313,월드코리아스포츠미디어,언론사
17314,월드코리안신문,언론사
17315,월드코인뉴스 ((주) 더블유앤엠코퍼레이션),언론사
17316,월드타임뉴스,언론사
17317,월드타임스,언론사
17318,월드태권도뉴스,언론사
17319,월드톱뉴스,언론사
17320,월드투데이 (주식회사 퍼블릭월드),언론사
17321,월드트레킹신문,언론사
17322,월드트벨,언론사
17323,월드포스트,언론사
17324,월드프레스(World Press),언론사
17325,월드환경신문 (주식회사 월드환경신문사),언론사
17326,월드환경일보,언론사
17327,월스트리트 데일리 뉴스 ((주)지에이아이시스템),언론사
17328,월요 시사,언론사
17329,월요경제,언론사
17330,월요시사 ((주)월요시사신문),언론사
17331,월요시사e,언론사
17332,월요시사신문 ((주)선데이뉴스),언론사
17333,월요신문 ((주)월요신문사),언론사
17334,월이문학,언론사
17335,월평YUJ타임즈,언론사
17336,월평소식,언론사
17337,웨딩(wedding),언론사
17338,웨딩21wedding21 (주식회사 케이웨딩컴퍼니),언론사
17339,웨딩21뉴스 (주식회사 케이웨딩컴퍼니),언론사
17340,웨딩9 (주식회사 다우니야),언론사
17341,웨딩TV (주식회사 선우),언론사
17342,웨딩경영 ((주)한국웨딩산업연구원),언론사
17343,웨딩뉴스,언론사
17344,웨딩뉴스신문 (웨딩뉴스 주식회사),언론사
17345,웨딩베뉴(Wedding Venue) ((주)비엔티블루),언론사
17346,웨딩뷔페,언론사
17347,웨딩타임즈 (사단법인 한국웨딩플래너협회),언론사
17348,웨딩플러스,언론사
17349,웨스턴스타일인코리아 (주식회사 컬쳐컴플렉스),언론사
17350,웨슬리안타임즈 ((주)더미션),언론사
17351,웨이브나우,언론사
17352,웨이브진,언론사
17353,웨이커(waiker) ((주)웨이커),언론사
17354,웨이크업뉴스,언론사
17355,웰뉴스 (주식회사 피씨엔씨),언론사
17356,웰뉴스프리미엄 (주식회사 피씨엔씨),언론사
17357,웰니스경남,언론사
17358,웰니스라이프,언론사
17359,웰니스라이프미디어,언론사
17360,웰니스매거진,언론사
17361,웰니스비즈,언론사
17362,웰니스저널,언론사
17363,웰니스투데이(Wellness Today),언론사
17364,웰니스포스트,언론사
17365,웰니스포커스,언론사
17366,웰니스피아(wellnessPIA),언론사
17367,웰다잉 포스트,언론사
17368,웰다잉뉴스,언론사
17369,웰라이프 (에이치엘엘중앙(주)),언론사
17370,웰라이프저널,언론사
17371,웰로 (주식회사 웰로),언론사
17372,웰리빙미디어,언론사
17373,웰리스뉴스 (주식회사 엔씨에이치에스),언론사
17374,웰리스저널,언론사
17375,웰메모리,언론사
17376,웰바이모모-WELL (주식회사 모모),언론사
17377,웰브에듀뉴스 (주식회사 웰브에듀),언론사
17378,웰빙나라 (사단법인 국제절제협회한국총본부),언론사
17379,웰빙뉴스,언론사
17380,웰빙신문사,언론사
17381,웰빙앤라이프,언론사
17382,웰빙코리아뉴스,언론사
17383,웰빙타임즈(wellbeingtimes),언론사
17384,웰스데일리(WEALTH DAILY),언론사
17385,웰스톡 브리핑 (주식회사 알파로직),언론사
17386,웰컴 카 센스,언론사
17387,웰컴뉴스,언론사
17388,웰컴카뉴스 (주식회사 하이넷씨앤씨),언론사
17389,웰컴카정보,언론사
17390,웰컴투 매거진,언론사
17391,웰페어뉴스,언론사
17392,웰페어비즈,언론사
17393,웰페어이슈 (즐거운사회복지궁리소 협동조합),언론사
17394,웹(w.e.b.),언론사
17395,웹매거진 한국영화 (영화진흥위원회),언론사
17396,웹이코노미(webeconomy) (주식회사 더파워),언론사
17397,웹진 문예마루,언론사
17398,웹진 중국을주께로,언론사
17399,웹툰가이드 ((주)코니스트),언론사
17400,웹툰신문,언론사
17401,웹플러스뉴스,언론사
17402,위-아크 스퀘어,언론사
17403,위글러 ((주)위글러미디어),언론사
17404,위기브 (주식회사 공감만세),언론사
17405,위너뉴스,언론사
17406,위대한 시선,언론사
17407,위대한썬,언론사
17408,위더스(WITHUS),언론사
17409,위드人신문,언론사
17410,위드경제 ((주)눈미디어),언론사
17411,위드뉴스라인,언론사
17412,위드다르마,언론사
17413,위드레저,언론사
17414,위드맘일보 (주식회사 위드맘케어),언론사
17415,위드뮤직(WEDMUSIQ),언론사
17416,위드스타 ((주)위드스타),언론사
17417,위드아카데미,언론사
17418,위드온뉴스,언론사
17419,위드인뉴스,언론사
17420,위드차이나(WITH CHINA),언론사
17421,위드타임즈 (주식회사 더불어),언론사
17422,위드플러스 뉴스 (주식회사 엠케이글로벌컴퍼니),언론사
17423,위례성,언론사
17424,위례포커스,언론사
17425,위메이크뉴스 (주식회사 투비스타),언론사
17426,위메이크미디어 ((주)위메이크미디어),언론사
17427,위브계림뉴스,언론사
17428,위스매거진,언론사
17429,위와장,언론사
17430,위즈경제 ((주)위즈닷),언론사
17431,위즈뉴스 ((주)위즈뉴스),언론사
17432,위즈덤아고라,언론사
17433,위즈매니아(Wiz Mania) (주식회사 드림위즈),언론사
17434,위즈키즈,언론사
17435,위즈키즈 ((주)교원),언론사
17436,위치스컬쳐매거진,언론사
17437,위코노미 타임스(Weconomy Times) (오픈엑스 주식회사),언론사
17438,위크엔드뉴스(Weekendnews) (주식회사 위크엔드뉴스),언론사
17439,위크헬시,언론사
17440,위클리 김천,언론사
17441,위클리 뷰 ((주)레이모웍스),언론사
17442,위클리 세미나리뷰,언론사
17443,위클리 세븐타임즈,언론사
17444,위클리 인천신문 ((주)북인천신문),언론사
17445,위클리 치과의사신문 ((주)덴탈인),언론사
17446,위클리KCEA,언론사
17447,위클리L뉴스,언론사
17448,위클리굿뉴스 ((주)데일리굿뉴스),언론사
17449,위클리뉴시스(Weekly NEWSIS) ((주)뉴시스),언론사
17450,위클리뷰티(weekly Beauty),언론사
17451,위클리서울 (주식회사 뉴텍미디어그룹),언론사
17452,위클리서울i (주식회사 뉴텍미디어그룹),언론사
17453,위클리시사,언론사
17454,위클리아이엠,언론사
17455,위클리오늘 ((주)위클리오늘신문사),언론사
17456,위클리오운,언론사
17457,위클리온,언론사
17458,위클리와이,언론사
17459,위클리우먼라이프,언론사
17460,위클리월드 (주식회사 월드뉴스통신),언론사
17461,위클리유연,언론사
17462,위클리자동차신문 (다온메르시 주식회사),언론사
17463,위클리잡,언론사
17464,위클리정책뉴스,언론사
17465,위클리창원경남,언론사
17466,위클리충남 (에스엘홀딩스),언론사
17467,위클리코리아,언론사
17468,위클리투데이코리아 (이피씨라인(주)),언론사
17469,위클리툰 ((주)투니스트),언론사
17470,위클리포스트(weekly post),언론사
17471,위클리포유(WEEKLY4U) (주식회사 영남일보),언론사
17472,위클리피플,언론사
17473,위클리한국주택경제신문 ((주)위클리한국주택경제신문사),언론사
17474,위클리핫툰 ((주)팝콘소프트),언론사
17475,위키뉴스,언론사
17476,위키리크스 한국 (위키리크스 한국(주)),언론사
17477,위키비즈니스 (위키경제신문(주)),언론사
17478,위키서울 (주식회사 비앤오코퍼레이션),언론사
17479,위키트리(Wikitree) ((주)소셜뉴스),언론사
17480,위키푸디 ((주)사이언스플러스),언론사
17481,위키프레스(wikipress),언론사
17482,위키피키 ((주)사이언스플러스),언론사
17483,위플 ((주)위플월드),언론사
17484,위픽레터 (주식회사 위픽코퍼레이션),언론사
17485,윈뉴스(win뉴스),언론사
17486,윈도어(windoor),언론사
17487,윈도우즈닷넷매거진(windows &.net magazine) ((주)마이크로미디어),언론사
17488,윈도우타임즈(Window Times),언론사
17489,윈썸 필라앤핏,언론사
17490,윈앤매그(winnmag),언론사
17491,윙스 토익(Wings TOEIC) ((주)포위드닷컴),언론사
17492,유 룩 플라이(YOU LOOK FLY),언론사
17493,유-피플,언론사
17494,유공자신문 ((주)한국유공자복지원),언론사
17495,유교문화신문,언론사
17496,유교신문 (주식회사 온라인유교신문),언론사
17497,유권자연맹신문 (유권자연맹신문사 주식회사),언론사
17498,유기농신문,언론사
17499,유뉴스(Unews),언론사
17500,유니메이트알파,언론사
17501,유니버셜타임즈,언론사
17502,유니센터뉴스,언론사
17503,유니센터제주타임즈 (주식회사유니센터제주),언론사
17504,유니스프레스 (주식회사 컬컴포항점),언론사
17505,유니콘뉴스 ((주)유니콘미디어),언론사
17506,유니콘타임스 ((주)아이앤비홀딩스),언론사
17507,유니티니(Uni-Teeny) (사단법인 세계평화교류연구소),언론사
17508,유니포타임즈,언론사
17509,유니홀리데이 ((주)유니홀리데이),언론사
17510,유달신문 (주식회사 유-미디어),언론사
17511,유달정보 (주식회사 유-미디어),언론사
17512,유답 (주식회사 에이치에스피컨설팅유답),언론사
17513,유데일리 ((주)두루기획),언론사
17514,유도,언론사
17515,유도코리아,언론사
17516,유라시아 뉴스,언론사
17517,유라운 미고알 (유한회사 유라운),언론사
17518,유라이프타임즈,언론사
17519,유랩미디어(U-Lab Media),언론사
17520,유럽미장,언론사
17521,유럽의 손뜨개 (주식회사 에스킴니트디자인),언론사
17522,유레카,언론사
17523,유레카 (주식회사 유레카엠앤비),언론사
17524,유레카매거진,언론사
17525,유로저널,언론사
17526,유리아나매거진,언론사
17527,유림세무회계소식지,언론사
17528,유림신문(儒林新聞),언론사
17529,유머와웃음매거진,언론사
17530,유미뉴스(You me News),언론사
17531,유비스트,언론사
17532,유비쿼터스타임즈,언론사
17533,유성매거진,언론사
17534,유성문학,언론사
17535,유소년스포츠뉴스 (주식회사 창업경영신문사),언론사
17536,유스경제(YouthEconomy) (주식회사 유스경제),언론사
17537,유스라인(U's line) ((주)이도콘텐츠랩),언론사
17538,유스셀라이프,언론사
17539,유스연합 (사단법인 대한민국청소년의회),언론사
17540,유스투비 ((사)한국청소년육성회),언론사
17541,유스풀랩,언론사
17542,유스풀피디아,언론사
17543,유심 (재단법인 설악 만해사상실천선양회),언론사
17544,유아교육신문,언론사
17545,유아교육자료 (주식회사 온앤온정보시스템),언론사
17546,유아낫언론,언론사
17547,유아사랑 (주식회사 로렌츠문경),언론사
17548,유아신문,언론사
17549,유아의길 (주식회사 로렌츠평택),언론사
17550,유아정보,언론사
17551,유앤앤(UNN),언론사
17552,유어라이즈 미디어 ((주)유어라이즈),언론사
17553,유어테니스 매거진,언론사
17554,유얼라이브(Ualive) (주식회사 위얼라이브),언론사
17555,유에르필라테스 매거진,언론사
17556,유에스퍼시픽타임즈 ((주) 유에스퍼시픽타임즈코퍼레이션(US PACIFIC TIMES CORPORATION)),언론사
17557,유엔 피스 메신저 / UN Peace Messenger,언론사
17558,유엔뉴스(UNNEWS),언론사
17559,유엔문화환경신문,언론사
17560,유엔신문 (국제보건환경봉사단),언론사
17561,유엔신문(UNNEWS) (유엔뉴스(주)),언론사
17562,유엔와이어 리포터 연합뉴스 (재단법인 태평양 섬 문화재단),언론사
17563,유엔일보 (유엔일보(주)),언론사
17564,유엔평화신문,언론사
17565,유엔해비타트코리아 (사단법인 유엔해비타트 한국위원회),언론사
17566,유엘씨(ULC) (주식회사 빅바이스몰),언론사
17567,유이네스필라테스,언론사
17568,유이네스필라테스 두호점 (유이네스필라테스 두호점),언론사
17569,유이유나이트얼스(Ue unite earth) ((사)국제아동돕기연합),언론사
17570,유자녀경찰신문,언론사
17571,유저스,언론사
17572,유저스프레스,언론사
17573,유정커뮤니케이션,언론사
17574,유제이비굿뉴스 (주식회사 컬컴 건대점),언론사
17575,유체제어기술 (아이에이뉴스(주)),언론사
17576,유카포스트,언론사
17577,유케어뉴스 (주식회사 유케어),언론사
17578,유케이에프엔 교육저널 (주식회사 유케이에프엔),언론사
17579,유코리아뉴스,언론사
17580,유쿨(Ucool),언론사
17581,유타게이트 (주식회사 데이터미디어),언론사
17582,유통경제신문,언론사
17583,유통뉴스,언론사
17584,유통데일리 (주식회사 유통데일리),언론사
17585,유통매거진,언론사
17586,유통물가 ((사)한국응용통계연구원),언론사
17587,유통신문,언론사
17588,유통아케이트신문 ((사)전국컴퓨터유기기구유통협의회),언론사
17589,유통저널뉴스(UTJNnews) (사단법인 한국마트협회),언론사
17590,유튜버뉴스 ((주)큐브컴퍼니),언론사
17591,유튜버월드,언론사
17592,유튜브매거진(신춘문예),언론사
17593,유학뉴스,언론사
17594,유학앤 ((주)유학앤홈즈),언론사
17595,유학저널,언론사
17596,유한회사 에듀웨이브 (유한회사 에듀웨이브),언론사
17597,유헬스뉴스(U-HEALTH NEWS),언론사
17598,육필문학,언론사
17599,윤S 필라앤번지 매거진,언론사
17600,윤스피드,언론사
17601,윤슬타임즈,언론사
17602,윤슬필라테스평택점,언론사
17603,윤커뮤니케이션,언론사
17604,윤필라테스포스트,언론사
17605,윤활유저널 (서울경인윤활유판매업협동조합),언론사
17606,율곡공론(栗谷公論),언론사
17607,율곡정론(栗谷正論),언론사
17608,율하뉴스미디어,언론사
17609,융복합산업 ((주)한국융복합산업센터),언론사
17610,융복합예술심리치료연구,언론사
17611,융스,언론사
17612,융합상담심리교육신문사,언론사
17613,융합신문,언론사
17614,융합안보저널,언론사
17615,융합테라피뉴스 (주식회사 앞선생각),언론사
17616,으뜸 필라테스,언론사
17617,으뜸리뉴스 ((주)으뜸리),언론사
17618,으뜸인성교육,언론사
17619,은가람문학,언론사
17620,은누리 ((주)은누리디지털문화원),언론사
17621,은빛아카데미신문,언론사
17622,은빛터,언론사
17623,은적회보,언론사
17624,은퇴신문,언론사
17625,은평가로수,언론사
17626,은평교육뉴스,언론사
17627,은평시민신문 (은평시민신문협동조합),언론사
17628,은평신문 ((주)은평신문사),언론사
17629,은평인터넷뉴스,언론사
17630,은평타임즈,언론사
17631,은평타임즈넷,언론사
17632,은혜의 샘,언론사
17633,을숙도,언론사
17634,음성뉴스,언론사
17635,음성신문 (음성신문(주)),언론사
17636,음성자치신문 (주)음성자치신문),언론사
17637,음성타임즈,언론사
17638,음성타임즈 (주식회사 음성타임즈),언론사
17639,음성투데이,언론사
17640,음식과사람 (사단법인 한국외식업중앙회),언론사
17641,음악과 문화,언론사
17642,음악과평화 (주식회사 빛기둥엔터테인먼트),언론사
17643,음악은 과학이다 ((주)투게더7500),언론사
17644,응급처치뉴스 (한국응급처치교육원(주)),언론사
17645,의령군민신문 (주식회사 의령군민신문),언론사
17646,의령뉴스,언론사
17647,의령시사신문 (의령시사신문(주)),언론사
17648,의령신문 ((주)의령신문),언론사
17649,의령의소리 (의령의소리),언론사
17650,의령인터넷뉴스,언론사
17651,의령인터넷신문 (주식회사 의령인터넷신문),언론사
17652,의령정론 (주식회사 의령정론),언론사
17653,의료&복지뉴스 ((유)의료앤복지뉴스),언론사
17654,의료경영전략연구소,언론사
17655,의료관광신문,언론사
17656,의료기기뉴스라인 ((사)한국의료기기산업협회),언론사
17657,의료기기협회보 ((사)한국의료기기산업협회),언론사
17658,의료법인의인의료재단차병원 (의료법인의인의료재단차병원),언론사
17659,의료벤처신문,언론사
17660,의료소비자신문 ((주)한국협력경제연구원),언론사
17661,의료신문,언론사
17662,의료요양신문 ((주)의료요양신문사),언론사
17663,의료일보(Medical Daily),언론사
17664,의료정책포럼,언론사
17665,의류정보신문,언론사
17666,의사나라뉴스 (한국엠바이오 주식회사),언론사
17667,의사신문 (사단법인 대한의사협회 서울특별시의사회),언론사
17668,의성intv종합방송센터,언론사
17669,의성군민신문 (주식회사 의성군민신문),언론사
17670,의약뉴스 (의약뉴스(주)),언론사
17671,의약식품저널,언론사
17672,의약신문,언론사
17673,의약일보 ((주)의약일보),언론사
17674,의약품유통신문 (사단법인 한국의약품유통협회),언론사
17675,의약품정책연구 ((재)의약품정책연구소),언론사
17676,의양포커스(의양FOCUS),언론사
17677,의양포커스(의양FOCUS) ((주)의양포커스),언론사
17678,의왕뉴스,언론사
17679,의왕미디어저널,언론사
17680,의왕방송 (의왕방송협동조합),언론사
17681,의왕복지신문 인연,언론사
17682,의왕시민신문,언론사
17683,의왕신문 (주식회사 흙),언론사
17684,의왕저널 (주식회사 위드업),언론사
17685,의왕천문소식 (의왕어린이천문대 주식회사),언론사
17686,의정부 knews,언론사
17687,의정부 닷컴,언론사
17688,의정부넷,언론사
17689,의정부뉴스,언론사
17690,의정부신문,언론사
17691,의정부인재개발교육,언론사
17692,의정부포스트,언론사
17693,의정소식,언론사
17694,의정신문 서울시티,언론사
17695,의정일보 ((주)의정일보),언론사
17696,의정코리아 (주식회사 재정경영연구원),언론사
17697,의정타임즈 ((주)동아경제신문),언론사
17698,의정투데이,언론사
17699,의학신문 ((주)의학신문사),언론사
17700,의협신문 (사단법인 대한의사협회),언론사
17701,의회 신문,언론사
17702,의회 신문 (주식회사 의회신문),언론사
17703,이(e)문학,언론사
17704,이(e)토요신문,언론사
17705,이(e)헬스통신 (주식회사 이헬스통신),언론사
17706,이um,언론사
17707,이그잼 News (주식회사 이그잼),언론사
17708,이끌림 ((주)반디컴),언론사
17709,이끌림매거진,언론사
17710,이끌림필라테스매거진,언론사
17711,이나우스,언론사
17712,이나우스DB,언론사
17713,이나일보,언론사
17714,이냐시오의 벗들 (재단법인한국예수회),언론사
17715,이넷뉴스 (주식회사 이넷뉴스),언론사
17716,이노라이프(innolife) (유캔바이더월드(주)),언론사
17717,이노바 저널 (주식회사 에이엑스이노바),언론사
17718,이노블룸,언론사
17719,이노비즈뉴스 (주식회사 이노비즈투데이),언론사
17720,이노스코프,언론사
17721,이뉴스데일리 ((주)이뉴스엠),언론사
17722,이뉴스타임,언론사
17723,이뉴스타임(ENEWSTIME) (주식회사 뉴스타임),언론사
17724,이뉴스투데이,언론사
17725,이뉴스투데이 ((주)서울미디어그룹),언론사
17726,이닥터스,언론사
17727,이단종파,언론사
17728,이달의 딜 (주식회사 동신툴피아),언론사
17729,이달의건강 (주식회사 나비랑),언론사
17730,이달의소식지,언론사
17731,이데이뉴스,언론사
17732,이데이뉴스 (주식회사 이데이뉴스),언론사
17733,이데일리 (이데일리(주)),언론사
17734,이데일리코리아,언론사
17735,이데일리포커스,언론사
17736,이디씨타임즈,언론사
17737,이러닝플러스(E-Learning +) ((주)콘텐츠미디어),언론사
17738,이런뉴스(e-runnews),언론사
17739,이레교육신문 ((주)이레),언론사
17740,이레스타(IRE STAR),언론사
17741,이레아이맘 인터넷신문,언론사
17742,이로운경제 (주식회사 이로운홀딩스),언론사
17743,이로운경제TV (주식회사 이로운홀딩스),언론사
17744,이로운넷 (주식회사 이로운넷),언론사
17745,이로운뉴스,언론사
17746,이로운미디어,언론사
17747,이로이로서우루 ((주)모닝스타앤드파트너),언론사
17748,이론경제 ((주) 이론친구들),언론사
17749,이론샘매거진 (주식회사 이론샘),언론사
17750,이루다뉴스,언론사
17751,이루다에듀 (주식회사 이룸스포츠),언론사
17752,이루리,언론사
17753,이루미매거진,언론사
17754,이룸601세상,언론사
17755,이룸i문화인터넷신문,언론사
17756,이룸교육 ((주)이룸교육원),언론사
17757,이룸일보,언론사
17758,이머니뉴스 ((주)엔케이디미디어),언론사
17759,이모작뉴스 ((주)투데이신문사),언론사
17760,이미디어(Emedia),언론사
17761,이민신문 ((주)엠씨씨홀딩스),언론사
17762,이반젤리즘,언론사
17763,이밥차,언론사
17764,이벤트 뉴스 (알파이벤트기획 주식회사),언론사
17765,이벤트가이드,언론사
17766,이벤트넷 신문,언론사
17767,이벤트매거진,언론사
17768,이벤트온라인 (주식회사 준코토미컴퍼니),언론사
17769,이북5도민보 (이북오도민보(주)),언론사
17770,이북도민연합신문 ((사)이북도민회중앙련합회),언론사
17771,이브라이프,언론사
17772,이브이웨이(EVWAY),언론사
17773,이브필라테스 자이로토닉 (이브필라테스자이로토닉(주)),언론사
17774,이브필라테스(건대) ((주)로더),언론사
17775,이브필라테스(건대2) ((주)로더),언론사
17776,이브필라테스(광명),언론사
17777,이브필라테스(마두),언론사
17778,이브필라테스(부천),언론사
17779,이브필라테스(삼송),언론사
17780,이브필라테스(신림) (주식회사 이브필라테스교육원),언론사
17781,이브필라테스(연신내),언론사
17782,이브필라테스(영등포),언론사
17783,이브필라테스(주엽),언론사
17784,이브필라테스(화곡),언론사
17785,이브필라테스W건대3호점 (주식회사 이브필라테스컴퍼니),언론사
17786,이브필라테스교육원 (주식회사 이브필라테스교육원),언론사
17787,이비엔(EBN)산업경제 (주식회사 이비뉴스산업경제),언론사
17788,이비즈타임즈 ((주)판다이커머스랩),언론사
17789,이사구신문 ((주)경기평생교육원),언론사
17790,이사람(esarram),언론사
17791,이사상계,언론사
17792,이산가족,언론사
17793,이상 고덕뉴스,언론사
17794,이상욱논리속독학회보,언론사
17795,이선옥 닷컴,언론사
17796,이성과신앙,언론사
17797,이세종경제 (주식회사 세종경제),언론사
17798,이순신 타임즈 ((사)이십일세기 이순신연구회),언론사
17799,이슈 인사이드 뉴스,언론사
17800,이슈&시사상식 ((주)시대고시기획시대교육),언론사
17801,이슈&전북,언론사
17802,이슈게이트(Issue Gate),언론사
17803,이슈경제,언론사
17804,이슈광주전남 (주식회사 이슈광주전남),언론사
17805,이슈구례 (주식회사 이슈광주전남),언론사
17806,이슈나주 (주식회사 이슈광주전남),언론사
17807,이슈뉴스타임 (주식회사 이슈뉴스타임),언론사
17808,이슈담양 (주식회사 이슈광주전남),언론사
17809,이슈데이 (사바나미디어 주식회사),언론사
17810,이슈데일리 ((주)이슈데일리),언론사
17811,이슈라이브,언론사
17812,이슈라이프,언론사
17813,이슈라인,언론사
17814,이슈메이커 (빅텍미디어 주식회사),언론사
17815,이슈모어 (주식회사 커머스케이),언론사
17816,이슈밸리,언론사
17817,이슈보성 (주식회사 이슈광주전남),언론사
17818,이슈부산경남,언론사
17819,이슈브릿지 (주식회사 에이치비메디),언론사
17820,이슈서울경기(issue서울경기) ((주)한국감찰일보사),언론사
17821,이슈앤,언론사
17822,이슈앤경남,언론사
17823,이슈앤뉴스(Issue & News),언론사
17824,이슈앤비즈 ((주)지에스미디어),언론사
17825,이슈어스(Issueus) (주식회사 이슈25),언론사
17826,이슈업 ((주)데스크1),언론사
17827,이슈에디코,언론사
17828,이슈엠(ISSUEM) (삼정엠씨 주식회사),언론사
17829,이슈여수 (주식회사 이슈광주전남),언론사
17830,이슈온(ISSUE ON) (주식회사 이슈온),언론사
17831,이슈위크,언론사
17832,이슈인사이트 ((주)보스저널),언론사
17833,이슈인수원 (주식회사 이슈인수원),언론사
17834,이슈인채널,언론사
17835,이슈인팩트 (이슈인팩트(주)),언론사
17836,이슈인포(issueinfo),언론사
17837,이슈장성 (주식회사 이슈광주전남),언론사
17838,이슈큐레이터 ((주)야마엔터테인먼트),언론사
17839,이슈타임즈,언론사
17840,이슈톡톡,언론사
17841,이슈투데이,언론사
17842,이슈포커스,언론사
17843,이슈포커스(Weekly Issue Focus),언론사
17844,이슈프레스저널 (씨아이씨라이프 주식회사),언론사
17845,이슈피커 ((주)사이언스플러스),언론사
17846,이슈피플,언론사
17847,이슈픽,언론사
17848,이슈함평 (주식회사 이슈광주전남),언론사
17849,이슈화순 (주식회사 이슈광주전남),언론사
17850,이슈＆정책,언론사
17851,이스트24 전국뉴스,언론사
17852,이시대의 신문고 시사일보 (주식회사 시사일보미디어),언론사
17853,이아 매거진,언론사
17854,이아이디어스토리 ((사)한국제안활동협회),언론사
17855,이안매거진(IANN MAGAZINE),언론사
17856,이안필라테스 옥정점,언론사
17857,이앤먹방뷰,언론사
17858,이앤모터스,언론사
17859,이앤알미디어뉴스 ((주)이엔알연구소),언론사
17860,이앤투어픽,언론사
17861,이야기에이 ((주)더센터),언론사
17862,이어도에서 온 편지 (사단법인 이어도연구회),언론사
17863,이어라 남도,언론사
17864,이어폰(Earphones),언론사
17865,이에스지 타임즈 (업글샘 주식회사),언론사
17866,이에스지 포스트(ESG POST),언론사
17867,이에스지(ESG)타임즈 (주식회사 플래닛네이처미디어),언론사
17868,이에스지리얼타임즈(ESG REAL TIMES),언론사
17869,이에쓰지인사이트(esginsight),언론사
17870,이엔비교육뉴스방송,언론사
17871,이엔지드라마타임즈,언론사
17872,이엔투데이 ((주)이엔투데이),언론사
17873,이엘포스트,언론사
17874,이엠디(eMD) ((주)메디컴),언론사
17875,이오공뉴스 (대한민족상생관악협동조합),언론사
17876,이용회보 ((사)한국이용사회),언론사
17877,이웃사촌 : 반포자이골프동호회,언론사
17878,이웃사촌소식 (이웃사촌소식),언론사
17879,이웃사촌소식지,언론사
17880,이유저널,언론사
17881,이음,언론사
17882,이음교육저널,언론사
17883,이음뉴스 (브레인코리아 주식회사),언론사
17884,이음라이프 (더행복이음 사회적협동조합),언론사
17885,이음리퍼블릭,언론사
17886,이음문화신문,언론사
17887,이음문화예술매거진,언론사
17888,이음미디어 (주식회사 봉숭아학당문화혁신학교),언론사
17889,이음인터넷뉴스,언론사
17890,이음플러스 뉴스 (사회적협동조합 이음플러스),언론사
17891,이이뉴스 (그린마루협동조합),언론사
17892,이인치 (이어혜다(주)),언론사
17893,이장 통장 ((주)이통장연합뉴스),언론사
17894,이장뉴스 ejangnews (주식회사 에스엠비홀딩스),언론사
17895,이재민사랑 (사)충북이재민사랑본부),언론사
17896,이저널(E-journal) (스탠다드미디어 주식회사),언론사
17897,이제 여기 그 너머,언론사
17898,이제위크,언론사
17899,이주와 통합(Migration&Integration) ((사)한국이주동포정책개발연구원),언론사
17900,이지경제 ((주)이지뉴스),언론사
17901,이지뉴스,언론사
17902,이지스 저널(Aegis Journal) ((주)스카이가디언),언론사
17903,이지스쿨 뉴스,언론사
17904,이지앤대전세종교육방송,언론사
17905,이지원 교육 뉴스,언론사
17906,이지원필라테스 잠실뉴스 (주식회사 제이더블류),언론사
17907,이지이야기,언론사
17908,이지이콘,언론사
17909,이지트리뉴스 (주식회사 이디엘엔터프라이즈),언론사
17910,이지필라테스위크,언론사
17911,이천기자협회,언론사
17912,이천뉴스,언론사
17913,이천뉴스룸,언론사
17914,이천설봉신문 (주식회사 이천설봉신문 이천방송),언론사
17915,이천신문,언론사
17916,이천일보,언론사
17917,이천일보 (주식회사 뉴스앤뉴스),언론사
17918,이츠뷰티 (주식회사 미래뷰티산업연구원),언론사
17919,이치저널 ((주)승화기술정책연구소),언론사
17920,이코노뉴스 ((주)이코노뉴스),언론사
17921,이코노데일리,언론사
17922,이코노마이스(econoMICE) (주식회사 이코노미디어),언론사
17923,이코노미 트랜드,언론사
17924,이코노미 트리뷴 (주식회사 김앤박미디어),언론사
17925,이코노미21 (ECONOMY21),언론사
17926,이코노미21(ECONOMY21) (주식회사 이코노미21),언론사
17927,이코노미24,언론사
17928,이코노미나우 ((주)미디어시대),언론사
17929,이코노미뉴스 (주식회사 필유닷컴),언론사
17930,이코노미뷰(ECONOMY VIEW),언론사
17931,이코노미사이언스 ((주)이코노미사이언스),언론사
17932,이코노미서울,언론사
17933,이코노미세계 ((주)이코노미세계),언론사
17934,이코노미스트 (이데일리엠(주)),언론사
17935,이코노미스트 타임스(The Economist Times),언론사
17936,이코노미인사이트 (한겨레신문(주)),언론사
17937,이코노미저널(Economy Journal),언론사
17938,이코노미조선(Economy Chosun) (주식회사 조선비즈),언론사
17939,이코노미컬쳐(Economy Culture),언론사
17940,이코노미타임즈 (주식회사 인터커뮤니케이션즈),언론사
17941,이코노미톡뉴스 ((주)경제풍월미디어),언론사
17942,이코노미포커스,언론사
17943,이코노미플러스 ((주)글로벌포스트신문사),언론사
17944,이코노미한국(Economy Hankook) ((주)스포츠한국티브이),언론사
17945,이코노믹 타임스,언론사
17946,이코노믹 한국,언론사
17947,이코노믹경제 (이코노믹닷컴 주식회사),언론사
17948,이코노믹리뷰 ((주)이코노믹리뷰),언론사
17949,이코노믹리포트,언론사
17950,이코노믹매거진 ((주)이코노믹매거진),언론사
17951,이코노믹워치 (주식회사 라온뉴스(RAONNEWS)),언론사
17952,이코노믹포스트 ((주)이코노믹포스트),언론사
17953,이코노타임즈(econotimes) ((유)퍼블리시홀딩스),언론사
17954,이코노텔링(econotelling) (한국사사전략연구소 주식회사),언론사
17955,이코리아(ekorea) ((주)코리아뉴스타임즈),언론사
17956,이코리아월드(ekw) (이코리아월드(주)),언론사
17957,이코코뉴스(ECOCO NEWS) (주식회사 건설경제저널),언론사
17958,이콘밍글 ((주)픽펄스),언론사
17959,이타임즈(etimes),언론사
17960,이태원뉴스,언론사
17961,이택스뉴스 (세무방송(주)),언론사
17962,이통장연합뉴스 ((주)이통장연합뉴스),언론사
17963,이통합뉴스,언론사
17964,이투뉴스,언론사
17965,이투데이 (주식회사 이투데이),언론사
17966,이투데이신문 (주식회사 이투데이),언론사
17967,이트레블뉴스 (유한회사 다솜),언론사
17968,이티비 세종.대전.충남,언론사
17969,이파타임즈(용두점),언론사
17970,이포커스 (주식회사 이포커스미디어),언론사
17971,이프 매거진(IF Magazine) ((주)이프커뮤니케이션),언론사
17972,이플러스뉴스(eplusnews),언론사
17973,이피움 타임즈 (주식회사 이피움),언론사
17974,이화충북,언론사
17975,익사이팅,언론사
17976,익산교육소식지,언론사
17977,익산교차로 ((주)익산교차로),언론사
17978,익산더불어뉴스 (유한회사 익산더불어뉴스),언론사
17979,익산뷰티센터 매거진,언론사
17980,익산상공 (익산상공회의소),언론사
17981,익산서동뉴스,언론사
17982,익산시민뉴스,언론사
17983,익산시사뉴스,언론사
17984,익산신문 ((유)익산신문사),언론사
17985,익산열린신문 (유한회사 익산열린신문),언론사
17986,익산예수,언론사
17987,익산인터넷뉴스,언론사
17988,익산제일뉴스 (유한회사 익산제일뉴스),언론사
17989,익산중앙뉴스 (유한회사 익산중앙뉴스),언론사
17990,익산청소년신문벼리,언론사
17991,익산투니몽(tooni mong),언론사
17992,익산투니콜(tooni call),언론사
17993,익산투데이,언론사
17994,익산하나로 (하나로주식회사),언론사
17995,익스퍼트 인사이트 (주식회사 온담커뮤니케이션),언론사
17996,익투스타임즈,언론사
17997,익투스테니스 매거진,언론사
17998,인 대구(In Daegu),언론사
17999,인(IN)뉴스한국,언론사
18000,인(人) (주식회사 대상항공여행사),언론사
18001,인·연,언론사
18002,인간과 문학,언론사
18003,인간사랑,언론사
18004,인간시대,언론사
18005,인격주의 생명윤리,언론사
18006,인경소식,언론사
18007,인공지능 영화 저널 ((주)에이아이크리에이티브랩),언론사
18008,인공지능공감저널,언론사
18009,인공지능교육신문,언론사
18010,인공지능신문,언론사
18011,인구포커스,언론사
18012,인권과정의 (대한변호사협회),언론사
18013,인권연합뉴스,언론사
18014,인권온에어,언론사
18015,인권종합뉴스,언론사
18016,인노블(Ennoble) (인노블코리아(주)),언론사
18017,인뉴스TV,언론사
18018,인뉴스매거진,언론사
18019,인뉴스혁신 저널(in news 혁신 journal) (주식회사 오동나무창고),언론사
18020,인니뽄 매거진 ((주)아이게이트),언론사
18021,인더뉴스(iN THE NEWS) (인더뉴스(주)),언론사
18022,인더스토리,언론사
18023,인더스트리뉴스(Industry News) (주식회사 인포더),언론사
18024,인더스트리솔루션,언론사
18025,인더스트리투데이 (아이유뉴스(주)),언론사
18026,인덕원엔젤뉴스,언론사
18027,인도/미얀마통상가이드,언론사
18028,인디뉴스,언론사
18029,인디드 (예스이십사(주)),언론사
18030,인디포스트 ((주)인디포스트앤미디어),언론사
18031,인디포커스 (인디포커스 주식회사),언론사
18032,인류애,언론사
18033,인류자선여론재보 ((주)인류자선여론재보),언론사
18034,인리치타임스,언론사
18035,인문무크지 아크 ((주)상지엔지니어링건축사무소),언론사
18036,인문예술,언론사
18037,인문잡지 한편,언론사
18038,인문적상상-리더의공부산책,언론사
18039,인물 포커스(재외동포) (한국지자체미디어협동조합),언론사
18040,인물과사상,언론사
18041,인물뉴스,언론사
18042,인민일보,언론사
18043,인민일보 중문판,언론사
18044,인민일보 한글주간 (주식회사 인민일보해외판한국대표처),언론사
18045,인민일보한국판,언론사
18046,인민일보한국판 (주식회사 인민일보해외판한국대표처),언론사
18047,인민화보아크로차이나 ((주)아크로차이나),언론사
18048,인베스트,언론사
18049,인베스트뉴스.com ((주)인베스트뉴스),언론사
18050,인베스트타임스,언론사
18051,인베이더스쿨신문 (인베이더스쿨(주)),언론사
18052,인벤(INVEN) (주식회사 인벤),언론사
18053,인벤터스,언론사
18054,인본세상 (사단법인 인본사회연구소),언론사
18055,인빌뉴스레터 (사단법인 정보화마을중앙협의회),언론사
18056,인사동,언론사
18057,인사동을 사랑하는 사람들,언론사
18058,인사이더뉴스 (씨앤피미디어(주)),언론사
18059,인사이드 강원,언론사
18060,인사이드 제주,언론사
18061,인사이드 태권도,언론사
18062,인사이드K ((주)인사이트경영연구원 유피),언론사
18063,인사이드경북,언론사
18064,인사이드골프(INSIDE GOLF) ((주)골프미디어),언론사
18065,인사이드뉴스,언론사
18066,인사이드비나(InsideVina) ((주)인사이드비나),언론사
18067,인사이드인,언론사
18068,인사이드저널 (인스아이미디어(주)),언론사
18069,인사이드전남 (스키앤레저),언론사
18070,인사이드충청,언론사
18071,인사이드코리아 (익산청년 협동조합),언론사
18072,인사이드타임즈,언론사
18073,인사이드피플,언론사
18074,인사이드함평,언론사
18075,인사이트 ((주)인사이트컴퍼니),언론사
18076,인사이트 경북뉴스,언론사
18077,인사이트 디스커버리 프로젝트 (주식회사 티아이미디어),언론사
18078,인사이트 저널,언론사
18079,인사이트365 (미디어앤지식나눔사람에(주)),언론사
18080,인사이트N파워,언론사
18081,인사이트N파워(Insight Nuclear Power News),언론사
18082,인사이트뉴스,언론사
18083,인사이트맵 (주식회사 한자산아카데미),언론사
18084,인사이트미디어,언론사
18085,인사이트부여 (주식회사 문화객주),언론사
18086,인사이트서울,언론사
18087,인사이트에너지뉴스,언론사
18088,인사이트예천,언론사
18089,인사이트창업,언론사
18090,인사이트코어,언론사
18091,인사이팅(INSIGHTING) ((주)트렌드워치),언론사
18092,인사인사이드 (주식회사 센머니뉴스),언론사
18093,인사픽뷰,언론사
18094,인산의학저널 (주식회사 인산가),언론사
18095,인삼 한국의 가치,언론사
18096,인상(印象),언론사
18097,인생2막뉴스,언론사
18098,인생뉴스,언론사
18099,인생사계 ((주)휴먼리소스코리아),언론사
18100,인생필라,언론사
18101,인성가이드,언론사
18102,인성뉴스 ((주)피알엔),언론사
18103,인쇄계,언론사
18104,인쇄기술신문 (사단법인 대한인쇄정보기술협회),언론사
18105,인쇄마당 (인쇄마당 주식회사),언론사
18106,인쇄산업신문,언론사
18107,인쇄소식지 인천,언론사
18108,인쇄신문 ((사)대한인쇄문화협회),언론사
18109,인쇄정보신문,언론사
18110,인쇄출판산업신문,언론사
18111,인쇄하는 사람들,언론사
18112,인술의힘,언론사
18113,인슈어런스(insurance),언론사
18114,인스타일 웨딩 (에이치엘엘중앙(주)),언론사
18115,인스타일코리아 (에이치엘엘중앙(주)),언론사
18116,인스팩션뉴스(insFACTionNews) (리얼인터내셔널(주)),언론사
18117,인시티 미디어,언론사
18118,인싸잇 ((주)인싸잇),언론사
18119,인싸잇 경기 (주식회사 제이씨컴),언론사
18120,인씨엠뉴스,언론사
18121,인앤아웃 웰니스 매거진,언론사
18122,인어뉴스,언론사
18123,인어스뉴스 강동풍납점 (주식회사 인어스에이치앤엘),언론사
18124,인어스뉴스 굽은다리역점 ((주)인어스에이치앤엘),언론사
18125,인어스뉴스 남한산성입구역점 ((주)인어스에이치앤엘(남한산성입구역점)),언론사
18126,인어스뉴스 분당야탑점 (주식회사 인어스에이치앤엘),언론사
18127,인어스뉴스 분당점 (주식회사 인어스에이치앤엘),언론사
18128,인어스뉴스 송내점 (주식회사 인어스필라테스송내),언론사
18129,인어스뉴스 양재점 (주식회사 인어스에이치앤엘),언론사
18130,인인화락,언론사
18131,인재개발교육 ((주)배움인재개발원),언론사
18132,인재경영 (주식회사 위크루트),언론사
18133,인저리타임 (인저리타임(주)),언론사
18134,인정오름로24,언론사
18135,인제뉴스,언론사
18136,인제뉴스&스토리,언론사
18137,인제대소식,언론사
18138,인제대학교 백병원보,언론사
18139,인제대학교 해운대백병원 소식지 (학교법인 인제학원),언론사
18140,인제매일신문 (주식회사 인제매일신문),언론사
18141,인제신문,언론사
18142,인제신문 (인제신문사),언론사
18143,인제인터넷신문,언론사
18144,인제저널(Inje Journal) (사단법인 인제군원로회),언론사
18145,인제투데이,언론사
18146,인지개발 민속예술,언론사
18147,인천 & 인천인 (주식회사 글로벌인천미디어),언론사
18148,인천 in 푸드人,언론사
18149,인천 경성신문,언론사
18150,인천 공동주택 신문 (주식회사 공감원),언론사
18151,인천 교육 일보 (주식회사 인천교육일보),언론사
18152,인천 꼬시 외식문화뉴스,언론사
18153,인천 독서나무,언론사
18154,인천 방송 (주식회사 신한국물산),언론사
18155,인천 사이다뉴스 (주식회사 사이다커뮤니케이션),언론사
18156,인천 아파트 신문,언론사
18157,인천 예술문화복지신문,언론사
18158,인천 외식 문화뉴스,언론사
18159,인천 포커스,언론사
18160,인천 플러스,언론사
18161,인천 환경 저널,언론사
18162,인천2014아시안게임 (재단법인 이천십사인천아시아경기대회유치위원회),언론사
18163,인천TV (에이아이디지털콘텐츠협동조합),언론사
18164,인천in ((주)인사이트인천),언론사
18165,인천i문화인터넷신문,언론사
18166,인천강화신문 (주식회사 인천강화신문),언론사
18167,인천개인택시소식 (개인택시운송사업조합),언론사
18168,인천건설신문,언론사
18169,인천게릴라뉴스 (주식회사 정인미디어),언론사
18170,인천경제,언론사
18171,인천경제TV (인천경제 주식회사),언론사
18172,인천경제일보 (인천경제 주식회사),언론사
18173,인천공항뉴스 (주식회사 인천공항뉴스),언론사
18174,인천광역시의료원,언론사
18175,인천광역신문 (주식회사 신한국물산),언론사
18176,인천광장,언론사
18177,인천교사신문 (전국교직원노동조합),언론사
18178,인천교육신문,언론사
18179,인천교차로,언론사
18180,인천국제도시신문 (인천국제신문 주식회사),언론사
18181,인천굿뉴스 (주식회사 오성글로벌코리아),언론사
18182,인천기독교개혁신문,언론사
18183,인천기독교신문,언론사
18184,인천끌라시꼬외식문화뉴스,언론사
18185,인천남동뉴스 ((주)인천남동신문),언론사
18186,인천노인케어신문,언론사
18187,인천뉴스,언론사
18188,인천다문화일보,언론사
18189,인천다문화타임즈 (주식회사 우리들 평생교육원),언론사
18190,인천데일리,언론사
18191,인천로컬 매거진 스펙타클,언론사
18192,인천마당,언론사
18193,인천매거진,언론사
18194,인천매거진 (인천매거진 주식회사),언론사
18195,인천매거진 J,언론사
18196,인천매일,언론사
18197,인천매일신문 (주식회사 인천매일신문),언론사
18198,인천미디어뉴스,언론사
18199,인천미래신문,언론사
18200,인천밀알보 (사단법인 인천밀알),언론사
18201,인천방송(부설)인천광역일보 (주식회사 인천방송인천광역일보),언론사
18202,인천방송주식회사 (인천방송 주식회사),언론사
18203,인천복지21신문,언론사
18204,인천복지방송,언론사
18205,인천복지신문,언론사
18206,"인천부천뉴스 (주식회사 다산비즈(dasanbiz Co.,Ltd.))",언론사
18207,인천부평뉴스,언론사
18208,인천부평시민뉴스,언론사
18209,인천불교신문 (주식회사 인천불교신문),언론사
18210,인천브레이크뉴스 (주식회사 뉴스소리),언론사
18211,인천빅토아카데미교육 ((주)빅토아카데미교육),언론사
18212,인천사람뉴스,언론사
18213,인천사랑,언론사
18214,인천사회복지신문,언론사
18215,인천상아탑,언론사
18216,인천상인일보,언론사
18217,인천생협신문 (인천남북부 생활잡화 도소매업 사업협동조합),언론사
18218,인천서부신문,언론사
18219,인천세계타임즈 (주식회사 세계타임즈),언론사
18220,인천소상공인뉴스,언론사
18221,인천시개별화물운송사업협회보 (인천시개별화물운송사업협회),언론사
18222,인천시니어뉴스 (주식회사 시니어스인천),언론사
18223,인천시니어매거진,언론사
18224,인천시니어신문,언론사
18225,인천시민뉴스,언론사
18226,인천시사뉴스,언론사
18227,인천시정신문,언론사
18228,인천신문 (주식회사 인천신문사),언론사
18229,인천앤뉴스,언론사
18230,인천에어포트,언론사
18231,인천여성 (주식회사 인천여성),언론사
18232,인천연합뉴스,언론사
18233,인천요양뉴스,언론사
18234,인천을 여는 창,언론사
18235,인천의 소리,언론사
18236,인천의정 (사단법인 인천광역시의정회),언론사
18237,인천인터넷뉴스,언론사
18238,인천인터넷방송국 파도TV,언론사
18239,인천일보 (i-Times),언론사
18240,인천일보 (i-Times) (주식회사인천일보),언론사
18241,인천자치신문,언론사
18242,인천조은뉴스,언론사
18243,인천주안시민뉴스,언론사
18244,인천중부신문사 (주식회사 국제반려동물신문),언론사
18245,인천지역신문 ((주)인천지역신문사 대표),언론사
18246,인천참사랑직업뉴스,언론사
18247,인천창업신문 (주식회사 창업경영신문사),언론사
18248,인천타임스,언론사
18249,인천타임즈,언론사
18250,인천투데이 (주식회사 인천투데이),언론사
18251,인천평생교육인터넷방송 (유한회사 아미고),언론사
18252,인천포스트 (주식회사 인천투데이),언론사
18253,인천핫이슈,언론사
18254,인천해양뉴스,언론사
18255,인천헤럴드,언론사
18256,인큐베이터,언론사
18257,인터내셔날 저널 오브 유니피케이션 스터디스,언론사
18258,인터내셔널 호남향우 한마당,언론사
18259,인터내셔널라이프 뉴스 (아셀라송(주)),언론사
18260,인터내셔널포커스,언론사
18261,인터내셔널피아노(International Piano) ((주)마스트미디어),언론사
18262,인터냇 경북자치신문,언론사
18263,인터넷 강화뉴스 (강화언론문화협동조합),언론사
18264,인터넷 경기매일 (주식회사 경기매일신문),언론사
18265,인터넷 광명일보 (주식회사 광명저널),언론사
18266,인터넷 광명지역신문 (주식회사 광명지역신문),언론사
18267,인터넷 기독신보,언론사
18268,인터넷 남해신문 (남해신문(주)),언론사
18269,인터넷 농촌여성신문 (주식회사 농촌여성신문사),언론사
18270,인터넷 뉴스인팩트,언론사
18271,인터넷 더 데일리 그린(Internet The Dailygreen),언론사
18272,인터넷 더부천,언론사
18273,인터넷 동사무소,언론사
18274,인터넷 바둑신문 ((주)바둑신문),언론사
18275,인터넷 서경뉴스,언론사
18276,인터넷 수도권일보 ((주)수도권일보),언론사
18277,인터넷 시사뉴스 ((주)고려일보),언론사
18278,인터넷 시사문경 (주식회사 시사문경),언론사
18279,인터넷 안전보건신문 (주식회사 더세이폴),언론사
18280,인터넷 인권 뉴스,언론사
18281,인터넷 일간경기 (주식회사 일간경기),언론사
18282,인터넷 재외동포신문(dongponews) ((주)재외동포신문사),언론사
18283,인터넷 한국국정일보,언론사
18284,인터넷 환경신문,언론사
18285,인터넷報勳建國日報(보훈건국일보),언론사
18286,인터넷강원신문 (코리아강원 주식회사),언론사
18287,인터넷거제중앙신문 (거제중앙신문(주)),언론사
18288,인터넷건강신문,언론사
18289,인터넷경기복지신문,언론사
18290,인터넷경제,언론사
18291,인터넷고성미래신문 ((주)고성미래신문사),언론사
18292,인터넷괴산증평자치신문,언론사
18293,인터넷교육신문,언론사
18294,인터넷뉴스순천신문,언론사
18295,인터넷뉴스신문고,언론사
18296,인터넷독립신문,언론사
18297,인터넷문경시민뉴스 (주식회사 문경시민뉴스),언론사
18298,인터넷문경시민신문 (주식회사 한원),언론사
18299,인터넷문경신문 (주식회사 문경신문),언론사
18300,인터넷문화신문,언론사
18301,인터넷미용신문 ((주)초이스메디칼),언론사
18302,인터넷민속신문,언론사
18303,인터넷법률신문(THE LAWTIMES) (주식회사 법률신문사),언론사
18304,인터넷보건신문,언론사
18305,인터넷사하신문 ((주) 사하신문),언론사
18306,인터넷산업신문,언론사
18307,인터넷시민사회신문,언론사
18308,인터넷시민의소리 (주식회사 시민의소리),언론사
18309,인터넷시정방송,언론사
18310,인터넷신문 한신일보 ((주)한신일보),언론사
18311,인터넷신문단원소식,언론사
18312,인터넷신문학교뉴스,언론사
18313,인터넷신문협회보 ((사)한국인터넷신문협회),언론사
18314,인터넷여행신문,언론사
18315,인터넷영양신문 ((주)경북지역신문),언론사
18316,인터넷울진신문,언론사
18317,인터넷윤리,언론사
18318,인터넷은평시민신문 (은평시민신문협동조합),언론사
18319,인터넷음성자치신문 (주)음성자치신문),언론사
18320,인터넷재난신문,언론사
18321,인터넷전력경제 ((주)전력경제신문사),언론사
18322,인터넷정경신문,언론사
18323,인터넷조은뉴스,언론사
18324,인터넷주간문경,언론사
18325,인터넷중부포커스 (주식회사 중부포커스),언론사
18326,인터넷중소병원,언론사
18327,인터넷진천자치신문 (주)진천자치신문),언론사
18328,인터넷창녕신문 (주식회사 창녕신문),언론사
18329,인터넷청도신문,언론사
18330,인터넷코러스한미방송,언론사
18331,인터넷통영방송,언론사
18332,인터넷학교방송,언론사
18333,인터넷한국뉴스,언론사
18334,인터넷한북신문(주) (인터넷한북신문 주식회사),언론사
18335,인터넷함양신문,언론사
18336,인터넷핫뉴스,언론사
18337,인터넷환경매일신문,언론사
18338,인터넷환경법률신문,언론사
18339,인터뉴스,언론사
18340,인터랙티브 뉴스,언론사
18341,인터메디컬데일리(inter Medical Daily) (인터메디컬데일리(주)),언론사
18342,인터미션 (에이치제이컬쳐(주)),언론사
18343,인터미션21,언론사
18344,인터뷰(INTERVIEW) (주식회사 스크린엠엔비),언론사
18345,인터뷰365 ((주)인터뷰365),언론사
18346,인터뷰뉴스티비,언론사
18347,인터뷰엠,언론사
18348,인터뷰타임즈,언론사
18349,인터뷰플러스,언론사
18350,인터빌뉴스 ((주)중앙인터빌),언론사
18351,인터포커스(interfocus),언론사
18352,인터폴뉴스,언론사
18353,인터풋볼 ((주)인터풋볼),언론사
18354,인테리어,언론사
18355,인테리어 저널(Interior Journal) (한국인테리어산업협동조합),언론사
18356,인테리어경영 ((사)한국인테리어경영자협회),언론사
18357,인테리어신문,언론사
18358,인텔리전스연예스포츠언론사,언론사
18359,인텔리전스저널,언론사
18360,인투뉴스 ((주)트랜스파이나이트),언론사
18361,인투더럭셔리 ((주)인투더잡),언론사
18362,인투이에스지뉴스 (주식회사 별길),언론사
18363,인트라매거진 (사바나미디어 주식회사),언론사
18364,인트렌드뉴스(INTRENDNEWS),언론사
18365,인트로제주 ((주)인트로제주),언론사
18366,인패션 ((주)인패션미디어),언론사
18367,인팩트신문(IN FACT),언론사
18368,인포뉴스,언론사
18369,인포루프 ((주)넵플리즈),언론사
18370,인포매틱스뷰 (주식회사 메이븐크리에이티브),언론사
18371,인포맥,언론사
18372,인포스탁 (인포스탁 주식회사),언론사
18373,인포스탁데일리 (인포스탁데일리 주식회사),언론사
18374,인포커스 위클리,언론사
18375,인포커스 위클리(InFocus Weekly),언론사
18376,인포케어(INFOCARE) (주식회사 인포케어옥션),언론사
18377,인포플릭스,언론사
18378,인플루언서닷컴 ((주)미디어썰),언론사
18379,인플루언스뉴스 ((주)미디어잇다),언론사
18380,인플코리아뉴스,언론사
18381,인플피플 ((주)일간시사이프라임),언론사
18382,인피스페이퍼,언론사
18383,인하대병원 (학교법인 인하학원),언론사
18384,인향人香 ((주)대한뉴스),언론사
18385,인호신문,언론사
18386,일(ILS),언론사
18387,일간 경인 (주식회사 일간경인),언론사
18388,일간 보사,언론사
18389,일간 작은신문 (유한회사 작은신문),언론사
18390,일간 중소기업 (주식회사 일자리창출고용복지교육센타),언론사
18391,일간 충청시대 (주식회사 우분투),언론사
18392,일간 투데이에너지 ((주)투데이에너지),언론사
18393,일간 한국 ((주)수도권연합신문),언론사
18394,일간강원입찰,언론사
18395,일간건설,언론사
18396,일간검경,언론사
18397,일간경기 (주식회사 일간경기),언론사
18398,일간경기도민일보 (경기도민일보미디어 주식회사),언론사
18399,일간경남,언론사
18400,일간경북신문 ((주)일간경북신문),언론사
18401,일간경제 ((주)일간경제신문사),언론사
18402,일간경제신문,언론사
18403,일간경찰신문,언론사
18404,일간금융플러스,언론사
18405,일간뉴스 ((주)알짜),언론사
18406,일간닥터김시효,언론사
18407,일간대한뉴스,언론사
18408,일간매일신문 (호정기업 주식회사),언론사
18409,일간부동산경제신문,언론사
18410,일간서울일보 (시사통신주식회사),언론사
18411,일간스포츠 (이데일리엠(주)),언론사
18412,일간스포츠한국방송,언론사
18413,일간연예스포츠,언론사
18414,일간전국로컬신문 (주식회사 이프포레스트),언론사
18415,일간전북 (주식회사 아수),언론사
18416,일간제주,언론사
18417,일간충청,언론사
18418,일간투데이 ((주)일간투데이),언론사
18419,일간한반도,언론사
18420,일간환경 (주식회사 지브린),언론사
18421,일간환경연합,언론사
18422,일간환경타임즈 (주식회사 일간환경타임즈),언론사
18423,일간환경투데이 (주식회사 일간환경),언론사
18424,일과건강,언론사
18425,일다 ((유)미디어일다),언론사
18426,일드림타임즈,언론사
18427,일등방송,언론사
18428,일러스트,언론사
18429,일루션투데이,언론사
18430,일르(IL),언론사
18431,일멋(일하는멋),언론사
18432,일반경제신문(GeneralEconomyNews),언론사
18433,일배움뉴스,언론사
18434,일본관광신문 (주식회사 인터내셔날커뮤니케이션),언론사
18435,일본문화신문,언론사
18436,일본비평,언론사
18437,일본의약통신 ((주)동명북미디어),언론사
18438,일붕신문 (주식회사 일붕신문사),언론사
18439,일산 미디어,언론사
18440,일산문화신문,언론사
18441,일산파주 내일신문 ((주)내일엘엠씨),언론사
18442,일상 비일상의틈,언론사
18443,일송뉴스 ((재)국제농업개발원),언론사
18444,일신문학,언론사
18445,일연문학,언론사
18446,일요건설신문,언론사
18447,일요경제,언론사
18448,일요경제 ((주)일요경제신문사),언론사
18449,일요경제시사신문,언론사
18450,일요뉴스 ((주)한국일보사),언론사
18451,일요뉴스닷컴 (주식회사 오뜨미디어),언론사
18452,일요미디어신문,언론사
18453,일요서울 (주식회사 일요서울신문사),언론사
18454,일요시사,언론사
18455,일요신문 ((주)일요신문사),언론사
18456,일요신문i ((주)일요신문사),언론사
18457,일요일 日樂日,언론사
18458,일요저널 ((주)일요저널국민앵커에이아이미디어그룹),언론사
18459,일요저널 (뷰티저널내셔널앵커 주식회사),언론사
18460,일요저널미디어 (주식회사 일요저널),언론사
18461,일요주간 ((주)일요주간),언론사
18462,일요주간 (주식회사 일요주간미디어),언론사
18463,일용할 양식 (기독대한인회),언론사
18464,일자리경제신문 (일자리경제신문(주)),언론사
18465,일자리뉴스 뉴스잡,언론사
18466,일자리신문 ((주)케이와이씨지),언론사
18467,일자리투데이 (위키경제신문(주)),언론사
18468,일직소식지,언론사
18469,일촌뉴스,언론사
18470,일출,언론사
18471,일타신문,언론사
18472,일터,언론사
18473,일하는 멋,언론사
18474,읽으면 행복한 뉴스 ((주)에릭슨컨설팅),언론사
18475,임금·HR연구 ((사)한국경영자총협회),언론사
18476,임대신문,언론사
18477,임마누엘뉴스,언론사
18478,임베디드월드,언론사
18479,임볼든(IMBOLDN) (주식회사 케이나우(k-now)),언론사
18480,임상내과,언론사
18481,임상이비인후과,언론사
18482,임순남뉴스,언론사
18483,임순남타임즈 (주식회사 임순남타임즈),언론사
18484,"임신,출산&육아",언론사
18485,임업관측,언론사
18486,임업신문 (사단법인 산림환경포럼),언론사
18487,임팩트 (주식회사 쥬방스),언론사
18488,임팩트화보집 (주식회사 임팩트크루),언론사
18489,임폴티드 카 가이드북(IMPORTED CARS GUIDEBOOK),언론사
18490,입법국정전문지 더 리더(the Leader) ((주)머니투데이),언론사
18491,입법뉴스,언론사
18492,입법사법행정미디어 (입법사법행정미디어 주식회사),언론사
18493,입법신문 (한국입법신문 주식회사),언론사
18494,입법정책뉴스,언론사
18495,입소문tv,언론사
18496,입시저널,언론사
18497,입안에행복 ((주)삼일메니지먼트),언론사
18498,"입주신문 (주식회사 스테일(Stayle Co.,Ltd.))",언론사
18499,입학인NEWS,언론사
18500,잇 파우치 차이나(it pouch CHINA) ((주)지엠크리에이티브),언론사
18501,잇 파우치(it pouch),언론사
18502,잇:텔,언론사
18503,잇다 매거진(ITTA MAGAZINE) (주식회사 월드포레스트),언론사
18504,잇다뉴스 (주식회사 프로젝트잇다),언론사
18505,잇북(it book),언론사
18506,잇지제주,언론사
18507,잇츠데일리,언론사
18508,잇템바희망뉴스,언론사
18509,잇포커스,언론사
18510,잉,언론사
18511,잉글리시 라이프 ((주)지앤비영어전문교육),언론사
18512,잉크뉴스,언론사
18513,잉크자국,언론사
18514,자격저널,언론사
18515,자격증뉴스,언론사
18516,자금과 경영 (웹케시(주)),언론사
18517,자금관리연구보고서 (웹케시(주)),언론사
18518,자기계발,언론사
18519,자다(JADA) ((주)메디센터),언론사
18520,자동인식ㆍ비전 ((주)첨단),언론사
18521,자동제어계측,언론사
18522,자동차 뉴스위크,언론사
18523,자동차문화,언론사
18524,자동차산업신문,언론사
18525,자동차생활 ((주)자동차생활),언론사
18526,자동차소비자뉴스 (자동차소비자협동조합),언론사
18527,자동차신문,언론사
18528,자동차신문 (케이에이에이미디어(주)),언론사
18529,자동차와부품산업,언론사
18530,자동차정비 (인천광역시자동차전문정비사업조합),언론사
18531,자등명,언론사
18532,자람에듀,언론사
18533,자랑스런 한국인 (주식회사 데일리미디어),언론사
18534,자랑스런한국인가이드,언론사
18535,자랑스런한국인저널,언론사
18536,자베스뉴스 ((주)자베스잡월드),언론사
18537,자본시장뉴스,언론사
18538,자비복지 승가원 ((사)승가원),언론사
18539,자비원,언론사
18540,자소담소,언론사
18541,자양한의원,언론사
18542,자연건강인 ((주)건강미디어),언론사
18543,자연건설신문사,언론사
18544,자연과 농업,언론사
18545,자연과 인간,언론사
18546,자연과사냥,언론사
18547,자연농업 기술정보지,언론사
18548,자연미,언론사
18549,자연보호(계간),언론사
18550,자연사랑,언론사
18551,자연사랑 인간사랑,언론사
18552,자연요법 매거진,언론사
18553,자연을 담는 큰 그릇,언론사
18554,자연의학저널,언론사
18555,자연이 가득한 집,언론사
18556,자연인,언론사
18557,자연체험학습장 (농업회사법인자연체험학습장 주식회사),언론사
18558,자연치유신문 (주식회사 자연치유신문사),언론사
18559,자연치유일보,언론사
18560,자연풍,언론사
18561,자영업살림신문,언론사
18562,자영업연합통신,언론사
18563,자원봉사신문 (사단법인 한국자원봉사연합회),언론사
18564,자원월드,언론사
18565,자유 (사단법인 성우안보전략연구원),언론사
18566,자유 그리고 대한민국,언론사
18567,자유대한신문 (사단법인 대한민국건국기념사업회),언론사
18568,자유로(부여),언론사
18569,자유로신문 (주식회사 케이엠디개발),언론사
18570,자유문예,언론사
18571,자유문학,언론사
18572,자유방송,언론사
18573,자유여행신문,언론사
18574,자유연합신문,언론사
18575,자유일보 (주식회사 자유일보),언론사
18576,자유한국 ((주)자유한국신문사),언론사
18577,자음과모음 ((주)자음과모음),언론사
18578,자이로토닉 인스파인 부산,언론사
18579,자이로토닉 채움뉴스,언론사
18580,자이로토닉리하 매거진,언론사
18581,자전거신문,언론사
18582,자전거와사람들 (주식회사 자전거와사람들),언론사
18583,자전거저널,언론사
18584,자조금 (사단법인 한국자조금연구원),언론사
18585,자주국방네트워크 ((사)자주국방네트워크),언론사
18586,자주시보,언론사
18587,자치경영 ((주)한국자치경영연구소),언론사
18588,자치경찰신문 ((주)자치경찰신문),언론사
18589,자치광장 (사단법인 전북의정연구소),언론사
18590,자치뉴스,언론사
18591,자치발전,언론사
18592,자치법률신문,언론사
18593,자치분권TV ((주)자치분권티비),언론사
18594,자치분권뉴스 (유한회사 자치분권뉴스),언론사
18595,자치분권뉴스위크 (주식회사 이웍스미디어),언론사
18596,자치분권방송 (유한회사 자치분권방송),언론사
18597,자치삼개신문,언론사
18598,자치시대 ((주)시대일보사),언론사
18599,자치신문 ((주)시흥자치그린),언론사
18600,자치안성신문 (주식회사 미디어안성),언론사
18601,자치연구,언론사
18602,자치연합뉴스,언론사
18603,자치의정,언론사
18604,자치의정브리핑,언론사
18605,자치저널,언론사
18606,자치행정,언론사
18607,자치행정뉴스,언론사
18608,자치행정신문사,언론사
18609,자카이브,언론사
18610,자투리경제 (주식회사 자투리),언론사
18611,작가 포럼,언론사
18612,작가교수세계,언론사
18613,작가들 (사단법인 한국작가회의),언론사
18614,작가사랑,언론사
18615,작가세계,언론사
18616,작가시선,언론사
18617,작가와 사회 ((사)한국작가회의 부산지회),언론사
18618,작가와 함께,언론사
18619,작당연구소 ((주)작당연구소),언론사
18620,"작은 눈, 큰 세상 어린이신문",언론사
18621,작은 도서관 뉴스 (뉴스코리아 주식회사),언론사
18622,작은것이아름답다,언론사
18623,작은뉴스,언론사
18624,작은무대,언론사
18625,작은문학,언론사
18626,작은별 (주식회사 로렌츠산본),언론사
18627,작은숲,언론사
18628,작은신문,언론사
18629,작은책 ((주)도서출판 작은책),언론사
18630,작은행복,언론사
18631,잠사 ((사)대한잠사회 대표),언론사
18632,잠수 ((사)한국잠수협회),언론사
18633,잠실라이프뉴스비전,언론사
18634,잠오뉴스 We & We,언론사
18635,잡 매거진,언론사
18636,잡(job)생각플러스 (동양미디어판매 주식회사),언론사
18637,잡뉴스,언론사
18638,잡뉴스메이커 ((주)잡뉴스솔로몬서치),언론사
18639,잡담회 ((주)마이온컴퍼니),언론사
18640,잡데일리(JobDaily) (주식회사 데이터미디어),언론사
18641,잡서치뉴스 (사단법인 한국직업지도진흥원),언론사
18642,잡앤타임즈,언론사
18643,잡에듀타임즈(Jobedu Times) ((주)세이브코퍼레이션),언론사
18644,잡으리,언론사
18645,잡지식,언론사
18646,잡포스트(JOBPOST) ((주) 로임미디어),언론사
18647,장강뉴스 (주식회사 장강신문),언론사
18648,장강신문,언론사
18649,장건타임즈 (주식회사 장사는건물주다),언론사
18650,장곡타임즈,언론사
18651,장독대뉴스 (에그피알 주식회사),언론사
18652,장례뉴스 (장례뉴스(주)),언론사
18653,장례업신문 ((주)한상그룹),언론사
18654,장로교연합신문 ((주)엔씨씨라이프방송),언론사
18655,장로교저널,언론사
18656,장로문학,언론사
18657,장로신문,언론사
18658,장로신문 ((주)장로신문사),언론사
18659,장병취업신문,언론사
18660,장성공감뉴스,언론사
18661,장성뉴스,언론사
18662,장성닷컴,언론사
18663,장성시민연대 (장성시민연대),언론사
18664,장성신문,언론사
18665,장성인뉴스,언론사
18666,장성투데이 ((주)장성투데이),언론사
18667,장소시학,언론사
18668,장수신문 ((주)무진장신문),언론사
18669,장수황씨대종회소식,언론사
18670,장식신문 ((주)젠트로텍),언론사
18671,장애와 고용 (한국장애인고용공단),언론사
18672,장애인 ESG 뉴스 (사단법인 한국장애인정보화협회),언론사
18673,장애인 사랑 신문,언론사
18674,장애인 연예·스포츠신문,언론사
18675,장애인과일터 (한국장애인고용공단),언론사
18676,장애인권익신문,언론사
18677,장애인기업신문,언론사
18678,장애인뉴스 (자랑스러운한국장애인상위원회),언론사
18679,장애인리뷰,언론사
18680,장애인문화복지신문,언론사
18681,장애인문화신문 ((주)장애인문화신문),언론사
18682,장애인법률신문,언론사
18683,장애인복지신문,언론사
18684,장애인복지신문오늘뉴스,언론사
18685,장애인복지연합신문,언론사
18686,장애인생활신문,언론사
18687,장애인신문,언론사
18688,장애인연합신문,언론사
18689,장애인인권저널 VOICE (사단법인 한국장애인연맹),언론사
18690,장애인인식개선신문,언론사
18691,장애인일자리신문 ((주)더블유이하다),언론사
18692,장애인저널 (사단법인 한국장애인교통문화협회),언론사
18693,장애인정보신문,언론사
18694,장애인정책리포트 '한국장총' ((사)한국장애인단체총연맹),언론사
18695,장애인총연합회신문,언론사
18696,장업신문,언론사
18697,장업신문 ((주)장업신문),언론사
18698,장영호신문(張永好新聞),언론사
18699,장욱진 그림마을 (재단법인 장욱진미술문화재단),언론사
18700,장원급제,언론사
18701,장유넷 (주식회사 장유넷),언론사
18702,장유뉴스,언론사
18703,장유신문,언론사
18704,장유하늘평생교육신문,언론사
18705,장전뉴스 ((주)김유진아카데미),언론사
18706,장준하사상계 (주식회사 장준하사상계),언론사
18707,장흥 투데이 ((주)장흥투데이),언론사
18708,장흥마을신문 마실가자,언론사
18709,장흥문학,언론사
18710,장흥타임스,언론사
18711,재개발·재건축 매거진,언론사
18712,재개발뉴스,언론사
18713,재경 벌교향우회보,언론사
18714,재경강원도민신문,언론사
18715,재경광양뉴스,언론사
18716,재경대상(大邱商高)회보,언론사
18717,재경일보 (한국재경신문(주)),언론사
18718,재경일보 Online (주식회사 인애),언론사
18719,재계 인사이트(Business Insight) (주식회사 에프케이아이미디어),언론사
18720,재난복지신문,언론사
18721,재난안전매거진 (주식회사 재난안전응급처치교육센터),언론사
18722,재난안전신문사,언론사
18723,재림신문 (주식회사 재림미디어),언론사
18724,재무제표를 읽는 사람들 (디알씨알 주식회사),언론사
18725,재미미디어,언론사
18726,재벌닷컴,언론사
18727,재안뉴스 (주식회사 뉴스비전),언론사
18728,재외국민교육정보 ((주)에이씨에스에이코리아),언론사
18729,재외동포 저널,언론사
18730,재외동포뉴스,언론사
18731,재외동포신문 ((주)재외동포신문사),언론사
18732,재정,언론사
18733,재정국세신문,언론사
18734,재정포럼 (한국조세재정연구원),언론사
18735,재즈피플(JAZZ PEOPLE) (주식회사 재즈피플),언론사
18736,재테크뉴스,언론사
18737,재팬올(japanoll),언론사
18738,재팬코리아데일리 (주식회사 벡터컴),언론사
18739,재하미디어,언론사
18740,재한동포신문,언론사
18741,재한외국인방송,언론사
18742,재헌뉴스,언론사
18743,재활뉴스 (재활뉴스 주식회사),언론사
18744,재활신문 ((주)씨맥스),언론사
18745,재활용 소식,언론사
18746,저널 地間 ((사)도시건축문화유산연구소 지간),언론사
18747,저널 국회방송,언론사
18748,저널 소설가,언론사
18749,저널 인쇄문화 (서울특별시인쇄정보산업협동조합),언론사
18750,저널(journal) 늘푸른나무,언론사
18751,저널25방송,언론사
18752,저널KIM (주식회사 저널킴),언론사
18753,저널in미디어 ((주) 저널인미디어),언론사
18754,저널공감,언론사
18755,저널넘버원 (주식회사 컬컴분당),언론사
18756,저널라이프,언론사
18757,저널리스트,언론사
18758,저널문학가 동행,언론사
18759,저널비,언론사
18760,저널서울,언론사
18761,저널오브이스트아시안스터디즈(JEAS),언론사
18762,저널위크리시사,언론사
18763,저널인뉴스,언론사
18764,저널큐,언론사
18765,저스트고(Just Go) (주식회사 시공사),언론사
18766,저스트그린,언론사
18767,저스트매거진,언론사
18768,저스트엔(JustN) (주식회사 저스트엔),언론사
18769,저스트이코노믹스(Just Economix) (주식회사 제이씨앤엠),언론사
18770,저스트저널,언론사
18771,저스티스(JUSTICE) (사단법인 북한민주화운동본부),언론사
18772,저작권문화 (한국저작권위원회),언론사
18773,저지레씨의 오늘,언론사
18774,저출산고령사회일보 (주식회사 제이씨나누리그룹),언론사
18775,저출산고령사회저널 (주식회사 제이씨나누리그룹),언론사
18776,저탄소 산업개발,언론사
18777,적선건강원 무공해식품지,언론사
18778,전광매일신문 (호정기업 주식회사),언론사
18779,전광일보 (주식회사 전광일보),언론사
18780,전광투데이 (주식회사 전광미디어),언론사
18781,전국 내외일보 ((주)내외엔이더블유에스),언론사
18782,전국 시민의소리 (주식회사 구리남양주시민의소리),언론사
18783,전국검경신문,언론사
18784,전국경제,언론사
18785,전국경찰뉴스,언론사
18786,전국고교동창회뉴스,언론사
18787,전국공공산업노동조합연맹 함께사는세상 (전국공공산업노동조합연맹),언론사
18788,전국공무원신문 (주식회사 전국공무원신문),언론사
18789,전국교육신문(원주),언론사
18790,전국구직노조신문,언론사
18791,전국국민연합신문 ((주)베이비드림),언론사
18792,전국굿당총연합회,언론사
18793,전국기계연합,언론사
18794,전국뉴스 (주식회사 전국),언론사
18795,전국대리운전신문,언론사
18796,전국도민뉴스 (주식회사 전국도민뉴스),언론사
18797,전국도민일보 (도민일보 주식회사),언론사
18798,전국도시철도교통뉴스 (도시철도협동조합),언론사
18799,전국도시형소공인연합뉴스,언론사
18800,전국로컬신문,언론사
18801,전국매일신문 (주식회사 전국매일신문),언론사
18802,전국명품명인검정고시신문,언론사
18803,전국무예메거진,언론사
18804,전국무예저널천안,언론사
18805,전국문학신문,언론사
18806,전국문화예술신문,언론사
18807,전국미래신문,언론사
18808,전국미아. 실종자찾기운동본부,언론사
18809,전국민안전 인터넷신문사,언론사
18810,전국민정경찰신문(골목상권뉴스),언론사
18811,전국산업환경일보,언론사
18812,전국소비자신문 (주식회사 아이에스이에이그룹),언론사
18813,전국시도기자협회보,언론사
18814,전국시도의회신문,언론사
18815,전국시민일보,언론사
18816,전국시사매일 (주식회사 시사일보미디어),언론사
18817,전국아파트신문,언론사
18818,전국아파트연합신문 (주식회사 케이커머스),언론사
18819,전국안전신문,언론사
18820,전국여행다님길뉴스,언론사
18821,전국연합뉴스(인터넷종합일간지),언론사
18822,전국연합방송 (주식회사 아이뉴스),언론사
18823,전국연합신문,언론사
18824,전국열린신문,언론사
18825,전국오늘신문,언론사
18826,전국유림뉴스,언론사
18827,전국인력신문 ((주)인력지원),언론사
18828,전국인터넷신문,언론사
18829,전국일보,언론사
18830,전국종합대한경찰신문,언론사
18831,전국중앙방송 (주식회사 전국중앙방송),언론사
18832,전국지방자치뉴스,언론사
18833,전국지자체뉴스,언론사
18834,전국클라이밍TV,언론사
18835,전국타임즈,언론사
18836,전국통합뉴스 (주식회사 전국연합뉴스),언론사
18837,전국투데이,언론사
18838,전국학교운영위원연합신문,언론사
18839,전국향우TV (전국향우티브이 주식회사),언론사
18840,전국향우신문 (신동아일보(주)),언론사
18841,전국협동조합신문,언론사
18842,전국협동조합연합신문 (주식회사 에프씨넷플러스),언론사
18843,전국환경신문 ((사)한국환경보호전국감시연합회),언론사
18844,전기.정보통신 적산정보,언론사
18845,전기ㆍ에너지기술 ((주)첨단),언론사
18846,전기공업신문 (전기공업신문(주)),언론사
18847,전기기술인 (한국전기기술인협회),언론사
18848,전기박사신문 ((주)전기박사드림),언론사
18849,전기산업신문,언론사
18850,전기설비 (한국전기공사협회),언론사
18851,전기신문 (株式會社 韓國電氣新聞社),언론사
18852,전기에너지뉴스 (주식회사 전기뉴스),언론사
18853,전기의세계 ((사)대한전기학회),언론사
18854,전기차와 수소차,언론사
18855,전기총신문,언론사
18856,전남24뉴스,언론사
18857,전남in뉴스 (주식회사 전남인뉴스),언론사
18858,전남구례신문 (주식회사 구례미디어),언론사
18859,전남기독신문,언론사
18860,전남넷,언론사
18861,전남농업혁신뉴스,언론사
18862,전남뉴스,언론사
18863,전남뉴스라인,언론사
18864,전남뉴스온,언론사
18865,전남뉴스피플(JNP),언론사
18866,전남다문화 미디어 제이누리,언론사
18867,전남다문화신문,언론사
18868,전남데일리,언론사
18869,전남도민신문 (주식회사 전남도민신문),언론사
18870,전남도민일보 (전남도민일보사 주식회사),언론사
18871,전남동부신문 (주식회사 전남동부신문),언론사
18872,전남동부인터넷신문,언론사
18873,전남로컬미디어,언론사
18874,전남마을신문 (유한회사 전남마을신문),언론사
18875,전남매거진 (주식회사 피플미디어),언론사
18876,전남매일(全南每日) (주식회사 덕천),언론사
18877,전남목포신문,언론사
18878,전남미디어,언론사
18879,전남방송,언론사
18880,전남보도,언론사
18881,전남복지저널,언론사
18882,전남사랑케이팝 (주식회사 지구시장한국학교),언론사
18883,전남산모에듀일보 (㈜전남산모케어센터),언론사
18884,전남세계타임즈 (주식회사 세계타임즈),언론사
18885,전남소상공인연합뉴스,언론사
18886,전남신문 (주식회사 전남신문사),언론사
18887,전남연합뉴스 (주식회사 담양매일신문전남연합뉴스),언론사
18888,전남연합방송,언론사
18889,전남우리투데이,언론사
18890,전남의회신문,언론사
18891,전남인사이드,언론사
18892,전남인터넷뉴스,언론사
18893,전남인터넷신문,언론사
18894,전남일보 ((주)전남일보),언론사
18895,전남자치일보 (유한회사 전남미디어),언론사
18896,전남장애인교육복지신문,언론사
18897,전남저널,언론사
18898,전남정책연구 (재단법인 전남연구원),언론사
18899,전남정책홍보신문,언론사
18900,전남제일신문 (유한회사 제일미디어),언론사
18901,전남조은뉴스,언론사
18902,전남중앙신문 (전남중앙신문협동조합),언론사
18903,전남지방자치신문,언론사
18904,전남창업신문 (주식회사 창업경영신문사),언론사
18905,전남타임스 (주식회사 영산강시대),언론사
18906,전남통 (유한회사 전남통),언론사
18907,전남투데이,언론사
18908,전남투데이 (유한회사 전남투데이),언론사
18909,전남포커스,언론사
18910,전남환경신문,언론사
18911,전남희망신문,언론사
18912,전남희망신문 ((주)희망21신문),언론사
18913,전도사닷컴 (주식회사 리틀송뮤직),언론사
18914,전라ESG저널,언론사
18915,전라교육신문,언론사
18916,전라닷컴 ((주)전라닷컴),언론사
18917,전라데일리,언론사
18918,전라도 人 (광남일보 주식회사),언론사
18919,전라도뉴스,언론사
18920,전라도닷컴 ((주)전라도닷컴),언론사
18921,전라도일보,언론사
18922,전라매일 (주식회사 전라매일신문),언론사
18923,전라일보,언론사
18924,전라타임즈 (유한회사 전라타임즈),언론사
18925,전략연구,언론사
18926,전력경제,언론사
18927,전력산업신문,언론사
18928,전력신문 (주식회사 한국전력신문사),언론사
18929,전망대365상가정보,언론사
18930,전문건설신문,언론사
18931,전문건설신문인터넷 ((주)애플미디어그룹),언론사
18932,전문업체,언론사
18933,전민일보,언론사
18934,전방개척선교저널,언론사
18935,전법,언론사
18936,전북e뉴스,언론사
18937,전북i문화인터넷신문,언론사
18938,전북경제 (주식회사 전북경제신문),언론사
18939,전북교육,언론사
18940,전북교육방송,언론사
18941,전북교육신문 (전북미디어언론협동조합),언론사
18942,전북금강일보 (주식회사 전북금강일보),언론사
18943,전북기독신문,언론사
18944,전북기독타임스,언론사
18945,전북농업테크뉴스,언론사
18946,전북뉴스 (주식회사 전북뉴스인터넷신문),언론사
18947,전북뉴스플러스,언론사
18948,전북다문화신문 (사단법인 다문화사회 문예진흥원),언론사
18949,전북대 동창회보,언론사
18950,전북댓글신문 (다이렉트비즈니스 유한회사),언론사
18951,전북더푸른뉴스,언론사
18952,전북더푸른뉴스 (전북더푸른뉴스),언론사
18953,전북도민일보,언론사
18954,전북도민일보 (주식회사 전북도민일보),언론사
18955,전북땡큐뉴스,언론사
18956,전북리얼자치도신문,언론사
18957,전북마당,언론사
18958,전북매일신문 ((주)일간전북),언론사
18959,전북문단,언론사
18960,전북문화살롱,언론사
18961,전북미래교육신문,언론사
18962,전북발전,언론사
18963,전북복지신문,언론사
18964,전북세계타임즈 (주식회사 세계타임즈),언론사
18965,전북소기업소상공인신문,언론사
18966,전북소비자저널,언론사
18967,전북시사저널,언론사
18968,전북신문 ((주) 전북신문사),언론사
18969,전북신문고,언론사
18970,전북엔비전,언론사
18971,전북연합신문 (주식회사 전북연합),언론사
18972,전북오늘신문 (전북오늘신문 주식회사),언론사
18973,전북의 맛 한마당 ((유)전북음식문화관광진흥원신문),언론사
18974,전북의소리,언론사
18975,전북인 (사단법인 전북특별자치도민회중앙회),언론사
18976,전북인신문,언론사
18977,전북일보,언론사
18978,전북일보인터넷신문 (주식회사 전북일보사),언론사
18979,전북일자리방송,언론사
18980,전북자율방범신문,언론사
18981,전북장애인뉴스 (사단법인 장애인인권연대),언론사
18982,전북저널,언론사
18983,전북정경뉴스,언론사
18984,전북정경일보 (주식회사 노동일보),언론사
18985,전북제일신문 (주식회사 전북제일신문),언론사
18986,전북주간현대 (주식회사 전북주간현대),언론사
18987,전북중앙 ((주)전북중앙신문),언론사
18988,전북중앙신문 ((주)전북중앙신문),언론사
18989,전북창업신문 (주식회사 창업경영신문사),언론사
18990,전북청소년TV:뉴스,언론사
18991,전북크리스천신문,언론사
18992,전북타임스 (주식회사 전북타임스신문),언론사
18993,전북투데이 (유한회사 전북투데이),언론사
18994,전북특별자치도신문,언론사
18995,전북평생교육인터넷신문,언론사
18996,전북포커스,언론사
18997,전북프레스,언론사
18998,전북한국택시신문 (유한회사 엠에이치커뮤니케이션),언론사
18999,전설기자재가격정보,언론사
19000,전시,언론사
19001,전시저널 (사단법인 한국전시산업진흥회),언론사
19002,전업농신문 (주식회사 전업농신문사),언론사
19003,전우뉴스,언론사
19004,전우문학,언론사
19005,전우봉사신문 (주식회사 국제라이온스봉사신문사),언론사
19006,전원생활,언론사
19007,전원속의 내집,언론사
19008,전원일기,언론사
19009,전원주택 미디어,언론사
19010,전원주택라이프,언론사
19011,전인교육신문 ((주)전인교육),언론사
19012,전자결제신문,언론사
19013,전자공업 (한국전자공업협동조합),언론사
19014,전자기술 ((주)첨단),언론사
19015,전자문학신문,언론사
19016,전자부품동향브리프 (주식회사 디일렉),언론사
19017,전자상거래 쇼핑신문,언론사
19018,전자상거래 온라인쇼핑,언론사
19019,전자신문 ((주)전자신문사),언론사
19020,전자신문사 ((주)전자신문사),언론사
19021,전자신문인터넷 ((주)전자신문인터넷),언론사
19022,전자정보신문 (동부동아디지탈주식회사),언론사
19023,전자통신동향분석,언론사
19024,전자통신신문,언론사
19025,전쟁문학,언론사
19026,전주매일 (주식회사 일간전주),언론사
19027,전주미디어 (주식회사 컬컴전주점),언론사
19028,전주병원 STORY (의료법인 영경의료재단),언론사
19029,전주산업신문,언론사
19030,전주순복음신문,언론사
19031,전주시민신문 (주식회사 전주미디어),언론사
19032,전주아인뉴스,언론사
19033,전주일보 (주식회사 전주신문),언론사
19034,전주테니스매거진,언론사
19035,전철협미디어,언론사
19036,전통과현대,언론사
19037,전통문화신문,언론사
19038,전통문화예술뉴스 금린재,언론사
19039,전통문화체육신문,언론사
19040,전통시장경제,언론사
19041,전통시장신문,언론사
19042,전통예술21 (사단법인 국악연구소),언론사
19043,전통예술신문,언론사
19044,전통예절문화,언론사
19045,전통의학,언론사
19046,전통의학신문,언론사
19047,전통인술,언론사
19048,전통장발효연구원뉴스,언론사
19049,전파신문(The Radio News) ((사)한국ICT이용자보호원(주사무소)),언론사
19050,전한길뉴스,언론사
19051,전환의 시대 (주식회사 전환의시대),언론사
19052,절단&용접저널,언론사
19053,절단과 판금,언론사
19054,젊은시사매거진 'WHY',언론사
19055,젊은신문 매일한국,언론사
19056,젊음을 깨우다 (뉴스웍스(주)),언론사
19057,점자새빛 (사회복지법인 새빛복지재단),언론사
19058,점프볼(JumpBall) (주식회사 제이앤제이미디어),언론사
19059,정가일보,언론사
19060,정각법보신문 (재단법인 대한불교 정각회),언론사
19061,정경 저널,언론사
19062,정경FOCUS,언론사
19063,정경뉴스,언론사
19064,정경매일신문,언론사
19065,정경문화,언론사
19066,정경시사FOCUS,언론사
19067,정경일보,언론사
19068,정경투데이 (벤처마이스(주)),언론사
19069,정관타임스Live,언론사
19070,정구,언론사
19071,정기간행물조합회보 (한국정기간행물협동조합),언론사
19072,정다운뉴스,언론사
19073,정다운소식,언론사
19074,정다운아이들세상 (주식회사 로렌츠광명),언론사
19075,정다운우리동네,언론사
19076,정담 문흥 뉴스,언론사
19077,정담문화신문,언론사
19078,정도일보,언론사
19079,정론신문,언론사
19080,정론을 지향하는 따뜻한 신문 화순저널,언론사
19081,정론타임즈,언론사
19082,정릉야책,언론사
19083,정미디어,언론사
19084,정보마당 ((주)로렌츠울주),언론사
19085,정보마을,언론사
19086,정보매거진청사초롱,언론사
19087,정보미디어남촌문화산책,언론사
19088,정보신문,언론사
19089,정보통신기술,언론사
19090,정보통신신문 ((주)한국정보통신신문사),언론사
19091,정보화정책,언론사
19092,정상경제TV ((주)에이치애드),언론사
19093,정석항공과학고 동문회보,언론사
19094,정선신문 (주식회사 정선신문사),언론사
19095,정성이있는교육 (주식회사 로렌츠경산),언론사
19096,정세와노동,언론사
19097,정신건강신문,언론사
19098,정신과 표현,언론사
19099,정신문화신문,언론사
19100,정신의학신문 (주식회사 정신건강연구소),언론사
19101,정신의학연구(Psychiatric Investigation),언론사
19102,정안 (정안피앤에프 주식회사),언론사
19103,정안뉴스,언론사
19104,정오신문 ((주)정오신문),언론사
19105,정원 반석 뉴스,언론사
19106,정원내곡뉴스,언론사
19107,정원문화신문 (가드닝 주식회사),언론사
19108,정원반곡뉴스,언론사
19109,정원포커스,언론사
19110,정읍시니어신문 (시니어신문네트워크),언론사
19111,정읍시사 ((유)정읍시사),언론사
19112,정읍신문 (주식회사 정읍신문),언론사
19113,정읍타임스,언론사
19114,정읍투데이 (주식회사 정읍투데이),언론사
19115,정재훈 교육저널,언론사
19116,정직한뉴스,언론사
19117,정직한신문,언론사
19118,정착인신문,언론사
19119,정책뉴스24,언론사
19120,정책온에어,언론사
19121,정책투데이 ((주)미디어시대),언론사
19122,정치경제저널 (정치경제연구소협동조합),언론사
19123,정치닷컴,언론사
19124,정치데이트,언론사
19125,정치데이트 (주식회사 타임즈),언론사
19126,정치리더스,언론사
19127,정치비평,언론사
19128,정치신문,언론사
19129,정치신보,언론사
19130,정치와 사람 ((주)대구광역일보),언론사
19131,정치와 종교,언론사
19132,정치일보,언론사
19133,정치저널24,언론사
19134,정치평론,언론사
19135,정치포커스 (주식회사 검경투데이),언론사
19136,정토마을 ((재)정토사관자재회),언론사
19137,정통개혁신문,언론사
19138,정형시학 (사단법인 열린시조학회),언론사
19139,"제1호 매거진 쓸 (주식회사 제로마켓 (ZERO MARKET Co.,Ltd.))",언론사
19140,제1호 웰니스의 과학 내러티브웨이(NW Science of Wellness) (㈜프리즘셀컴퍼니),언론사
19141,제3의길,언론사
19142,제3의문학,언론사
19143,제너럴네이처소식,언론사
19144,제너럴타임즈 매거진 General Times Magazine 종합문예유성,언론사
19145,제너럴타임즈 종합문예유성 General Times,언론사
19146,제너럴포스트,언론사
19147,제너럴프레스(General press),언론사
19148,제노담소,언론사
19149,제노브랩스 (주식회사 블라블라팩토리),언론사
19150,제니뉴스,언론사
19151,제니스글로벌뉴스 ((주)제니스글로벌뉴스),언론사
19152,제니스글로컬뉴스 (주식회사 제니스글로컬아카데미),언론사
19153,제로(Zero) ((주)디엔엔),언론사
19154,제로웨이스트증평 (주식회사 제로웨이스트증평),언론사
19155,제로제로,언론사
19156,제로투원미디어 (주식회사 제로투원파트너스),언론사
19157,제로핏 스튜디오,언론사
19158,제물포신문 (주식회사 정인미디어),언론사
19159,제민일보,언론사
19160,제보팀장 (주식회사 더에이아이미디어),언론사
19161,제빵일보,언론사
19162,제약신문,언론사
19163,제이 알 에스,언론사
19164,제이 통신 미디어 (주식회사 네오아이즈),언론사
19165,제이누리 (제이앤앤 주식회사),언론사
19166,제이리더스뉴스,언론사
19167,"제이미파커스 (주식회사 제이미파커스(JAMIE PARKERS CO.,LTD.))",언론사
19168,제이식스뉴스,언론사
19169,제이앤에스 바디온,언론사
19170,제이앤엠뉴스 (주식회사 제이앤엠엔터테인먼트),언론사
19171,제이앤제이뉴스 (주식회사 네오아이즈),언론사
19172,제이에스매거진,언론사
19173,제이에스에이뉴스서비스 ((주) 예체능저널),언론사
19174,제이에이치닷컴 (주식회사 제이에이치닷컴),언론사
19175,제이엠비뉴스,언론사
19176,제이엠지 피지오랩,언론사
19177,제이와이웰니스 매거진 ((주) 제이와이스포츠컴퍼니),언론사
19178,제이일보,언론사
19179,제이죤,언론사
19180,제이칸뉴스 ((주)제이칸),언론사
19181,제이컬러뉴스,언론사
19182,제이타임즈,언론사
19183,제이포커스24 (주식회사 에이스플래닛),언론사
19184,제이피 뉴스 (주식회사 올제팬),언론사
19185,제이핏스토리 (제이핏 주식회사),언론사
19186,제이핏포스트,언론사
19187,제이핏필라테스타임즈(문래점),언론사
19188,제일,언론사
19189,제일 경마,언론사
19190,제일경제 ((주)동방미디어),언론사
19191,제일경제신문,언론사
19192,제일경제아이(i),언론사
19193,제일방송,언론사
19194,제일신문,언론사
19195,제일정보신문,언론사
19196,제일좋은 교육복지신문,언론사
19197,제일증권정보크리핑,언론사
19198,제일창업경제신문 ((주)제일좋은전람),언론사
19199,제주 교차로 (주식회사 교차로),언론사
19200,제주 웰니스,언론사
19201,제주 포스트,언론사
19202,제주가볼만한곳,언론사
19203,제주경마,언론사
19204,제주경마뉴스,언론사
19205,제주경마종합예상지,언론사
19206,제주경매신문,언론사
19207,제주경매정보,언론사
19208,제주경제일보,언론사
19209,제주골프뉴스 (주식회사 제주골프),언론사
19210,제주관광신문 (제주관광신문방송 주식회사),언론사
19211,제주광장 (제주광장미디어협동조합),언론사
19212,제주교육뉴스,언론사
19213,제주교통매거진 (사단법인 제주교통네트워크),언론사
19214,제주교통복지신문,언론사
19215,제주굿모닝,언론사
19216,제주기독신문,언론사
19217,제주뉴스 ((주)제주뉴스),언론사
19218,제주대병원 권역심뇌혈관질환센터보,언론사
19219,제주도민신문,언론사
19220,제주도민일보 (주식회사 제주도민일보방송),언론사
19221,제주또다른세상,언론사
19222,제주매일 (주식회사 제주매일),언론사
19223,제주미래포커스 (주식회사 에이아이씨랩),언론사
19224,"제주민정일보(제주민정방송,제주민정뉴스,제주민정daily)",언론사
19225,제주바이오뉴스,언론사
19226,제주부동산방송,언론사
19227,제주불교신문 (주식회사 제주불교신문),언론사
19228,제주비평,언론사
19229,제주사랑,언론사
19230,제주사랑케이팝 (주식회사 제주사랑케이팝),언론사
19231,제주사회복지신문,언론사
19232,제주세계타임즈 (주식회사 세계타임즈),언론사
19233,제주소통투데이,언론사
19234,제주승전보,언론사
19235,제주신문 (주식회사 제주신문사),언론사
19236,제주아트,언론사
19237,제주아트미디어 (주식회사 호은아트),언론사
19238,제주언론인,언론사
19239,제주여성,언론사
19240,제주여행,언론사
19241,제주여행신문 (주식회사 제주여행신문),언론사
19242,제주연합방송,언론사
19243,제주와인물 (주식회사 산하글로벌),언론사
19244,제주위클리 (글로컬뉴스),언론사
19245,제주유림신문,언론사
19246,제주의 소리 (유한회사 제주의 소리),언론사
19247,제주의꿈 (제주국제자유도시개발센터),언론사
19248,제주의시간,언론사
19249,제주인뉴스,언론사
19250,제주일보 (주식회사 제주일보),언론사
19251,제주일보 (주식회사 제주일보사),언론사
19252,제주작가,언론사
19253,제주저널 (주식회사 삼다신문),언론사
19254,제주주간 (글로컬뉴스),언론사
19255,제주창업신문 (주식회사 창업경영신문사),언론사
19256,제주크리스천라이프 (제주크리스천라이프 주식회사),언론사
19257,제주타임스,언론사
19258,제주타임즈 ((주)제주타임즈),언론사
19259,제주투니라이프(Tooni Life),언론사
19260,제주투데이 (주식회사 제주투데이),언론사
19261,제주팟닷컴,언론사
19262,제주프레스,언론사
19263,제주한라병원보 (의료법인 한라의료 재단),언론사
19264,제주행정법률신문 (제주행정법률신문 주식회사),언론사
19265,제주헤럴드(JEJU Herald),언론사
19266,제주환경일보,언론사
19267,제중기독의료신문 (제중의료복지재단),언론사
19268,제천開소리,언론사
19269,제천경제신문,언론사
19270,제천교차로,언론사
19271,제천뉴스 (주)굿모닝뉴스),언론사
19272,제천뉴스윈,언론사
19273,제천뉴스저널,언론사
19274,제천단양뉴스,언론사
19275,제천단양투데이 ((주)제천단양투데이),언론사
19276,제천단양투데이뉴스 ((주)제천단양투데이),언론사
19277,제천또바기뉴스,언론사
19278,제천명지파발 (의료법인 명지의료재단 명지병원),언론사
19279,제천문화경제신문 (다애봄협동조합),언론사
19280,제천벼룩시장,언론사
19281,제천서울병원 소식지 (의료법인 자산의료재단 제천서울병원),언론사
19282,제천신문 ((주)제천신문),언론사
19283,제천인터넷뉴스,언론사
19284,제철영감,언론사
19285,제추참여환경연대 여럿이함께숲이되자 (사단법인 제주참여환경연대),언론사
19286,제클타임스 ((주)제클),언론사
19287,젠뉴스,언론사
19288,젠더리뷰 (한국여성개발원 원장),언론사
19289,젠미디어 (주식회사 젠미디어),언론사
19290,젠스리더스,언론사
19291,젠스시사매거진 ((주)포시즌스카이컴퍼니),언론사
19292,젠테라피네츄럴힐링센터 ((주)젠테라피네츄럴힐링센터),언론사
19293,조간 하나일보,언론사
19294,조간시사일보 ((주)시사일보사),언론사
19295,조갑제닷컴,언론사
19296,조계율종신문,언론사
19297,조계종대승불교신문,언론사
19298,조국일보 ((주)조국일보),언론사
19299,조난단 북트립 저널,언론사
19300,조달경제신문 (주식회사 조달경제신문),언론사
19301,조대동창회보 (조선대학교총동창회),언론사
19302,조명디자인(LIGHTING DESIGN),언론사
19303,조명디자인소식지,언론사
19304,조사통계월보 (한국은행 총재),언론사
19305,조선 건축,언론사
19306,조선 해양플랜트신문 (에스엔티커뮤니케이션(주)),언론사
19307,조선AD 매디앤헬스,언론사
19308,조선JNS ((주)조선일보일본어판),언론사
19309,조선경제TV (주식회사 이수플랫폼),언론사
19310,조선닷컴,언론사
19311,조선라이프헬스앤에듀,언론사
19312,조선비즈 (주식회사 조선비즈),언론사
19313,조선에듀 ((주)조선교육문화미디어),언론사
19314,조선왕조TV,언론사
19315,조선일보 (주식회사 조선일보사),언론사
19316,조선일보웰빙라이프,언론사
19317,조선피플 클릭,언론사
19318,조선해운신문,언론사
19319,조선홈앤그라운드 (주식회사 조선 에이치앤지),언론사
19320,조선환경 media,언론사
19321,조선환경신문,언론사
19322,조세 신문,언론사
19323,조세경제,언론사
19324,조세금융 (주식회사 조세금융신문),언론사
19325,조세금융신문 (주식회사 조세금융신문),언론사
19326,조세속보 ((주)한국세정신문사),언론사
19327,조세일보,언론사
19328,조세자료주간속보,언론사
19329,조세저널,언론사
19330,조세타임스,언론사
19331,조세플러스 (주식회사 조세티브이),언론사
19332,조야일보(朝野日報)),언론사
19333,조영탁의 행복한 경영이야기 (주식회사 휴넷),언론사
19334,조은뉴스,언론사
19335,조은맘나주,언론사
19336,조은사회복지신문 (주식회사 조은평생교육원),언론사
19337,조은음악신문사,언론사
19338,조이뉴스24(joynews24) (주식회사 조이뉴스이십사),언론사
19339,조이서울뉴스(Joy Seoul News) ((주)조이서울포탈),언론사
19340,조이컵,언론사
19341,조이풀 스튜디오 매거진,언론사
19342,조이피트 (주식회사 메디앤피트),언론사
19343,조인뉴스,언론사
19344,조인디(joinD) (조인디(주)),언론사
19345,조인스(JOINS),언론사
19346,조인스쿨 (주식회사 중앙교육섹션),언론사
19347,조정을 위한 설득과 수사(Persuasion &Rhetoric Report),언론사
19348,조중동e뉴스,언론사
19349,조향저널(perfumetimes),언론사
19350,종교개혁,언론사
19351,종교뉴스,언론사
19352,종교문화비평 ((주)도서출판 청년사),언론사
19353,종교문화신문,언론사
19354,종교세계신문,언론사
19355,종교신문(The Religions Herald) (한국종교신문(주)),언론사
19356,종교연합신문,언론사
19357,종교와 평화,언론사
19358,종교와진리,언론사
19359,종돈개량,언론사
19360,종려나무,언론사
19361,종로 일보 ((주)중앙경제신문),언론사
19362,종로교차로,언론사
19363,종로구정신문,언론사
19364,종로마을N (협동조합마을대학종로),언론사
19365,종로문화지 (종로문화원),언론사
19366,종로복지저널,언론사
19367,종로소식,언론사
19368,종로시대,언론사
19369,종로신문 ((주)종로신문사),언론사
19370,종로저널 ((주)종로문화사),언론사
19371,종로타임,언론사
19372,종로타임스,언론사
19373,종로타임스(Jongno Times) (황종주식회사),언론사
19374,종이문화 ((사)한국종이접기협회),언론사
19375,종합경찰신문,언론사
19376,종합골프용품가이드,언론사
19377,종합과학전문지 자연과학세계,언론사
19378,종합뉴스TV (주상건설 주식회사),언론사
19379,종합뉴스매거진,언론사
19380,종합뉴스신문,언론사
19381,종합뉴스채널,언론사
19382,종합뉴스통신 (주식회사 종합뉴스통신),언론사
19383,종합법률신문,언론사
19384,종합시사매거진,언론사
19385,종합일간 대한일보 ((주)시사법률일보사),언론사
19386,종합일간코리아뉴스,언론사
19387,종합적산정보,언론사
19388,종합특급퍼즐,언론사
19389,종합팩트news,언론사
19390,종합퍼즐,언론사
19391,좋아요! 대한민국,언론사
19392,좋은 몸 ((주)대한트레이닝협회),언론사
19393,좋은 성품 부모,언론사
19394,좋은교사 (사단법인 좋은교사운동),언론사
19395,좋은교육 미래교육,언론사
19396,좋은교육미디어 (좋은교육미디어협동조합),언론사
19397,"좋은기업,좋은투자",언론사
19398,좋은꿈 좋은소식 (의료법인 인성의료재단),언론사
19399,좋은나라 좋은사람들(Good National Korea),언론사
19400,좋은뉴스,언론사
19401,좋은뉴스코리아 (사단법인 행복1프로나눔재단),언론사
19402,좋은만남,언론사
19403,좋은문학,언론사
19404,좋은문학 창작 예술인협회,언론사
19405,좋은복지아파트뉴스 (사단법인 행복1프로나눔재단),언론사
19406,좋은사람들,언론사
19407,좋은사회,언론사
19408,좋은생각 ((주)좋은생각사람들),언론사
19409,좋은생각 오디오북 ((주)좋은생각사람들),언론사
19410,좋은생각매거진,언론사
19411,좋은생활,언론사
19412,좋은선생님들의공부세상,언론사
19413,좋은성품,언론사
19414,좋은성품 (캐비스쿨(주)),언론사
19415,좋은세상,언론사
19416,좋은세상만들기,언론사
19417,좋은소설,언론사
19418,좋은소식,언론사
19419,좋은수필,언론사
19420,좋은습관,언론사
19421,좋은시조,언론사
19422,좋은신문,언론사
19423,좋은신문(GOOD NEWS),언론사
19424,좋은신문사,언론사
19425,좋은씨앗 평생교육원 매거진,언론사
19426,좋은씨앗뉴스,언론사
19427,좋은아침뉴스 (경기북부늘솔길협동조합),언론사
19428,좋은양평,언론사
19429,좋은엄마,언론사
19430,좋은여행 story,언론사
19431,좋은예산,언론사
19432,좋은웰빙,언론사
19433,좋은유아교육세상 ((주)굿맘울산북구),언론사
19434,좋은저녁 함께해요,언론사
19435,좋은집좋은이웃,언론사
19436,좋은한국 반부패신고센타 신문,언론사
19437,죠이헤럴드,언론사
19438,주)문화경제 (주식회사 문화매일),언론사
19439,"주간 TK저널 (주식회사 티케이저널(TK Journal Co.,Ltd))",언론사
19440,주간 강남내일신문 ((주)강남내일신문),언론사
19441,주간 강남신문 ((주)강남신문),언론사
19442,주간 강동신문 ((주)강동신문),언론사
19443,주간 강화신문,언론사
19444,주간 건설교통관광신문 ((주)건설교통관광신문 대표),언론사
19445,주간 건설교통신문 ((주)건설교통신문),언론사
19446,주간 경산자치신문,언론사
19447,주간 경인교육신문,언론사
19448,주간 경인문화신문,언론사
19449,주간 경인열린신문 (주식회사 경인열린신문사),언론사
19450,주간 경찰미션신문,언론사
19451,주간 계양시사 (주식회사 계양신문),언론사
19452,주간 고양신문,언론사
19453,주간 고양인 (주식회사 해피코리아),언론사
19454,주간 고양파주자치신문,언론사
19455,주간 고향신문 ((주)고향신문사),언론사
19456,주간 광명신문,언론사
19457,주간 광명신문 (주식회사 광명일보),언론사
19458,주간 교통정보신문,언론사
19459,주간 교회연합신문,언론사
19460,주간 구미 (주식회사 주간구미),언론사
19461,주간 구미신문,언론사
19462,주간 국악신문 (주식회사 국악신문사),언론사
19463,주간 국제섬유신문 ((주)국제섬유신문사),언론사
19464,주간 군산신문 ((주)군산신문사),언론사
19465,주간 군포,언론사
19466,주간 굿월드뉴스,언론사
19467,주간 기독교 ((재)한국그리스도선교회),언론사
19468,주간 기술동향 (정보통신기술진흥센터),언론사
19469,주간 김제신문 (유한회사 김제신문사),언론사
19470,주간 김천신문 (주식회사 김천신문사),언론사
19471,주간 낚시신문,언론사
19472,주간 남구신문,언론사
19473,주간 남원민보,언론사
19474,주간 남원시민신문,언론사
19475,주간 노동자 연대 (주식회사 레프트미디어),언론사
19476,주간 농업정보신문,언론사
19477,주간 뉴스데이,언론사
19478,주간 뉴스파워,언론사
19479,주간 대한금융신문 (주식회사 일간금융),언론사
19480,주간 대한노인신문 (사단법인 대한노인회),언론사
19481,주간 동대문신문 ((주)동대문신문사),언론사
19482,주간 동아경제신문 ((주)동아경제신문),언론사
19483,주간 디지털전기공업신문 (전기공업신문(주)),언론사
19484,주간 레저신문,언론사
19485,주간 마포신문,언론사
19486,주간 매일건설신문 ((주)건설신문),언론사
19487,주간 목회자신문,언론사
19488,주간 무역운송신문,언론사
19489,주간 문경 (주식회사 문경사랑),언론사
19490,주간 민안신문,언론사
19491,주간 백제신문 (주식회사 백제신문),언론사
19492,주간 법경신문 ((주)법경신문사),언론사
19493,주간 보령 (주간보령주식회사),언론사
19494,주간 보령시민신문 (주식회사 대천),언론사
19495,주간 부천자치신문,언론사
19496,주간 북부신문,언론사
19497,주간 불교,언론사
19498,주간 산업환경신문 ((주)주간산업환경),언론사
19499,주간 삼군신문,언론사
19500,주간 서대문자치신문 ((주)서은로정보),언론사
19501,주간 서부신문 ((주)서부신문),언론사
19502,주간 서산신문 (주식회사 서산신문),언론사
19503,주간 설악신문 (주식회사 설악신문),언론사
19504,주간 세계환경신문,언론사
19505,주간 세무경영 ((주)조세통람),언론사
19506,주간 세종신문 (주식회사 세종신문사),언론사
19507,주간 시민의소리신문,언론사
19508,주간 시사뉴스플러스 ((사)그레이트코리아운동본부),언론사
19509,주간 시사동아신문,언론사
19510,주간 시정신문 ((주)한국시정일보),언론사
19511,주간 시흥신문 (주식회사 시흥신문사),언론사
19512,주간 식품음료신문,언론사
19513,주간 아림신문 (주식회사아림신문사),언론사
19514,주간 안전신문,언론사
19515,주간 앙코르 15,언론사
19516,주간 약사신문,언론사
19517,주간 어민신문 ((주)어민신문),언론사
19518,주간 여성시대,언론사
19519,주간 연수신문,언론사
19520,주간 연합불교뉴스,언론사
19521,주간 영주신문,언론사
19522,주간 예산신문,언론사
19523,주간 예천신문 ((주)예천신문사),언론사
19524,주간 온누리신문,언론사
19525,주간 온천관광신문,언론사
19526,주간 완주전주신문 (유한회사 주간완주전주신문),언론사
19527,주간 원불교신문,언론사
19528,주간 유리건장신문 ((주)유리건장),언론사
19529,주간 유리신문,언론사
19530,주간 유일토지인허가 ((주)유일토지인허가전문학원),언론사
19531,주간 음악교육신문,언론사
19532,주간 의계신문 ((주)의계신문),언론사
19533,주간 인물,언론사
19534,주간 인쇄정보,언론사
19535,주간 인천소식,언론사
19536,주간 인천항도신문,언론사
19537,주간 일사천리,언론사
19538,주간 장애인신문 (사회복지법인 곰두리복지재단),언론사
19539,주간 재림신문 (주식회사 재림미디어),언론사
19540,주간 전우신문 ((주)전우신문),언론사
19541,주간 조세경제신문,언론사
19542,주간 종로시대,언론사
19543,주간 중원신문 (주식회사 중원신문),언론사
19544,주간 직접판매 (직접판매연구소(주)),언론사
19545,주간 철강금속신문 (에스앤엠미디어(주)),언론사
19546,주간 청도신문 ((주)청도신문),언론사
19547,주간 치학신문 ((주)치학신문사 대표),언론사
19548,주간 태안신문,언론사
19549,주간 태안신문 (주식회사 태안신문사),언론사
19550,주간 텍스타일 라이프(Textile Life) ((주)세계섬유신문사),언론사
19551,주간 통영뉴스,언론사
19552,주간 통영뉴스 ((주)주간통영뉴스),언론사
19553,주간 투데이에너지 ((주)투데이에너지),언론사
19554,주간 파주인,언론사
19555,주간 평생교육신문,언론사
19556,주간 하나로신문 (주식회사 하나로일보),언론사
19557,주간 하동 (주식회사 주간 하동),언론사
19558,주간 한국교회신문,언론사
19559,주간 한국금융 ((주)한국금융신문사),언론사
19560,주간 한국기독신문,언론사
19561,주간 한국기자연대,언론사
19562,주간 한국성결신문,언론사
19563,주간 한국약국신문 (주식회사 약국신문),언론사
19564,주간 한국연예정보신문,언론사
19565,주간 한국염색신문,언론사
19566,주간 한국영농신문,언론사
19567,주간 한국임업신문 (주식회사 한국임업신문사),언론사
19568,주간 한국장애인복지신문,언론사
19569,주간 한국주택신문 (주식회사 한국주택신문사),언론사
19570,주간 한국증권신문 ((주)한국증권신문사),언론사
19571,주간 한국청소년신문 ((주)한국청소년신문사),언론사
19572,주간 한국환경신문,언론사
19573,주간 한산신문 ((주)주간한산신문),언론사
19574,주간 현대 ((주)펜그리고자유 대표),언론사
19575,주간 호남시대 (유한회사 남도삼백리),언론사
19576,주간 화장품신문 (뷰티누리(주)),언론사
19577,주간 환경공업신문,언론사
19578,주간경마,언론사
19579,주간경향 (주식회사 경향신문사),언론사
19580,주간계양신문 (주식회사 주간계양신문),언론사
19581,주간고령 (주간고령(주)),언론사
19582,주간골프,언론사
19583,주간교육신문,언론사
19584,주간교육신문.,언론사
19585,주간국제안보군사정세 (주식회사 한국국방외교저널),언론사
19586,주간금천플러스,언론사
19587,주간기독신문 ((재)대한예수교장로회총회(합동측)유지재단),언론사
19588,주간뉴스 ((주)이코노믹포스트),언론사
19589,주간동아,언론사
19590,주간동양불교,언론사
19591,주간매거진호남,언론사
19592,주간매일,언론사
19593,주간문화신문,언론사
19594,주간문화재 신문방송 ((주)문화재신문),언론사
19595,주간블록체인(Weekly Blockchain),언론사
19596,주간산업정보신문,언론사
19597,주간산행 (정동미디어(주)),언론사
19598,주간상주 ((주)주간상주신문대한연합방송),언론사
19599,주간서울 (서울일보(주)),언론사
19600,주간서울자치신문 ((주)서울자치신문),언론사
19601,주간세종뉴스,언론사
19602,주간소통신문 (유한회사 주간소통신문),언론사
19603,주간시사매거진,언론사
19604,주간시사연예,언론사
19605,주간시사오늘신문,언론사
19606,주간시흥 (주식회사 비전시흥),언론사
19607,주간신문씨엠엔 ((주)주간신문씨엠엔),언론사
19608,주간안전보건신문,언론사
19609,주간여성,언론사
19610,주간영남신문 (주식회사 영남신문),언론사
19611,주간영덕 (주식회사 주간영덕),언론사
19612,주간영동 (사단법인 커뮤니티저널리즘센터),언론사
19613,주간울진21 (주식회사 울진21신문사),언론사
19614,주간이천저널신문,언론사
19615,주간이천저널신문 (주식회사주간이천저널신문사),언론사
19616,주간인물(weeklypeople),언론사
19617,주간인물위클리피플,언론사
19618,주간인쇄마을,언론사
19619,주간인천(The Weekly Incheon) (주식회사 미디어인천),언론사
19620,주간일보,언론사
19621,주간자유신문,언론사
19622,주간장성신문 (주식회사 주간장성신문사),언론사
19623,주간장흥신문 (주식회사 장흥신문),언론사
19624,주간전국경찰신문,언론사
19625,주간조선,언론사
19626,주간중국,언론사
19627,주간중랑신문 ((주)중랑신문),언론사
19628,주간침례신문,언론사
19629,주간코스메틱(Weekly Cosmetic) (주식회사 주간코스메틱신문),언론사
19630,주간파주신문 (주식회사 파주미디어그룹),언론사
19631,주간평택n (주간평택 주식회사),언론사
19632,주간프랜차이즈멤버스 ((주)주간프랜차이즈),언론사
19633,주간한국 (주식회사 한국아이닷컴),언론사
19634,주간한국경찰경호신문 부설(한국웅변신문),언론사
19635,주간한국선교신문,언론사
19636,주간한반도 ((주)한반도일보사),언론사
19637,주간한얼신문 ((재)한국전통무형문화재진흥재단),언론사
19638,주간함양 ((주)주간함양),언론사
19639,주간해피데이 (주식회사 해피데이신문사),언론사
19640,주간현대,언론사
19641,주거경제신문,언론사
19642,주거정비신문,언론사
19643,주거환경라이프 ((주)주거환경신문),언론사
19644,주거환경신문 ((주)주거환경신문),언론사
19645,주권자언론 시민의 신문,언론사
19646,주니어 시사매거진(Junior Sisamagazine) (주식회사 시사매거진),언론사
19647,주니어미디어오늘 ((주)미디어오늘),언론사
19648,주니어생글생글 ((주)한국경제신문),언론사
19649,주니어타임즈(The Junior Times) ((주)타임즈코어),언론사
19650,주니어헤럴드(The Junior Herald) ((주)헤럴드아카데미),언론사
19651,주님안에 행복하십니까 ((사)한국 가톨릭 문화원),언론사
19652,주례인가이드,언론사
19653,주만나 (사단법인꿈이있는미래),언론사
19654,주만나키즈 (사단법인꿈이있는미래),언론사
19655,주만나틴 (사단법인꿈이있는미래),언론사
19656,주말농장,언론사
19657,주민광장,언론사
19658,주민신문,언론사
19659,주민자치뉴스,언론사
19660,주민자치신문,언론사
19661,주민자치일보,언론사
19662,주베베 (주식회사 주베베),언론사
19663,주변나라일보 (주식회사 티그라운드),언론사
19664,주변인과 문학,언론사
19665,주변인의길,언론사
19666,주부생활,언론사
19667,주부생활 뉴노멀라이프 시리즈 ((주)더북컴퍼니),언론사
19668,주부편지,언론사
19669,주삶(주야로묵상하는삶) ((주)아가페출판사),언론사
19670,주식회사 건국일보 (주식회사 건국일보),언론사
19671,주식회사 고양저널 (주식회사 고양저널),언론사
19672,주식회사 국제환경뉴스 (주식회사 국제환경뉴스),언론사
19673,주식회사 브레인센터 매거진 (주식회사 브레인센터),언론사
19674,주식회사 상주문경신문 (주식회사 상주문경신문),언론사
19675,주식회사 서스테인잇츠,언론사
19676,주식회사 아산미래신문 (주식회사 아산미래신문),언론사
19677,주식회사 에스비씨뉴스 (주식회사 에스비엔뉴스),언론사
19678,주식회사 옴부즈맨뉴스(OM뉴스) (주식회사 옴부즈맨뉴스),언론사
19679,주식회사 우리신문 (주식회사 우리신문),언론사
19680,주식회사 주간여성 (주식회사 주간여성),언론사
19681,주식회사 주류저널 (주식회사 주류저널),언론사
19682,주식회사 지구보존신문 (주식회사 지구보존신문),언론사
19683,주식회사 케이토탈채널 (주식회사 케이토탈채널),언론사
19684,주식회사 한국경찰신문,언론사
19685,주식회사 한국문학 (주식회사 한국문학),언론사
19686,주식회사 한국집합건물신문 (주식회사 한국집합건물신문),언론사
19687,주식회사 호아스쿨 (주식회사호아스쿨),언론사
19688,주식회사동국신문 ((주)동국신문),언론사
19689,주식회사에이치엔태안합동뉴스 (주식회사에이치엔태안합동뉴스),언론사
19690,주얼리 코리아,언론사
19691,주얼리앤웨딩(Jewelry&Wedding) ((주)한국귀금속중앙회사업부),언론사
19692,주얼토킹 (주식회사 소상공인신문),언론사
19693,주연요가필라테스 미디어,언론사
19694,주요산업동향지표 (산업연구원),언론사
19695,주유소경영정보,언론사
19696,주은필라테스 뉴스,언론사
19697,주주경제신문 (주주경제신문 주식회사),언론사
19698,주주일보 ((주)트루스코리아),언론사
19699,주주컬처,언론사
19700,주차뉴스 (사단법인 한국주차사업협회),언론사
19701,주택건설신문 ((주)주택건설신문),언론사
19702,주택경제신문,언론사
19703,주택금융리서치,언론사
19704,주택금융연구,언론사
19705,주택연금 (한국주택금융공사),언론사
19706,주택조합신문,언론사
19707,주한외국기업뉴스,언론사
19708,준앱스TV,언론사
19709,줄리앤라이프 (주식회사 컬컴대구점),언론사
19710,줄리엣 (주식회사 줄리엣),언론사
19711,줄리킴 ((주)줄리스에듀),언론사
19712,줌차이나,언론사
19713,중견기업 BizNet (한국중견기업연합회),언론사
19714,"중고생을위한 독서,논술지 유레카",언론사
19715,중고차가이드북 (서울특별시자동차매매사업조합),언론사
19716,중고차뉴스(Used Car News) ((주)오토비즈컴),언론사
19717,중고차신문,언론사
19718,중고차신문다함께차차차,언론사
19719,중구네트워크,언론사
19720,중구신문,언론사
19721,중구신문닷컴,언론사
19722,중구인,언론사
19723,중구자치신문,언론사
19724,중구통,언론사
19725,중국,언론사
19726,중국경제,언론사
19727,중국경제매거진 ((주)후이런뉴미디어),언론사
19728,중국동포TV,언론사
19729,중국동포소식,언론사
19730,중국동포소식지,언론사
19731,중국동포신문 (주식회사 국제드림항공여행사),언론사
19732,중국동포타운신문,언론사
19733,중국망,언론사
19734,중국인민화보 ((주)중한문화공사),언론사
19735,중국조선문보 (중원인터내셔날 주식회사),언론사
19736,중국통신 (중국통신 주식회사),언론사
19737,중국화보 (코린스텍(주)),언론사
19738,중기경제,언론사
19739,중기뉴스타임,언론사
19740,중기벤처신문 ((주)캐쳐스),언론사
19741,중기월드 ((주)황소건설기계),언론사
19742,중기이코노미 ((주)에스엠비넷),언론사
19743,중기인,언론사
19744,중년의달빛사랑저널,언론사
19745,중대신문,언론사
19746,중도일보 ((주)중도일보사),언론사
19747,중독회복방송 ARBN ((주)케이아이씨피),언론사
19748,중동디스커버리,언론사
19749,중랑노원뉴스비전 (주식회사 비전나눔),언론사
19750,중랑뉴스 (주식회사 중랑뉴스),언론사
19751,중랑뉴스비전,언론사
19752,중랑문학,언론사
19753,중랑방송,언론사
19754,중랑복지신문 (사단법인 휴앤해피),언론사
19755,중랑에듀뉴스 ((주)중랑직업전문학교),언론사
19756,중랑저널,언론사
19757,중랑저널 ((주) 중랑저널),언론사
19758,중랑타임즈 (주식회사 대박산업),언론사
19759,중부공감신문 ((주)진천사람들),언론사
19760,중부광역신문 (주)중부광역신문),언론사
19761,중부뉴미디어 ((주)중부뉴미디어),언론사
19762,중부뉴스,언론사
19763,중부뉴스닷컴,언론사
19764,중부뉴스통신,언론사
19765,중부대신문 (학교법인 중부학원),언론사
19766,중부데일리,언론사
19767,중부매일 ((주)중부매일신문),언론사
19768,중부시사신문,언론사
19769,중부신문 (주식회사 중부신문사),언론사
19770,중부연합뉴스 (주식회사 어떠카지),언론사
19771,중부와이드뉴스,언론사
19772,중부인터넷방송 (주식회사 중부신문),언론사
19773,중부일보,언론사
19774,중부일보 (주식회사 중부일보),언론사
19775,중부장애인신문,언론사
19776,중부저널 (중부저널 주식회사),언론사
19777,중부타임즈,언론사
19778,중부투데이 (주식회사 중부투데이),언론사
19779,중부포커스 (주식회사 중부포커스),언론사
19780,중소기업 신문 (주식회사 중소기업신문),언론사
19781,중소기업 융합경기연합회 회원지 (주식회사 지씨디지털인재교육원),언론사
19782,중소기업TIMES,언론사
19783,중소기업경제tv,언론사
19784,중소기업경제신문,언론사
19785,중소기업경제일보,언론사
19786,중소기업금융연구,언론사
19787,중소기업뉴스 (중소기업중앙회),언론사
19788,중소기업드림신문 ((주)중소기업드림신문사),언론사
19789,중소기업마케팅신문,언론사
19790,중소기업방송,언론사
19791,중소기업비즈니스뉴스SMBNEWS,언론사
19792,중소기업연합뉴스,언론사
19793,중소기업유통신문,언론사
19794,중소기업일보,언론사
19795,중소기업진흥신문,언론사
19796,중소기업투데이 (중소기업투데이(주)),언론사
19797,중소기업판로개척,언론사
19798,중소벤처경제신문,언론사
19799,중소벤처기업신문,언론사
19800,중소벤처신문,언론사
19801,중소상공인 뉴스 (사단법인 중소상공인 뉴스),언론사
19802,중소상공인신문,언론사
19803,중소조선뉴스 (첨단전략산업협동조합),언론사
19804,중심일보(中心日報),언론사
19805,중앙UCN뉴스 (주식회사 중앙유씨엔),언론사
19806,중앙경마 ((주)도서문화도을),언론사
19807,중앙경제 ((주)중앙경제신문),언론사
19808,중앙경제TV,언론사
19809,중앙경찰신문,언론사
19810,중앙교육방송,언론사
19811,중앙교육신문,언론사
19812,중앙뉴스,언론사
19813,중앙뉴스 ((주)중앙뉴스),언론사
19814,중앙뉴스라인,언론사
19815,중앙뉴스미디어,언론사
19816,중앙뉴스타임스,언론사
19817,중앙뉴스통신,언론사
19818,중앙동신문,언론사
19819,중앙로1번지,언론사
19820,중앙매일 ((주)중앙매일),언론사
19821,중앙문화타임즈,언론사
19822,중앙방송,언론사
19823,중앙법률신문,언론사
19824,중앙법률신문 ((주)중앙법률신문사),언론사
19825,중앙상가로,언론사
19826,중앙서울신문,언론사
19827,중앙선데이(중앙SUNDAY) (중앙일보에스 주식회사),언론사
19828,중앙스포츠신문,언론사
19829,중앙신문 (주식회사 중앙신문),언론사
19830,중앙아시아 연구 ((사)한국중앙아문화교류협회),언론사
19831,중앙연예스포츠신문,언론사
19832,중앙연합신문,언론사
19833,중앙이코노미뉴스 (주식회사 중앙이코노미뉴스(joongangenews)),언론사
19834,중앙인재학원 소식지,언론사
19835,중앙일보 (중앙일보 주식회사),언론사
19836,중앙일보조인스랜드 (중앙일보 주식회사),언론사
19837,중앙정론 (씨엠아이 주식회사),언론사
19838,중앙종합신문 (중앙종합신문 유한회사),언론사
19839,중앙타임스,언론사
19840,중앙통신뉴스 (주식회사 중앙통신뉴스),언론사
19841,중앙투데이 ((주)케이에스홀딩스),언론사
19842,중앙폴리스뉴스,언론사
19843,중앙플러스충청,언론사
19844,중앙환경에너지 ((주)중앙환경),언론사
19845,중원불교조계종,언론사
19846,중원신문 (주식회사 중원신문),언론사
19847,중장비(heavy equipment) (아이유뉴스(주)),언론사
19848,중장비투데이_Heavy Equipment Today (아이유뉴스(주)),언론사
19849,중한경제문화신문,언론사
19850,중한관광문화신문 ((주)국제문화산업전략연구소),언론사
19851,중한뉴스,언론사
19852,중한연구학간,언론사
19853,쥬니어거제신문,언론사
19854,쥬단학 매거진 (주식회사 프로젝트에스),언론사
19855,쥬뗌므 미디어,언론사
19856,쥬리스트(Jurist),언론사
19857,즐거운선율 (즐거운선율),언론사
19858,즐거운여행 ((주)오엔에이티),언론사
19859,즐거운편지,언론사
19860,즐겨찾기 (주식회사 네임월드),언론사
19861,증권경제신문 ((주)코리아스탁뉴스),언론사
19862,증권금융 (한국증권금융 주식회사),언론사
19863,증권금융신문,언론사
19864,증권일보,언론사
19865,증권투데이 (증권투데이주식회사),언론사
19866,증권플러스(stockplus),언론사
19867,증평신문 ((주)증평신문사),언론사
19868,증평장애인신문,언론사
19869,지.이코노미(G.ECONOMY),언론사
19870,지구경영과 비즈니스(Earth Systems&Business),언론사
19871,지구를 생각하는 곰,언론사
19872,지구문학,언론사
19873,지구보존신문방송,언론사
19874,지구사랑케이팝 (주식회사 지구사랑케이팝),언론사
19875,지구수호 연합 신문,언론사
19876,지구시장 ((주)지구시장),언론사
19877,지구시장 한국학교 (주식회사 지구시장한국학교),언론사
19878,지구와에너지 ((사)지구와에너지),언론사
19879,지구와에너지(Globe Energy) ((사)지구와에너지),언론사
19880,지구인,언론사
19881,지구인사이드,언론사
19882,지구일보,언론사
19883,지구촌가족(Global Village),언론사
19884,지구촌검찰NEWS,언론사
19885,지구촌경찰NEWS,언론사
19886,지구촌국회의원NEWS화보,언론사
19887,지구촌다단계뉴스,언론사
19888,지구촌다문화뉴스,언론사
19889,지구촌복지신문,언론사
19890,지구촌저널 (주식회사 오직하나),언론사
19891,지구촌환경뉴스 (유한회사 지구촌환경뉴스),언론사
19892,지구촌환경신문,언론사
19893,지구환경뉴스,언론사
19894,지구환경해양신문 (사단법인 지구해양보호국민연대),언론사
19895,지금 NOW (주식회사 인천광장),언론사
19896,지금뉴스,언론사
19897,지금바레뉴스,언론사
19898,지금바레소식,언론사
19899,지금바레신문,언론사
19900,지금바레포스트,언론사
19901,지금여기,언론사
19902,지금유럽 ((주)코아인),언론사
19903,지금은 전포시대 (비세프미디어협동조합),언론사
19904,지금제주,언론사
19905,지기지피(知己知彼),언론사
19906,지넷닷컴 (주식회사 글로벌교육재단),언론사
19907,지뉴스데일리 (주식회사 데일리미디어),언론사
19908,지능형로봇,언론사
19909,지니 죽전뉴스,언론사
19910,지니라이프뉴스,언론사
19911,지니트립,언론사
19912,지니핏 미디어,언론사
19913,지데일리,언론사
19914,지디넷코리아,언론사
19915,지리산 힐링 신문,언론사
19916,지리산고향뉴스 ((유)지리산고향뉴스),언론사
19917,지리산보,언론사
19918,지리산신문방송,언론사
19919,지리산인,언론사
19920,지메디타임즈 (주식회사 지셈솔루션),언론사
19921,지방공공기관,언론사
19922,지방공기업타임즈 (주식회사 공공경영연구원),언론사
19923,지방관광 (주식회사 인터내셔날커뮤니케이션),언론사
19924,지방세연구 (한국지방세연구회 주식회사),언론사
19925,지방시대,언론사
19926,지방시대저널 ((유)원인터내셔날),언론사
19927,지방연합 (한국지자체미디어협동조합),언론사
19928,지방의국제화 ((재) 지방자치단체국제화재단),언론사
19929,지방자치,언론사
19930,지방자치24,언론사
19931,지방자치TV (주식회사 케이비씨지자체티브이),언론사
19932,지방자치매거진,언론사
19933,지방자치시대,언론사
19934,지방자치신문,언론사
19935,지방자치일보 (유한회사 지자체닷컴),언론사
19936,지방자치하나로신문,언론사
19937,지방자치행정뉴스,언론사
19938,지방자치혁신뉴스,언론사
19939,지방정부 (지방자치연구소(주)),언론사
19940,지방정부 티비유(TVU-The Voice of us) (지방자치연구소(주)),언론사
19941,지방정책이슈브리핑 (사단법인 지방행정발전연구원),언론사
19942,지방체육,언론사
19943,지방행정 (대한지방행정공제회),언론사
19944,지방행정연구,언론사
19945,지브로컴(Gibrocom),언론사
19946,지비,언론사
19947,지비에스 (주식회사 인피니티),언론사
19948,지산뉴스 (주식회사 지산코리아),언론사
19949,지속가능발전언론센터,언론사
19950,지속가능산업발전 (한국생산기술연구원),언론사
19951,지스타일(G.STYLE) (주식회사 간삼건축종합건축사사무소),언론사
19952,지식경영 ((주)한국브레인협력단),언론사
19953,지식과권리,언론사
19954,지식똑똑 (주식회사 그리다소프트),언론사
19955,지식산업센터뉴스(knowledge Industry Center News) ((주)지산앤),언론사
19956,지식재산,언론사
19957,지식재산뉴스 (대한변리사회),언론사
19958,지식정보인프라 (한국과학기술정보연구원),언론사
19959,지식퍼즐,언론사
19960,지식樂 ((주)웹브라이트),언론사
19961,지심 (사단법인 보리수),언론사
19962,지아센뉴스 (주식회사 지아센 (JIASEN)),언론사
19963,지아이뉴스,언론사
19964,지아이에스 리뷰(GIS Review) ((주)한국공간정보통신),언론사
19965,지아타임즈(광주),언론사
19966,지안인터넷신문 (주식회사 한국교육평가진흥원),언론사
19967,지안필라대치뉴스,언론사
19968,지안필라잠실뉴스,언론사
19969,지앤지뷰티플러스 ((주)지앤지뷰티플러스),언론사
19970,지에스뉴스 ((주)지에스뉴스),언론사
19971,지엔 시사신문 (주식회사 지엔시사신문),언론사
19972,지엔비뉴스,언론사
19973,지엔톱뉴스,언론사
19974,지엘 굿 라이프(GL GOOD LIFE) ((주)기원실업),언론사
19975,지엠비소식 ((주)골든블로코),언론사
19976,지엠티 코리아 (주식회사 에이오디미디어),언론사
19977,지엠티브이,언론사
19978,지역경제 연합뉴스,언론사
19979,지역경제활성화신문,언론사
19980,지역과농업 (사단법인 지역농업연구원),언론사
19981,지역내일 ((주)내일엘엠씨),언론사
19982,지역뉴스와 교육뉴스,언론사
19983,지역문학교류 작품집 (사단법인 부산광역시문인협회),언론사
19984,지역사회 ((사)한국지역사회연구소),언론사
19985,지역사회영양학회지 ((사)대한지역사회영양학회),언론사
19986,지역연합신문 ((주)지역연합커뮤니케이션),언론사
19987,지역정보화 ((재)자치정보화지원재단),언론사
19988,지역정책연구,언론사
19989,지역주민돌봄 (헬스컨슈머(주)),언론사
19990,지역주택조합티브이,언론사
19991,지역통신,언론사
19992,지오버 청라뉴스 (주식회사 지오버),언론사
19993,지오버계양뉴스,언론사
19994,지오버뉴스,언론사
19995,지오엔지 매거진 (주식회사 지오엔지),언론사
19996,지오통신,언론사
19997,지오펀평생교육신문,언론사
19998,지웰시티,언론사
19999,지자체 타임즈,언론사
20000,지자체뉴스 (지자체뉴스 주식회사),언론사
20001,지자체저널,언론사
20002,지저스레인보우,언론사
20003,지저스타임즈,언론사
20004,지적재산권,언론사
20005,지제이광장신문 (유한회사지제이기획엔티브이),언론사
20006,지주뉴스,언론사
20007,지지뉴스 (주식회사 지지슈랑),언론사
20008,지지옥션(GGAuction) ((주)지지옥션),언론사
20009,지케이뉴스(GKNEWS),언론사
20010,"지콜론(G-COLON, G ;)",언론사
20011,지큐(GQ) 한국판,언론사
20012,지티엔티브이 ((주)골든코리아),언론사
20013,지티티코리아(GTT KOREA) (주식회사 지티티코리아),언론사
20014,지판(Fingerboard),언론사
20015,지팡이 (주식회사 지팡이),언론사
20016,지평선일보,언론사
20017,지플랫컴퍼니,언론사
20018,지플러스아이 (주식회사 지플러스미디어),언론사
20019,지피뉴스(GP News),언론사
20020,지피코리아,언론사
20021,지필문학,언론사
20022,지하철 ((주)전매),언론사
20023,지하철문화 ((사)서울지하철문화연구원),언론사
20024,직능경제인,언론사
20025,직능소상공인신문,언론사
20026,직능연합뉴스,언론사
20027,직능인,언론사
20028,직썰 ((주) 슬기로운생활),언론사
20029,직업신문,언론사
20030,직장뉴스,언론사
20031,직장인 체육 (사단법인 대한직장인체육회),언론사
20032,직접민주주의뉴스 (사단법인 직민뉴스),언론사
20033,직훈타임즈,언론사
20034,진뉴스,언론사
20035,진단과치료,언론사
20036,진단투데이 (주식회사 지브린),언론사
20037,진단학회,언론사
20038,진도 시니어뉴스,언론사
20039,진도군민신문,언론사
20040,진도레이다,언론사
20041,진도문화,언론사
20042,진도신문 (유한회사 진도주간신문),언론사
20043,진도일보,언론사
20044,진도일보 (주식회사 진도미디어),언론사
20045,진도타임스,언론사
20046,진도혁신일보 (유한회사 진도혁신일보),언론사
20047,진로N,언론사
20048,진로N뉴스,언론사
20049,진리의 나팔수 기독타임스,언론사
20050,진리의 소리,언론사
20051,진명향기 (사회복지법인 진명복지재단),언론사
20052,진보노동뉴스,언론사
20053,진보당 기관지 너머,언론사
20054,진보전략,언론사
20055,진보정치,언론사
20056,진실의 소리 신문,언론사
20057,진실의길 ((주)민진미디어),언론사
20058,진실타임스,언론사
20059,진실탐사그룹<셜록> ((주)진실탐사그룹셜록),언론사
20060,진심이페이퍼 (주식회사 세븐인컴즈),언론사
20061,진안광장,언론사
20062,진안신문 ((주)무진장신문),언론사
20063,진언불교,언론사
20064,진영114닷컴,언론사
20065,진영신문,언론사
20066,진월드시정뉴스,언론사
20067,진일보 ((주)전남일보),언론사
20068,진주114닷컴,언론사
20069,진주·사천 가이드요,언론사
20070,진주뉴스,언론사
20071,진주복지뉴스,언론사
20072,진주신문,언론사
20073,진주인터넷뉴스,언론사
20074,진주평론(晋州評論),언론사
20075,진짜 부모가 되는 코칭맘 (주식회사 다브인터네셔널),언론사
20076,진짜뉴스,언론사
20077,진천군민신문,언론사
20078,진천군자치신문,언론사
20079,진천뉴스,언론사
20080,진천매일신문,언론사
20081,진천시사신문,언론사
20082,진천신문,언론사
20083,진천음성신문 (진천음성언론협동조합),언론사
20084,진천음성인터넷신문 (진천음성언론협동조합),언론사
20085,진천타임즈,언론사
20086,진콘뉴스 (주식회사 진콘),언론사
20087,진품명품(珍品名品) ((주)굳커뮤니케이션),언론사
20088,진학인(JinhakIn) 신문,언론사
20089,진해114닷컴,언론사
20090,질병없는 삶. 뉴스타트,언론사
20091,질환나침반 ((주)더제이엠그룹),언론사
20092,집 앞 목욕탕 (주식회사 싸이트브랜딩),언론사
20093,집꾸미기 (주식회사 패스트뷰),언론사
20094,집합건물 타임즈 (주식회사 삼우통상),언론사
20095,집합건물뉴스,언론사
20096,집합건물비리타파,언론사
20097,집회뉴스 (PTTNEWS) (주식회사 건강대한민국),언론사
20098,징검다리,언론사
20099,짤막뉴스.톡 ((주)에스제이커뮤니케이션),언론사
20100,쩌날리즘 (사단법인 평화나무),언론사
20101,쪽집게 닥터,언론사
20102,쭉잡,언론사
20103,쭉짭,언론사
20104,찐뉴스,언론사
20105,찐큐티,언론사
20106,찜질방협회보,언론사
20107,찜질방회보,언론사
20108,차돌이 Smart,언론사
20109,차돌이 레터,언론사
20110,차돌이 소식,언론사
20111,차돌이 정보,언론사
20112,차령문학,언론사
20113,차봇 매거진(CHABOT Magazine) (차봇모빌리티(주)),언론사
20114,차생활,언론사
20115,차세대 리더,언론사
20116,차양,언론사
20117,차와 문화,언론사
20118,차율타임즈,언론사
20119,차의세계,언론사
20120,차이나 뉴스위크 (중국신문주간한국어판뉴스중국 주식회사),언론사
20121,차이나 리뷰(china review) ((주)차이나미디어그룹),언론사
20122,차이나21(CHINA21) ((주)진중미디어),언론사
20123,차이나뉴스,언론사
20124,차이나다뉴스 ((주)차이나다),언론사
20125,차이나저널,언론사
20126,차이나탄프레스 ((주)차이나다),언론사
20127,차이나통상가이드,언론사
20128,차이나포커스 ((주)박대),언론사
20129,차이나플러스,언론사
20130,차인(茶人) ((사)한국차인연합회),언론사
20131,차임미디어,언론사
20132,차플레이,언론사
20133,차필 매거진,언론사
20134,착각의 시학,언론사
20135,착착착 (코리아경기도 주식회사),언론사
20136,착한가게 (소상공인페이(주)),언론사
20137,착한나눔실천뉴스,언론사
20138,착한뉴스,언론사
20139,착한신문,언론사
20140,찰칵 (주식회사 엘로퀀스),언론사
20141,참,언론사
20142,참경영저널,언론사
20143,참교육뉴스 (주식회사 참교육미디어),언론사
20144,참교육신문,언론사
20145,참뉴스,언론사
20146,참빛뉴스,언론사
20147,참사랑,언론사
20148,참사랑 세자녀 키우기 복지시대,언론사
20149,참사랑뉴스,언론사
20150,참사랑선교복지재단,언론사
20151,참사랑직업뉴스일보,언론사
20152,참살이,언론사
20153,참살이 뉴스,언론사
20154,참살이타임즈,언론사
20155,참소리,언론사
20156,참소중한당신 (사단법인 미래사목연구소),언론사
20157,참수리 (주식회사 참수리미디어),언론사
20158,참수리뉴스 (주식회사 참수리미디어),언론사
20159,참수리소식 ((주)참수리소식),언론사
20160,참수리신문,언론사
20161,참실련,언론사
20162,참언론국민뉴스,언론사
20163,참언론상주뉴스,언론사
20164,참여문학,언론사
20165,참여불교,언론사
20166,참여연수,언론사
20167,참여와혁신 ((주)레이버플러스),언론사
20168,참조은뉴스 (참조은다문화(주)),언론사
20169,참조은미디어교육 (참조은평생교육원(주)),언론사
20170,참좋은교육신문 (참좋은교육평생교육원(주)),언론사
20171,참좋은뉴스 (주식회사 참좋은뉴스신문),언론사
20172,참좋은비지니스,언론사
20173,참좋은사람,언론사
20174,참좋은신문,언론사
20175,참좋은환경,언론사
20176,참치상사 ((주)참치상사),언론사
20177,참플레이,언론사
20178,참한역사신문,언론사
20179,창,언론사
20180,창간호,언론사
20181,창과 방패 (사단법인 한미자유안보정책센터),언론사
20182,창끝선교회,언론사
20183,창녕뉴스,언론사
20184,창녕신문,언론사
20185,창녕연합신문 (주식회사 창녕연합신문),언론사
20186,창녕저널 (주식회사 창녕연합신문),언론사
20187,창덕궁 앞 열하나 동네,언론사
20188,창문에 안전뉴스,언론사
20189,창비어린이,언론사
20190,창업&프랜차이즈,언론사
20191,창업&프랜차이즈 (주식회사 창업미디어그룹),언론사
20192,창업가이드저널 (주식회사 에스제이크리웍스),언론사
20193,창업경영 (주식회사 한국창업진흥센터),언론사
20194,창업경영신문 (주식회사 창업경영신문사),언론사
20195,창업경영신문 소상공인채널 (주식회사 창업경영신문사),언론사
20196,창업경제뉴스,언론사
20197,창업경제신문,언론사
20198,창업내일 (주식회사 서울랩파트너스),언론사
20199,창업뉴스,언론사
20200,창업뉴스포털 ((주)에이엠컨설팅그룹),언론사
20201,창업매거진,언론사
20202,창업메카,언론사
20203,창업비용제로,언론사
20204,창업신문,언론사
20205,창업앤투자 (주식회사 창업앤투자평생교육원),언론사
20206,창업의시대,언론사
20207,창업이코노미,언론사
20208,창업인 (한국지식공유협회(주)),언론사
20209,창업일보,언론사
20210,창업저널,언론사
20211,창업정보신문,언론사
20212,창업천국,언론사
20213,창원114넷,언론사
20214,창원경성신문,언론사
20215,창원밀알보,언론사
20216,창원복지미디어뉴스,언론사
20217,창원사랑 케이팝 (주식회사 지구사랑케이팝),언론사
20218,창원신문,언론사
20219,창원일보 (창원일보주식회사),언론사
20220,창원특례뉴스,언론사
20221,창원특례신문,언론사
20222,창원프레스 (주식회사 컬컴창원점),언론사
20223,창의21,언론사
20224,창의개선 ((사)한국개선협회),언론사
20225,창의예술디자인정보신문,언론사
20226,창의와 인성,언론사
20227,창의와 인성 ((주)씨씨에듀),언론사
20228,창작과비평,언론사
20229,창작마을 ((주)창작마을),언론사
20230,창작문학,언론사
20231,창작산맥,언론사
20232,창작수필,언론사
20233,창작촌 (재단법인 생오지문예창작촌),언론사
20234,창조 ((주)창조과학미디어),언론사
20235,창조경제뉴스,언론사
20236,창조경제신문,언론사
20237,창조문학,언론사
20238,창조문학신문,언론사
20239,창조미래경영가이드,언론사
20240,창조아고라,언론사
20241,창조와혁신 (사단법인 피터드러커 소사이어티),언론사
20242,창조일보,언론사
20243,창조포스트,언론사
20244,창직신문,언론사
20245,창플(창업을 꿈꾸는 사람들의 플랫폼) ((주) 창플),언론사
20246,창호기술,언론사
20247,창호이슈,언론사
20248,창호저널 유리저널,언론사
20249,채널 틴투레이디(CH TTL),언론사
20250,채널041,언론사
20251,채널M (주식회사 더 리미티드),언론사
20252,채널Q뉴스,언론사
20253,채널e뉴스 (주식회사 채널이뉴스),언론사
20254,채널i 산업뉴스 ((재)한국산업기술문화재단),언론사
20255,채널경남,언론사
20256,채널경북 (주식회사 채널경북),언론사
20257,채널뉴스,언론사
20258,채널매거진24,언론사
20259,채널버즈,언론사
20260,채널세종(channel sejong),언론사
20261,채널에스 ((주)한국바른자세연구원),언론사
20262,채널영남,언론사
20263,채널영남 문경방송,언론사
20264,채널영남상주방송,언론사
20265,채널요가앤필,언론사
20266,채널인 ((주)채널인),언론사
20267,채널인뉴스,언론사
20268,채널제주 (주식회사퍼블릭웰),언론사
20269,채널퀸,언론사
20270,채널한국,언론사
20271,"채식,케톤식,단식,생물에너지 저널",언론사
20272,채식과 건강타임즈,언론사
20273,채식과 생명,언론사
20274,채식물결,언론사
20275,채움뉴스,언론사
20276,채움아트 매거진,언론사
20277,채움필라테스 미디어,언론사
20278,책과인생,언론사
20279,책노린책,언론사
20280,책보고,언론사
20281,책사랑신문 (한중일미디어 주식회사),언론사
20282,책이주는선물,언론사
20283,책친구,언론사
20284,챌린지뉴스,언론사
20285,챌비온뉴스 (주식회사 글로벌창업연구소),언론사
20286,챔프D (대원씨아이(주)),언론사
20287,챠트뉴스,언론사
20288,천년의길,언론사
20289,천도교신문,언론사
20290,천사교육,언론사
20291,천사뉴스 ((주)천사뉴스(1004news)),언론사
20292,천사생각 ((주)수호천사교육),언론사
20293,천안 평생교육원,언론사
20294,"천안TV (주식회사 씨에이미디어그룹(CA Media co., Ltd.))",언론사
20295,천안경제매거진,언론사
20296,천안곰곰이,언론사
20297,천안교차로,언론사
20298,천안뉴스가이드,언론사
20299,천안뉴스통신,언론사
20300,천안뉴스투데이,언론사
20301,천안데일리,언론사
20302,"천안맛집 (주식회사 씨에이미디어그룹(CA Media co., Ltd.))",언론사
20303,천안매거진,언론사
20304,천안매일신문 (주식회사 충남매일신문),언론사
20305,천안버섯 (천안버섯연구소주식회사),언론사
20306,천안복지뉴스 (주식회사 더베스트),언론사
20307,천안비즈니스매거진,언론사
20308,천안시니어신문,언론사
20309,천안시니어타임즈,언론사
20310,천안시대저널,언론사
20311,천안시민신문,언론사
20312,"천안신문 (주식회사 씨에이미디어그룹(CA Media co., Ltd.))",언론사
20313,천안아산뉴스,언론사
20314,천안아산다문화신문,언론사
20315,천안아산신문,언론사
20316,천안아산신문 (주식회사 천안아산신문),언론사
20317,"천안아산을 빛낸 사람들 (주식회사 씨에이미디어그룹(CA Media co., Ltd.))",언론사
20318,천안아산일보,언론사
20319,천안예술저널,언론사
20320,천안일보 (주식회사 언론홍보진흥원),언론사
20321,천안일보매거진,언론사
20322,천안타임즈,언론사
20323,천안톱뉴스저널,언론사
20324,천안포스트뉴스매거진,언론사
20325,천안프레스,언론사
20326,천우 메타버스 지구시장 한국학교,언론사
20327,천원의행복,언론사
20328,천지인 뉴스,언론사
20329,천지일보,언론사
20330,천지일보 (주식회사 천지일보),언론사
20331,천태금강 ((재)대한불교천태종),언론사
20332,천호i문화인터넷신문,언론사
20333,천호루카뉴스 (주식회사 루카325),언론사
20334,철강금속신문(STEEL&METAL NEWS) (에스앤엠미디어(주)),언론사
20335,철강신문,언론사
20336,철강정보원 (주식회사 철강정보원),언론사
20337,철구기술,언론사
20338,철도경제신문,언론사
20339,철도신문 (주식회사 한국철도신문사),언론사
20340,철도신호 (한국철도신호기술협회),언론사
20341,철도여행,언론사
20342,철원뉴스,언론사
20343,철원신문,언론사
20344,철원신문사,언론사
20345,철원인터넷뉴스,언론사
20346,철원일보,언론사
20347,철원화천포커스 ((주)철원포커스),언론사
20348,철학과현실,언론사
20349,첨단겨자씨뉴스,언론사
20350,첨단산업경제,언론사
20351,첨단스포츠센타 회보 (유한회사 첨단스포츠센타),언론사
20352,첨단일보,언론사
20353,첨단톱뉴스,언론사
20354,첫 만남의 기쁨,언론사
20355,청계문학,언론사
20356,청꿈 (주식회사 청꿈),언론사
20357,청꿈희(청소년에게 꿈과 희망을) (사단법인 강원아동청소년드림센터),언론사
20358,청년,언론사
20359,청년 큐티인 (재단법인 큐티선교회),언론사
20360,청년POST (사회적협동조합 청년은광주),언론사
20361,청년in (주식회사 어반아이앤지),언론사
20362,청년경제신문 (주식회사 청년경제신문),언론사
20363,청년공감,언론사
20364,청년내일 ((주)필엔터테인먼트),언론사
20365,청년뉴스ON ((주)온비즈),언론사
20366,청년매일,언론사
20367,청년비전신문,언론사
20368,청년스케치 (주식회사 청년스케치인터넷신문),언론사
20369,청년신문,언론사
20370,청년의사 ((주)청년의사),언론사
20371,청년의사신문 ((주)청년의사),언론사
20372,청년의힘,언론사
20373,청년이음신문 (주식회사 이음연구소),언론사
20374,청년일보 ((주)팩트미디어),언론사
20375,청년창업신문,언론사
20376,청년투데이,언론사
20377,청년포커스,언론사
20378,청년후계농업신문 ((주)청년후계농업신문),언론사
20379,청도인터넷뉴스,언론사
20380,청도일보 (주식회사 청도일보),언론사
20381,청도투데이,언론사
20382,청도투데이 (주식회사 청도투데이),언론사
20383,청동시대,언론사
20384,청라지엥 (크리에이티브 공존(주)),언론사
20385,청명원,언론사
20386,청문회,언론사
20387,청색경제뉴스,언론사
20388,청색종이,언론사
20389,청소년 Companion 말씀함께,언론사
20390,청소년 기자단 '혜윰',언론사
20391,청소년 날마다 주님과,언론사
20392,청소년 슈퍼비전 신문사,언론사
20393,청소년 언론 청라온,언론사
20394,청소년 큐티인 (재단법인 큐티선교회),언론사
20395,청소년TV,언론사
20396,청소년경찰학교신문 ((주)한국방송미디어그룹),언론사
20397,청소년뉴스(YOUNGNEWS),언론사
20398,청소년뉴스스스로넷,언론사
20399,청소년문학,언론사
20400,청소년복지회보,언론사
20401,청소년상담복지신문,언론사
20402,청소년상담연구 (한국청소년상담복지개발원),언론사
20403,청소년의 힘을 위하여 (재단법인 예수그리스도후기성도교회),언론사
20404,청소년의햇살,언론사
20405,청소년이바라보는세상,언론사
20406,청소년인성신문 ((주)한국인성교육신문사),언론사
20407,청소년중독예방신문 (사단법인 청소년중독예방운동본부),언론사
20408,청소년타임스,언론사
20409,청소년푸른쉼터,언론사
20410,청소리,언론사
20411,청솔뉴스 (주식회사 청솔뉴스),언론사
20412,청송 인터넷 뉴스,언론사
20413,청송군민신문,언론사
20414,청송신문 (주식회사 청송신문),언론사
20415,청송영양신문 (청송영양신문 주식회사),언론사
20416,청송영양인터넷뉴스,언론사
20417,청송인터넷방송,언론사
20418,청송일보 ((주)경북지역신문),언론사
20419,청송자치신문 (주식회사 청송자치신문),언론사
20420,청아일보 ((주)청아일보),언론사
20421,청암,언론사
20422,청암예술평생교육,언론사
20423,청양 (주식회사 백제신문),언론사
20424,청양in(인),언론사
20425,청양뉴스,언론사
20426,청양신문,언론사
20427,"청양일보 (주식회사 씨에이미디어그룹(CA Media co., Ltd.))",언론사
20428,청연문화신문,언론사
20429,청옥문학,언론사
20430,청운령 회보,언론사
20431,청원닷컴,언론사
20432,청정뉴스,언론사
20433,청주 아트가이드-시방ART,언론사
20434,청주교차로 (주식회사 청주교차로),언론사
20435,청주뉴스,언론사
20436,청주닷컴,언론사
20437,청주반려동물뉴스,언론사
20438,청주신문,언론사
20439,청주일보 (주식회사 나인미디어),언론사
20440,청지기뉴스,언론사
20441,청춘,언론사
20442,청춘100세매거진,언론사
20443,청춘신문 (㈜청춘드림교육센터),언론사
20444,청춘저널 (주식회사 청춘저널),언론사
20445,청춘팔팔TV (사단법인 행복1프로나눔재단),언론사
20446,청풍명월정격시조,언론사
20447,청해진농수산신문 (유한회사 청해진신문),언론사
20448,청현,언론사
20449,체리뉴스 ((주)이멘스커뮤니케이션),언론사
20450,체리부로 소식,언론사
20451,체어맨(Chairman),언론사
20452,체육뉴스,언론사
20453,체육통합정보가이드북,언론사
20454,체육통합정보센터,언론사
20455,체인지라이프타임즈,언론사
20456,체크인뉴스,언론사
20457,체험코리아 (주식회사 체험타임즈),언론사
20458,초기 문해력 교육 (주식회사 우리교육),언론사
20459,초등N,언론사
20460,초록교육,언론사
20461,초록어린이신문,언론사
20462,초록우산하우스크리닝 매거진 ((주)초록우산하우스크리닝),언론사
20463,초우,언론사
20464,초이스경제 ((주)초이스경제),언론사
20465,초이스팜,언론사
20466,초장한마음,언론사
20467,초중고입시신문,언론사
20468,초중고입시신문. (한국학습코칭센터(주)),언론사
20469,초크포인트,언론사
20470,총신학보,언론사
20471,총지신문 (재단법인 불교총지종유지재단),언론사
20472,총회개혁공보,언론사
20473,총회개혁신문,언론사
20474,총회소식,언론사
20475,촬영감독,언론사
20476,최강경륜,언론사
20477,최고경영자 과정 저널,언론사
20478,최면심리통합신문,언론사
20479,최보식의 언론,언론사
20480,최신뉴스,언론사
20481,최신의학,언론사
20482,최정수한자속독뉴스,언론사
20483,추적사건25시 (스포츠닷컴(주)),언론사
20484,축구in,언론사
20485,축구산업신문 (케이스포컴퍼니 주식회사),언론사
20486,축구상식,언론사
20487,축산n환경 (주식회사 현대양계),언론사
20488,축산경제,언론사
20489,축산경제신문,언론사
20490,축산관측,언론사
20491,축산관측 육계,언론사
20492,축산보림,언론사
20493,축산신문 ((주)축산신문),언론사
20494,축산저널,언론사
20495,축산컨설턴트 (사)한국축산컨설팅협회),언론사
20496,축제,언론사
20497,축제뉴스 레알,언론사
20498,축제뉴스(페스티벌뉴스) (사단법인 한국관광문화발전연구소),언론사
20499,축제신문,언론사
20500,축제포커스 (주식회사 축제포커스),언론사
20501,춘천바둑,언론사
20502,춘천사람들 (춘천시민언론협동조합),언론사
20503,춘천신문 (주식회사 강원방송),언론사
20504,춘천인 (춘천문화원),언론사
20505,춘천투니몽,언론사
20506,춘천투니콜,언론사
20507,춘추대한문학,언론사
20508,춘추데일리,언론사
20509,출판과 문학,언론사
20510,출판교육문화뉴스,언론사
20511,출판그룹 샘문,언론사
20512,출판문화,언론사
20513,출판소식 (사단법인 한국기독교출판협회),언론사
20514,출판연구 ((재)한국출판연구소),언론사
20515,출판연구(웹진) ((재)한국출판연구소),언론사
20516,출판잡지연구 (사단법인 출판문화학회),언론사
20517,출판저널 (책문화네트워크 주식회사),언론사
20518,춤,언론사
20519,춤과사람들,언론사
20520,충남 in,언론사
20521,충남 농어민신문,언론사
20522,충남 문화재 뉴스,언론사
20523,충남24,언론사
20524,충남TV (주식회사 로컬그룹),언론사
20525,충남e뉴스,언론사
20526,충남경제 NEWS,언론사
20527,충남교육문화,언론사
20528,충남국가유공자저널,언론사
20529,충남내포뉴스 (주식회사 내포뉴스),언론사
20530,충남농어촌시대,언론사
20531,충남뉴스,언론사
20532,충남뉴스레터,언론사
20533,충남뉴스큐미디어(newsQmedia),언론사
20534,충남뉴스통신,언론사
20535,충남뉴스투데이 (충청뉴스투데이 주식회사),언론사
20536,충남뉴스티브이 (주식회사 충남뉴스티브이),언론사
20537,충남다문화저널,언론사
20538,충남대전소통투데이 (주식회사 충남대전소통투데이),언론사
20539,충남도민뉴스 (주식회사 우대토건),언론사
20540,충남도민신문 (주식회사 충남도민신문),언론사
20541,충남도민일보,언론사
20542,충남마트저널 (승일미디어그룹 주식회사),언론사
20543,충남매일 (사단법인 산림환경포럼),언론사
20544,충남모바일방송(cmb news),언론사
20545,충남문학경영저널,언론사
20546,충남문화신문,언론사
20547,충남문화예술신문,언론사
20548,충남문화예술저널,언론사
20549,충남미래정책신문,언론사
20550,충남방송(CNNTV) (충남방송 주식회사),언론사
20551,충남복지문화신문,언론사
20552,충남복지케어뉴스,언론사
20553,충남비즈,언론사
20554,충남세계타임즈 (주식회사 세계타임즈),언론사
20555,충남소비자저널,언론사
20556,충남소상공인저널,언론사
20557,충남시대 (주식회사 충남시대),언론사
20558,충남시대 FORCE (주식회사 충남시대),언론사
20559,충남시대뉴스,언론사
20560,충남시민뉴스,언론사
20561,충남시사신문 (주식회사 충남시사신문),언론사
20562,충남신문 (주식회사 충남신문),언론사
20563,충남예술저널,언론사
20564,충남인뉴스,언론사
20565,충남인터넷뉴스,언론사
20566,충남인터넷방송.뉴스,언론사
20567,충남인포커스,언론사
20568,충남일보 (주식회사 충남일보),언론사
20569,충남일보 News (주식회사 충남일보사),언론사
20570,충남일보TV (주식회사 충남일보티브이),언론사
20571,충남장애인신문,언론사
20572,충남정치경제신문,언론사
20573,충남정치경제신문 (주식회사 충남정치경제신문사),언론사
20574,충남제일신문 (충남청소년문화예술제조직위원회 협동조합),언론사
20575,충남창업신문 (주식회사 창업경영신문사),언론사
20576,충남채널뉴스,언론사
20577,충남친환경저널,언론사
20578,충남타임즈 ((주)충남타임즈),언론사
20579,충남투데이,언론사
20580,충남팩트뉴스 (충남팩트뉴스 주식회사),언론사
20581,충남포스트,언론사
20582,충남포커스,언론사
20583,충남프라임뉴스,언론사
20584,충남하나뉴스,언론사
20585,충남환경신문 (사단법인 환경지킴이),언론사
20586,충무마당 (의료법인 영서의료재단),언론사
20587,충무사랑병원,언론사
20588,충무신문,언론사
20589,충북 Issue & Trend,언론사
20590,충북경제뉴스,언론사
20591,충북경제신문,언론사
20592,충북교육뉴스 ((주)청주드론교육원),언론사
20593,충북기자협회보,언론사
20594,충북넷 (주식회사 유비컴즈),언론사
20595,충북녹색뉴스 (충북녹색신문 주식회사),언론사
20596,충북뉴스 ((주)뉴스앤라이프),언론사
20597,충북뉴스투데이,언론사
20598,충북닷컴,언론사
20599,충북데일리,언론사
20600,충북도민일보 (주식회사 충청도민일보),언론사
20601,충북매일,언론사
20602,충북메이커스,언론사
20603,"충북민정일보(충북민정방송,충북민정뉴스,충북민정daily)",언론사
20604,충북복지신문,언론사
20605,충북브레이크뉴스 (주)충북브레이크뉴스),언론사
20606,충북사회복지 (사회복지법인충청북도사회복지협의회),언론사
20607,충북세계타임즈 (주식회사 세계타임즈),언론사
20608,충북신문,언론사
20609,충북인뉴스 ((주)충북인뉴스),언론사
20610,충북일보 ((주)충북일보),언론사
20611,충북정론,언론사
20612,충북참여자치시민연대 참여마당,언론사
20613,충북창업신문 (주식회사 창업경영신문사),언론사
20614,충북포스트 (주)창조커뮤니케이션즈),언론사
20615,충북희망지기 (주식회사 잡스),언론사
20616,충우곤충연구소,언론사
20617,충주 오늘의 뉴스 (사단법인 충주포럼),언론사
20618,충주교육문화신문 (유한회사 충주교육문화신문),언론사
20619,충주시민신문,언론사
20620,충주신문 (주식회사 충주신문),언론사
20621,충주일보 (주식회사 나인미디어),언론사
20622,충청 시민의소리,언론사
20623,충청24시뉴스,언론사
20624,충청25시,언론사
20625,충청TV,언론사
20626,충청i뉴스,언론사
20627,충청게릴라뉴스 (주식회사 충남일보),언론사
20628,충청경제뉴스,언론사
20629,충청경제신문,언론사
20630,충청경제일보 (주)충청경제일보),언론사
20631,충청공론,언론사
20632,충청광역신문,언론사
20633,충청교육신문 (주식회사 충청교육신문),언론사
20634,충청권뉴스,언론사
20635,충청기독타임즈,언론사
20636,충청뉴스 (주식회사 충청뉴스),언론사
20637,충청뉴스Q,언론사
20638,충청뉴스가이드,언론사
20639,충청뉴스라인,언론사
20640,충청뉴스룸,언론사
20641,충청뉴스통신,언론사
20642,충청뉴스피플,언론사
20643,충청대세뉴스(CDSNEWS),언론사
20644,충청데일리,언론사
20645,충청도민일보 (주식회사 충청도민일보),언론사
20646,충청라이프타임즈,언론사
20647,충청리뷰 (주식회사 충청리뷰사),언론사
20648,충청매거진,언론사
20649,충청매일 ((주)충청매일),언론사
20650,충청메시지,언론사
20651,충청메아리,언론사
20652,충청메트로,언론사
20653,충청문화,언론사
20654,충청문화플러스매거진,언론사
20655,충청미디어 (주식회사 충청미디어),언론사
20656,충청방송,언론사
20657,충청베스트뉴스,언론사
20658,충청비즈 (주식회사 충청비즈),언론사
20659,충청사랑 미디어 뉴스,언론사
20660,충청산업뉴스 (주식회사 충남산업기술교육원),언론사
20661,충청세종신문,언론사
20662,충청세종일보,언론사
20663,충청스포츠저널,언론사
20664,충청시대뉴스 ((주)양들의 평화),언론사
20665,충청시대저널,언론사
20666,충청시사신문(ncnnews),언론사
20667,충청신문 ((주)충청신문사),언론사
20668,충청아파트신문 (주식회사 에스솔루션),언론사
20669,충청엔뉴스,언론사
20670,충청온뉴스,언론사
20671,충청와이드뉴스,언론사
20672,충청의 오늘 ((주)충청의오늘),언론사
20673,충청의소리,언론사
20674,충청이슈,언론사
20675,충청인,언론사
20676,충청인뉴스 (충청인뉴스(주)),언론사
20677,충청인사이트,언론사
20678,충청인터넷신문 (주)충청인터넷신문),언론사
20679,충청일보 (주식회사 충청일보),언론사
20680,충청일보 (주식회사 충청일보재단),언론사
20681,충청저널,언론사
20682,충청제일뉴스,언론사
20683,충청종합신문,언론사
20684,충청중심뉴스,언론사
20685,충청중앙방송(주) (충남중앙방송(주)),언론사
20686,충청지역신문협회저널,언론사
20687,충청청소년신문,언론사
20688,충청타임즈 ((주)충청타임즈),언론사
20689,충청탑뉴스,언론사
20690,충청톱뉴스저널,언론사
20691,충청투데이 (주식회사 충청투데이),언론사
20692,충청퍼스트뉴스,언론사
20693,충청포스트 ((주)제이미디어),언론사
20694,충청포스트i,언론사
20695,충청포스트뉴스매거진,언론사
20696,충청포커스,언론사
20697,충청포커스 (주식회사 충청포커스),언론사
20698,충청핫이슈,언론사
20699,충청헤럴드 (주식회사 충청헤럴드),언론사
20700,충청환경경찰신문,언론사
20701,충효문화 ((사)충효국민운동본부),언론사
20702,충효예신문 ((주)충효예신문사),언론사
20703,취재N,언론사
20704,취재룸J,언론사
20705,취재파일,언론사
20706,취재편의점 ((주)시대상상),언론사
20707,취향관 (주식회사 킷스튜디오),언론사
20708,측량 (공간정보산업협회),언론사
20709,치과 임프란트,언론사
20710,치과계 (주식회사 치과계),언론사
20711,치과기보 (사)대한치과기공사협회),언론사
20712,치과뉴스 (주식회사 에스아이디에이(SIDA)),언론사
20713,치과신문,언론사
20714,치과위생사,언론사
20715,치과의사신문 ((주)덴탈저널),언론사
20716,치과임상,언론사
20717,치기공 회보,언론사
20718,치매신문 ((유)치매신문),언론사
20719,치악뉴스 (치악뉴스 주식회사),언론사
20720,치안경찰뉴스,언론사
20721,치안경찰신문,언론사
20722,치안뉴스,언론사
20723,치안뉴스코리아 ((사)치안문제연구소),언론사
20724,치안문제 ((사)치안문제연구소),언론사
20725,치안신문 ((주)치안신문),언론사
20726,치위협보·덴톡(Dentalk) ((사)대한치과위생사협회),언론사
20727,치유,언론사
20728,치유매거진(치유필라테스),언론사
20729,치유정원신문,언론사
20730,치의신보 (사단법인 대한치과의사협회),언론사
20731,친구들 (재단법인 예수그리스도후기성도교회),언론사
20732,친충청인,언론사
20733,친환경,언론사
20734,친환경 복지뉴스,언론사
20735,친환경 유기·농상품,언론사
20736,친환경녹색상품,언론사
20737,친환경농업 (사단법인 한국퇴비농업기술인협회),언론사
20738,친환경뉴스,언론사
20739,친환경매거진,언론사
20740,친환경신문,언론사
20741,친환경투데이 ((주)그린버스),언론사
20742,칠곡군민신문 (주식회사 뉴스코리아네트워크),언론사
20743,칠곡뉴스 (주식회사 칠곡뉴스),언론사
20744,칠곡신문 (칠곡신문방송사 주식회사),언론사
20745,칠곡인터넷뉴스,언론사
20746,칠곡투니콜,언론사
20747,칠드런빌리지 교육신문,언론사
20748,칠보산마을신문,언론사
20749,칠성고뉴스 (주식회사 칠성고뉴스),언론사
20750,칠성고라이프,언론사
20751,칠성고신문,언론사
20752,칩이그제큐티브(CHIEF EXECUTIVE) ((주)한국능률협회미디어),언론사
20753,칭찬메아리,언론사
20754,칭찬신문,언론사
20755,칭찬합시다,언론사
20756,칭찬합시다뉴스 한국방송,언론사
20757,카 악세서리 인 코리아(CAR ACCESSORIES IN KOREA),언론사
20758,카 오디오,언론사
20759,카 튜닝 앤 스포츠(Car Tuning & Sports) (주식회사 모터 매거진),언론사
20760,카가이 (주식회사 모빌리스타),언론사
20761,카구즈(Car Goods),언론사
20762,카누&카약 (사단법인 대한카누연맹),언론사
20763,카담매거진,언론사
20764,카드경제뉴스 ((주)오늘경제미디어),언론사
20765,카드나우코리아 ((주)카드나우코리아),언론사
20766,카드뉴스,언론사
20767,카드라이프뉴스 (주식회사 씨씨엠에스),언론사
20768,카리스타임즈,언론사
20769,카리포트,언론사
20770,카매거진(CAR MGZ),언론사
20771,카모드 (주식회사 카모드),언론사
20772,카미디어 ((주)카미디어),언론사
20773,카비전뉴스 ((주)자동차생활),언론사
20774,카액세서리(CAR ACCESSORY),언론사
20775,카앤모어 ((주)소셜뉴스),언론사
20776,카앤스포츠,언론사
20777,카엘엔씨(Car L&C) ((주)자동차엘엔씨),언론사
20778,카우니스저널(Kaunis Journal),언론사
20779,카운필라 마음건강 저널,언론사
20780,카이뉴스,언론사
20781,카이로스엔(Kairos N) ((주)카이로스엔),언론사
20782,카이로스타임스코리아 (카이로스타임스 주식회사),언론사
20783,카이로스타임즈(KAIROS TIMES) ((주)카이로스타임즈),언론사
20784,카이슈 (이슈미디어주식회사),언론사
20785,카이즈유 (주식회사 씨엘엠앤에스),언론사
20786,카지노 뉴스 (주식회사 씨더블유엠),언론사
20787,카카오타임즈,언론사
20788,카카오타임즈 경기 동남,언론사
20789,카카오타임즈 경기 동북,언론사
20790,카카오타임즈 경기 서남,언론사
20791,카카오타임즈 경남 동부,언론사
20792,카카오타임즈 경남 서부,언론사
20793,카카오타임즈 경북,언론사
20794,카카오타임즈 광주,언론사
20795,카카오타임즈 대구,언론사
20796,카카오타임즈 대전,언론사
20797,카카오타임즈 부산 동부,언론사
20798,카카오타임즈 부산 서부,언론사
20799,카카오타임즈 서울 동남,언론사
20800,카카오타임즈 서울 동북,언론사
20801,카카오타임즈 서울 서남,언론사
20802,카카오타임즈 서울 서북,언론사
20803,카카오타임즈 울산,언론사
20804,카카오타임즈 인천 남부,언론사
20805,카카오타임즈 인천 북부,언론사
20806,카카오타임즈 전남,언론사
20807,카카오타임즈 전북,언론사
20808,카카오타임즈 충남,언론사
20809,카카오타임즈 충북,언론사
20810,카카오팜 (주식회사 카카오팜스토리),언론사
20811,카컴매거진,언론사
20812,카타로스(katharos),언론사
20813,카타콤 소식,언론사
20814,카테크(CAR&TECH) (주식회사 카테크),언론사
20815,카톡신문,언론사
20816,카툰월드(Cartoon World),언론사
20817,카티클,언론사
20818,카파뉴스,언론사
20819,카페인 (주-벼리커뮤니케이션),언론사
20820,카페인(Cafe in) (주-벼리커뮤니케이션),언론사
20821,카페창업신문사,언론사
20822,카프레스 (주식회사 패스트랩스),언론사
20823,칸(KHARN),언론사
20824,칸중국(看中國) (칸중국(주)),언론사
20825,칸중국코리아(한국미디어),언론사
20826,칸쯔메 ((주)콕아트테크),언론사
20827,칼라밍(Columning) (칼라밍(주)),언론사
20828,칼리고앤파로스,언론사
20829,칼리끄(KALLIQ),언론사
20830,칼빈뉴스,언론사
20831,캐드앤그래픽스 (주식회사 이엔지미디어),언론사
20832,캐릭터 완구신문,언론사
20833,캐릭터 톡톡 (주식회사 뉴세션),언론사
20834,캐릭터뉴스 (주식회사 캐릭터뉴스),언론사
20835,캐릭터비즈 ((주)타이콘플래닝),언론사
20836,캐릿(Careet) ((주)대학내일),언론사
20837,캐비넷(CABINET),언론사
20838,캐비넷주니어(Cabinet Jr),언론사
20839,캐스팅뉴스 ((주)굿파커스),언론사
20840,캐어유 뉴스 (주식회사 캐어유),언론사
20841,캐츠미(CatsMe),언론사
20842,캐플경제 (주식회사 캐플),언론사
20843,캔두코리아,언론사
20844,캔디플라워 매거진,언론사
20845,캔서앤서(canceranswer) ((주)힐러넷),언론사
20846,캠버스 ((주)캠버스),언론사
20847,캠스콘(CAMSCON) (주식회사 캠스콘),언론사
20848,캠톡플레이 (주식회사 메이트메이커스),언론사
20849,캠톡플레이(웹진) (주식회사 메이트메이커스),언론사
20850,캠퍼스 오늘,언론사
20851,캠퍼스 임팩트,언론사
20852,캠퍼스동주,언론사
20853,캠퍼스라이프 ((주)한국대학신문사),언론사
20854,캠퍼스엔(campusn) ((주)캠퍼즈),언론사
20855,캠퍼스이슈(campus issue) (코리아타임스국제교류원(주)),언론사
20856,캠퍼스인사이트 ((주)홈앤리브),언론사
20857,캠퍼스저널,언론사
20858,캠퍼스투데이,언론사
20859,캠퍼스플레이 ((주)두리안서비스),언론사
20860,캠페인 인사이트 (주식회사 캠페인윅스),언론사
20861,캠프원 (캠프원코리아(주)),언론사
20862,캠핑저널,언론사
20863,캠핑타임즈,언론사
20864,캠핑투데이,언론사
20865,캣 포스트,언론사
20866,캣랩,언론사
20867,캣츠,언론사
20868,커:리어우먼매거진,언론사
20869,커넥터스 (주식회사 커넥터스컴퍼니),언론사
20870,커넥트 데일리(Connect Daily),언론사
20871,커런트 프랙티스 인 카디올로지(CURRENT PRACTICE IN CARDIOLOGY),언론사
20872,커리어 ((주)커리어),언론사
20873,커리어뉴스 (주식회사 커리어능력개발원),언론사
20874,커리어매거진 (사회적협동조합 별사탕학교),언론사
20875,커리어온뉴스,언론사
20876,커리어타임즈 ((주)지에이치알),언론사
20877,커리어포스트 (주식회사 커리어랩스),언론사
20878,커리어허브미디어 ((주)커리어허브),언론사
20879,커머스뉴스,언론사
20880,커머스온,언론사
20881,커머스타임즈 (주식회사 어퍼클래스),언론사
20882,커머스투데이,언론사
20883,커머스투데이 (주식회사 지티엘),언론사
20884,커뮤니케이션,언론사
20885,커뮤니티가든,언론사
20886,커뮤니티온 ((주)평생학습온),언론사
20887,커밍브랜드 (주식회사 이지스비즈),언론사
20888,커밍스(cummins) (주식회사 서울베이스),언론사
20889,커버스토리 (커버스토리 주식회사),언론사
20890,커브스 매거진 ((주)커브스코리아),언론사
20891,커스티 뉴스 ((주)커스티),언론사
20892,커스프맵 (주식회사 로테이션),언론사
20893,커피길드(Coffee Guild) (주식회사 엘케이트레이딩),언론사
20894,커피뉴스,언론사
20895,커피소식 ((주)아이윌에듀),언론사
20896,커피스페이스(coffeespace) (사단법인 한국커피연합회),언론사
20897,커피신문,언론사
20898,커피앤트랜드(COFFEE & TREND),언론사
20899,커피앤티(Coffee & Tea),언론사
20900,커피여행,언론사
20901,커피타임즈,언론사
20902,커피해럴드신문사,언론사
20903,커피헌터,언론사
20904,컨설팅타임즈 ((사)한국컨설팅산업협회),언론사
20905,컨슈머나우 ((주)컨슈머나우),언론사
20906,컨슈머뉴스(CONSUMERNEWS) (주식회사 씨앤씨미디어그룹),언론사
20907,컨슈머뉴스(CONSUMERNEWS) (주식회사 컨슈머뉴스),언론사
20908,컨슈머데이터뉴스,언론사
20909,컨슈머데일리 ((주)한국소비자평가),언론사
20910,컨슈머저널,언론사
20911,컨슈머타임스(Consumertimes) ((주)컨슈머타임스),언론사
20912,컨슈머투데이 (주식회사 파워엠엔터테인먼트),언론사
20913,컨슈머포스트(consumerpost),언론사
20914,컨택저널(Contact Journal) ((사)한국컨택센터산업협회),언론사
20915,컨템플레이티브,언론사
20916,컨트롤 매거진 (주식회사 컨트롤코퍼레이션),언론사
20917,컬러인사이트 (주식회사 한국패션심리연구원),언론사
20918,컬러포커스,언론사
20919,컬럼버스,언론사
20920,컬렉션(COLLECTION),언론사
20921,컬처램프,언론사
20922,컬처앤뉴스 ((주)라인컬처),언론사
20923,컬처앤라이프,언론사
20924,컬처윈도우 문화의창,언론사
20925,컬처인 (사단법인 한국예술경영협회),언론사
20926,컬처인사이드,언론사
20927,컬처인아시아,언론사
20928,컬처제주,언론사
20929,컬처타임즈 (주식회사 컬처타임즈),언론사
20930,컬처플러스뉴스,언론사
20931,컬처피플,언론사
20932,컬쳐리더(HKN),언론사
20933,컬쳐매거진,언론사
20934,컬쳐미디어,언론사
20935,컬쳐앤월드 (컬쳐앤월드),언론사
20936,컬쳐앤피플(Culture & People),언론사
20937,컬쳐인사이드 ((주)에이치아이코리아위즈),언론사
20938,컬쳐인시흥,언론사
20939,컬쳐플러스뉴스 ((주)컬쳐엔),언론사
20940,컬츠GB신문(Culture Gyeongbuk),언론사
20941,컬컴건대 (주식회사 컬컴건대점),언론사
20942,컬컴동성로 (주식회사 컬컴대구점),언론사
20943,컬컴일본어미디어 (주식회사 컬컴일본어회화대구점),언론사
20944,컬피뉴스,언론사
20945,컴앤캐스트 ((주)컴앤스테이),언론사
20946,컴페어뉴스,언론사
20947,컴퓨터월드,언론사
20948,컴퓨터인 (한국컴퓨터소프트웨어판매업협동조합),언론사
20949,컴퓨터타임즈,언론사
20950,컵뉴스,언론사
20951,컷저널,언론사
20952,컷타임즈 부평점,언론사
20953,컷타임즈 청라점 (주식회사 컷타임즈),언론사
20954,컷타임즈금호점,언론사
20955,케나프데일리,언론사
20956,케네디포럼뉴스 ((주)코엑스비즈),언론사
20957,케미워드,언론사
20958,케미컬투데이_Chemical Today (아이유뉴스(주)),언론사
20959,케시엔 방송 (한국요양신문 주식회사),언론사
20960,케어뉴스,언론사
20961,케어복지신문 (주식회사 비젼엔케어),언론사
20962,케어포스트 마포합정,언론사
20963,케어포스트 세종,언론사
20964,케이 닉스(KNICKS),언론사
20965,케이 방역,언론사
20966,케이 오토 뉴스,언론사
20967,케이(K)미라클 복지신문,언론사
20968,케이경제,언론사
20969,케이관광일보(K관광일보),언론사
20970,케이글로벌미디어 (주식회사 케이글로벌미디어센터),언론사
20971,케이글로벌타임스 ((주)코글로닷컴),언론사
20972,케이글로컬신문,언론사
20973,케이뉴스 (고려씨엘에이 주식회사),언론사
20974,케이뉴스네트워크(Korea News Network) ((유)한국이민비자센터),언론사
20975,케이뉴스통신 ((주)케이뉴스통신),언론사
20976,케이더블유 페스티발(kw festival) ((주)참살이),언론사
20977,케이데일리,언론사
20978,케이로그 뉴스,언론사
20979,케이론,언론사
20980,케이매거진(K-MAGAZINE),언론사
20981,케이머그(KMUG),언론사
20982,케이메디컬뉴스 (주식회사 빛나는의사들),언론사
20983,케이물빛 ((주)케이미라클),언론사
20984,케이미디어뉴스,언론사
20985,케이미디어타임즈,언론사
20986,케이박스티브이(kboxtv) ((주)빅브라더스케이),언론사
20987,케이부동산뉴스,언론사
20988,케이뷰티 ((주)케이패스미디어그룹),언론사
20989,케이비즈타임즈 (주식회사 비즈파트너즈),언론사
20990,케이비타임즈(KB TIMES) ((주)한국기업타임즈),언론사
20991,케이스냅(K-Snapp) ((주)헥토미디어),언론사
20992,케이스타뉴스 ((주)아이에이치큐),언론사
20993,케이스타앤뉴스(KstarN news),언론사
20994,케이스타일,언론사
20995,케이스타일서울(K-Style Seoul) (주식회사 디사이트),언론사
20996,케이스타즈 ((주)케이스타미디어),언론사
20997,케이시사타임즈,언론사
20998,케이씨에스뉴스,언론사
20999,케이씨엠투데이(KCM Today),언론사
21000,케이씨이엠타임즈,언론사
21001,케이아이이뉴스 ((주)케이아이이뉴스),언론사
21002,케이앤 뉴스(KN NEWS) ((주)커리어앤스카우트),언론사
21003,케이앤그룹 ((주)맥스무비),언론사
21004,케이앤에이25(KNA25) ((주)케이앤에이),언론사
21005,케이에스아이(KSI) ((주)팝크리에이션),언론사
21006,케이에스피뉴스(kspnews) (주식회사 케이에스피뉴스),언론사
21007,케이에스피엔 아이사커(KSPN.I SOCCER),언론사
21008,케이엔 뉴스(K-en news) (미디어에이치케이 주식회사),언론사
21009,케이엔비티뷔 (주식회사케이엔비미디어),언론사
21010,케이엔에스매거진,언론사
21011,케이엔에스타임즈,언론사
21012,케이엔연합뉴스,언론사
21013,케이엠뉴스 ((주)케이엠뉴스),언론사
21014,케이워크인포,언론사
21015,케이원뉴스 (키컨설팅(주)),언론사
21016,케이위더스뉴스 (케이위더스(주)),언론사
21017,케이인사이드,언론사
21018,케이저널,언론사
21019,케이차트뉴스,언론사
21020,케이컨슈머리포트(K-consumer report) ((주)코리아씨에스평가원),언론사
21021,케이컨슈머리포트(k-consumer report),언론사
21022,케이컬처(kculture) (주식회사 담화미디어그룹),언론사
21023,케이컬처뉴스,언론사
21024,케이컬처뉴스(K-Culture News),언론사
21025,케이코리아타임즈 (주식회사 에이아이컴퍼니),언론사
21026,케이콘텐츠타임즈 (케이콘텐츠그룹 주식회사),언론사
21027,케이큐뉴스 (케이큐뉴스 주식회사),언론사
21028,케이크오브제,언론사
21029,케이키즈뉴스(k-kidsnews) (주식회사 랄라컬쳐클럽),언론사
21030,케이타임즈(Ktimes),언론사
21031,케이투데이,언론사
21032,케이툰(KTOON),언론사
21033,케이팝 스타즈 (주식회사 인애),언론사
21034,케이팝(K-POP),언론사
21035,케이팝라이브,언론사
21036,케이팝라인 (주식회사 엑스포츠미디어),언론사
21037,케이팝스타(KPOP Star) ((주)뉴스코드),언론사
21038,케이팝타임즈(K-POP TIMES) (케이팝서포터즈 협동조합),언론사
21039,케이팩트 (주식회사 스윙커뮤니케이션),언론사
21040,케이팬덤타임즈,언론사
21041,케이펀딩뉴스 (주식회사 한민일보),언론사
21042,케이펫뉴스,언론사
21043,케이펫케어뉴스(반려동물뉴스) (주식회사 라함),언론사
21044,케이푸드뉴스,언론사
21045,케이피매거진(KPMAGAZINE),언론사
21046,케이피씨에이 매거진(KPCA MAGAZINE) ((사)한국피시비및반도체패키징산업협회),언론사
21047,케이피플뉴스,언론사
21048,케이힐링뉴스,언론사
21049,켐로커스 ((주)화학경제연구원),언론사
21050,켑뉴스 (켑뉴스 주식회사),언론사
21051,코기토(cogito),언론사
21052,코나스(Konas) (대한민국재향군인회),언론사
21053,코닉스 매거진,언론사
21054,코다&스테이지,언론사
21055,코데일리,언론사
21056,코드(code),언론사
21057,코드뉴스,언론사
21058,코드니스 미디어,언론사
21059,코드니스광주미디어,언론사
21060,코드씨뉴스 (주식회사 비즈),언론사
21061,코딧(KODIT)뉴스레터 (신용보증기금),언론사
21062,코라시아(KORASIA) ((주)한국경제지능연구소),언론사
21063,코라일보,언론사
21064,코람데오닷컴,언론사
21065,코러스(Chorus),언론사
21066,코레오 뉴스 ((주)코레오),언론사
21067,코로나19 진상규명,언론사
21068,코리아 1,언론사
21069,코리아 1 목포방송,언론사
21070,코리아 1 전남방송,언론사
21071,코리아 뉴스타임즈(Korea News Times),언론사
21072,코리아 뉴스팩토리,언론사
21073,코리아 레지스트리,언론사
21074,코리아 메디칼 투어 (주식회사 글로벌의료관광평가원),언론사
21075,코리아 아트 가이드,언론사
21076,코리아 애드 타임즈(KOREA-AD TIMES),언론사
21077,코리아 어린이 재단,언론사
21078,코리아 연예뉴스,언론사
21079,코리아 원데이 뉴스,언론사
21080,코리아 이슈 타임즈,언론사
21081,코리아 이슈앤 뉴스,언론사
21082,코리아 이슈저널,언론사
21083,코리아 이코노미 뉴스,언론사
21084,코리아 인뉴스 ((주)인뉴스),언론사
21085,코리아 트레이드지(Korea Trade) ((주)트레이드월드),언론사
21086,코리아 파이낸셜리뷰 (한국크라우드펀딩사업협동조합),언론사
21087,코리아 포워더 타임즈,언론사
21088,코리아 히스토리 타임스 (조선사 주식회사),언론사
21089,코리아1광주방송,언론사
21090,코리아21뉴스,언론사
21091,코리아25,언론사
21092,코리아AI리더스,언론사
21093,코리아NEWS,언론사
21094,코리아가이더 (주식회사 투에스제이),언론사
21095,코리아건축신문 (주식회사 더로스),언론사
21096,코리아경영뉴스 ((주)웹플래너),언론사
21097,코리아경제,언론사
21098,코리아경제 ((주)코리아경제신문),언론사
21099,코리아경제TV,언론사
21100,코리아교육인터넷신문 (주식회사 코리아에듀케이션),언론사
21101,코리아노믹스(koreanomics),언론사
21102,코리아뉴스,언론사
21103,코리아뉴스24(한국뉴스24),언론사
21104,코리아뉴스25시,언론사
21105,코리아뉴스닷컴 (코리아뉴스닷컴 주식회사),언론사
21106,코리아뉴스랩(KOREANEWSLAB) ((주)레퍼런스랩),언론사
21107,코리아뉴스미디어,언론사
21108,코리아뉴스업데이트 (주식회사 컬컴서면일본어중국어),언론사
21109,코리아뉴스타임 ((주)코리아뉴스타임),언론사
21110,코리아뉴스투데이,언론사
21111,코리아뉴스포유 (에스엠마스터(주)),언론사
21112,코리아뉴스플러스,언론사
21113,코리아닷컴,언론사
21114,코리아데일리 ((주)투데이스포츠),언론사
21115,코리아드론매거진 (코리아드론매거진 유한회사),언론사
21116,코리아드림뉴스,언론사
21117,코리아라이프뉴스,언론사
21118,코리아라이프타임즈,언론사
21119,코리아레이버리뷰,언론사
21120,코리아로컬뉴스 ((주)코리아로컬뉴스),언론사
21121,코리아리포스트,언론사
21122,코리아리포트 ((주)미디어뱅컴퍼니),언론사
21123,코리아매거진,언론사
21124,코리아매니페스토매거진,언론사
21125,코리아매일 (주식회사 코리아매일),언론사
21126,코리아메타뉴스 ((주)세븐씨티),언론사
21127,코리아모닝포스트,언론사
21128,코리아문학,언론사
21129,코리아문화스포츠저널,언론사
21130,코리아문화신문 ((주)코리아문화예술교육원),언론사
21131,코리아미디어,언론사
21132,코리아미디어뉴스 (주식회사 컬쳐컴플랙스평생교육원),언론사
21133,코리아미디어저널(KM journal),언론사
21134,코리아바이미 ((주)예스콜닷컴),언론사
21135,코리아방송,언론사
21136,코리아복지신문(Korea Welfare News) (주식회사 코리아복지신문(Korea Welfare News)),언론사
21137,코리아뷰,언론사
21138,코리아뷰티뉴스,언론사
21139,코리아브랜드뉴스,언론사
21140,코리아브리프(koreabrief) ((주)코리아브리프),언론사
21141,코리아브리핑 (주식회사 스타로니아아이퍼블릭),언론사
21142,코리아브릿지 ((주)한국미디어그룹),언론사
21143,코리아비전,언론사
21144,코리아비즈니스리뷰(Korea Business Review) ((주)코리아비즈니스리뷰),언론사
21145,코리아비즈데일리,언론사
21146,코리아스타트업포스트,언론사
21147,코리아스탠다드,언론사
21148,코리아스프린트,언론사
21149,코리아시사일보,언론사
21150,코리아시사통신,언론사
21151,코리아신문,언론사
21152,코리아실버타임즈 ((주)제디아),언론사
21153,코리아아그라푸드(Korea Agrafood) (한국농수산식품유통공사),언론사
21154,코리아아트뉴스(Korea Art News),언론사
21155,코리아안전뉴스 (코리아안전뉴스 유한회사),언론사
21156,코리아에코노믹레포트(Korea Economic Report),언론사
21157,코리아연예스포츠신문 (주식회사 와이케이물산),언론사
21158,코리아올타임스(koreaalltimes) (코리아올타임스 주식회사),언론사
21159,코리아요양간병매거진 ((주)대한뉴스),언론사
21160,코리아웨딩타임즈,언론사
21161,코리아위크(koreaweek),언론사
21162,코리아위클리,언론사
21163,코리아유비쿼터스타임즈,언론사
21164,코리아은경데일리,언론사
21165,코리아이글뉴스,언론사
21166,코리아익스포트(KOREA EXPORT) (주식회사 한국해외홍보),언론사
21167,코리아인경제신문,언론사
21168,코리아인사이트,언론사
21169,코리아인포(KOREA INFO),언론사
21170,코리아일보,언론사
21171,코리아저널,언론사
21172,코리아저널(Korea Journal) (재단법인 한국학중앙연구원),언론사
21173,코리아저널리즘 (코리아타임즈투데이(주)),언론사
21174,코리아정책저널,언론사
21175,코리아차이나타운뉴스,언론사
21176,코리아컬처 (주식회사 담화미디어그룹),언론사
21177,코리아타임뉴스(koreatimenews),언론사
21178,코리아타임즈,언론사
21179,코리아타임즈24,언론사
21180,코리아타임즈뉴스(Korea times news),언론사
21181,코리아토픽뉴스,언론사
21182,코리아투데이,언론사
21183,코리아투데이뉴스,언론사
21184,코리아트래블,언론사
21185,코리아트래블뉴스,언론사
21186,코리아트리뷴,언론사
21187,코리아패션뉴스(koreafashionnews) (주식회사 티아이엔뉴스),언론사
21188,코리아팩 프리뷰 (주식회사 포장산업),언론사
21189,코리아포스트(국문판) (주식회사 코리아포스트),언론사
21190,코리아포스트(한글판) 경제뉴스 ((주)코리아포스트한글판),언론사
21191,코리아포스트저널(Korea Post Journal) ((사)우정문화실천 시민연대),언론사
21192,코리아프라임뉴스,언론사
21193,코리아프레스 ((주)한국뉴스통신사),언론사
21194,코리아플러스 (주)코리아플러스),언론사
21195,코리아플러스TV ((주)코리아플러스),언론사
21196,코리아플러스방송 ((주)코리아플러스방송),언론사
21197,코리아피알 리뷰(Korea PR review) (서강엔터프라이즈(주)),언론사
21198,코리아피커(KoreaPicker) (주식회사 빅밸리),언론사
21199,코리아피플뉴스,언론사
21200,코리아피플연합뉴스,언론사
21201,코리아하이어에듀타임즈 (주식회사 제너럴이노베이션즈),언론사
21202,코리아핫뉴스(Koreahotnews),언론사
21203,코리아해피뉴스,언론사
21204,코리아헤럴드 ((주)헤럴드부산울산경남취재본부),언론사
21205,코리아헬스로그 ((주)예스헬스),언론사
21206,코리아홍보뉴스,언론사
21207,코리아후(KOREA WHO) ((주)비즈니스포스트),언론사
21208,코리아휴먼타임즈,언론사
21209,코리안 타임스 (주식회사 플러스코리아),언론사
21210,코리안드림타임즈,언론사
21211,코리안드림타임즈(The Korean Dream Times),언론사
21212,코리안리터러처투데이(Korean Literature Today),언론사
21213,코리안메디뉴스(Korean Medi News),언론사
21214,코리안뱅가드 (유한회사 창성),언론사
21215,코리안주얼리,언론사
21216,코리안투데이 강북,언론사
21217,코리안투데이 강서,언론사
21218,코리안투데이 경기하남,언론사
21219,코리안투데이 관악,언론사
21220,코리안투데이 광진,언론사
21221,코리안투데이 구로,언론사
21222,코리안투데이 군산,언론사
21223,코리안투데이 군포의왕,언론사
21224,코리안투데이 글로벌(The Korean Today Global) ((주)스마일스토리),언론사
21225,코리안투데이 대전동부,언론사
21226,코리안투데이 동대문,언론사
21227,코리안투데이 송파,언론사
21228,코리안투데이 수원,언론사
21229,코리안투데이 안성,언론사
21230,코리안투데이 울산강남,언론사
21231,코리안투데이 원주,언론사
21232,코리안투데이 은평,언론사
21233,코리안투데이 인천남부,언론사
21234,코리안투데이 인천동부,언론사
21235,코리안투데이 전주,언론사
21236,코리안투데이 종로,언론사
21237,코리안투데이 중구,언론사
21238,코리안투데이 중랑,언론사
21239,코리안투데이 창녕,언론사
21240,코리안투데이 천안아산,언론사
21241,코리안투데이 포항,언론사
21242,코리안투데이(The Korean Today) ((주)스마일스토리),언론사
21243,코리안투데이강화,언론사
21244,코리안투데이울산강북,언론사
21245,코리안포스트 ((주)지비아이),언론사
21246,코리안포털뉴스,언론사
21247,코리언뉴스통신사헤드라인NEWS,언론사
21248,코리언저널,언론사
21249,코마당뉴스 (유한회사 코마당),언론사
21250,코메디닷컴(kormedi.com) (주식회사 코리아메디케어),언론사
21251,코믹챔프 (대원씨아이(주)),언론사
21252,코바뉴스 (주식회사 니스마케팅),언론사
21253,코쉽(KOR SHIP),언론사
21254,코스메틱 매니아 뉴스(Cosmetic Mania News) ((주)주간신문씨엠엔),언론사
21255,코스메틱 인사이트 (주식회사 코스인),언론사
21256,코스메틱 저널 코리아 (COSMETIC JOURNAL KOREA) (주식회사 코스인),언론사
21257,코스모닝 ((주)케이비엠),언론사
21258,코스모닝(cosmorning) ((주)케이비엠),언론사
21259,코스모스 타임즈(Cosmos Times) (위더코스모스(주)),언론사
21260,코스모폴리탄(COSMOPOLITAN),언론사
21261,코스미안뉴스,언론사
21262,코스인코리아닷컴 (주식회사 코스인),언론사
21263,코아 (주식회사 눕티아),언론사
21264,코아뉴스 (부림코아(주)),언론사
21265,코아랩 AI 뉴스(COALAB AI NEWS),언론사
21266,코아르,언론사
21267,코아스포라,언론사
21268,코아타임즈,언론사
21269,코어그램(coregram),언론사
21270,코어나인뉴스,언론사
21271,코어뉴스 (빅트론(주)),언론사
21272,코어시큐리티뉴스 ((주)코어시큐리티),언론사
21273,코어앤핏 미디어,언론사
21274,코어핏매스컴 (코어핏파트너스(주)),언론사
21275,코이민-뉴스,언론사
21276,코인,언론사
21277,코인뉴스기사닷컴,언론사
21278,코인뉴스코리아,언론사
21279,코인데스크코리아(coindeskkorea) (이십이세기미디어(주)),언론사
21280,코인디코드 ((주)에프디인터내셔널),언론사
21281,코인딱 (주식회사 마터스),언론사
21282,코인리더스 ((주)이앤씨네트웍스),언론사
21283,코인스토리(coinstory) ((주)한국블록체인뉴스),언론사
21284,코인업 매거진 (더초이스에듀 주식회사),언론사
21285,코인원 (베러나잇 주식회사),언론사
21286,코인크레더블,언론사
21287,코인톡 (게임톡(주)),언론사
21288,코인투데이 (주식회사 에이비비),언론사
21289,코인허브코리아 (주식회사 코인허브코리아),언론사
21290,코지팝 (주식회사 링크식스),언론사
21291,코코리 매거진 (주식회사 코코리색채연구서),언론사
21292,코코타임즈(COCOTimes) (주식회사 엠비씨이코노미),언론사
21293,코트워치,언론사
21294,코페경영정보,언론사
21295,코헴 (사회복지법인 한국혈우재단),언론사
21296,콕TV뉴스 (콕티비뉴스 주식회사),언론사
21297,콕스뉴스 (주식회사 콕스뉴스),언론사
21298,콘브리오,언론사
21299,콘에어뉴스(konair news),언론사
21300,콘테스트,언론사
21301,콘텐츠 토픽,언론사
21302,콘텐츠뉘우스,언론사
21303,콘텐츠닷,언론사
21304,콘텐츠산업신문,언론사
21305,콘텐츠일보,언론사
21306,콘텐츠코리아,언론사
21307,콘티비충남방송,언론사
21308,콜뉴스,언론사
21309,콜드체인 인사이트(Cold Chain Insight),언론사
21310,콜드체인뉴스,언론사
21311,콜드체인비즈,언론사
21312,콜라보뉴스 ((주)콜라보클럽),언론사
21313,콜렉터블(Collectable) (주식회사 전략마케팅네트워크),언론사
21314,콜박사,언론사
21315,콩나물신문 (콩나물신문협동조합),언론사
21316,콰이어&오르간(Choir & Organ) ((주)중앙아트 제이앤에이뮤직),언론사
21317,쿄로쿄로,언론사
21318,쿠거(COUGAR) ((주)안강미디어),언론사
21319,쿠스타뉴스,언론사
21320,쿠켄 ((주)미디어컴퍼니쿠켄),언론사
21321,쿠쿠쿠뉴스,언론사
21322,쿠키뉴스 (쿠키미디어(주)),언론사
21323,쿠키뉴스전북 (주식회사 쿠키뉴스전북),언론사
21324,쿠키메디 (쿠키미디어(주)),언론사
21325,쿠킹뉴스 cookingnews,언론사
21326,쿡24뉴스 (주식회사 드림앤위드평생교육원),언론사
21327,쿡앤쉐프푸드(COOK & CHEF FOOD) (사단법인)한국조리사회중앙회),언론사
21328,쿨리닉미디어 (주식회사 프리즈),언론사
21329,쿨미디어,언론사
21330,쿨투라(Cultura),언론사
21331,퀴즈 스타트 트웬티투 (세일포커스 주식회사),언론사
21332,퀸뉴스(강남),언론사
21333,퀸즈 매거진 뉴스,언론사
21334,퀸즈필드,언론사
21335,퀸즈필라테스 타임즈,언론사
21336,퀸테센스(Quintessence) (한국퀸테센스출판(주)),언론사
21337,퀸포스트,언론사
21338,퀼트매거진(Quilt magazine),언론사
21339,퀼트엣진(Quilt at zine),언론사
21340,큐(Q),언론사
21341,큐브 더 인천만수 뉴스,언론사
21342,큐스포츠,언론사
21343,큐스포츠뉴스,언론사
21344,큐어MR뉴스,언론사
21345,큐타임즈,언론사
21346,큐택스 세무회계소식,언론사
21347,큐티앤,언론사
21348,큐티인 (재단법인 큐티선교회),언론사
21349,큐티진,언론사
21350,큐티키즈,언론사
21351,큐티프렌즈(QT FRIENDS),언론사
21352,큐티하니,언론사
21353,큐틴,언론사
21354,큐피트에스떼(Q feet AESTHETE),언론사
21355,크닥뉴스 (주식회사 크닥),언론사
21356,크라우드라이프(crowdlife),언론사
21357,크레이지 자이언트,언론사
21358,크레인,언론사
21359,크로노스 (주식회사 시공사),언론사
21360,크로바경마종합예상지,언론사
21361,크로스뉴스,언론사
21362,크루즈매거진 (주식회사 미디어라이프),언론사
21363,크루즈트래블러,언론사
21364,크리스(KRISS),언론사
21365,크리스미디어 (주식회사 크리스컴퍼니),언론사
21366,크리스찬 뉴스 (더씨엔지 주식회사),언론사
21367,크리스찬 미디어,언론사
21368,크리스찬 포토저널,언론사
21369,크리스찬IN,언론사
21370,크리스찬리더(Christian Leader),언론사
21371,크리스찬타임스,언론사
21372,크리스찬타임즈(Christian Times) (주식회사 한국기독교신문사),언론사
21373,크리스찬트리뷴,언론사
21374,크리스채너티투데이(Christianity Today)한국판 ((주)기독교미디어그룹),언론사
21375,크리스챤 타임,언론사
21376,크리스챤뉴스와이즈 (사단법인 전국장로회총연합회),언론사
21377,크리스챤문학,언론사
21378,크리스챤신문,언론사
21379,크리스챤연합신문,언론사
21380,크리스챤월드리뷰 (주식회사 그신문더미션),언론사
21381,크리스챤투데이코리아,언론사
21382,크리스챤한국,언론사
21383,크리스천 문학나무,언론사
21384,크리스천 월광,언론사
21385,크리스천 이슈,언론사
21386,크리스천21세기,언론사
21387,크리스천경남,언론사
21388,크리스천노컷(CHRISTIAN 노컷) (주식회사 씨비에스미디어캐스트),언론사
21389,크리스천뉴스,언론사
21390,크리스천라이프,언론사
21391,크리스천매거진뉴스,언론사
21392,크리스천설교신문,언론사
21393,크리스천신문,언론사
21394,크리스천연합뉴스,언론사
21395,크리스천월드,언론사
21396,크리스천인사이드,언론사
21397,크리스천투데이,언론사
21398,크리스천투데이 ((주)크리스천투데이),언론사
21399,크리스천포커스,언론사
21400,크리스천포커스Christian Focus,언론사
21401,크리스천헤럴드,언론사
21402,크리스쳔 선교방송(JBSTV),언론사
21403,크리에이터데일리,언론사
21404,크리에이터스투데이 (주식회사 로프트아일랜드),언론사
21405,크리에이터저널 (주식회사 미디어인베스트),언론사
21406,크리에이티브뉴스투데이 (주식회사 로프트아일랜드(지점 2관)),언론사
21407,크리에이티브이코노미 ((주)지움홀딩스),언론사
21408,크리에잇,언론사
21409,크리티크M ((주)르몽드코리아),언론사
21410,크린이천뉴스,언론사
21411,크린인덱스 (유한회사 크린인덱스),언론사
21412,크립토스탁 (주식회사 서울경제티브이),언론사
21413,큰그릇,언론사
21414,큰글씨좋은생각 ((주)좋은생각사람들),언론사
21415,큰글자 복있는 사람,언론사
21416,큰숲맑은샘,언론사
21417,클라이밍,언론사
21418,클라이밍 매거진 베타,언론사
21419,클래스 에이원(Class A one) (에이원회원권거래소(주)),언론사
21420,클래시안,언론사
21421,클래시컬,언론사
21422,클래식비즈 ((주)클래식비즈),언론사
21423,클래식저널,언론사
21424,클래식타임즈,언론사
21425,클럽 리슈(Club Riche),언론사
21426,클럽 프리베(Club Priv'e),언론사
21427,클럽발코니 ((주)클럽발코니),언론사
21428,클럽에이스(Club ACE) (에이스회원권거래소(주)),언론사
21429,클럽케이피지에이(CLUB KPGA) ((주)서치애드),언론사
21430,클레버스 신문,언론사
21431,클로바필라테스 수원권선점 (클로바코퍼레이션(주) 수원권선점),언론사
21432,클로바필라테스 안산고잔점 매거진 (클로바코퍼레이션(주)(안산고잔점)),언론사
21433,클로바필라테스 화서점 (클로바코퍼레이션(주)),언론사
21434,클로에 북가좌뉴스,언론사
21435,클로에 솔샘뉴스,언론사
21436,클로에신매뉴스,언론사
21437,클로즈업！내고향 ((주)한국언론인후원기금),언론사
21438,클리닉저널,언론사
21439,클리어에스테틱,언론사
21440,클리프,언론사
21441,클릭뉴스,언론사
21442,클릭투데이,언론사
21443,클릭평택,언론사
21444,클린라이프뉴스,언론사
21445,클린스프링,언론사
21446,클린워크포스트,언론사
21447,클린콘텐츠,언론사
21448,클픽뉴스,언론사
21449,키네마인저널 (주식회사 사랑의푸시핀),언론사
21450,키닥터 ((주)키닥터),언론사
21451,키버필라테스 1호뉴스,언론사
21452,키버필라테스뉴스,언론사
21453,키스매거진코리아(KISS MAGAZINE KOREA) (주식회사 키스매거진코리아),언론사
21454,키워드 트렌드,언론사
21455,키워드뉴스,언론사
21456,키즈로(kidz-ro),언론사
21457,키즈마인드 ((주)기쁜소식사),언론사
21458,키즈맘 (주식회사 키즈맘),언론사
21459,키즈맘교육 (키즈맘평생교육원(주)),언론사
21460,키즈미디어 (꼬망샘평생교육원(주)),언론사
21461,키즈보물섬,언론사
21462,키즈셀럽,언론사
21463,키즈에듀 ((주)키즈에듀),언론사
21464,키즈타임즈 ((주)타임즈코어),언론사
21465,키즈타임즈(The Kids Times) ((주)타임즈코어),언론사
21466,키친앤리빙 ((사)한국주방생활용품진흥협회),언론사
21467,키파(KIPA)저널 (사단법인 독립제작사협회),언론사
21468,키포스트(Korea Industry POST) ((주)키미디어),언론사
21469,킨더 타임즈 ((주)타임즈코어),언론사
21470,킨더타임즈(The Kinder Times) ((주)타임즈코어),언론사
21471,킨더하임,언론사
21472,"킴스,동아아트홀공연소식지",언론사
21473,킴스매거진,언론사
21474,킹덤인사이트 (주식회사 킹덤인사이트),언론사
21475,킹스맨매거진 (주식회사 엠커넥티드),언론사
21476,타운비즈,언론사
21477,타운즈뉴스 ((주)타운즈),언론사
21478,타운페이지 경북전화번호부,언론사
21479,타운페이지 전남전화번호부 ((주)서울디지털신문사),언론사
21480,타운홀 (주식회사 어셈블리랩),언론사
21481,타워필라테스저널,언론사
21482,타워헬스,언론사
21483,타이어연구소 매거진,언론사
21484,타이젬 ((주)컴투스타이젬),언론사
21485,타이쿤엠(Tycoon M) ((주)타이쿤미디어),언론사
21486,타이쿤포스트 ((주)타이쿤미디어),언론사
21487,타이탄신문 ((주)타이탄컴퍼니),언론사
21488,타임경제,언론사
21489,타임뉴스,언론사
21490,타임뉴스 (주식회사 타임뉴스),언론사
21491,타임아시아뉴스,언론사
21492,타임아시아뉴스 (주식회사 타임아시아그룹),언론사
21493,타임오브카이로스,언론사
21494,타임즈,언론사
21495,타임즈 클래스,언론사
21496,타임즈뉴스,언론사
21497,타임즈이코노믹,언론사
21498,타임즈창원,언론사
21499,타임즈코리아(The Times of Korea,언론사
21500,타임즈투데이 (메디비즈솔루션(주)),언론사
21501,타임컷뉴스 (주식회사 아이엘라솔루션),언론사
21502,타임테니스 왕십리점,언론사
21503,타임테니스매거진,언론사
21504,타임포커스(TIME FOCUS),언론사
21505,타임피스 ((주)이코노빌),언론사
21506,타임흔적그리고기억,언론사
21507,타입필라테스송도2호점뉴스,언론사
21508,타입필라테스요가송도본점뉴스,언론사
21509,타키온뉴스,언론사
21510,타투 매거진 (주식회사 타투매거진),언론사
21511,타파인 (유한회사 섬진강언론문화원),언론사
21512,탁구,언론사
21513,탁월전자보(한국어판) (주식회사 엑설런트),언론사
21514,탄소중립뉴스,언론사
21515,탄소중립투데이 ((주)기후위기대응연구원),언론사
21516,탈모 NEWS (한국두피건강협회),언론사
21517,탈모매거진,언론사
21518,탈모인뉴스(TMI News),언론사
21519,탈북지식인들이 말하는 북녘마을,언론사
21520,탈핵신문 (탈핵신문미디어협동조합),언론사
21521,탐나미디어,언론사
21522,탐라경마,언론사
21523,탐라소통투데이 (주식회사 탐라소통투데이),언론사
21524,탐방뉴스TV,언론사
21525,탐사2580,언론사
21526,탐사뉴스 (한국자격관리진흥원 주식회사),언론사
21527,탐사보도 애니멀피플,언론사
21528,탐사보도24,언론사
21529,탐사보도838 (주식회사 탐사보도838),언론사
21530,탐사일보,언론사
21531,탐사저널 (주식회사 탐사미디어),언론사
21532,탐사저널온 (주식회사 열린공감티브이),언론사
21533,탐안문화뉴스 (탐안문화파크협동조합),언론사
21534,탐정 타임즈,언론사
21535,탐정데일리 (주식회사 탐정타임즈),언론사
21536,탐정신문,언론사
21537,탑 타임즈,언론사
21538,"탑(TOP) (주식회사 제이에스에스미디어(JSS MEDIA Co., Ltd.))",언론사
21539,탑21 타임즈,언론사
21540,탑골프(Topgolf),언론사
21541,탑골프비즈,언론사
21542,탑뉴스21,언론사
21543,탑뉴스투데이,언론사
21544,탑라이더,언론사
21545,탑매거진,언론사
21546,탑무비 (주식회사 블루와이드),언론사
21547,탑미디어,언론사
21548,탑스에듀타임즈,언론사
21549,탑원 다문화 모델클럽,언론사
21550,탑원 다문화 모델클럽 (사단법인 대한청소년문화체육진흥원),언론사
21551,탑원뉴스 (주식회사 에듀탑원),언론사
21552,탑저널 TV,언론사
21553,탑코리아신문 (유한회사 케이티피에이교육원),언론사
21554,탑클래스커피뉴스 (주식회사 새꿈),언론사
21555,탑테이블 ((주)탑테이블),언론사
21556,탑텐코리아(TOP 10 KOREA),언론사
21557,탑트렌드뉴스,언론사
21558,탑티어 뉴스(Top Tier News),언론사
21559,탑포커스,언론사
21560,태경일보,언론사
21561,태권 투게더,언론사
21562,태권도,언론사
21563,태권도 미디어,언론사
21564,태권도 투데이,언론사
21565,태권도데일리,언론사
21566,태권도선교신문,언론사
21567,태권도신문 (주식회사 태권도신문),언론사
21568,태권도전문방송(스포츠tv),언론사
21569,태권도채널 ((주)태권도방송),언론사
21570,태권도타임즈 (주식회사 태권도타임즈),언론사
21571,태권도투데이뉴스,언론사
21572,태권도피플 (재단법인 국기원),언론사
21573,태권라인 ((주)태권라인미디어),언론사
21574,태권문화 (사단법인 한국태권도 문화연구원),언론사
21575,태권박스미디어 ((주)태권박스미디어),언론사
21576,태권블록미디어,언론사
21577,태권산업신문 (주식회사 창업경영신문사),언론사
21578,태권쉽 (주식회사 더허브),언론사
21579,태권저널,언론사
21580,태권케이 미디어 (모빌리티코리아(주)),언론사
21581,태권투데이미디어,언론사
21582,태권헤럴드,언론사
21583,태그나인(Tag9) ((주)케이티지알지크리에이티브),언론사
21584,태그인사이트,언론사
21585,태극뉴스,언론사
21586,태백신문 (합자회사 태백신문),언론사
21587,태백정선인터넷뉴스,언론사
21588,태봉소리,언론사
21589,태산뉴스,언론사
21590,태안귀농귀촌신문 (사단법인 태안군귀농귀촌협의회),언론사
21591,태안남면수협소식 태안바다 (태안남면수산업협동조합),언론사
21592,태안문화,언론사
21593,태안미래신문 (주식회사 태안미래),언론사
21594,태안반도,언론사
21595,태안방송 (태안방송주식회사),언론사
21596,태안신문,언론사
21597,"태안일보 (주식회사 씨에이미디어그룹(CA Media co., Ltd.))",언론사
21598,태안타임즈,언론사
21599,태양광공사저널 (사단법인 한국태양광공사협회),언론사
21600,태양광신문,언론사
21601,태양미디어,언론사
21602,태양저널,언론사
21603,태희 (직지스퀘어 주식회사),언론사
21604,택견 (사)대한택견협회),언론사
21605,택배뉴스 (택배뉴스 주식회사),언론사
21606,택스가이드,언론사
21607,택스데일리 ((주)택스미디어),언론사
21608,택스매거진(TAX magazine) ((주)조세신보사),언론사
21609,택스앤타임즈 ((주)세무티브이),언론사
21610,택스워치 (주식회사 택스워치),언론사
21611,택시뉴스 (주식회사 애드플래닛커뮤니케이션),언론사
21612,탭뉴스 ((주)건훈),언론사
21613,탭트뉴스,언론사
21614,터,언론사
21615,터닝포인트,언론사
21616,터닝포인트짐 매거진 (주식회사 터닝포인트짐),언론사
21617,터닝헤드뉴스 (주식회사 터닝포인트짐),언론사
21618,터치매거진 (주식회사 서울미디어커뮤니케이션센터),언론사
21619,터치프레스위클리,언론사
21620,터탑스(THE TOPS) (스페이스홀(주)),언론사
21621,턴앤위드,언론사
21622,턴웨이(Turnway) ((주)턴웨이),언론사
21623,털실타래 (한즈미디어 주식회사),언론사
21624,털실타래 e-book (한즈미디어 주식회사),언론사
21625,테넌트뉴스,언론사
21626,테니스그라피(Tennisgraphy),언론사
21627,테니스데일리 (테니스데일리(주)),언론사
21628,테니스코리아 (사단법인 미디어윌스포츠),언론사
21629,테니스타임즈,언론사
21630,테니스피플 ((주)스포츠피플),언론사
21631,테라포스트,언론사
21632,테라피스트,언론사
21633,테레스미디어,언론사
21634,테마시사인사이드 ((주)시사인사이드),언론사
21635,테마토크 ((주)미디어테마),언론사
21636,테스터즈인사이트(Testers Insight),언론사
21637,테스트&메져먼트(Test&Measurement) (주식회사 컨버전스미디어),언론사
21638,테스트메이트(Testmate),언론사
21639,테슬라필라테스 매거진,언론사
21640,테이스티타임즈 ((주)한국외식산업연구소),언론사
21641,테일러피아 ((사)한국맞춤양복협회),언론사
21642,테크 포커스 Tech Focus (한국산업기술기획평가원),언론사
21643,테크노 리더스 다이제스트,언론사
21644,테크노아(TECHNOA),언론사
21645,테크뉴스,언론사
21646,테크데일리 (테크데일리 주식회사),언론사
21647,테크레시피 ((주)미디어레시피),언론사
21648,테크브루뉴스 (글로벌소프트웨어캠퍼스 주식회사),언론사
21649,테크수다 (주식회사테크수다),언론사
21650,테크월드,언론사
21651,테크타임즈(Tech Times),언론사
21652,테크프레스 (주식회사 패스트뷰),언론사
21653,테크홀릭 ((주)마니아스타일),언론사
21654,텍스트(TEXT),언론사
21655,텍스헤럴드 ((주)티에이치미디어),언론사
21656,텍톡(TECTOK) (주식회사 아이피어브로드),언론사
21657,텐스타(ten star),언론사
21658,텐아시아,언론사
21659,"텔레그래프코리아 (주식회사 텔레그래프코리아 (Telegraph Korea Co., Ltd.))",언론사
21660,텔레콤코리아(telecom Korea) (주식회사 컨버전스미디어),언론사
21661,템뉴스(TEMMNEWS),언론사
21662,토끼풀,언론사
21663,토닌 화서 뉴스,언론사
21664,토닌필라뉴스,언론사
21665,토마토 뉴스 (뉴스코리아 주식회사),언론사
21666,토목신문,언론사
21667,토비아,언론사
21668,토스 엔 밝은뉴스,언론사
21669,토스트디 (주식회사 디콘텐츠),언론사
21670,토요강동,언론사
21671,토요경제,언론사
21672,토요경제 ((주)토요경제신문),언론사
21673,토요신문,언론사
21674,토요저널,언론사
21675,토요저널 (주식회사 토요저널),언론사
21676,토요천안저널,언론사
21677,토이공감,언론사
21678,토이매거진,언론사
21679,토큰이코노미(Token Economy) ((주)올댓뉴스),언론사
21680,토큰증권 (주식회사 한국토큰증권센터),언론사
21681,토큰타임즈(Token times) (주식회사 셀러스토리),언론사
21682,토큰투데이 (주식회사 헤라스미디어),언론사
21683,토큰포스트(TokenPost) ((주)토큰포스트),언론사
21684,토탈뉴스,언론사
21685,"토픽(법원, 검찰, 경찰청)",언론사
21686,토픽뉴스 ((주)건훈),언론사
21687,토픽트리,언론사
21688,톡톡 (주식회사 크레몽),언론사
21689,톡톡뉴스 (주식회사 에스엠기획),언론사
21690,톰(TOM) ((주)테이스트팩토리),언론사
21691,톱뉴스 (사단법인 해피엘),언론사
21692,톱셀럽(topceleV) ((주)싸이더스플랫폼스),언론사
21693,톱스타뉴스 월드,언론사
21694,톱스타뉴스 프리(TopStarnews free,언론사
21695,톱스타뉴스 프리미엄(TopStarNews Pr ((주)쇼셜미디어네트웍스),언론사
21696,톱스타뉴스(TopStarNews) (주식회사 톱스타뉴스),언론사
21697,톱클래스,언론사
21698,통,언론사
21699,통계,언론사
21700,통기타TV,언론사
21701,통담,언론사
21702,통불교신문,언론사
21703,통신원 tongsinwon (주식회사 통신원),언론사
21704,통신일보,언론사
21705,통신채널,언론사
21706,통영고성사회혁신뉴스,언론사
21707,통영광장,언론사
21708,통영뉴스,언론사
21709,통영문화투데이,언론사
21710,통영방송,언론사
21711,통영신문 (주식회사 통영신문),언론사
21712,통영인뉴스,언론사
21713,통영인터넷뉴스,언론사
21714,통영인터넷신문,언론사
21715,통영트리뷴,언론사
21716,통인미술,언론사
21717,통일 ((사)민족통일협의회 대표),언론사
21718,통일TV (통일티브이 주식회사),언론사
21719,통일경제뉴스 (사단법인 한국관광문화발전연구소),언론사
21720,통일경제신문,언론사
21721,통일과나눔 (재단법인 통일과나눔),언론사
21722,통일과문학,언론사
21723,통일교육마당,언론사
21724,통일국회뉴스,언론사
21725,통일꿈뉴스,언론사
21726,통일논단,언론사
21727,통일뉴스 ((주)통일뉴스),언론사
21728,통일로,언론사
21729,통일문제연구,언론사
21730,통일문학,언론사
21731,통일시대,언론사
21732,통일신문 ((주)통일신문사),언론사
21733,통일신보(統一新報),언론사
21734,통일오도신문 (통일오도신문(주)),언론사
21735,통일일보 ((주)통일일보사),언론사
21736,통일정책연구(統一政策硏究),언론사
21737,통일코리아,언론사
21738,통일한국 ((사)평화문제연구소),언론사
21739,통일한국뉴스,언론사
21740,통일화보,언론사
21741,통찰신문,언론사
21742,통통(通通)연애편지,언론사
21743,통통미디어,언론사
21744,통합 기독 공보,언론사
21745,통합뉴스 (유한회사 통합신문),언론사
21746,통합정밀기능의학저널,언론사
21747,퇴계학보,언론사
21748,퇴옹학보,언론사
21749,투게더 한의랑,언론사
21750,투니라이프(Tooni LIFE) ((주)투니웍스),언론사
21751,투니몽 (주식회사 투니웍스),언론사
21752,투니카(toonicar),언론사
21753,투니콜(Tooni Call),언론사
21754,투니클리닉(Tooni Clinic),언론사
21755,투데이 (주식회사 충청투데이),언론사
21756,투데이 경인 (주식회사 투데이미디어),언론사
21757,투데이 광주전남 (주식회사 투데이미디어),언론사
21758,투데이 굿 뉴스,언론사
21759,투데이 글로벌 뉴스,언론사
21760,투데이 부산(Today busan),언론사
21761,투데이 이슈,언론사
21762,투데이 이콘(Today Econ),언론사
21763,투데이 저널,언론사
21764,투데이 코비엣 (Today Ko-Viet),언론사
21765,투데이 타임즈 (주식회사 투데이타임즈),언론사
21766,투데이 태백,언론사
21767,투데이 플로우,언론사
21768,투데이 한국 ((주)뉴스리스펙트),언론사
21769,투데이N (주식회사 기독교텔레비전),언론사
21770,투데이e코노믹,언론사
21771,투데이강진 (유한회사 투데이전남),언론사
21772,투데이경기(Today 경기),언론사
21773,투데이경남TV,언론사
21774,투데이경제 (주식회사 투데이경제),언론사
21775,투데이공감 (주식회사 공감오래콘텐츠),언론사
21776,투데이광주하남,언론사
21777,투데이군산,언론사
21778,투데이그린노믹스,언론사
21779,투데이뉴스,언론사
21780,투데이뉴스24 ((주)투데이뉴스24),언론사
21781,투데이뉴스통신 (주식회사 애드커널),언론사
21782,투데이마켓팅 (스토리미디어),언론사
21783,투데이미디어그룹,언론사
21784,투데이보건복지환경뉴스,언론사
21785,투데이봄소리,언론사
21786,투데이사건사고 ((주)드림인),언론사
21787,투데이서경 ((주)서경방송),언론사
21788,투데이스타,언론사
21789,투데이스포엔트,언론사
21790,투데이스포츠,언론사
21791,투데이신문 ((주)투데이신문사),언론사
21792,투데이안 (주식회사 투데이안),언론사
21793,투데이안산 (주식회사 투데이안산),언론사
21794,투데이엔,언론사
21795,투데이연예뉴스 (주식회사 투데이연예정보),언론사
21796,투데이영광 (주식회사 투데이영광),언론사
21797,투데이영남,언론사
21798,투데이월드,언론사
21799,투데이이천,언론사
21800,투데이인천 (주식회사 인천투데이),언론사
21801,투데이일보 (주식회사 충청투데이),언론사
21802,투데이전남NEWS (유한회사 투데이전남),언론사
21803,투데이종합뉴스,언론사
21804,투데이즈(todayz),언론사
21805,투데이충남,언론사
21806,투데이충남 (주식회사 투데이충남),언론사
21807,투데이코리아 ((주)투데이코리아),언론사
21808,투데이티 (주식회사 투데이티),언론사
21809,투데이파크골프,언론사
21810,투데이포스트(TodayPost) ((주)제이케이미디어웍스),언론사
21811,투데이포커스(TodayFocus),언론사
21812,투데이플러스,언론사
21813,투데이피플 (스탬피플 사회적협동조합),언론사
21814,투데이환경경제신문 ((주)문화미디어랩),언론사
21815,투데일리,언론사
21816,투브라이드 ((주)투브라이드),언론사
21817,투비스 ((주)투비스),언론사
21818,투어뉴스,언론사
21819,투어라인,언론사
21820,투어링위키 (주식회사 투어링위키),언론사
21821,투어박스(TOURBOX),언론사
21822,투어와이드저널 (지구토커협동조합),언론사
21823,투어코리아(Tour Korea),언론사
21824,투어코리아뉴스,언론사
21825,투엘필라테스타임즈,언론사
21826,투위복지뉴스,언론사
21827,투자시그널,언론사
21828,투자와 연금 ((주)엑설런스코리아),언론사
21829,투자풍류,언론사
21830,투정공방뉴스,언론사
21831,투지,언론사
21832,투체어스(TWO CHAIRS) (주식회사 한경매거진앤북(Hankyung Magazine&Book Inc.)),언론사
21833,툰e티니뉴스,언론사
21834,툴라인(TOOLLINE) (주식회사 무창상사),언론사
21835,튜브뉴스,언론사
21836,튜브로드 ((주)에이매스컨설팅),언론사
21837,트라모푸 K(TRAMOFU K) (에이스그룹 주식회사),언론사
21838,트라이 트립 (뉴스코리아 주식회사),언론사
21839,트라이브미디어,언론사
21840,트래블 뉴스,언론사
21841,트래블 재팬(TRAVEL JAPAN) ((주)트레블그라픽스),언론사
21842,트래블데일리,언론사
21843,트래블라이프 (주식회사 라이프미디어),언론사
21844,트래블러 차이니즈(Traveller Chinese),언론사
21845,트래블러뉴스,언론사
21846,트래블레저+,언론사
21847,트래블레저플러스 (주식회사 진진미디어),언론사
21848,트래블리프,언론사
21849,트래블아이(Traveli),언론사
21850,트래블앤레저코리아(TRAVEL+LEISURE KOREA),언론사
21851,트래블저널 ((주)스네이크헤즈컴퍼니),언론사
21852,트래블타임즈(traveltimes),언론사
21853,트래블투데이 ((주)문화마케팅연구소),언론사
21854,트래블포커스,언론사
21855,트래픽투데이 (주식회사 로프트아일랜드(지점 1관)),언론사
21856,트랙사이드,언론사
21857,트랙터매니아 (트랙터매니아(주)),언론사
21858,트랜드메이커,언론사
21859,트랜스월드스노우보딩코리아(TransworldSnowboardingK,언론사
21860,트랜스토리아,언론사
21861,트랩스짐뉴스,언론사
21862,트러스트,언론사
21863,트럭뉴스,언론사
21864,트럭스앤파츠(Trucks&Parts) (주식회사 상용차정보),언론사
21865,트럭신문,언론사
21866,트럭커버스커,언론사
21867,트럭특장차,언론사
21868,트럭특장차 디렉토리,언론사
21869,트레블 코리아,언론사
21870,트레블노마드 ((주)티앤플래이스),언론사
21871,트레블세븐,언론사
21872,트렌드 K(trend K),언론사
21873,트렌드HR 뉴스 (주식회사 티에이치알),언론사
21874,트렌드경제신문 ((주)트렌드라이프),언론사
21875,트렌드데일리뉴스,언론사
21876,트렌드먼트 (1089미디어(주)),언론사
21877,트렌드와칭,언론사
21878,트렌드저널 (주식회사 애드플래닛커뮤니케이션),언론사
21879,트렌드코리아 (주식회사 디지틀조선일보씨엔엠),언론사
21880,트렌드타임즈(trendtimes),언론사
21881,트렌드탭,언론사
21882,트렌드헌터,언론사
21883,트렌디움(Trendium) (주식회사 지구문화),언론사
21884,트렌비 매거진 (주식회사 트렌비),언론사
21885,트로트 코리아,언론사
21886,트롯 스타(Trot Star) ((주)뉴스코드),언론사
21887,트롯나우,언론사
21888,트롯뉴스(trotnews) (트롯뉴스(주)),언론사
21889,트롯매거진,언론사
21890,트롯티어,언론사
21891,트루뉴스(Trunews),언론사
21892,트루스가디언(The TruthGuardian) (사단법인 바른언론시민행동),언론사
21893,트루스데일리 ((주)트루스코리아),언론사
21894,트루스헤럴드,언론사
21895,트루진 (필드스톤 주식회사),언론사
21896,트루카피 부동산시황 (주식회사 트루카피),언론사
21897,트루타임즈 ((주)트루타임즈),언론사
21898,트루포스트(Truepost) (주식회사 케이비씨씨앤씨),언론사
21899,트리거뉴스 ((주)트리거미디어),언론사
21900,트리엘오류뉴스,언론사
21901,트리즈타임즈 ((주)더트리즈),언론사
21902,트리플타임즈 (주식회사 트리플투자그룹),언론사
21903,트립웨이즈,언론사
21904,트립젠드,언론사
21905,트립코리아,언론사
21906,트위그 매거진(TWIG MAGAZINE),언론사
21907,특교인뉴스,언론사
21908,특급뉴스 (주식회사 특급뉴스),언론사
21909,특성화고신문,언론사
21910,특수경찰신문,언론사
21911,특판(teukpan),언론사
21912,특허TV,언론사
21913,특허뉴스,언론사
21914,특허방송 (특허창작협회),언론사
21915,특허백화점뉴스 (주식회사 엠앤케이),언론사
21916,특허신문 (특허창작협회),언론사
21917,티 이슈(T-ISSUE),언론사
21918,티거진,언론사
21919,티뉴스(Tnews) ((주)세계문화정보),언론사
21920,티브로드매거진 ((주)이그제큐티브마케팅),언론사
21921,티브이(TV),언론사
21922,티브이저널,언론사
21923,티비리포트 ((주)티비리포트),언론사
21924,티아닥터 TIA DOCTOR,언론사
21925,티아이뉴스(TINEWS) (주식회사 티아이뉴스(TI NEWS)),언론사
21926,티알앤디에프뉴스 ((주)티알앤디에프뉴스),언론사
21927,티알엔티포스트,언론사
21928,티앤피플(Tea & People),언론사
21929,티에이치이 dailynews,언론사
21930,티에프뉴스,언론사
21931,티엠아이뉴스,언론사
21932,티잉크,언론사
21933,티치온뉴스 (주식회사 티치온),언론사
21934,티케이 일요저널 (주식회사 일요저널미디어그룹),언론사
21935,티케이타임즈(TK TIMES),언론사
21936,티타임매거진,언론사
21937,티티씨뉴스 ((주)건설교통관광신문 대표),언론사
21938,티핑뉴스 (주식회사 티핑),언론사
21939,틴매일경제 ((주)매일경제신문사),언론사
21940,틴맨 ((주)디앤오),언론사
21941,틴즈 저널(Teens Journal),언론사
21942,틴크로스,언론사
21943,틴타임즈(The Teen Times) ((주)타임즈코어),언론사
21944,틴트렉 타임즈(teentrek times),언론사
21945,팀인서울,언론사
21946,팁뉴스 (주식회사 나이스컬처),언론사
21947,팁셔너리(TIPTiONARY) (비지웍스 유한회사),언론사
21948,파골프(PAR GOLF),언론사
21949,파라노이드,언론사
21950,파라뉴스,언론사
21951,파란타임즈,언론사
21952,파란하늘 (주식회사 굿퍼닝부평),언론사
21953,파랑새,언론사
21954,파랑새가족,언론사
21955,파랑새육아정보소식지 ((주)꿈꾸는세상파랑새),언론사
21956,파루시아,언론사
21957,파르트,언론사
21958,파마시뉴스,언론사
21959,파마타임스 (주식회사 더프레스),언론사
21960,파마투데이 (주식회사 파마투데이),언론사
21961,파샤두정신문,언론사
21962,파스텔스페이스필라테스,언론사
21963,파우더룸미디어 ((주)파우컴퍼니),언론사
21964,파우제저널 (주식회사 파우제카운티 대전지점),언론사
21965,파워경제,언론사
21966,파워뉴스,언론사
21967,파워데일리 (아세안글로벌 주식회사),언론사
21968,파워미디어,언론사
21969,파워블로거타임즈 (한국파워블로거협동조합),언론사
21970,파워블로그연합신문 ((사) 국제청소년문화교류연맹),언론사
21971,파워비즈니스,언론사
21972,파워인터뷰,언론사
21973,파월신문 (주식회사 파월신문사),언론사
21974,파이낸셜 대구경북,언론사
21975,파이낸셜 리더스 (엠지엠그룹(주)),언론사
21976,파이낸셜 와이드 ((주)파이낸셜와이드),언론사
21977,파이낸셜 저널(Financial Journal),언론사
21978,파이낸셜경제TV,언론사
21979,파이낸셜경제신문,언론사
21980,파이낸셜뉴스 (파이낸셜뉴스신문(주)),언론사
21981,파이낸셜데일리 ((주)시사데일리),언론사
21982,파이낸셜리뷰 ((주)파이낸셜리뷰),언론사
21983,파이낸셜신문,언론사
21984,파이낸셜신문 (주식회사 파이낸셜신문),언론사
21985,파이낸셜인사이트 ((주)파이낸셜인사이트),언론사
21986,파이낸셜타임스 ((주)이코노믹포스트),언론사
21987,파이낸셜투데이,언론사
21988,"파이낸셜투데이(Financial Today) (주식회사 파이낸셜투데이 (Financial Today Co.,Ltd.))",언론사
21989,파이낸셜포스트 (파이낸셜포스트(주)),언론사
21990,파이낸셜포커스 ((유)팍스엠앤비),언론사
21991,파이낸스 데일리,언론사
21992,파이낸스 투데이 ((주)메이벅스),언론사
21993,파이낸스경제신문 ((주)금융계),언론사
21994,파이낸스뉴스 ((주)파이낸스뉴스),언론사
21995,파이낸스뉴스TV,언론사
21996,파이낸스스코프 (주식회사 시그널스코프),언론사
21997,파이낸스업 ((주)핀업),언론사
21998,파이낸스저널 (알릭스(주)),언론사
21999,파이널24,언론사
22000,파이널지 (주식회사 파이널지),언론사
22001,파이데이아,언론사
22002,파이베트 (주식회사 파이베트(FAIBET Inc.)),언론사
22003,파이브 에코(five Eco) (에코파이브 유한회사(EcoFive LC.)),언론사
22004,파이브틸뉴스,언론사
22005,파인뉴스,언론사
22006,파인드비 (주식회사 와쳐스미디어),언론사
22007,파인미 필라테스,언론사
22008,파인미디어(Pine Media) (주식회사 타블라),언론사
22009,파인세라믹스리포트(FINE CERAMICS REPORT) (사단법인 한국파인세라믹스협회),언론사
22010,파주 ((주)온새미로),언론사
22011,파주네트워크,언론사
22012,파주넷,언론사
22013,파주민보 (주식회사 파주민보),언론사
22014,파주시대 (주식회사 파주시대미디어),언론사
22015,파주시민신문,언론사
22016,파주신문 (주식회사 파주미디어그룹),언론사
22017,파주에서 (신문협동조합파주에서),언론사
22018,파주일보,언론사
22019,파주일보 ((주)창림건축),언론사
22020,파주저널,언론사
22021,파주저널 ((주)파주저널신문사),언론사
22022,파주천문소식 (파주어린이천문대 주식회사),언론사
22023,파주타임스 (주식회사 파주타임스),언론사
22024,파주타임스닷컴,언론사
22025,파크 골프 가이드 (PARK GOLF GUIDE),언론사
22026,파크골프 다이제스트,언론사
22027,파크골프 트렌드 (주식회사 마실파크골프),언론사
22028,파크골프TV 뉴스,언론사
22029,파크골프매거진,언론사
22030,파크골프신문,언론사
22031,파크골프저널,언론사
22032,파크골프투데이 (주식회사 생활체육투데이),언론사
22033,파킹투데이,언론사
22034,파티 (주식회사 학산문화사),언론사
22035,파티시에 ((주)비앤씨월드),언론사
22036,파티즌미디어 ((주)파티즌커뮤니케이션즈),언론사
22037,파파스토리(Papastory),언론사
22038,파파야스토리 (주식회사 파파야스토리홀딩스),언론사
22039,파퓰러사이언스 (상상스토리(주)),언론사
22040,파퓰러사이언스 (주식회사 에이치엠지퍼블리싱),언론사
22041,파프레스 뉴스,언론사
22042,파프짐(압구정)뉴스,언론사
22043,팍스경제TV(PAX경제TV) ((주)팍스넷경제티브이),언론사
22044,팍스뉴스,언론사
22045,팍스메디컬뉴스,언론사
22046,판(PAN),언론사
22047,판교타임즈,언론사
22048,판금회보,언론사
22049,판다 뉴스,언론사
22050,판제협 (한국판촉물제조협회),언론사
22051,판코리아뉴스 (영월드 주식회사),언론사
22052,판타스틱 FANTASTIQUE (주식회사 시공사),언론사
22053,팔당사랑,언론사
22054,팔당유역신문 (주식회사 팔당유역신문),언론사
22055,팔도기계정보 (주식회사 팔도기계),언론사
22056,팔로우뉴스,언론사
22057,팜&마켓매거진,언론사
22058,팜뉴스 ((주)팜뉴스),언론사
22059,팜소스토리웍스 (주식회사 팜소),언론사
22060,팜스탁,언론사
22061,팜앤마켓매거진(farm&market magazine),언론사
22062,팜인사이트,언론사
22063,팜팜뉴스,언론사
22064,팝뉴스 ((주) 컬티즌),언론사
22065,팝뮤직,언론사
22066,팝사인 ((주)팝크리에이션),언론사
22067,팝업뉴스,언론사
22068,팝엔터 ((주)여의도증권미디어그룹),언론사
22069,팝캐주얼 인사이트 (주식회사 팝캐주얼),언론사
22070,팝콘뉴스 (팝콘미디어(주)),언론사
22071,팝콘뷰,언론사
22072,팝콘키즈(Popcorn kids) (주식회사 키즈브라운파트너스),언론사
22073,팡팡뉴스 ((주)엠비엔충청),언론사
22074,팡팡매거진,언론사
22075,패널건축(Panel Architecture),언론사
22076,패닉버튼 (주식회사 패닉버튼),언론사
22077,패밀리 타임스,언론사
22078,패밀리 투데이,언론사
22079,패밀리뉴스 (주식회사 솔트기획),언론사
22080,패밀리아,언론사
22081,패션&스타일(Fashion & Style) (패션앤스타일컴퍼니(주)),언론사
22082,패션라이프 ((주)옵티텍코리아),언론사
22083,패션리뷰(Fashion Review),언론사
22084,패션브레인(FASHION BRAIN) (패션브레인 주식회사),언론사
22085,패션브릿지(FASHION BRIDGE),언론사
22086,패션비즈(Fashionbiz) ((주)섬유저널 대표),언론사
22087,패션서울(Fashionseoul) ((주)패션서울닷컴),언론사
22088,패션신문 (투데이미디어그룹(주)),언론사
22089,패션엔 (주식회사 패션엔미디어),언론사
22090,패션엔(Fashion N) (주식회사 패션엔미디어),언론사
22091,패션인사이트 (메이비원(주)),언론사
22092,패션저널,언론사
22093,패션지오.Fashion Gio(월간섬유),언론사
22094,패션채널,언론사
22095,패션클루 ((주)한국섬유신문),언론사
22096,패션투데이,언론사
22097,패션티비 (패션티비코리아 주식회사),언론사
22098,패션포스트 ((주)패션포스트),언론사
22099,패스오버(Passover),언론사
22100,패스위키,언론사
22101,패트론타임스,언론사
22102,팩토스미디어,언론사
22103,팩트 경북,언론사
22104,팩트 데일리,언론사
22105,팩트18 (에스제이케이 주식회사),언론사
22106,팩트24,언론사
22107,팩트25,언론사
22108,팩트365 (주식회사 프라임미디어),언론사
22109,팩트TV,언론사
22110,팩트UP (주식회사 인사이드경제분석연구소),언론사
22111,팩트경제신문 (주식회사 에스엠이엔),언론사
22112,팩트공감,언론사
22113,팩트뉴스 (주식회사 인터커뮤니케이션즈),언론사
22114,팩트뉴스원,언론사
22115,팩트다 (주식회사 한국광고컨설팅),언론사
22116,팩트라인,언론사
22117,팩트신문,언론사
22118,팩트앤팩트,언론사
22119,팩트인뉴스 ((주)스페셜미디어),언론사
22120,팩트저널,언론사
22121,팩트체크뉴스,언론사
22122,팩트코리아뉴스,언론사
22123,팩트투데이,언론사
22124,팩트티비플러스 (팩트티비플러스),언론사
22125,팩트파인더 (주식회사 엠제이연구소),언론사
22126,팬딩 (주식회사 팬딩),언론사
22127,팬워크(FanWork) ((주)데이터타운),언론사
22128,팬캐스트진(Fancastzine) (주식회사 콘텐츠마당),언론사
22129,팻서치 애완동물 정보신문 (주식회사 개선문),언론사
22130,퍼니지뉴스 (퍼니지 주식회사),언론사
22131,퍼니처,언론사
22132,퍼니쿡 ((주)미디어케이션),언론사
22133,퍼니클(funnycle) (주식회사 라이크앤쉐어),언론사
22134,퍼블릭 아트(public Art) ((주)아트인포스트),언론사
22135,퍼블릭경제 ((주)케이패스미디어그룹),언론사
22136,퍼블릭뉴스 ((주)케이패스미디어그룹),언론사
22137,퍼블릭뉴스 호남 (유한회사 그린),언론사
22138,퍼블릭뉴스통신 ((주)케이패스미디어그룹),언론사
22139,퍼블릭뉴스통신(public news-network for TTL) ((주)케이패스미디어그룹),언론사
22140,퍼블릭디자인(PUBLIC DESIGN),언론사
22141,퍼블릭충북,언론사
22142,퍼블릭타임스 (주식회사 퍼블릭타임스),언론사
22143,퍼스널 경제,언론사
22144,퍼스널메이커NEWS,언론사
22145,퍼스널브랜딩매거진 FAhh (주식회사 와이에이치엠지),언론사
22146,퍼스널포커스 (대한의료마케팅협회(주)),언론사
22147,퍼스트,언론사
22148,퍼스트 네트워크 (주식회사 송지),언론사
22149,퍼스트 위클리 (주식회사 클래씽),언론사
22150,퍼스트 위클리 제너럴 (주식회사 클래씽),언론사
22151,퍼스트 위클리 주니어 (주식회사 클래씽),언론사
22152,퍼스트 위클리 키즈 (주식회사 클래씽),언론사
22153,퍼스트 위클리 킨더 (주식회사 클래씽),언론사
22154,퍼스트 위클리 틴 (주식회사 클래씽),언론사
22155,퍼스트(first) 광장 (수원화성오산축산업협동조합),언론사
22156,퍼스트경제 (주식회사 퍼스트경제),언론사
22157,퍼스트뉴스통신,언론사
22158,퍼스트데일리 (주식회사 한국바리스타자격검정협회),언론사
22159,퍼스트매거진,언론사
22160,퍼스트신문 ((주)퍼스트),언론사
22161,퍼스트이엔티뉴스,언론사
22162,퍼스트저널 (주식회사 그룹디),언론사
22163,퍼스트타임즈,언론사
22164,퍼스트터치 ((주)리아스),언론사
22165,퍼스트필라매거진,언론사
22166,퍼스트필라매거진강남,언론사
22167,퍼스트필라신문 해운대점 ((주)한국바리스타자격검정협회),언론사
22168,퍼스트필라테스신문,언론사
22169,퍼스펙티브,언론사
22170,퍼즐 메이트,언론사
22171,퍼팩트뉴스,언론사
22172,퍼플투데이,언론사
22173,퍼플필라테스포스트(문정) ((주)퍼플필라테스),언론사
22174,퍼피짹슨,언론사
22175,퍼피타임즈(Puppy Times),언론사
22176,펀딩뉴스 (주식회사펀딩뉴스),언론사
22177,펀딩스토리 ((주)펀딩스토리),언론사
22178,펀미디어 ((주)스펙업애드),언론사
22179,펀서울(funseoul) ((주)라이프플러스인서울),언론사
22180,펀치 라인 (뉴스코리아 주식회사),언론사
22181,펀치(punch),언론사
22182,펌프기술,언론사
22183,페닌슐라타임스(peninsulatimes) (페닌슐라타임스(주)),언론사
22184,페로몬(pheromone) (버터플라이임팩트 주식회사),언론사
22185,페로타임즈 ((주)페로타임즈),언론사
22186,페스타(festa),언론사
22187,페스티벌 gogo,언론사
22188,페스티벌이코노미,언론사
22189,페스티벌타임즈 ((주)컨텐츠팩토리),언론사
22190,페어뉴스,언론사
22191,페어런츠뉴스 (페어런츠뉴스 주식회사),언론사
22192,페어인사이트,언론사
22193,페이롤타임즈 ((주)에이티앤피파트너즈),언론사
22194,페이머스(Famous) (주식회사 퍼니페이스미디어그룹),언론사
22195,페이보릿 매거진(pavourite),언론사
22196,페이스메이커,언론사
22197,페이퍼뉴스 (페이퍼뉴스 주식회사),언론사
22198,페이퍼보이,언론사
22199,페이퍼스카이 코리아(PAPERSKY Korea),언론사
22200,페파뉴스 ((주)메듀플),언론사
22201,페퍼필라테스 타임즈,언론사
22202,펜,언론사
22203,펜 타임즈,언론사
22204,펜문학 (사단법인 국제펜한국본부),언론사
22205,펜션산업신문,언론사
22206,펜소리뉴스,언론사
22207,펜아시아,언론사
22208,펜앤마이크(PenN) (주식회사 펜앤마이크),언론사
22209,펩스토리 ((주)펩컨설팅),언론사
22210,펫 브랜드 뉴스(Pet Brand News) ((주)에프인컴퍼니),언론사
22211,펫 수족관뉴스,언론사
22212,펫 포스트 뉴스(Pet Post News),언론사
22213,펫굿데이,언론사
22214,펫뉴스 ((주) 미디어라이프),언론사
22215,펫데일리,언론사
22216,펫매거진(Pet Magazine) ((주)어니스트펫),언론사
22217,펫산업신문 (감성가치 주식회사),언론사
22218,펫산업투데이 (서울프랜차이즈센터(주)),언론사
22219,펫스타일북,언론사
22220,펫스토리 (디엠코리아(주)),언론사
22221,펫신문,언론사
22222,펫아시아뉴스,언론사
22223,펫앤라이프,언론사
22224,펫에듀월드 (주식회사 반려동물),언론사
22225,펫에듀타임즈 (주식회사 한국반려견평생교육원),언론사
22226,펫이슈 (주식회사 더펫코리아 (The Pet Korea)),언론사
22227,펫이코노미 (주식회사 헤라스미디어),언론사
22228,펫저널,언론사
22229,펫집,언론사
22230,펫코노미뉴스,언론사
22231,펫코뉴스,언론사
22232,펫코리아뉴스(Pet Korea News) ((주)라라위드),언론사
22233,펫타임즈(THE PET TIMES),언론사
22234,펫패밀리뉴스,언론사
22235,펫페이퍼,언론사
22236,펫폴매거진,언론사
22237,펫헬스,언론사
22238,편지,언론사
22239,편지가족 소식 ((사)한국편지 가족),언론사
22240,편집기자협회보 (사단법인 한국편집기자협회),언론사
22241,편한농사 배로수확 (농업회사법인주식회사친환경유기농사관학교),언론사
22242,평강호스피스,언론사
22243,평남민보,언론사
22244,평등신문사,언론사
22245,평범한 미디어,언론사
22246,평북민보,언론사
22247,평생 학습 뉴스,언론사
22248,평생교육HRD연구,언론사
22249,평생교육가이드,언론사
22250,평생교육매거진,언론사
22251,평생교육매거진e,언론사
22252,평생교육문화신문,언론사
22253,평생교육저널,언론사
22254,평생교육정보,언론사
22255,평생목회,언론사
22256,평생바우처교육센터활짝,언론사
22257,평생복지 ((주)서울종합복지),언론사
22258,평생학습미디어 (주식회사 실과바늘),언론사
22259,평생학습타임즈,언론사
22260,평신도신문,언론사
22261,평안신문 (주식회사 평안신문),언론사
22262,평양신문 ((주)기술정보),언론사
22263,평양일보,언론사
22264,평창라벤다뉴스,언론사
22265,평창라벤다힐링뉴스,언론사
22266,평창신문,언론사
22267,평촌우리병원 소식지,언론사
22268,평택 IN 뉴스,언론사
22269,평택 뉴스타임즈(PyeongTaek NEWS Times),언론사
22270,평택건강교육뉴스 (주식회사 한국치매예방센터),언론사
22271,평택뉴스 (주식회사 평택뉴스),언론사
22272,평택뉴스24,언론사
22273,평택대학보 (평택대학교),언론사
22274,평택동문회보,언론사
22275,평택매일뉴스,언론사
22276,평택문화 (주식회사 쿼크미디어),언론사
22277,평택문화신문 (주식회사 코리아컬쳐뉴스),언론사
22278,평택사랑방신문 (유한회사 케이지산업개발),언론사
22279,평택서부신문,언론사
22280,평택시니어신문 (시니어신문네트워크),언론사
22281,평택시대신문 (평택시대신문(주)),언론사
22282,평택시민신문,언론사
22283,평택시사신문,언론사
22284,평택시아파트신문,언론사
22285,평택신문 (평택신문 주식회사),언론사
22286,평택자치신문 (주식회사 평택자치일보사),언론사
22287,평택저널 (주식회사 쿼크미디어),언론사
22288,평택조은뉴스 (평택조은뉴스 주식회사),언론사
22289,평택지기,언론사
22290,평택투데이,언론사
22291,평택홀리키즈타임즈,언론사
22292,평판경제신문 (주식회사 평판경제신문),언론사
22293,평판신문,언론사
22294,평화누리 통일누리,언론사
22295,평화뉴스 (주식회사 평화뉴스),언론사
22296,평화다문화신문 (한국종교협동조합),언론사
22297,평화동마을신문,언론사
22298,평화세계,언론사
22299,평화시대,언론사
22300,평화신문,언론사
22301,평화의 사도 (재단법인 재속프란치스코회),언론사
22302,평화일보 (디엠코리아 주식회사),언론사
22303,평화저널,언론사
22304,평화친구 Peace Friend ((사)아태평화교류협회),언론사
22305,평화통일과 참가정,언론사
22306,평화통일신문,언론사
22307,평화학논총(Journal of Peaceology),언론사
22308,폐기물21 ((주)순환자원),언론사
22309,폐업신문,언론사
22310,포나배뉴스,언론사
22311,포나인뉴스,언론사
22312,포닥 (주식회사 와이즈비커뮤니케이션),언론사
22313,포도 미디어 (주식회사 포도),언론사
22314,포도(여의도)뉴스,언론사
22315,포도원,언론사
22316,포랜컬쳐,언론사
22317,포레스트 웨일 월간,언론사
22318,포룸 비블리쿰(Forum Biblicum),언론사
22319,포린폴리시,언론사
22320,포모스 (포모스(주)),언론사
22321,포바이포뉴스,언론사
22322,포브스코리아(Forbes Korea) (중앙일보에스 주식회사),언론사
22323,포비든뉴스,언론사
22324,포스미디어,언론사
22325,포스일보,언론사
22326,포스트21 뉴스(POST21 NEWS),언론사
22327,포스트24,언론사
22328,포스트뉴스,언론사
22329,포스트뉴스방배,언론사
22330,포스트라이프,언론사
22331,포스트매거진 (주식회사 구오사일),언론사
22332,포스트머니 (주식회사 글로벌미디어콘텐츠),언론사
22333,포스트모던,언론사
22334,포스트스토리 (주식회사 포스트),언론사
22335,포스트신문 ((주)포스트신문),언론사
22336,포스트인 (주식회사서산포스트),언론사
22337,포스트인컴,언론사
22338,포스트코리아뉴스.tv (주식회사 오늘),언론사
22339,포스트큐(POST Q) (더엘케이파트너스(유)),언론사
22340,포시즌 리포트,언론사
22341,포시즌뉴스,언론사
22342,포시즌라이프 ((주)포시즌필라테스목동),언론사
22343,포시즌포스트 ((주)포시즌필라테스연신내점),언론사
22344,포쓰저널(4th journal) ((주)에이지미디어),언론사
22345,포씨유신문 ((주)포씨유),언론사
22346,포에버뉴스,언론사
22347,포에트리,언론사
22348,포에트리코리아(Poetry Korea),언론사
22349,포에티즌(The Poetizen),언론사
22350,포엠아트(PoemArt),언론사
22351,포엠포엠 POEMPOEM,언론사
22352,포오랩타임즈(Four-O LAB Times) ((주)포오랩),언론사
22353,포운드,언론사
22354,포워드뉴스,언론사
22355,포웰포스트,언론사
22356,포유스토리DT,언론사
22357,포유플러스(For You+),언론사
22358,포이에마 창작문학,언론사
22359,포인트 저널 ((주)엔웍스),언론사
22360,포인트경마,언론사
22361,포인트경제 ((주)액트원미디어),언론사
22362,포인트뉴스 (주식회사 한국기획),언론사
22363,포인트데일리 (주식회사 포인트데일리),언론사
22364,포인트에프앤 (주식회사 포인트데일리),언론사
22365,포인핸드 매거진 (주식회사 포인핸드),언론사
22366,포장계 ((사)한국포장협회 대표),언론사
22367,포장기계 (사단법인 한국포장기계협회),언론사
22368,포즈앤코어 타임즈 (주식회사 포즈앤코어),언론사
22369,포천 3P-together 인터넷뉴스,언론사
22370,포천 타임즈,언론사
22371,포천가디언 (주식회사 포천가디언),언론사
22372,포천뉴스,언론사
22373,포천뉴스 (주식회사 포천뉴스),언론사
22374,포천닷컴,언론사
22375,포천동네사람들,언론사
22376,포천매일뉴스,언론사
22377,포천문화,언론사
22378,포천문화뉴스,언론사
22379,포천문화사랑 (포천문화원),언론사
22380,포천소식,언론사
22381,포천시민방송,언론사
22382,포천신문 (주식회사 포천신문사),언론사
22383,포천인터넷뉴스,언론사
22384,포천일보,언론사
22385,포천일보 (협동조합 포천일보),언론사
22386,포천좋은신문 (포천좋은신문 주식회사),언론사
22387,포천플러스,언론사
22388,포춘코리아 디지털 뉴스 ((주)에이치엠지퍼블리싱),언론사
22389,포춘코리아(FORTUNE KOREA) ((주)에이치엠지퍼블리싱),언론사
22390,포커스 TV ((주)일간시사신문),언론사
22391,포커스 경북 ((주)포커스경북),언론사
22392,포커스 어빌리티,언론사
22393,포커스 한국,언론사
22394,포커스1 (주식회사 포커스코리아),언론사
22395,포커스21 (주식회사 한국미디어언론연합),언론사
22396,포커스N (이엔커뮤니티 주식회사),언론사
22397,포커스ON (주식회사 에이엠텐),언론사
22398,포커스人코리아,언론사
22399,포커스경남(FocusGyeongnam),언론사
22400,포커스경제 (주식회사 포커스),언론사
22401,포커스김포,언론사
22402,포커스데일리 ((주)포커스데일리),언론사
22403,포커스마라톤(Focus Marathon) (포커스마라톤 주식회사),언론사
22404,포커스매거진,언론사
22405,포커스메거진,언론사
22406,포커스온경제 ((주)에프오경제미디어(FO EconomyMedia)),언론사
22407,포커스인천,언론사
22408,포커스저널,언론사
22409,포커스전남,언론사
22410,포커스전북 (유한회사 포커스전북),언론사
22411,포커스충청,언론사
22412,포커스칠곡,언론사
22413,포커스타임즈 (주식회사 다브인터네셔널),언론사
22414,포커스투데이,언론사
22415,포켓네이버 ((주)가야미디어),언론사
22416,포켓프레스,언론사
22417,포탈뉴스 (포탈네트웍스 주식회사),언론사
22418,포탈뉴스통신 (포탈네트웍스 주식회사),언론사
22419,포터매거진 ((주)비서실장),언론사
22420,포털신문 ((주)비전코리아솔루션즈),언론사
22421,포토(PHOTO)경기 (주식회사 경기일보),언론사
22422,포토(PHOTO)인천 (주식회사 경기일보),언론사
22423,포토뉴스,언론사
22424,포토뉴스코리아,언론사
22425,포토닷,언론사
22426,포토라인,언론사
22427,포토뮤직코리아(PMK) (주식회사 신미디어엔터테인먼트),언론사
22428,포토비젼뉴스 (사진산업 협동조합연합회),언론사
22429,포토신문,언론사
22430,포토여행저널,언론사
22431,포토저널,언론사
22432,포토중랑 (주식회사 중랑로칼미디어그룹),언론사
22433,포토친구 (주식회사 캐스트넷),언론사
22434,포토타임즈(PHOTOTIMES),언론사
22435,포토툴,언론사
22436,포토피플TV,언론사
22437,포트립 (주식회사 포트립),언론사
22438,포펀집,언론사
22439,포포포 매거진 (주식회사 포포포),언론사
22440,포포포(popopo) (주식회사 포포포),언론사
22441,포프라자 (주식회사 포프라자),언론사
22442,포항뉴스,언론사
22443,포항방송신문 (주식회사 에스이넷포항방송),언론사
22444,포항방송신문 (지역명) 사랑방 (주식회사 에스이넷포항방송),언론사
22445,포항산업신문 (주식회사 글로벌비즈진흥원),언론사
22446,포항성시화 News,언론사
22447,포항시민신문,언론사
22448,포항시사인터넷뉴스,언론사
22449,포항신문 (포항신문 주식회사),언론사
22450,포항인터넷뉴스,언론사
22451,포항일보 (주식회사 포항일보),언론사
22452,포항참사랑뉴스,언론사
22453,포항투니몽,언론사
22454,포항투니콜,언론사
22455,폭로닷컴,언론사
22456,폭로닷컴 (폭로닷컴),언론사
22457,폭스머니(FoxMoney) (인디안미디어(주)),언론사
22458,폭스우먼(FOX Woman),언론사
22459,폭스포럼,언론사
22460,폰(phone),언론사
22461,폰트 (사단법인 한국폰트협회),언론사
22462,폴뉴스,언론사
22463,폴라리스필라테스,언론사
22464,폴리넷,언론사
22465,폴리뉴스(polinews),언론사
22466,폴리스TV (주식회사 폴리스미디어),언론사
22467,폴리스미션(Police Mission),언론사
22468,폴리스아이뉴스,언론사
22469,폴리스타임즈,언론사
22470,폴리시안,언론사
22471,폴리엠,언론사
22472,폴리우레탄세계,언론사
22473,폴리진세상 (주식회사 경남복지뉴스),언론사
22474,폴리타임즈,언론사
22475,폴리티카 정치와 정치인,언론사
22476,폴리틱스(Politics),언론사
22477,폴리피플 (주식회사 이윈컴),언론사
22478,폴인 페이퍼(fol:in paper) (중앙일보 주식회사),언론사
22479,폼TV,언론사
22480,표면실장기술 ((주)첨단),언론사
22481,표면처리 저널,언론사
22482,표면처리세계,언론사
22483,표준뉴스 (주식회사 스탠다드비전),언론사
22484,표준방송FMTV,언론사
22485,표현,언론사
22486,푸드데스크(fooddesk),언론사
22487,푸드레시피,언론사
22488,푸드매니저,언론사
22489,푸드아이콘(FOODICON) (한국식품정보신문 주식회사),언론사
22490,푸드앤라이프(FOODnLIFE) (사단법인 한국농식품융합연구원),언론사
22491,푸드앤트래블,언론사
22492,푸드엔트렌드,언론사
22493,푸드월드,언론사
22494,푸드콜,언론사
22495,푸드테크타임즈 ((주)에듀소켓),언론사
22496,푸드투데이(foodtoday) ((주)뉴온미디어),언론사
22497,푸른 들무새,언론사
22498,푸른 숲 건강 마을,언론사
22499,푸른글터,언론사
22500,푸른꿈 ((주)로렌츠한울),언론사
22501,푸른누리,언론사
22502,푸른등대 기부 뉴스레터 (재단법인 한국장학재단),언론사
22503,푸른메,언론사
22504,푸른문학,언론사
22505,푸른문학신문,언론사
22506,푸른사상,언론사
22507,푸른소나무 청소년 ((사)청소년 건전문화협회중앙회),언론사
22508,푸른솔문학,언론사
22509,푸른숲 맑은샘,언론사
22510,푸른신문,언론사
22511,푸른신문와이드인,언론사
22512,푸른친구들,언론사
22513,푸른한국닷컴,언론사
22514,푸시뉴스 ((주)푸시),언론사
22515,푸조와 곰솔,언론사
22516,풀 가스펠 뉴스(Full Gospel News),언론사
22517,풀꽃 (사단법인 풀무재단),언론사
22518,풀꽃나무,언론사
22519,풀뿌리신문,언론사
22520,풀잎사귀 ((주)에코),언론사
22521,풀잎사랑,언론사
22522,품마을신문 (품건축(주)),언론사
22523,품앗이 ((사)효경),언론사
22524,품질 그리고 창의 (한국표준협회),언론사
22525,품질경영 (한국표준협회),언론사
22526,풋볼리스트 ((주)퍼스트디비전),언론사
22527,풋볼먼데이,언론사
22528,풋볼아시안 (주식회사 엠앤엠미디어그룹),언론사
22529,풋티재,언론사
22530,풍경,언론사
22531,풍경문학 (사단법인 한국장애인문인복지후원회),언론사
22532,풍경소리,언론사
22533,풍무그릿뉴스,언론사
22534,풍문으로 들었소 (주식회사 파워인슈),언론사
22535,풍성한삶,언론사
22536,풍수지리신문,언론사
22537,풍원 GOLF REPORT (풍원회원권(주)),언론사
22538,퓨너럴뉴스,언론사
22539,퓨어미디어,언론사
22540,퓨얼픽 뉴스,언론사
22541,퓨처 타임즈(futuretimes) ((유)트러스트뉴스),언론사
22542,퓨처스 (사단법인 케이썬(KCERN)),언론사
22543,프라이데이 콤마,언론사
22544,프라이빗(PRIVATE),언론사
22545,프라이빗코어앤핏 미디어,언론사
22546,프라임 CEO(PRIME CEO),언론사
22547,프라임 뉴스(Prime News) (프라임뉴스(주)),언론사
22548,프라임 타임즈,언론사
22549,프라임 화랑대뉴스,언론사
22550,프라임(prime) ((주)코나윈),언론사
22551,프라임경북뉴스,언론사
22552,프라임경제,언론사
22553,프라임경제신문 ((주)프라임경제),언론사
22554,프라임뉴스+(플러스) ((주)프라임뉴스),언론사
22555,프라임비즈,언론사
22556,프라임이코노믹스(prime economics) (프라임뉴스(주)),언론사
22557,프라임핏 소리,언론사
22558,프라임헤럴드,언론사
22559,프라카샤뉴스,언론사
22560,프란치스칸삶과사상 (재단법인 프란치스꼬회),언론사
22561,프랑스존닷컴,언론사
22562,프랜사이트(FranSight) ((주)비건하임코리아),언론사
22563,프랜차이즈 뉴스,언론사
22564,프랜차이즈 사관학교 (주식회사 창업경영신문사),언론사
22565,프랜차이즈 월드 (주식회사 케이에프앤홀딩스),언론사
22566,프랜차이즈 피플,언론사
22567,프랜차이즈소식 (사단법인 한국프랜차이즈협회),언론사
22568,프랜차이즈위클리창업가이드,언론사
22569,프랜차이즈일보 ((주)브랜딩파트너스),언론사
22570,프랜차이즈창업뉴스,언론사
22571,프랜차이즈창업미디어,언론사
22572,프런트라인프레스 (주식회사 컬컴위례),언론사
22573,프런티어타임스 ((주)프런티어타임스),언론사
22574,프레스 뉴스 (주식회사 프레스뉴스통신),언론사
22575,프레스24(PRESS24),언론사
22576,프레스경북,언론사
22577,프레스경제,언론사
22578,프레스나인(press9) (주식회사 프레스나인(Press9)),언론사
22579,프레스데일리 ((주)에너지데일리),언론사
22580,프레스룸 (제이앤제이뉴스(주)),언론사
22581,프레스맨 (미디어세븐(주)),언론사
22582,프레스미디어,언론사
22583,프레스바이플 ((주)유니코리아월드),언론사
22584,프레스서울 (주식회사 컬컴평생교육원),언론사
22585,프레스웨이브,언론사
22586,프레스유니온,언론사
22587,프레스존,언론사
22588,프레스코리안 (주식회사 컬컴),언론사
22589,프레스큐,언론사
22590,프레스티지,언론사
22591,프레스포스트(presspost),언론사
22592,프레시넷,언론사
22593,프레시안(Pressian) (프레시안협동조합),언론사
22594,프레임 경기,언론사
22595,프레임리스,언론사
22596,프레지던트,언론사
22597,프로그램/텍스트,언론사
22598,프로레슬링 뉴스레터,언론사
22599,프로슈머 (주식회사 열린경영연구원),언론사
22600,프로슈머(prosumer) (주식회사 열린경영연구원),언론사
22601,프로야구기록실 KBReport,언론사
22602,프로추어스닷컴,언론사
22603,프로핏에이블,언론사
22604,프론트오버플로우 ((주)핫티스트랩),언론사
22605,프롬미매거진 (프롬미 주식회사),언론사
22606,프롬제이뉴스,언론사
22607,프루프(PROOF) ((주)코코프),언론사
22608,프리덤 조선(Freedom ChoSun) (주식회사 자유통일미디어),언론사
22609,프리덤꼬뮨 ((주)프리덤꼬뮨),언론사
22610,프리덤뉴스 (주식회사 프리덤뉴스),언론사
22611,프리덤앤라이프 (주식회사 프리덤앤라이프),언론사
22612,프리덤코리아(Freedom korea),언론사
22613,프리미어경제 ((주)스네이크헤즈컴퍼니),언론사
22614,프리미어미니북(Premiere Minibook),언론사
22615,프리미엄 필라테스 온도 여의도 2호점 ((주)로더),언론사
22616,프리뷰N ((주)에스엠디엔),언론사
22617,프리스쿨(Preschool),언론사
22618,프리스탁뉴스,언론사
22619,프리즘,언론사
22620,프리즘오브(PRISMOf) (주식회사 에프랩미디어그룹),언론사
22621,프리진 경제 ((주)자유지성미디어),언론사
22622,프리진 뉴스 ((주)자유지성미디어),언론사
22623,프리칭(preaching),언론사
22624,프리텔 (한국통신프리텔(주)),언론사
22625,프린팅코리아 ((사)대한인쇄문화협회),언론사
22626,플라스틱사이언스,언론사
22627,플라스틱월드,언론사
22628,플라스틱코리아,언론사
22629,플라워가이드(Flower Guide),언론사
22630,플라워저널 ((주)에프제이이십일),언론사
22631,플라잉요가산책 매거진,언론사
22632,플라잉용마 (주식회사엔엘에스엔),언론사
22633,플래닛리터러시 (플래닛리터러시 주식회사),언론사
22634,플래닛스포츠뉴스 (주식회사 플래닛스포츠),언론사
22635,플래뮤,언론사
22636,플래뮤 아트,언론사
22637,플래시뉴스,언론사
22638,플래텀 (주식회사 플래텀),언론사
22639,플래토 데일리(Plato Daily) ((주)플래토),언론사
22640,플래툰,언론사
22641,플랜트기술 ((주)아덱스미디어),언론사
22642,플랜트이앤씨(PLANT E&C) ((사)한국플랜트정보기술협회),언론사
22643,플랩타임즈,언론사
22644,플랫폼경제 (헬스타파(주)),언론사
22645,플랫폼경제신문,언론사
22646,플랫폼뉴스(대연),언론사
22647,플러그(The Plug) (주식회사 메이크스토리),언론사
22648,플러스 ((주)플러스문화사),언론사
22649,플러스 경북,언론사
22650,플러스 리빙21,언론사
22651,플러스경제 (주식회사 하나미디어그룹),언론사
22652,플러스알파뉴스 (1인언론미디어협동조합),언론사
22653,플러스인뉴스,언론사
22654,플러스코리아타임즈,언론사
22655,플레르,언론사
22656,플레이뉴스,언론사
22657,플레이빌(Playbill) ((주)바이스베르사퍼블리싱),언론사
22658,플레이어스,언론사
22659,플레이포럼 ((주)플레이포럼넷),언론사
22660,플레이플러스 (주식회사 센머니뉴스),언론사
22661,플레인(PLAIN) ((주)샤인뮤직넷),언론사
22662,플레타뉴스,언론사
22663,플렉스태그 (주식회사 이끌라),언론사
22664,플로라평생교육원,언론사
22665,플로랄투데이,언론사
22666,플로우모션,언론사
22667,플로우필라테스 매거진,언론사
22668,플롯매거진 ((주)와인비전프레스),언론사
22669,플룻엔플룻티스트(flute & flutist),언론사
22670,플립뉴스 (주식회사 셀러버스),언론사
22671,피그앤포크 ((주)에스알씨피그앤포크한돈),언론사
22672,피그플러스,언론사
22673,피디언뉴스(Pedien News),언론사
22674,피디저널(PD저널) (사단법인 한국피디연합회),언론사
22675,피렌체의 식탁 ((주) 메디치미디어),언론사
22676,피부미용신문,언론사
22677,피스아일랜드매거진,언론사
22678,피스우즈 (주식회사 아시웨이브),언론사
22679,피싱로드,언론사
22680,피싱리더 ((주)시루본),언론사
22681,피싱리더 플러스,언론사
22682,피싱투데이,언론사
22683,피아노 음악,언론사
22684,피앤피뉴스 (주식회사피앤피커뮤니케이션즈),언론사
22685,피앤피에이전시 매거진,언론사
22686,피어 미디어,언론사
22687,피엔씨뉴스(pncnews),언론사
22688,피엔피뉴스 (주식회사 피엔피헬스케어),언론사
22689,피자이야기 (블루콤(주)),언론사
22690,피즈포스트 ((주)에스지프레이밍),언론사
22691,피지오숲 뉴스,언론사
22692,피처(FEATURE) ((주)피카도르엔터테인먼트),언론사
22693,피처링,언론사
22694,피천득 문학,언론사
22695,피치 바이 매거진 (Pitch by Magazine) (피치바이피치 주식회사),언론사
22696,피치덱 (피치데일리 주식회사),언론사
22697,피치필로우 (주식회사 에스에이치소프트허브),언론사
22698,피커스(pickers) ((주)피커스),언론사
22699,피크오브sd스토리,언론사
22700,피크오브뉴스(이매),언론사
22701,피클코 (주식회사 피클컴퍼니),언론사
22702,피키 다이어트 Picky Diet ((주)푸드나무),언론사
22703,피트니스경영신문,언론사
22704,피티(PT),언론사
22705,피티즈아카데미뉴스,언론사
22706,피펜 매거진 (P.Pen magazine) (주식회사 피펜(P.Pen)),언론사
22707,피포엘뉴스 (주식회사 세림에스씨),언론사
22708,피플 인 코리아,언론사
22709,피플 파워 ((주)경남도민일보사),언론사
22710,피플(People),언론사
22711,피플N,언론사
22712,피플넷,언론사
22713,피플뉴스(People News),언론사
22714,피플라운지(People Lounge),언론사
22715,피플매거진(people magazine) ((주)일간시사서울),언론사
22716,피플소사이어티,언론사
22717,피플스토리,언론사
22718,피플앤라이프(People&Life) ((주)에스에이치뉴미디어),언론사
22719,피플엠 ((주)에레혼),언론사
22720,피플워치(people watch) (주식회사 피플워치),언론사
22721,피플인,언론사
22722,피플저널,언론사
22723,피플전북 (피플전북 유한회사),언론사
22724,피플즈나우,언론사
22725,피플코리아 ((주)피플미디어),언론사
22726,피혁패션(LEATHER FASHION),언론사
22727,픽뉴스,언론사
22728,픽데일리,언론사
22729,픽모아문화관광뉴스,언론사
22730,픽앤픽스,언론사
22731,픽인미디어,언론사
22732,픽클뉴스,언론사
22733,핀다포스트 (주식회사 핀다),언론사
22734,핀디그 뉴스,언론사
22735,핀업파트너스 ((주)핀업파트너스),언론사
22736,핀테크경제신문,언론사
22737,핀테크이코노미,언론사
22738,핀테크투데이,언론사
22739,핀포인트뉴스 ((주)한국정책미디어),언론사
22740,핀포인트카 ((주)한국정책미디어),언론사
22741,필더무비 ((주)넵플리즈),언론사
22742,필드뉴스 (주식회사 필드뉴스),언론사
22743,필라뉴스,언론사
22744,필라다움저널,언론사
22745,필라데이,언론사
22746,필라드발레송파 (매거진),언론사
22747,필라라희 미디어,언론사
22748,필라바이비매거진,언론사
22749,필라바이비매거진 권선점,언론사
22750,필라베이휘트니스 (주식회사 필라베이휘트니스),언론사
22751,필라이브,언론사
22752,필라이브고림매거진,언론사
22753,필라테슈 매거진,언론사
22754,필라테스 기구 타임즈,언론사
22755,필라테스 멋짐,언론사
22756,필라테스 바디다움 타임즈,언론사
22757,필라테스 바이 타라 매거진,언론사
22758,필라테스그릿신문(덕소),언론사
22759,필라테스누아 매거진,언론사
22760,필라테스데이(남성역점),언론사
22761,필라테스린포스트,언론사
22762,필라테스림,언론사
22763,필라테스모브 타임즈,언론사
22764,필라테스뮬 뉴스,언론사
22765,필라테스바다 ((주)뉴본코리아),언론사
22766,필라테스숲 부산뉴스,언론사
22767,필라테스에 반하다 완정뉴스,언론사
22768,필라테스에반하다 검단사거리뉴스 (주식회사 순컴퍼니),언론사
22769,필라테스에반하다 마전뉴스,언론사
22770,필라테스에반하다 왕길뉴스,언론사
22771,필라테스연구소 뉴스,언론사
22772,필라테스온 미디어,언론사
22773,필라테스월포스트 (주식회사 포스트),언론사
22774,필라테스위드원,언론사
22775,필라테스이즘,언론사
22776,필라테스인 매거진,언론사
22777,필라테스저널 ((주)이제이에이치앤씨),언론사
22778,필라테스저널코리아(PILATES JOURNAL KOREA),언론사
22779,필라테스정원 길동점,언론사
22780,필라테스치유 매거진,언론사
22781,필라테스클리닉매거진,언론사
22782,필라테스탑뉴스,언론사
22783,필라테스힐 매거진,언론사
22784,필로(FILO),언론사
22785,필로상스교육컨설팅 (㈜필로상스교육컨설팅),언론사
22786,필로스 굿 뉴스 (필로스평생교육 주식회사),언론사
22787,필름엔수다,언론사
22788,필리핀뉴스 (주식회사 필유닷컴),언론사
22789,필링펀치(feelingPUNCH) (주식회사 나모필링북),언론사
22790,필바레표 미디어,언론사
22791,필소굿 (디지털세미나리뷰(주)),언론사
22792,필요가뉴스,언론사
22793,필케어저널,언론사
22794,필하모니,언론사
22795,핏라이프,언론사
22796,핏미 부천뉴스,언론사
22797,핏앤라이프,언론사
22798,핏오브퀸즈 (주식회사 핏오브퀸즈),언론사
22799,핏웰니스 미디어,언론사
22800,핏크닉뉴스 (주식회사 핏크닉),언론사
22801,핑크리본 (Pink Ribbon),언론사
22802,하광신문,언론사
22803,하나경제,언론사
22804,하나기술신문 (주식회사 하나기술학원),언론사
22805,하나뉴스,언론사
22806,하나님나라 큐티,언론사
22807,하나님의 사람들,언론사
22808,하나데일리,언론사
22809,하나레터,언론사
22810,하나로 ((사)조국평화통일불교협회),언론사
22811,하나로 연합뉴스,언론사
22812,하나로데일리,언론사
22813,하나로일보,언론사
22814,하나뮤직뉴스,언론사
22815,하나미디어뉴스 (주식회사 컬컴파주점),언론사
22816,하나뿐인생명 (하나뿐인생명9988(주)),언론사
22817,하나원큐M (주식회사 한경매거진앤북(Hankyung Magazine&Book Inc.)),언론사
22818,하나일보,언론사
22819,하나일보i,언론사
22820,하나타임즈,언론사
22821,하나포커스,언론사
22822,하남경제신문 (주식회사 악동),언론사
22823,하남동 마을미디어,언론사
22824,하남시 소비자 저널,언론사
22825,하남시니어데일리,언론사
22826,하남시민뉴스,언론사
22827,하남신문 (주식회사 하남신문),언론사
22828,하남신문뉴스 (주식회사 하남신문),언론사
22829,하남양평매일뉴스,언론사
22830,하남일보,언론사
22831,하남타임즈,언론사
22832,하늘거울,언론사
22833,하늘과 땅,언론사
22834,하늘나라CEO,언론사
22835,하늘다리 (재단법인 안산문화예술의전당),언론사
22836,하늘대화 ((유)밀스톤출판사),언론사
22837,하늘동그라미 (하늘동그라미기통수련원 유한책임회사),언론사
22838,하늘동그라미(e-book) (하늘동그라미기통수련원 유한책임회사),언론사
22839,하늘문화,언론사
22840,하늘밖선뉴스,언론사
22841,하늘사람신문,언론사
22842,하늘샘물,언론사
22843,하늘소리,언론사
22844,하니브로 (주식회사 드림포트),언론사
22845,하다(HadA),언론사
22846,하동뉴스 (주식회사 하동뉴스),언론사
22847,하동민본,언론사
22848,하동사랑인터넷뉴스,언론사
22849,하동신문 (하동신문주식회사),언론사
22850,하동인터넷뉴스,언론사
22851,하동저널 ((주)하동저널),언론사
22852,하동정론신문 ((주)하동정론신문사),언론사
22853,하동주민신문,언론사
22854,하동타임즈 (하동타임즈 주식회사),언론사
22855,하람타임 (주식회사 하람),언론사
22856,하루 한 장 키즈신문,언론사
22857,하루 한 장 키즈신문(지면) (주식회사 리딩타임즈),언론사
22858,하루 한 편씩 365일 맛있는 이야기 O월에 읽는 이야기 ((주)기탄교육),언론사
22859,하루미디어 (주식회사 컬컴청라점),언론사
22860,하모니 (명 피앤에이),언론사
22861,하모니넷,언론사
22862,하버드클래스 저널 (하버드클래스 유한회사),언론사
22863,하브루타,언론사
22864,하비매거진네오,언론사
22865,하선정요리,언론사
22866,하야방송,언론사
22867,하얀그리움에바다,언론사
22868,하얀마음뉴스,언론사
22869,하오코리아,언론사
22870,하우스(HOUSE),언론사
22871,하우스뉴스(House News) ((주)하우스헬퍼),언론사
22872,하우징오피스코리아(Housing Office Korea),언론사
22873,하우징워치 (주식회사 하우징워치),언론사
22874,하우징저널,언론사
22875,하우징타임즈 (하우징타임즈 주식회사),언론사
22876,하우징포스트 ((주)와이에스부동산연구소),언론사
22877,하우징헤럴드 ((주)하우징헤럴드),언론사
22878,하움(금곡)뉴스,언론사
22879,하움(이매)뉴스,언론사
22880,하움풍덕천뉴스,언론사
22881,하움필라테스포스트,언론사
22882,하이 경인,언론사
22883,하이 데일리,언론사
22884,하이(HEI) (재단법인 하남교육재단),언론사
22885,하이-맘(Hi-Mom) ((주)참사랑씨앤이),언론사
22886,하이기장 (주식회사 하이기장),언론사
22887,하이닥 (주)엠서클),언론사
22888,하이라이프,언론사
22889,하이루제주,언론사
22890,하이루제주도,언론사
22891,하이마켓24 ((주)하이마켓24),언론사
22892,하이몽골리아 뉴스,언론사
22893,하이브리다셋뉴스,언론사
22894,하이비 홈시어터(HiVi Hometheater) ((주)사운드앤비젼),언론사
22895,하이비자뉴스,언론사
22896,하이엔드데일리 ((주)하이엔드캠프),언론사
22897,하이웨딩캐쉬백(Hiwedding Cash Back) ((주)하이웨딩네트웍스 코리아),언론사
22898,하이웨이타임즈 ((주)케이엔피디(KNPD)),언론사
22899,하이유에스코리아 (유한회사 재외국민신문),언론사
22900,하이전라티브이 (주식회사 하이전라티브이),언론사
22901,하이존뉴스,언론사
22902,하이크리스천,언론사
22903,하이테크정보,언론사
22904,하이텔아이(i)스쿨뉴스 ((주)쿠키아카데미),언론사
22905,하이투스(HITOOS),언론사
22906,하이파이브,언론사
22907,하이파이저널 (주식회사 하이파이저널),언론사
22908,하이파이초이스(HI-FI CHOICE),언론사
22909,하이팝스TV(HIPOPSTV),언론사
22910,하이프,언론사
22911,하이프경제,언론사
22912,하이하이뉴스,언론사
22913,하이힐,언론사
22914,하키타임즈 ((주)프라이드오브식스),언론사
22915,하트人부산(하트인부산),언론사
22916,하퍼스 바자(Harper`s BAZAAR)한국판,언론사
22917,하프뉴스 ((주)하프스페이스),언론사
22918,하프프라이스 ((주)에스엔에스와이드),언론사
22919,하하하 스마일 이야기,언론사
22920,"하하하에이치알 (휴먼코어랩 주식회사(Humancorelab Co., Ltd.))",언론사
22921,학교도서관저널 ((주)학교도서관저널),언론사
22922,학교폭력예방뉴스 (학교폭력예방신문사(주)),언론사
22923,학교폭력예방신문,언론사
22924,학부모신문,언론사
22925,학부모타임즈 ((사)뉴라이트학부모연합),언론사
22926,학사장교타임즈,언론사
22927,학산문학,언론사
22928,학생과청소년 (주식회사 디지털미디어연합),언론사
22929,학생기자 교육신문 (교육신문 주식회사),언론사
22930,학생법률신문 ((주)학생법률신문),언론사
22931,학생신문,언론사
22932,학술신문,언론사
22933,학운위 (계간학운위 주식회사),언론사
22934,학원관리 노하우 ((주)학관노),언론사
22935,학원뉴스닷컴,언론사
22936,학원신문,언론사
22937,학원저널,언론사
22938,학원정보,언론사
22939,학원창업닷컴뉴스 ((주)케이티에듀레이션),언론사
22940,한 알의 밀,언론사
22941,한 줄 뉴스,언론사
22942,한 줄 신문,언론사
22943,한.미 국회방송,언론사
22944,한·중문화교류국제진흥원,언론사
22945,한韓문화타임즈,언론사
22946,한가람뉴스플러스 ((주)한류역사문화티브이),언론사
22947,한가협 (사단법인 한국가족보건협회),언론사
22948,한강 소리의 뉴스,언론사
22949,한강 트리뷴,언론사
22950,한강문학,언론사
22951,한강아라신문방송 (주식회사 한강아라신문방송),언론사
22952,한강인터넷신문,언론사
22953,한강일보 (주식회사 한강일보),언론사
22954,한강조은뉴스 (주식회사 한강아라신문방송),언론사
22955,한강타임즈,언론사
22956,한강투데이,언론사
22957,한겨레 (한겨레신문(주)),언론사
22958,한겨레21 (한겨레신문(주)),언론사
22959,한겨레:온,언론사
22960,한겨레교육신문,언론사
22961,한겨레기독신문,언론사
22962,한겨레문학,언론사
22963,한결신문 (주식회사 티비에스엠),언론사
22964,한경 BIO Insight ((주)한국경제신문),언론사
22965,한경 ESG (주식회사 한경매거진앤북(Hankyung Magazine&Book Inc.)),언론사
22966,한경MONEY (주식회사 한경매거진앤북(Hankyung Magazine&Book Inc.)),언론사
22967,한경데일리 (주식호사 거잔),언론사
22968,한경비즈니스(BUSINESS) (주식회사 한경매거진앤북(Hankyung Magazine&Book Inc.)),언론사
22969,한경일보,언론사
22970,한경잡앤조이 (주식회사 한경매거진앤북(Hankyung Magazine&Book Inc.)),언론사
22971,한광중고 총동문의 길,언론사
22972,한교총신문,언론사
22973,한구석 밝히기회보 (사단법인 한구석밝히기실천운동본부),언론사
22974,한국 BBS (사단법인 한국비비에스중앙연맹),언론사
22975,한국 NGO 방송,언론사
22976,한국 건축인테리어,언론사
22977,한국 낭송 문학,언론사
22978,한국 디지털 타임즈,언론사
22979,한국 보건신문,언론사
22980,한국 뿌리 문화 신문,언론사
22981,한국 소비자 고발신문,언론사
22982,한국 소셜커머스 신문 ((주)투엠원컨텐츠그룹),언론사
22983,한국 소프트스킬교육신문,언론사
22984,한국 술,언론사
22985,한국 시사경제저널,언론사
22986,한국 연예일보,언론사
22987,한국 영업인 신문,언론사
22988,한국 영화21 (주식회사 웨즈),언론사
22989,한국 월드핫 뉴스 ((주)드림앤퍼스트평생교육원),언론사
22990,한국 일자리 정보신문 (주식회사 엠엠씨피플),언론사
22991,한국 자동차 정비 튜닝 뉴스,언론사
22992,한국 중소기업 뉴스,언론사
22993,한국 지방자치신문사,언론사
22994,한국 청소년청년신문,언론사
22995,한국 캠핑신문,언론사
22996,한국 토속 문화 미디어신문 ((사)한국토속문화진흥협회),언론사
22997,한국 학교체육 (사단법인 학교체육진흥연구회),언론사
22998,한국 환경 방송,언론사
22999,한국4-H신문 (사단법인 한국4에이치중앙본부),언론사
23000,한국AI뉴스,언론사
23001,한국AI부동산신문,언론사
23002,한국AI콘텐츠신문 ((주)한국방송미디어그룹),언론사
23003,한국ESG뉴스,언론사
23004,한국ESG저널 (한국공공이에스지연구원 주식회사),언론사
23005,한국ESG컴플라이언스신문 (제네시스앤컴퍼니 주식회사),언론사
23006,한국IBN NEWS ((주)한국아이비앤뉴스),언론사
23007,한국IN뉴스 ((주)한국인뉴스),언론사
23008,한국IT산업뉴스,언론사
23009,한국M&A경제신문 (주식회사 한국유통경제연구소),언론사
23010,한국NGO신문 (주식회사 앤지오),언론사
23011,한국NGO연합뉴스,언론사
23012,한국NGO연합신문,언론사
23013,한국NGO연합신문 (사단법인 신천년새생활국제협회),언론사
23014,한국Q뉴스,언론사
23015,"한국R&D신문 (주식회사 팔루썸니 (palusomni Co.,Ltd))",언론사
23016,한국SNS뉴스 (우리동네협동조합),언론사
23017,한국SNS연합뉴스 (우리동네협동조합),언론사
23018,한국TV,언론사
23019,한국TV뉴스,언론사
23020,한국YWCA ((사)한국YWCA연합회),언론사
23021,한국e교육뉴스 (주식회사 미래교육과상담),언론사
23022,한국e마케팅저널 ((주)네이블마케팅),언론사
23023,한국e스포츠저널,언론사
23024,한국e저널,언론사
23025,한국ing,언론사
23026,한국新택리지,언론사
23027,한국가요뉴스,언론사
23028,한국가요예술방송원,언론사
23029,한국가족찾기신문,언론사
23030,한국가치교육복지신문,언론사
23031,한국간병신문,언론사
23032,한국감정원,언론사
23033,한국감찰일보 ((주)한국감찰일보사),언론사
23034,한국강사신문 ((주)한국강사신문),언론사
23035,한국강소기업협회뉴스 (사단법인 한국강소기업협회),언론사
23036,한국강원소통투데이 (주식회사 한국강원소통투데이),언론사
23037,한국개혁신문 (주식회사 한국개혁신문),언론사
23038,한국건강식품신문 ((주) 한국건강정보신문),언론사
23039,한국건강신문 (주식회사 한국건강신문),언론사
23040,한국건강일보,언론사
23041,한국건강투데이,언론사
23042,한국건설경제 ((주)유피아이통신사),언론사
23043,한국건설경제뉴스 (주식회사 케이빌드미디어),언론사
23044,한국건설교통신문,언론사
23045,한국건설부동산신문 (건설종합기술원(주)),언론사
23046,한국건설순환자원학회 학회지 ((사)한국건설순환자원학회),언론사
23047,한국건설신문,언론사
23048,한국건설일보,언론사
23049,한국건축신문,언론사
23050,한국검경뉴스,언론사
23051,한국검경신문,언론사
23052,한국검경연합신문,언론사
23053,한국검경일보 ((주)한국검경시사저널),언론사
23054,한국검찰뉴스,언론사
23055,한국검찰신문,언론사
23056,한국검찰일보,언론사
23057,한국게임문화협회 (사단법인 한국게임문화협회),언론사
23058,한국결혼뉴스,언론사
23059,한국결혼정보신문 (레드레빗 주식회사),언론사
23060,한국경마 (도민일보 주식회사),언론사
23061,한국경마신문,언론사
23062,한국경비뉴스 ((주)경호경비미디어그룹),언론사
23063,한국경비신문 ((사)한국경비문화협회),언론사
23064,한국경영신문,언론사
23065,한국경영인 (사단법인 한국경영인협회),언론사
23066,한국경영인연합뉴스,언론사
23067,한국경영일보(Korea Business Daily) (씨에이에이지(주)),언론사
23068,한국경영자신문,언론사
23069,한국경제 ((주)한경닷컴),언론사
23070,한국경제 ((주)한국경제신문),언론사
23071,한국경제TV ((주)한국경제티브이),언론사
23072,한국경제갈등신문,언론사
23073,한국경제데일리,언론사
23074,한국경제미디어,언론사
23075,한국경제비타민 ((주)한국경제신문),언론사
23076,한국경제연합뉴스,언론사
23077,한국경제인신문 (주식회사 한국경제인신문),언론사
23078,한국경제타임즈,언론사
23079,한국경제타임즈 (사단법인 국민생활건강진흥원),언론사
23080,한국경제플러스,언론사
23081,한국경제학보(The Korean Journal of Economics),언론사
23082,한국경찰기독선교신문,언론사
23083,한국경찰기독신문,언론사
23084,한국경찰뉴스,언론사
23085,한국경찰문화신문,언론사
23086,한국경찰선교신문,언론사
23087,한국경찰신문,언론사
23088,한국경찰신보,언론사
23089,한국경찰일보 ((주)한국경찰일보),언론사
23090,한국경찰치안신문,언론사
23091,한국경향신문,언론사
23092,한국고교신문,언론사
23093,한국고미술 뉴저널,언론사
23094,한국고미술문화재진흥협회,언론사
23095,한국고시신문,언론사
23096,한국고양이 신문 (감성가치 주식회사),언론사
23097,한국고용신문 (케이잡스 주식회사),언론사
23098,한국골프신문,언론사
23099,한국공공디자인신문,언론사
23100,한국공공정책신문 (주식회사 선진사회정책연구원),언론사
23101,한국공공조달신문,언론사
23102,한국공기업뉴스 (주식회사 창업경영신문사),언론사
23103,한국공기업신문 ((주)한국감찰일보사),언론사
23104,한국공론,언론사
23105,한국공보뉴스,언론사
23106,한국공보신문 (한국뉴스정보진흥원(주)),언론사
23107,한국공예일보 (주식회사 이레),언론사
23108,한국공유경제신문,언론사
23109,한국공익신문,언론사
23110,한국공정거래신문,언론사
23111,한국공정일보,언론사
23112,한국공제신문 (주식회사 한국공제신문),언론사
23113,한국과국제정치,언론사
23114,한국과세계,언론사
23115,한국과수 ((사)한국과수협회),언론사
23116,한국과총 Webzine ((사)한국과학기술단체총연합회),언론사
23117,한국과학탐정신문,언론사
23118,한국관개배수 ((사)한국관개배수위원회),언론사
23119,한국관광신문 (주식회사 한국관광신문비티마이스),언론사
23120,한국관광신문.BT'MICE,언론사
23121,한국관광안내신문(Korea Tour Guide News Paper),언론사
23122,한국관광여행신문 ((주)엣나우),언론사
23123,한국관세신문 (밸류코드 주식회사),언론사
23124,한국광물자원뉴스 (주식회사 이디엘엔터프라이즈),언론사
23125,한국광산업신문,언론사
23126,한국교민신문 (베한타임즈 주식회사),언론사
23127,한국교원신문,언론사
23128,한국교육100뉴스,언론사
23129,한국교육문화뉴스 (주식회사 한국교육문화뉴스),언론사
23130,한국교육문화방송 (주식회사 한국교육문화지원센터),언론사
23131,한국교육문화저널,언론사
23132,한국교육복지뉴스 ((주)에듀픽),언론사
23133,한국교육복지신문,언론사
23134,한국교육시사저널,언론사
23135,한국교육신문 ((사)한국교원단체총연합회),언론사
23136,한국교육일보,언론사
23137,한국교육저널,언론사
23138,한국교육정보신문,언론사
23139,한국교육정보투데이 ((주)한국원격교육진흥원),언론사
23140,한국교육협회신문,언론사
23141,한국교통,언론사
23142,한국교통신문,언론사
23143,한국교회공보,언론사
23144,한국교회사랑,언론사
23145,한국교회신보,언론사
23146,한국교회장로닷컴,언론사
23147,한국국민방송 (주식회사 한국국민방송),언론사
23148,한국국보문학,언론사
23149,한국국악방송 ((주)한국탐정신문사),언론사
23150,한국국정일보 (내외저널(주)),언론사
23151,한국국회방송,언론사
23152,한국군납신문 ((주)한국방송미디어그룹),언론사
23153,한국군사,언론사
23154,한국귀금속보석신문,언론사
23155,한국그린문학,언론사
23156,한국그린환경신문 (한국종교협동조합),언론사
23157,한국근현대사연구 (한울엠플러스(주)),언론사
23158,한국글로벌뉴스,언론사
23159,한국금융 ((주)한국금융신문사),언론사
23160,한국금융경제신문 ((주)한국금융경제신문),언론사
23161,한국금융분석원,언론사
23162,한국급식산업신문,언론사
23163,한국기계공구 (사단법인 한국산업용재협회),언론사
23164,한국기도원신문,언론사
23165,한국기독공보 (재단법인 대한예수교장로회총회유지재단),언론사
23166,한국기독교 여목회자신문,언론사
23167,한국기독교방송,언론사
23168,한국기독교복음신문,언론사
23169,한국기독교부흥신문,언론사
23170,한국기독교연합신문,언론사
23171,한국기독신문,언론사
23172,한국기독신문방송,언론사
23173,한국기독일보,언론사
23174,한국기독저널 (주식회사 엘엠에스미디어그룹),언론사
23175,한국기독학교신문,언론사
23176,한국기술뉴스 ((주)한국기술마켓),언론사
23177,한국기술신문 ((주)티엠아이미디어그룹),언론사
23178,한국기술인재신문,언론사
23179,한국기업경제신문,언론사
23180,한국기업교육 (주식회사 비주얼이즈),언론사
23181,한국기업뉴스 (주-위나트),언론사
23182,한국기업신문,언론사
23183,한국기업저널 (주식회사 루트세븐),언론사
23184,한국기자연대,언론사
23185,한국기자연합회,언론사
23186,한국나누리복지방송,언론사
23187,한국나눔복지신문 ((주)나눔봉사복지방송),언론사
23188,한국낚시신문 ((주)한국낚시방송),언론사
23189,한국납세신문,언론사
23190,한국내외경제,언론사
23191,한국냉동신문,언론사
23192,한국네트워크뉴스,언론사
23193,한국노년인권신문,언론사
23194,한국노동교육신문,언론사
23195,한국노동방송,언론사
23196,한국노동안전,언론사
23197,한국노사정신문,언론사
23198,한국노인복지신문,언론사
23199,한국노인복지장기요양,언론사
23200,한국노인장애인신문 (사단법인 참사랑장애인협회),언론사
23201,한국녹색신문,언론사
23202,한국녹색일보,언론사
23203,한국녹색환경,언론사
23204,한국녹색환경신보 ((사)지구녹색환경연합회),언론사
23205,한국논단 ((주)한국논단),언론사
23206,한국농림신문 (㈜애드블룸코리아),언론사
23207,한국농수산TV,언론사
23208,한국농수축산신문,언론사
23209,한국농어민뉴스 (완도방송 주식회사),언론사
23210,한국농어민신문 (주식회사 한국농어민신문),언론사
23211,한국농어촌경제,언론사
23212,한국농어촌방송 (주식회사 케이에이치농어촌산업),언론사
23213,한국농업,언론사
23214,한국농업미래뉴스,언론사
23215,한국농업신문,언론사
23216,한국농업신문 (주식회사 한국농업신문사),언론사
23217,한국농업인터넷신문,언론사
23218,한국농정 ((주)한국농정신문),언론사
23219,한국농촌경제신문,언론사
23220,한국뉴스,언론사
23221,한국뉴스1,언론사
23222,한국뉴스신문 (주식회사 한국미디어그룹),언론사
23223,한국뉴스인,언론사
23224,한국뉴스저널,언론사
23225,한국뉴스종합 ((사)한국언론인연합회),언론사
23226,한국뉴스채널,언론사
23227,한국뉴스코리아,언론사
23228,한국뉴스타임(Korea News Time) (한국희망기프트 주식회사),언론사
23229,한국뉴스통신 (사단법인 가온누리),언론사
23230,한국뉴스투데이 (더뉴스투데이(주)),언론사
23231,한국뉴스플러스,언론사
23232,한국다문화뉴스 (주식회사 몽드),언론사
23233,한국다문화방송,언론사
23234,한국다문화복지인터넷신문,언론사
23235,한국다문화신문,언론사
23236,한국다문화인터넷신문,언론사
23237,한국다문화타임즈,언론사
23238,한국다중뉴스,언론사
23239,한국대사영사신문(amcon news) (주식회사 한국기독교방송),언론사
23240,한국대체의학신문 ((주)치유선교문화원),언론사
23241,한국대표문학신문,언론사
23242,한국대학뉴스,언론사
23243,한국대학방송,언론사
23244,한국대학신문 ((주)한국대학신문사),언론사
23245,한국대학신문방송협회,언론사
23246,한국데이터경제신문 ((주)모멘트미디어그룹),언론사
23247,한국데이터뉴스 ((주)한국데이터서비스),언론사
23248,한국도서관신문,언론사
23249,한국도시경관신문,언론사
23250,한국도시경제 (라우더컴퍼니 주식회사),언론사
23251,한국도시정비신문,언론사
23252,한국도시환경헤럴드 (주식회사 두남씨앤디),언론사
23253,한국독서교육신문,언론사
23254,한국독서교육신문.,언론사
23255,한국돌봄신문,언론사
23256,한국동물매개심리치료학회지,언론사
23257,한국동서문학,언론사
23258,한국동시조(韓國童時調),언론사
23259,한국동포신문 ((주)에스엠디교육),언론사
23260,한국두뇌교육신문,언론사
23261,한국두드림교육 (주식회사 한국두드림교육),언론사
23262,한국드론뉴스닷컴,언론사
23263,한국드론신문 (주식회사 한국드론교육센터),언론사
23264,한국디베이트신문,언론사
23265,한국디지털 뉴스,언론사
23266,한국디지털경제신문,언론사
23267,한국디카시,언론사
23268,한국디카시학,언론사
23269,한국라이프타임즈,언론사
23270,한국레저신문 (주식회사 케이레저솔루션),언론사
23271,한국로봇학회지 로봇과인간,언론사
23272,한국마약신문,언론사
23273,한국마을방송,언론사
23274,한국마케팅신문,언론사
23275,한국마케팅신문 ((주)한국마케팅신문사),언론사
23276,한국매거진TV,언론사
23277,한국매일경제신문 (한국매일경제 주식회사),언론사
23278,한국매일뉴스,언론사
23279,한국매일방송TV (주식회사 한국매일신보),언론사
23280,한국매일신문,언론사
23281,한국매일신보 (주식회사 한국매일신보),언론사
23282,한국면세뉴스(Korea DutyFree News) ((주)한국면세뉴스),언론사
23283,한국모바일방송(KMB) (애드모비(주)),언론사
23284,한국목사신문,언론사
23285,한국목재신문 (주식회사 미디어우드),언론사
23286,한국무속신문,언론사
23287,한국무역신문 ((주)한국무역신문사),언론사
23288,한국무예신문,언론사
23289,한국무용기록학회지,언론사
23290,한국문구(Stationery Korea) (한국문구공업협동조합),언론사
23291,한국문단,언론사
23292,한국문신학회지,언론사
23293,한국문예,언론사
23294,한국문예(韓國文藝),언론사
23295,한국문예광장,언론사
23296,한국문예방송,언론사
23297,한국문예신문,언론사
23298,한국문예저널,언론사
23299,한국문인 (사단법인 새한국문학회),언론사
23300,한국문학,언론사
23301,한국문학TV,언론사
23302,한국문학방송,언론사
23303,한국문학시대,언론사
23304,한국문학신문,언론사
23305,한국문학예술,언론사
23306,한국문학예술원,언론사
23307,한국문학인,언론사
23308,한국문학정신,언론사
23309,한국문학평론,언론사
23310,한국문화,언론사
23311,한국문화경제신문,언론사
23312,한국문화관광뉴스 (주식회사 한국문화관광교육원),언론사
23313,한국문화관광방송 ((주)한국문화관광방송),언론사
23314,한국문화관광신문,언론사
23315,한국문화교육신문 (한국문화교육개발원주식회사),언론사
23316,한국문화뉴스,언론사
23317,한국문화미디어 (주식회사 생각창고),언론사
23318,한국문화방송 (주식회사 한국문화방송),언론사
23319,한국문화예술신문 (주식회사 문화예술세계),언론사
23320,한국문화예술신문 통 (사단법인 문화예술소통연구소),언론사
23321,한국문화일보,언론사
23322,한국문화재신문(韓國文化財新聞) ((주)백조장학재단),언론사
23323,한국문화저널,언론사
23324,한국문화체육,언론사
23325,한국문화체육뉴스 (주식회사 애드커널),언론사
23326,한국문화타임즈,언론사
23327,한국물결뉴스 (주식회사 컬컴천안점),언론사
23328,한국미디어경제,언론사
23329,한국미디어뉴스(koreamedianews),언론사
23330,한국미디어뉴스통신 (주식회사 한국미디어리서치),언론사
23331,한국미디어방송 (한국미디어방송(주)),언론사
23332,한국미디어복지신문,언론사
23333,한국미디어일보,언론사
23334,한국미디어창업뉴스 (주식회사 케이미디어진흥원),언론사
23335,한국미래교육뉴스,언론사
23336,한국미래교육신문,언론사
23337,한국미래교육신문 (주식회사 호민),언론사
23338,한국미래복지뉴스,언론사
23339,한국미래신문 ((주)지엔에이치),언론사
23340,한국미래일보,언론사
23341,한국미션타임즈,언론사
23342,한국미소문학,언론사
23343,한국미술문화저널,언론사
23344,한국미술방송 (한국미술방송 주식회사),언론사
23345,한국미술서예신문 ((주)도서출판서예문인화),언론사
23346,한국미술신문 ((주)케이뷰티뉴스),언론사
23347,한국미술신문TV ((주)한국감찰일보사),언론사
23348,한국미술연합뉴스,언론사
23349,한국미용과학신문,언론사
23350,한국미용대학신문,언론사
23351,한국미용생명과학평생교육원,언론사
23352,한국미용신문뷰티포스트,언론사
23353,한국민속신문,언론사
23354,"한국민정일보(한국민정방송,한국민정뉴스,한국민정daily)",언론사
23355,한국민족복음화신문,언론사
23356,한국바른뉴스,언론사
23357,"한국바이에른 미트저널 (주식회사 한국바이에른식육학교(Korea Bayern Meat School Co. , Ltd.))",언론사
23358,한국반려동물관광정보신문,언론사
23359,한국반려동물신문 ((주)한국반려동물신문),언론사
23360,한국반려동물아카데미저널 ((주) 한국반려동물아카데미),언론사
23361,한국발명신문,언론사
23362,한국밤산업신문,언론사
23363,한국방송뉴스 (한국방송뉴스(주)),언론사
23364,한국방송미디어기자협회 (주식회사 지스타그룹),언론사
23365,한국방송신문연합회(방송과신문),언론사
23366,한국방송통신사 (주식회사 한국스마트방송통신),언론사
23367,한국백세신문,언론사
23368,한국법률경제신문,언론사
23369,한국법률구조신문,언론사
23370,한국법률방송,언론사
23371,한국법률법정신문,언론사
23372,한국법률신문 (한국법률신문 주식회사),언론사
23373,한국법률일보 (주식회사 한국법률일보),언론사
23374,한국법정신문,언론사
23375,한국벤처신문,언론사
23376,한국병원신문,언론사
23377,한국병원신문(koreahospitalnews) ((주)더뉴어스),언론사
23378,한국보건복지신문 (주식회사 신한국물산),언론사
23379,한국보건복지신문인터넷방송 (주식회사 신한국물산),언론사
23380,한국보건복지저널,언론사
23381,한국보건복지환경방송,언론사
23382,한국보건의료신문 ((주)한국보건의료신문),언론사
23383,한국보드게임뉴스,언론사
23384,한국보석협회가제트(KGTA GAZETTE) (사단법인 한국보석협회),언론사
23385,한국보험신문 (한보험신문(주)),언론사
23386,한국보험정책신문 (자동차성능점검인 협동조합),언론사
23387,한국보훈뉴스 (㈜한국보훈디지털뉴스),언론사
23388,한국복음방송,언론사
23389,한국복음신문,언론사
23390,한국복지교육신문 ((사)한국능력교육개발원),언론사
23391,한국복지뉴스,언론사
23392,한국복지문화신문,언론사
23393,한국복지신문 (사단법인 내부장애인협회),언론사
23394,한국복지신문+,언론사
23395,한국복지요양뉴스,언론사
23396,한국복지저널,언론사
23397,한국복지정책방송,언론사
23398,한국부동산경제신문,언론사
23399,한국부동산뉴스,언론사
23400,한국부동산신문,언론사
23401,한국부동산신문 ((주)한국부동산신문),언론사
23402,한국부동산저널,언론사
23403,한국부동산종합뉴스,언론사
23404,한국부동산투데이,언론사
23405,한국부동산투자신문,언론사
23406,한국부패방지신문,언론사
23407,한국분양정보 (그린페이지주식회사),언론사
23408,한국불교,언론사
23409,한국불교 법인선원 덕선사,언론사
23410,한국불교교육대학 대학원 천안천불사,언론사
23411,한국불교문학(韓國佛敎文學),언론사
23412,한국불교신문방송 (한국불교방송(주)),언론사
23413,한국불교원각종,언론사
23414,한국뷰티건강산업신문,언론사
23415,한국뷰티뉴스,언론사
23416,한국브랜드경제,언론사
23417,한국블록경제신문 ((주) 데이터체인),언론사
23418,한국블록체인뉴스 ((주)한국블록체인뉴스),언론사
23419,한국비비씨방송 (주식회사 신동아방송),언론사
23420,한국비자뉴스 (주식회사 케이한문화콘텐츠진흥원),언론사
23421,한국비전,언론사
23422,한국비즈니스신문 (주식회사 한영인투자그룹),언론사
23423,한국빌딩관리신문,언론사
23424,한국사계절환경신문,언론사
23425,한국사랑N,언론사
23426,한국사법경찰신문 (한국사법경찰신문(주)),언론사
23427,한국사시민강좌,언론사
23428,한국사진 (사단법인 한국사진),언론사
23429,한국사진뉴스,언론사
23430,한국사진문학,언론사
23431,한국사진방송,언론사
23432,한국사진신문,언론사
23433,한국사회공헌TIMES (주식회사 한국사회공헌사업단),언론사
23434,한국사회공헌신문 (한국공헌재단(주)),언론사
23435,한국사회공헌저널 (주식회사 한국사회공헌사업단),언론사
23436,한국사회보건복지신문,언론사
23437,한국사회복지뉴스,언론사
23438,한국사회복지신문 ((주)한국사회복지신문),언론사
23439,한국사회복지연합신문,언론사
23440,한국사회복지저널,언론사
23441,한국사회복지평생교육신문 ((주)한국사회복지평생교육원),언론사
23442,한국사회안전신문 (한국시큐리티 주식회사),언론사
23443,한국사회적경제신문 (주식회사 한국사회적경제신문),언론사
23444,한국사회적기업 ((사)한민족문화복지진흥원),언론사
23445,한국산문,언론사
23446,한국산악회신문,언론사
23447,한국산악회회보 (사단법인 한국산악회),언론사
23448,한국산업경제목포신문,언론사
23449,한국산업경제신문 (주식회사 인터커뮤니케이션즈),언론사
23450,한국산업경제일보,언론사
23451,한국산업경제투데이 (주식회사 에듀스프론티어),언론사
23452,한국산업뉴스 (한국산업뉴스(주)),언론사
23453,한국산업신문 ((주)정미디어),언론사
23454,한국산업안전뉴스,언론사
23455,한국산업안전신문,언론사
23456,한국산업직업훈련신문 ((주)한국종합뉴스),언론사
23457,한국산후조리업신문 (사단법인 한국산후조리원협회),언론사
23458,한국상공인신문,언론사
23459,한국상담교육뉴스 ((주)한국상담교육개발원),언론사
23460,한국상담복지교육 뉴스,언론사
23461,한국상담학신문,언론사
23462,한국상인뉴스,언론사
23463,한국상인신문,언론사
23464,한국상품권뉴스 ((주)한국상품권협회),언론사
23465,한국생활신문 ((주)경림코퍼레이션),언론사
23466,한국생활체육뉴스,언론사
23467,한국생활체육신문,언론사
23468,한국서예신문,언론사
23469,한국서울클럽뉴스,언론사
23470,한국서정문학,언론사
23471,한국서화신문,언론사
23472,한국석면건축신문,언론사
23473,한국석재신문,언론사
23474,한국설 (주식회사 이엔씨인터),언론사
23475,한국섬뉴스 (주식회사 한국섬뉴스),언론사
23476,한국섬유경제신문,언론사
23477,한국섬유신문 ((주)한국섬유신문),언론사
23478,한국섬유신문i ((주)한국섬유신문),언론사
23479,한국성결신문,언론사
23480,한국성씨문화 ((사)한국뿌리문화보존회),언론사
23481,한국세경신문,언론사
23482,한국세계선교,언론사
23483,한국세계선교 방송신문,언론사
23484,한국세무신문,언론사
23485,한국세정신문 ((주)한국세정신문사),언론사
23486,한국세탁세제신문,언론사
23487,한국소기업소상공인신문,언론사
23488,한국소방뉴스,언론사
23489,한국소방안전신문,언론사
23490,한국소방안전타임즈,언론사
23491,한국소비경제신문,언론사
23492,한국소비경제일보,언론사
23493,한국소비자경제,언론사
23494,한국소비자경제신문,언론사
23495,한국소비자뉴스,언론사
23496,한국소비자신문 (한국소비자신문 주식회사),언론사
23497,한국소비자연합뉴스,언론사
23498,한국소비자정보신문,언론사
23499,한국소상공인뉴스(News),언론사
23500,한국소상공인신문,언론사
23501,한국소설 ((사)한국소설가협회),언론사
23502,한국소셜네트워크기자협회(SNS기자협회),언론사
23503,한국소통저널,언론사
23504,한국소통투데이 (한국소통투데이),언론사
23505,한국쇼핑몰뉴스,언론사
23506,한국쇼핑몰신문 ((주)넥서스그룹),언론사
23507,한국쇼호스트협회신문,언론사
23508,한국수산경제 ((주)한국수산경제신문),언론사
23509,한국수산신문 ((주)한국수산신문사),언론사
23510,한국수소환경신문 (주식회사 에이치투코리아),언론사
23511,한국수필,언론사
23512,한국스마트지능,언론사
23513,한국스케일업저널 ((재)한국스케일업재단),언론사
23514,한국스토리 ((주)한국스토리),언론사
23515,한국스포츠경제 ((주)한국뉴미디어),언론사
23516,한국스포츠과학연구소 부설_한국스포츠일보 (한국스포츠과학연구소 사회적협동조합),언론사
23517,한국스포츠뉴스(케이에스피엔),언론사
23518,한국스포츠리서치,언론사
23519,한국스포츠신문,언론사
23520,한국스포츠통신,언론사
23521,한국스피치뉴스,언론사
23522,한국시,언론사
23523,한국시낭송뉴스,언론사
23524,한국시니어뉴스,언론사
23525,한국시니어문화뉴스,언론사
23526,한국시니어신문 (주식회사 이넷뉴스),언론사
23527,한국시니어저널 (주식회사 아름다운미래를준비하는신문),언론사
23528,한국시뮬레이션골프신문 (사단법인 한국시뮬레이션골프문화협회),언론사
23529,한국시민기자협회 뉴스포털1,언론사
23530,한국시민뉴스 (주식회사 한국시민뉴스),언론사
23531,한국시민프레스 (한국시민(주)),언론사
23532,한국시사TV,언론사
23533,한국시사경제(hankook sisa economy),언론사
23534,한국시사뉴스,언론사
23535,한국시사산업신문,언론사
23536,한국시사신문 ((주)세계시사신문),언론사
23537,한국시사역리 (사단법인 한국역학사협회),언론사
23538,한국시사일보,언론사
23539,한국시서울문학,언론사
23540,한국시원,언론사
23541,한국시인 (사단법인 한국시인협회),언론사
23542,한국시정신문,언론사
23543,한국시조문학 (사단법인 한국시조문학진흥회),언론사
23544,한국시큐리티신문,언론사
23545,한국식약경제신문,언론사
23546,한국식품의약신문,언론사
23547,한국신문,언론사
23548,한국신문방송진흥협회,언론사
23549,한국신용신문 (랑펀미디어 주식회사),언론사
23550,한국신춘문예,언론사
23551,한국신학,언론사
23552,한국신화망(韓國新華網),언론사
23553,한국실버(SILVER)뉴스,언론사
23554,한국실버복지신문,언론사
23555,한국실버산업신문,언론사
23556,한국실버산업인터넷신문 (주식회사 한국실버산업신문),언론사
23557,한국실버신문 (씨앤엘코리아(주)),언론사
23558,한국심리상담신문,언론사
23559,한국심리학신문 (주식회사 엠피스트),언론사
23560,한국아이뉴스 (주식회사 한국아이뉴스저널),언론사
23561,한국아이닷컴 (주식회사 한국아이닷컴),언론사
23562,한국아트넷뉴스(K-Artnet News),언론사
23563,한국아트저널,언론사
23564,한국아파트뉴스,언론사
23565,한국아파트신문 ((주)한국아파트신문사),언론사
23566,한국안경신문,언론사
23567,한국안전1번지,언론사
23568,한국안전뉴스 ((사)한국화재폭발조사협회),언론사
23569,한국안전방송신문 (주식회사 한국안전방송),언론사
23570,한국안전사회신문,언론사
23571,한국안전신문 ((주)한국안전신문),언론사
23572,한국안전전문기관협의회보 ((사)한국안전전문기관협의회),언론사
23573,한국야구신문,언론사
23574,한국양계신문,언론사
23575,한국양봉신문,언론사
23576,한국양자생물학회,언론사
23577,한국어린이기자단 (대한민국청소년기자단 주식회사),언론사
23578,"한국어린이청소년 신문,방송국",언론사
23579,한국어세계화,언론사
23580,한국어업신문,언론사
23581,한국언론 (사단법인 한국자유언론인협회),언론사
23582,한국언론기자협회,언론사
23583,한국언론뉴스미디어센터 (협동조합 한국문화산업진흥원),언론사
23584,한국언론연합,언론사
23585,한국언론인총연대,언론사
23586,한국언론포털통신사 (주식회사 한국스마트방송통신),언론사
23587,한국에너지,언론사
23588,한국에너지 ((주)한국에너지신문사),언론사
23589,한국에너지절약신문,언론사
23590,한국에듀뉴스,언론사
23591,한국에듀라이프신문,언론사
23592,한국에이블뉴스,언론사
23593,한국엘이디(LED)산업신문,언론사
23594,한국엠앤에이(M&A)신문,언론사
23595,한국여성건강뉴스 (주식회사 한국여성건강연구소),언론사
23596,한국여성농업인신문,언론사
23597,한국여성뉴스,언론사
23598,한국여성신문,언론사
23599,한국여성연합신문,언론사
23600,한국여성저널,언론사
23601,한국여약사신문,언론사
23602,한국역사문화신문 ((사)한국불교일련정종구법신도회),언론사
23603,한국연구 (재단법인 한국연구원),언론사
23604,한국연극 (한국연극협회),언론사
23605,한국연예,언론사
23606,한국연예·관광정보 (이패밀리만기츠서울투어(주)),언론사
23607,한국연예스포츠방송TV ((주)한국감찰일보사),언론사
23608,한국연예스포츠신문,언론사
23609,한국연예스포츠신문TV,언론사
23610,한국연예축제일보,언론사
23611,한국연합뉴스 ((주)한국지역연합방송),언론사
23612,한국연합방송 ((사) 한국연합방송인협회),언론사
23613,한국연합신문 ((주)한국연합미디어),언론사
23614,한국연합일보 (주식회사 한국연합일보),언론사
23615,한국염직신문,언론사
23616,한국영농신문,언론사
23617,한국영상뉴스,언론사
23618,한국예술가협회,언론사
23619,한국예술뉴스,언론사
23620,한국예술문학신문,언론사
23621,한국예술상담뉴스,언론사
23622,한국예술신문,언론사
23623,한국예술저널,언론사
23624,한국오르프교육신문,언론사
23625,한국옥외광고신문 ((사)한국옥외광고협회중앙회),언론사
23626,한국외교뉴스(The Korea Diplomat News) (벨류에셋그린(주)),언론사
23627,한국외식경영신문 ((주)한국방송미디어그룹),언론사
23628,한국외식경제신문 ((주)한국외식경제신문),언론사
23629,한국외식문화뉴스,언론사
23630,한국외식신문 (사단법인 한국외식업중앙회),언론사
23631,한국외신뉴스 (주식회사 한국뉴스데이터),언론사
23632,한국요양뉴스,언론사
23633,한국요양신문 (한국요양신문 주식회사),언론사
23634,한국웃음복지신문,언론사
23635,한국원자력신문 (주식회사 한국원자력신문사),언론사
23636,한국웨딩신문,언론사
23637,한국웰니스 매거진,언론사
23638,한국위생신문,언론사
23639,한국유교신문(韓國儒敎新聞),언론사
23640,한국유기비료신문 (한국유기질비료산업협동조합),언론사
23641,한국유럽 풋볼뉴스 (주식회사 월드풋볼뉴스),언론사
23642,한국유럽뉴스인타임즈,언론사
23643,한국유미술신문,언론사
23644,한국유아교육신문,언론사
23645,한국유엔신문 (주식회사 라이징),언론사
23646,한국유통물류진흥원 (재단법인 한국유통물류진흥원),언론사
23647,한국유통신문,언론사
23648,한국유튜브방송 (소셜네트워크 주식회사),언론사
23649,한국유튜브신문,언론사
23650,한국유튜브크리에이터교육센터,언론사
23651,한국유학비자뉴스 (주식회사 샤방닷컴),언론사
23652,한국유학신문 (주식회사 한국유학신문),언론사
23653,한국육아방송 (주식회사 한국경제),언론사
23654,한국육아신문,언론사
23655,한국은행 경제전망,언론사
23656,한국을빛낸사람들저널,언론사
23657,한국음악신문,언론사
23658,한국의 미,언론사
23659,"한국의 인물들, 참 좋은 이웃들, 참 좋은 사람들",언론사
23660,한국의 특산물 (한국디지털신문(주)),언론사
23661,한국의료관광신문 ((주)한국의료관광서비스),언론사
23662,한국의료관광안내신문(Korea Medical Tour Guide Newpaper),언론사
23663,한국의료관광안내신문(Korea Medical Tour Guide Newspaper),언론사
23664,한국의료신문 ((주)한국의료신문),언론사
23665,한국의미독도,언론사
23666,한국의산업의학,언론사
23667,한국의소리,언론사
23668,한국의시,언론사
23669,한국의약통신 ((주)동명북미디어),언론사
23670,한국의약통신(The Korea medical pharmacy News) ((주)비즈엠디),언론사
23671,한국의얼 (협동조합 대한민족문화예술전승회),언론사
23672,한국의용소방,언론사
23673,한국의유산,언론사
23674,한국의정방송,언론사
23675,한국의정방송TV,언론사
23676,한국의정방송TV뉴스,언론사
23677,한국의정신문 ((주)한국방송미디어그룹),언론사
23678,한국의학신문 ((주)필로메디),언론사
23679,한국의학회신문 ((주)키닥터),언론사
23680,한국의회신문 (주식회사 의회신문),언론사
23681,한국이룸,언론사
23682,한국이륜차신문(KOREA MOTORCYCLE NEWS) ((주)모터싸이클미디어),언론사
23683,한국이주민교육진흥원,언론사
23684,한국이주민다문화신문,언론사
23685,한국이주민동포신문 (사단법인 한국동포지원센터중앙회),언론사
23686,한국이주민신문(Migrant Times Korea),언론사
23687,한국이코노미뉴스 (주식회사 한국저널),언론사
23688,한국인,언론사
23689,한국인공지능신문 (글로벌미래교육원 주식회사),언론사
23690,한국인권신문,언론사
23691,한국인물 (한국소비자신문 주식회사),언론사
23692,한국인물신문 ((주)삼정알인네트),언론사
23693,한국인사노무신문,언론사
23694,한국인삼신문,언론사
23695,한국인선교사,언론사
23696,한국인재교육신문,언론사
23697,한국인재문화교육신문,언론사
23698,한국인재신문,언론사
23699,한국인재지식신문,언론사
23700,한국인터넷뉴스 (주)한국인터넷뉴스),언론사
23701,한국인터넷뉴스영남협회 (주식회사 한국인터넷뉴스영남협회),언론사
23702,한국인터넷미디어기자협회,언론사
23703,한국인터넷신문,언론사
23704,한국인테리어방송 (한국인테리어방송 주식회사),언론사
23705,한국인톱뉴스 (함평인톱뉴스 주식회사),언론사
23706,한국인포맥스,언론사
23707,한국인플루언서뉴스,언론사
23708,한국인플루언서신문,언론사
23709,한국일보 ((주)한국일보사),언론사
23710,한국일터혁신타임즈 ((주)한국일터혁신컨설팅그룹),언론사
23711,한국임업신문 (주식회사 한국임업신문사),언론사
23712,한국입법신문,언론사
23713,한국자격정보,언론사
23714,한국자격정보뉴스,언론사
23715,한국자동차기술신문 (주식회사 카스카비즈),언론사
23716,한국자산관리저널 ((주) 한국자산관리방송),언론사
23717,한국자세체형교정지식뉴스,언론사
23718,한국자연건강,언론사
23719,한국자연공원 (한국자연공원협회),언론사
23720,한국자연치유 연합뉴스,언론사
23721,한국자원봉사신문 (사단법인 한국자원봉사협의회),언론사
23722,한국자치신문,언론사
23723,한국자치신문 (주식회사 상애(相愛)),언론사
23724,한국자치저널,언론사
23725,한국자활뉴스,언론사
23726,한국작가,언론사
23727,한국장례뉴스 (주식회사 세계시사뉴스통신),언론사
23728,한국장례신문,언론사
23729,한국장로신문,언론사
23730,한국장애복지신문,언론사
23731,한국장애인뉴스,언론사
23732,한국장애인단체문화예술총연합회,언론사
23733,한국장애인단체문화예술총연합회.,언론사
23734,한국장애인방송 Jnettv (사단법인 한국장애인인권포럼),언론사
23735,한국장애인복지매거진,언론사
23736,한국장애인신문 (주식회사 한국장애인신문),언론사
23737,한국장학재단 웹진 림(林) (재단법인 한국장학재단),언론사
23738,한국재개발신문,언론사
23739,한국재건축신문,언론사
23740,한국재난뉴스,언론사
23741,한국재난안전뉴스 (주식회사 한국재난안전뉴스),언론사
23742,한국재난안전신문 (주식회사 한국재난안전심리연구원),언론사
23743,한국재난안전저널 ((주)한국재난안전원),언론사
23744,한국재난안전정보협회,언론사
23745,한국재활용신문,언론사
23746,한국저널,언론사
23747,한국저널뉴스,언론사
23748,한국저널매거진,언론사
23749,한국전자통신학회 논문지 (사단법인 한국전자통신학회),언론사
23750,한국전통문화무속협회,언론사
23751,한국정경신문 ((주)한국정경신문),언론사
23752,한국정보기술신문 (한국정보기술진흥원 주식회사),언론사
23753,한국정보기술학회논문지 (사)한국정보기술학회),언론사
23754,한국정보신문,언론사
23755,한국정보인재타임즈 (주식회사 한국정보인재개발원),언론사
23756,한국정신건강신문 (주식회사 한국정신건강신문),언론사
23757,한국정책방송 (주식회사 선진사회정책연구원),언론사
23758,한국정책신문,언론사
23759,한국정책자금신문 (에스씨씨커뮤니케이션(주)),언론사
23760,한국정치일보 ((주)한국감찰일보사),언론사
23761,한국정치일보TV ((주)한국감찰일보사),언론사
23762,한국제일신문 (주식회사 이티엔엔),언론사
23763,한국조경신문 ((주)환경과조경),언론사
23764,한국조례신문,언론사
23765,한국조명신문,언론사
23766,한국조은교육신문사,언론사
23767,한국종교,언론사
23768,한국종교무교천왕종,언론사
23769,한국종합 ART NEWS,언론사
23770,한국종합경제신문,언론사
23771,한국종합방송,언론사
23772,한국종합심리신문,언론사
23773,한국종합예술신문,언론사
23774,한국주간소식,언론사
23775,한국주택관리신문,언론사
23776,한국주택신문플러스 (씨엠릿츠미디어 주식회사),언론사
23777,한국중소기업신문,언론사
23778,한국중소기업일보,언론사
23779,한국중소기업일보 ((주)한국중소기업일보),언론사
23780,한국중앙방송,언론사
23781,한국중앙법률신문,언론사
23782,한국중앙신문,언론사
23783,한국증권 (한국미디어서비스(주)),언론사
23784,한국증권TV ((주)거인미디어),언론사
23785,한국증권타임즈,언론사
23786,한국증권투데이,언론사
23787,한국지방세신문 (주식회사 한국지방세신문),언론사
23788,한국지방자치 (주식회사 시사경제신문사),언론사
23789,한국지방자치일보,언론사
23790,한국지방정부신문,언론사
23791,한국지역방송 온라인뉴스 (주식회사 에이치엔한국지역방송),언론사
23792,한국지역사회복지신문,언론사
23793,한국지역커뮤니티협회 ((주)투게더7500),언론사
23794,한국지적측량,언론사
23795,한국지혈혈전학회지,언론사
23796,한국직무발전신문,언론사
23797,한국직업교육저널 (주식회사 한국직업교육평가원),언론사
23798,한국직업신문,언론사
23799,한국직업전문센터,언론사
23800,한국직업훈련신문 ((주)에이치알디이솔류션),언론사
23801,한국진로교육신문 (주식회사 한국진로교육원),언론사
23802,한국집합건물관리인신문,언론사
23803,한국차문화신문(한국茶문화신문),언론사
23804,한국창업경제뉴스 ((주)부경홀딩스),언론사
23805,한국창업신문 ((주)한국평생교육원),언론사
23806,한국창업일보,언론사
23807,한국창의뉴스,언론사
23808,한국창의인재개발협회,언론사
23809,한국창작수필 (주식회사 풍백미디어),언론사
23810,한국철도신문 (주식회사씨저널),언론사
23811,한국철도일보 (한국철도신문 주식회사),언론사
23812,한국청각신문,언론사
23813,한국청각장애,언론사
23814,한국청년스타트업뉴스 (주식회사 여심서울),언론사
23815,한국청년신문 (주식회사 한국청년신문),언론사
23816,한국청소년교육저널,언론사
23817,한국청소년기자단,언론사
23818,한국청소년방송 ((사)한국청소년행동과학문화원),언론사
23819,한국청소년신문 ((사)대한청소년연맹),언론사
23820,한국청소년연구 (한국청소년개발원),언론사
23821,한국청소년인터넷신문,언론사
23822,한국체육지도자교육개발원,언론사
23823,한국축제마당,언론사
23824,한국축제방송 ((주)한국축제방송),언론사
23825,한국축제신문 (주식회사 축제경영연구소),언론사
23826,한국축제저널 ((주)한국축제방송),언론사
23827,한국춘추 (펜과오늘(주)),언론사
23828,한국취업경제 ((주)한국취업경제신문),언론사
23829,한국취업신문 (주식회사 한국취업신문),언론사
23830,한국취업진로저널,언론사
23831,한국치매예방클리닉협회인터넷신문,언론사
23832,한국캠프신문 ((주)동아아카데미피지코리아),언론사
23833,한국캠핑신문 ((사)한국캠핑협회),언론사
23834,한국커피연구 (주식회사 커피투데이),언론사
23835,한국컬쳐뉴스 (케이컬쳐클럽 주식회사),언론사
23836,한국코멘트뉴스,언론사
23837,한국크리스챤저널,언론사
23838,한국크리스천기자포럼,언론사
23839,한국크리스천문학,언론사
23840,한국크리스천신문 (주식회사 한국크리스천신문),언론사
23841,한국크리에이터 매거진,언론사
23842,한국크리에이터경제뉴스 (사단법인 한국유튜버협회),언론사
23843,한국크리에이터매거진 전북지국,언론사
23844,한국클라우드신문 (주식회사 맑은소프트),언론사
23845,한국클래식,언론사
23846,한국클래식음악신문,언론사
23847,한국타운페이지,언론사
23848,한국타임스,언론사
23849,한국타임즈뉴스,언론사
23850,한국탐사방송,언론사
23851,한국탐정방송TV,언론사
23852,한국탑뉴스 (주식회사 한국탑뉴스),언론사
23853,한국태권도신문,언론사
23854,한국태양광신문 (시민뉴스 주식회사),언론사
23855,한국택시신문 ((주)택시방송),언론사
23856,한국토지주택아파트매매,언론사
23857,한국톱뉴스,언론사
23858,한국통신경제신문,언론사
23859,한국통합뉴스,언론사
23860,한국통합상담심리‧리더십아카데미,언론사
23861,한국투데이,언론사
23862,한국투자경제신문 (해피트리파트너스(주)),언론사
23863,한국투자정보신문,언론사
23864,한국트레일런신문,언론사
23865,한국특보신문,언론사
23866,한국파크골프뉴스 (주식회사 만홀딩스(MAN Holdings Inc)),언론사
23867,한국파크골프신문,언론사
23868,한국판 러너스월드 (주식회사 볕),언론사
23869,한국판 포포투 ((주)인터풋볼),언론사
23870,한국판뉴턴(Newton),언론사
23871,한국패션위크,언론사
23872,한국패션위크 ((주)시사미디어),언론사
23873,한국퍼스널브랜딩신문,언론사
23874,한국펫산업신문 (감성가치 주식회사),언론사
23875,한국평생교육개발원,언론사
23876,한국평생교육신문 (브레인스포츠 주식회사),언론사
23877,한국평생교육저널 (주식회사 로뎀네트워크),언론사
23878,한국평생교육정보,언론사
23879,한국포토뉴스,언론사
23880,한국포토뉴스 (주식회사 한국포토신문사),언론사
23881,한국푸드인터넷신문방송,언론사
23882,한국푸른쉼터신문(주간) (사단법인 한국푸른쉼터신문),언론사
23883,한국풍수신문,언론사
23884,한국풍향 ((주)콘텐츠앤피플스토리),언론사
23885,한국프라임저널 ((주)한국강사교육진흥원),언론사
23886,한국프랜차이즈산업신문 (주식회사 케이에프앤홀딩스),언론사
23887,한국프랜차이즈신문,언론사
23888,한국프랜차이즈저널 ((주)채널프랜차이즈),언론사
23889,한국프랜차이즈창업신문,언론사
23890,한국필라테스진흥원 (주식회사한국 필라테스진흥원),언론사
23891,한국학 (재단법인 한국학중앙연구원),언론사
23892,한국학교신문사,언론사
23893,한국학교연합신문,언론사
23894,한국학보,언론사
23895,한국학생논문저널,언론사
23896,한국학술연구 ((사)한국학술연구원),언론사
23897,한국학원신문,언론사
23898,한국한국인,언론사
23899,한국항공뉴스 (주식회사 더스카이비즈),언론사
23900,한국항공신문,언론사
23901,한국해양경찰일보,언론사
23902,한국해양뉴스,언론사
23903,한국해양문학상 작품집 (사단법인 부산광역시문인협회),언론사
23904,한국해양신문 ((주)테이스코),언론사
23905,한국해양환경방송 ((주)한국해양환경방송),언론사
23906,한국해운신문,언론사
23907,한국해운신문 (한국해운신문(주)),언론사
23908,한국행정뉴스,언론사
23909,한국행정신문,언론사
23910,한국행정연구,언론사
23911,한국행정일보,언론사
23912,한국행정저널 ((주)한국행정개발원),언론사
23913,한국헬스경제신문 (주식회사 국가정책전략연구원),언론사
23914,한국현대미술신문,언론사
23915,한국현대시 (사단법인 한국현대시인협회),언론사
23916,한국협동조합방송,언론사
23917,한국협동조합신문 ((주)라마나욧그룹),언론사
23918,한국협동조합연합회신문,언론사
23919,한국협동조합연합회신문 (사단법인 누가선교회),언론사
23920,한국협회뉴스 (주식회사 종합뉴스통신),언론사
23921,한국호국불교조계종,언론사
23922,한국화물운송지입정보신문 ((주)엠텍소프트),언론사
23923,한국화보,언론사
23924,한국화장품신문,언론사
23925,한국화재방송,언론사
23926,한국환경경찰신문 (사단법인 환경보전중앙협의회),언론사
23927,한국환경경찰일보,언론사
23928,한국환경관리신문,언론사
23929,한국환경신문,언론사
23930,한국환경연합신문 ((사)한국해상재난환경구조단),언론사
23931,한국환경일보,언론사
23932,한국환경저널 (주식회사 한국드론사관학교),언론사
23933,한국회계신문,언론사
23934,한국희곡 ((사)한국희곡작가협회),언론사
23935,한국힐링뉴스 ((주)한국힐링인재개발원),언론사
23936,한국힐링라이프,언론사
23937,한국힐링문학,언론사
23938,한그루신문,언론사
23939,한그루신문 (한그루생활건강 주식회사),언론사
23940,한글과 인공지능,언론사
23941,한글문학,언론사
23942,한글사랑케이팝 (주식회사 한글사랑케이팝),언론사
23943,한글새소식 (재단법인 한글학회),언론사
23944,한기보 신문,언론사
23945,한기총신문,언론사
23946,한기총타임즈,언론사
23947,한길,언론사
23948,한길法話,언론사
23949,한길뉴스 (주식회사 한길뉴스),언론사
23950,한길뉴스TV,언론사
23951,한길신문 ((주)한길평생교육원),언론사
23952,한나무 누리놀이 만3세,언론사
23953,한나무 누리놀이 만4세,언론사
23954,한나무 누리놀이 만5세,언론사
23955,한나무 누리놀이 영아용,언론사
23956,한남일보 (주식회사 한남일보),언론사
23957,한내문학 (사단법인 한내문학),언론사
23958,한누리 소식 ((주)젤리빈),언론사
23959,한누리News,언론사
23960,한누리글로벌뉴스,언론사
23961,한다문화방송,언론사
23962,한다문화신문 (주식회사 경향매일),언론사
23963,한단총,언론사
23964,한대협타임즈,언론사
23965,한독모터스(Handok Motors),언론사
23966,한돈뉴스 ((주)에스알씨피그앤포크한돈),언론사
23967,한돈뉴스네트워크,언론사
23968,한돈미디어 (주식회사 라온출판),언론사
23969,한돈신문,언론사
23970,한라경마사,언론사
23971,한라산관음사보 불지,언론사
23972,한라일보,언론사
23973,한라평생교육신문 (주식회사 한라미래비전),언론사
23974,한려뉴스,언론사
23975,한려투데이 (한려투데이(주)),언론사
23976,한류(韓流/HanRyuu),언론사
23977,한류TV (HTV),언론사
23978,한류경제뉴스 (케이방역뉴스 주식회사),언론사
23979,한류국제문화예술신문,언론사
23980,한류나우,언론사
23981,한류문화신문,언론사
23982,한류미술원 ((주)나눔뉴스),언론사
23983,한류스타 보도사진 매거진 (주식회사 오드나인커뮤니케이션즈),언론사
23984,한류신문 (농업회사법인 한류면세백화점 주식회사),언론사
23985,한류신문 (농업회사법인 한류면세백화점(주)),언론사
23986,한류엔뉴스통신 (주식회사 지에스엔복지문화연합뉴스),언론사
23987,한류타임스 (한류타임스 주식회사),언론사
23988,한류피드 (1089미디어(주)),언론사
23989,한리 비즈니스,언론사
23990,한마당,언론사
23991,한마당놀이,언론사
23992,한마디로,언론사
23993,한마을국제(HANMAEUL INTERNATIONAL),언론사
23994,한마음 (사단법인 한국장애인문화인쇄협회),언론사
23995,한마음기독신문,언론사
23996,한마음저널,언론사
23997,한맥문학,언론사
23998,한무리문학 (한무리창조문인협회),언론사
23999,한미뉴스 (한미아카데미(주)),언론사
24000,한미일보 (한미일보 주식회사),언론사
24001,한미저널 (사단법인 한미클럽),언론사
24002,한미타임즈,언론사
24003,한민일보 (주식회사 한민신문사),언론사
24004,한민족신문,언론사
24005,한민족연합신문,언론사
24006,한민족저널,언론사
24007,한반도경제,언론사
24008,한반도대운하일보 ((주)백조장학재단),언론사
24009,한반도신문,언론사
24010,한반도일보 (주식회사 한반도 일보),언론사
24011,한반도통일문학,언론사
24012,한반도투데이,언론사
24013,한반도프레스,언론사
24014,한방 카렌다 News,언론사
24015,한방건강생활 ((주)아이엠지코리아),언론사
24016,한방매거진,언론사
24017,한방소식 김현수 한의원,언론사
24018,한방친구 (주식회사 두인컴),언론사
24019,한방통신사 (한국방송뉴스통신사(주)),언론사
24020,한밭일보,언론사
24021,한배달 (사단법인 한배달),언론사
24022,한보,언론사
24023,한봄찬미디어 ((주)컬컴가산점),언론사
24024,한북신문 (한북신문주식회사),언론사
24025,한비문학,언론사
24026,한빛공감,언론사
24027,한빛문학,언론사
24028,한빛문화신문,언론사
24029,한빛세계선교방송,언론사
24030,한빛소리 (사단법인 한빛회),언론사
24031,한빛신문 (주식회사 한빛신문),언론사
24032,한빛유니언포커스,언론사
24033,한빛인터넷신문,언론사
24034,한빛일보,언론사
24035,한빛정보,언론사
24036,한빛포커스 (다이스미디어 협동조합),언론사
24037,한사랑나눔신문,언론사
24038,한사랑방송 (주식회사 대박산업),언론사
24039,한산주일보,언론사
24040,한서 무궁화 (사단법인 한서남궁억선생기념사업회),언론사
24041,한성뉴스넷,언론사
24042,한성동포신문,언론사
24043,한성일보 ((주) 한성일보사),언론사
24044,한세문학(韓世文學),언론사
24045,한솔뉴스 (Han’s All News) ((주)한솔뉴스),언론사
24046,한솔문학,언론사
24047,한솔플러스 톡톡 News ((주)한솔플러스),언론사
24048,한스경제,언론사
24049,한스경제 ((주)한국뉴미디어),언론사
24050,한식일보,언론사
24051,한아 느티나무 (한아에쎄스(주)),언론사
24052,한아문학,언론사
24053,한아신문 (한아방송 주식회사),언론사
24054,한알의 밀알,언론사
24055,한약유통신문 (씨케이 주식회사),언론사
24056,한양 닷컴,언론사
24057,한양경제 ((주)한양경제),언론사
24058,한양뉴스,언론사
24059,한양문학,언론사
24060,한양신문 (서울매일 주식회사),언론사
24061,한양일보,언론사
24062,한양조씨대종회,언론사
24063,한얼문화신문,언론사
24064,한얼신문,언론사
24065,한영신문,언론사
24066,한옥신문 ((사) 한옥기술인협회),언론사
24067,한올문화광장신문,언론사
24068,한올컴퍼니 매거진 (주식회사 한올컴퍼니),언론사
24069,한우낙농신문,언론사
24070,한우리 경제(신문) ((유)한우리정경문화연구소),언론사
24071,한우리경제 ((주)한우리경제신문),언론사
24072,한우리일보,언론사
24073,한우마당 ((사)전국한우협회),언론사
24074,한우신문,언론사
24075,한우자조금(한우랑),언론사
24076,한울문학,언론사
24077,한울신문 ((주)울산월요신문사),언론사
24078,한울안신문 (재단법인 원불교 서울교구),언론사
24079,한울정치일보,언론사
24080,한유경제신문,언론사
24081,한율일보,언론사
24082,한의신문 (사단법인 대한한의사협회),언론사
24083,한의학소식,언론사
24084,한인경제,언론사
24085,한인협,언론사
24086,한일민족문제연구,언론사
24087,한일저널 (케이제이가든(주)),언론사
24088,한입신문 (한입신문 주식회사),언론사
24089,한자신문,언론사
24090,한주타임즈 (주식회사 지씨엔),언론사
24091,한중 포커스,언론사
24092,한중21 (주식회사 무본),언론사
24093,한중경영신문 (주식회사 엘엠엘케이),언론사
24094,한중경제신문 ((주)한중경제신문),언론사
24095,한중글로벌저널 (한국동아시아연구소 주식회사),언론사
24096,한중뉴스 ((주)다문화센터),언론사
24097,한중뉴스24 ((주)한중뉴스24),언론사
24098,한중데일리,언론사
24099,한중동포신문 (주식회사 한중교류협회),언론사
24100,한중문예 (사단법인 한중문예진흥원),언론사
24101,한중문화예술TV,언론사
24102,한중성신타임즈,언론사
24103,한중앙아뉴스,언론사
24104,한중연구원,언론사
24105,한중연합일보(韓中聯合日報),언론사
24106,한중인물,언론사
24107,한중일 경제신문,언론사
24108,한중일보,언론사
24109,한중일타임스,언론사
24110,한중저널,언론사
24111,한중투데이,언론사
24112,한지와 나,언론사
24113,한철노 (한국철도산업노동조합),언론사
24114,한청타임즈,언론사
24115,한컴산회보 (사단법인 한국컴퓨터게임산업중앙회),언론사
24116,한코리아 뉴스(HanKorea News),언론사
24117,한터뉴스(HANTEO NEWS) (주식회사 한터글로벌),언론사
24118,한통신문 (주식회사 한통신문사),언론사
24119,한화통신 ((주)한국경제지능연구소),언론사
24120,할라이프 (책상없는학교 협동조합),언론사
24121,할로윈(Halloween),언론사
24122,함께 green 광주 (광주환경공단),언론사
24123,함께 나누는 사람들,언론사
24124,함께 행복한 소비생활,언론사
24125,함께가는예술인 ((사)부산민예총),언론사
24126,함께걸음 ((사)장애우권익문제연구소),언론사
24127,함께사는세상,언론사
24128,함께사는신문,언론사
24129,함께여는 국어교육 (사단법인 전국국어교사모임),언론사
24130,함께여는교육,언론사
24131,함께하는 세상,언론사
24132,함께하는 신문사,언론사
24133,함께해냄 (전국장애아동보육제공기관협의회),언론사
24134,함께해저널,언론사
24135,함라 마을신문,언론사
24136,함부교,언론사
24137,함북민보,언론사
24138,함석헌연구,언론사
24139,함안114닷컴,언론사
24140,함안군민신문 ((주)함안군민신문),언론사
24141,함안나미디어,언론사
24142,함안뉴스 ((주)함안뉴스),언론사
24143,함안신문,언론사
24144,함안인터넷신문,언론사
24145,함안저널,언론사
24146,함안조씨 대종회보,언론사
24147,함양군민신문,언론사
24148,함양군민신문 (주식회사 함양군민신문),언론사
24149,함양뉴스,언론사
24150,함양레저신문,언론사
24151,함양신문 (함양신문(주)),언론사
24152,함양인터넷뉴스,언론사
24153,함양타임즈,언론사
24154,함평군민신문 (주식회사 함평군민신문),언론사
24155,함평뉴스,언론사
24156,함평로컬타임즈,언론사
24157,함평방송,언론사
24158,함평사람들,언론사
24159,함평신문,언론사
24160,함평올바른신문 (함평올바른신문 주식회사),언론사
24161,함평천지신문,언론사
24162,함평타임즈 (함평누리협동조합),언론사
24163,합(合) (주식회사 기린산업),언론사
24164,합격왕,언론사
24165,합기도신문,언론사
24166,합동기독신문,언론사
24167,합동뉴스TV (주식회사 신아신문신아통신),언론사
24168,합동뉴스신문 (주식회사 인영미술),언론사
24169,합동방송신문,언론사
24170,합동타임즈,언론사
24171,합동통신 (주식회사 합동신문합동통신),언론사
24172,합동투데이,언론사
24173,합동포스트,언론사
24174,합동헤럴드,언론사
24175,합보소식,언론사
24176,합천뉴스,언론사
24177,합천대야신문,언론사
24178,합천신문 ((주)합천신문사),언론사
24179,합천열린신문 (주식회사 합천열린신문),언론사
24180,합천인터넷뉴스,언론사
24181,합천일보,언론사
24182,합천저널,언론사
24183,핫뉴스(hot-news),언론사
24184,핫뮤직(Hot Music),언론사
24185,핫스크린 (핫스크린 주식회사),언론사
24186,핫식신 (주식회사 카붐),언론사
24187,핫아이템스타 ((주)핫아이템),언론사
24188,핫코노미,언론사
24189,"핫콘뉴스(Hot Contents & News) (주식회사 케이티에이치씨엔(kt HCN Co.,Ltd.))",언론사
24190,핫타임뉴스,언론사
24191,핫트랙뉴스,언론사
24192,핫필라테스뉴스,언론사
24193,항공기승무원스튜어디스,언론사
24194,항공문화 (사단법인 대한민국항공회),언론사
24195,항공시간표와뉴스레터 (주식회사 예카투어),언론사
24196,항공신문,언론사
24197,항공우주산업기술동향 (한국항공우주연구원),언론사
24198,항도 경인신문,언론사
24199,항쟁의 기관차 (주식회사 21세기민),언론사
24200,해경신문 (해경신문(주)),언론사
24201,해공뉴스,언론사
24202,해공일보(海公日報) ((주)해공일보사),언론사
24203,해공정신,언론사
24204,해군전우타임스,언론사
24205,해남군민신문 (주식회사 해남군민신문),언론사
24206,해남뉴스,언론사
24207,해남매일뉴스,언론사
24208,해남방송News,언론사
24209,해남시대신문 (주식회사 해남시대),언론사
24210,해남신문 (주식회사 주간해남신문사),언론사
24211,해남우리신문 (주식회사 해남우리신문),언론사
24212,해다미 (신문유통원),언론사
24213,해동육룡이나르샤,언론사
24214,해동주말(海東周末) (주식회사 무본),언론사
24215,해드림,언론사
24216,해든 (주식회사 해든),언론사
24217,해뜨는저널,언론사
24218,해뜸뉴스,언론사
24219,해륙뉴스1,언론사
24220,해링턴포스트,언론사
24221,해밀저널,언론사
24222,"해병대TV(marinestelevision,marinestv,해병대티비, 해병대티브이)",언론사
24223,"해병대뉴스(marinesnews,marinestime,marinestimes,해병대타임,해병대타임즈)",언론사
24224,해병대라디오(marinesradio),언론사
24225,해병대방송(marinesbroadcast),언론사
24226,해병대신문(marinesnewspaper),언론사
24227,해병대일보(marinespaper해병대소식),언론사
24228,해병대저널,언론사
24229,해병대전우,언론사
24230,해병저널 ((주)해병저널),언론사
24231,해봄 (주식회사 아우름),언론사
24232,해브투뉴스 ((주)해브투),언론사
24233,해비타트,언론사
24234,해빗뉴스,언론사
24235,해사경제신문(海事經濟新聞),언론사
24236,해사신문 ((주)한국해사신문사),언론사
24237,해사정보신문,언론사
24238,해양경찰신문 (해경신문(주)),언론사
24239,해양과문학,언론사
24240,해양교통신문 (유한회사 호남정책연구원),언론사
24241,해양뉴스 (주식회사 해양뉴스),언론사
24242,해양레저신문 (오션웨이 주식회사),언론사
24243,해양수산일보,언론사
24244,해양수산일보 (주식회사 대한미디어그룹),언론사
24245,해양인신문,언론사
24246,해양저널,언론사
24247,해양정보,언론사
24248,해양정책연구,언론사
24249,해양종합뉴스 (사단법인 한국해양안전협회),언론사
24250,해양통신 (주식회사 북극성미디어),언론사
24251,해양한국 ((재)한국해사문제연구소),언론사
24252,해양환경뉴스,언론사
24253,해양환경신문,언론사
24254,해오름 소식지,언론사
24255,해오름소식 ((주)해오름사회),언론사
24256,해와달 아트가이드,언론사
24257,해외건설저널 (해외건설협회),언론사
24258,해외대학뉴스 ((주)에이에이에이유학),언론사
24259,해외동포(Overseas Koreans Times) ((사)해외교포문제연구소),언론사
24260,해외동포뉴스,언론사
24261,해외동포매거진,언론사
24262,해외문화,언론사
24263,해외진출/한류매거진,언론사
24264,해운대라이프 ((주)해운대라이프),언론사
24265,해운산업신문,언론사
24266,해운의소리,언론사
24267,해인교육신문,언론사
24268,해인불교,언론사
24269,해저여행,언론사
24270,해제소식지 동네방네,언론사
24271,해치저널,언론사
24272,해프릭스(HAPRICS),언론사
24273,해피700방송,언론사
24274,해피뉴스 (비트코믹스 주식회사),언론사
24275,해피데일리 ((주)달비채),언론사
24276,해피라이프(Happy Life) (주식회사 요벨커뮤니케이션),언론사
24277,해피만다라,언론사
24278,해피맘베이비 (주식회사 해피맘베이비),언론사
24279,해피매거진,언론사
24280,해피먼데이(Happy Monday),언론사
24281,해피멘토일보 (해피멘토협동조합),언론사
24282,해피스테이(Happy Stay),언론사
24283,해피스토리뉴스 ((주)해피니스),언론사
24284,해피시니어 (주식회사 한국실버교육협회),언론사
24285,해피우먼,언론사
24286,해피죤 해피라이프,언론사
24287,해피캠프,언론사
24288,해피코리아,언론사
24289,해피코리아e뉴스,언론사
24290,해피코리아뉴스,언론사
24291,해피펫,언론사
24292,해피프렌즈 (사단법인백세사회시민연대),언론사
24293,"해항회보""바다愛 사람들"" (사단법인 해항회)",언론사
24294,핸드메이드 뉴스,언론사
24295,핸드메이커 (주식회사 핸드메이커),언론사
24296,핸들러(HANDLER),언론사
24297,핸디아카데미,언론사
24298,햇님꿈아이,언론사
24299,햇살교육잡지,언론사
24300,행동하는정신 ((사)한국슈타이너인지학센터),언론사
24301,행복,언론사
24302,행복 한국 ((주)부산문화융성위원회),언론사
24303,행복1004,언론사
24304,행복Plus,언론사
24305,행복人,언론사
24306,행복가정신문사 (부천꿈잡고협동조합),언론사
24307,행복경북,언론사
24308,행복교육 (서울영상피앤디 주식회사),언론사
24309,행복나눔,언론사
24310,행복나눔 건강스포츠 ((주)한국스포츠컨설팅),언론사
24311,행복나눔사랑,언론사
24312,행복나눔터,언론사
24313,행복뉴스 (주식회사다케어행복센터),언론사
24314,행복당보,언론사
24315,행복뜨락 (주식회사 늘푸른신문),언론사
24316,행복레시피저널,언론사
24317,행복마을정보,언론사
24318,행복맘스 (주식회사 행복맘스),언론사
24319,행복바퀴 ((재)화물복지재단),언론사
24320,행복숲 교육,언론사
24321,행복으로의 초대,언론사
24322,"행복음♪ : 행복한 음성, 도시재생 소리",언론사
24323,행복이가득한집 (주식회사 디자인하우스),언론사
24324,행복이있는교육 ((주)로렌츠인천남동),언론사
24325,행복저널,언론사
24326,행복창조 (사회복지법인 행복창조),언론사
24327,행복타임즈,언론사
24328,행복평생교육신문,언론사
24329,행복하게,언론사
24330,행복한 100세시대,언론사
24331,행복한 과학기술인 (과학기술인공제회),언론사
24332,행복한 나눔 (주식회사 티비씨),언론사
24333,행복한 동포,언론사
24334,행복한 메트로 ((주)이프뱅크코리아),언론사
24335,행복한 빈손,언론사
24336,행복한 샘 (주식회사 국제팝업북아트협회),언론사
24337,행복한 샘물 ((주) 2박3일),언론사
24338,행복한 세상으로,언론사
24339,행복한 세종,언론사
24340,행복한 소비자 (사단법인 소비자교육중앙회),언론사
24341,행복한 소통,언론사
24342,행복한 인생,언론사
24343,행복한 통일로 (사단법인 행복한통일로),언론사
24344,행복한가정 (사단법인 행복한가정문화원),언론사
24345,행복한나라 ((사)국제교회개척센터),언론사
24346,행복한논술-중등 ((주)이태종엔아이이논술연구소),언론사
24347,행복한논술-초등 ((주)이태종엔아이이논술연구소),언론사
24348,행복한사회 (주식회사 유미 산업디자인),언론사
24349,행복한세상,언론사
24350,행복한아이들 ((주)아이북랜드),언론사
24351,행복한우리마을뉴스 (국방신문협동조합),언론사
24352,행복한우체통,언론사
24353,행복한이야기 다담 ((주)엔씨엘피플스),언론사
24354,행복한케어뉴스 (주식회사행복한타임),언론사
24355,행사뉴스 (주식회사 나이스컬처),언론사
24356,행오버매거진,언론사
24357,행운뉴스,언론사
24358,행정뉴스,언론사
24359,행정법률환경여론신문,언론사
24360,행정법연구,언론사
24361,행정복지신문 (주식회사 우리일터),언론사
24362,행정사 신문,언론사
24363,"행정사 저널 (주식회사 제이케이씨앤씨(JK C&C Co., Ltd.))",언론사
24364,행정사가이드,언론사
24365,행정생활뉴스,언론사
24366,행정수도뉴스,언론사
24367,행정신문 (주식회사 행정자치일보),언론사
24368,행정인,언론사
24369,행정일보,언론사
24370,행정포커스,언론사
24371,행진:지역공연예술비평플랫폼,언론사
24372,향기가득한교육 ((주)로렌츠대전),언론사
24373,향기로운인터넷신문,언론사
24374,향남복합문화센터 수영장 매거진 (주식회사 라이프블루(화성지점)),언론사
24375,향남좋은뉴스,언론사
24376,향토음식저널,언론사
24377,허그뉴스365(hugnews365) ((주)대한언론인회미디어본부),언론사
24378,허그인(HUGin) (사단법인 한국홍보포럼),언론사
24379,허니타임즈(Honeytimes) ((주)제이씨커뮤니케이션),언론사
24380,허브인저널,언론사
24381,허브저널,언론사
24382,허프포스트코리아(HUFFPOST KOREA) (허핑턴포스트코리아(주)),언론사
24383,헌터스데일리 (주식회사 헌터스데일리),언론사
24384,헝그리뉴스,언론사
24385,헝그리앱뉴스 ((주)스마트나우),언론사
24386,헤드라인 충청,언론사
24387,헤드라인21(headline21),언론사
24388,헤드라인뉴스,언론사
24389,헤드라인뉴스플러스,언론사
24390,헤드라인리포트 (락앤블락 주식회사),언론사
24391,헤드라인제주 (주식회사 헤드라인제주),언론사
24392,헤드라인코리아저널,언론사
24393,헤드스포츠,언론사
24394,헤드에이크,언론사
24395,헤럴드경인 (인천미래연구원 주식회사),언론사
24396,헤럴드경제 ((주)헤럴드부산울산경남취재본부),언론사
24397,헤럴드경제 (주식회사 헤럴드),언론사
24398,헤럴드뉴스,언론사
24399,헤럴드뉴스 (주식회사 헤럴드뉴스),언론사
24400,헤럴드대구경북 ((주)헤럴드대구본부),언론사
24401,헤럴드뮤즈(Herald Muse) (주식회사 헤럴드),언론사
24402,헤럴드미디어,언론사
24403,헤럴드부산,언론사
24404,헤럴드신문,언론사
24405,헤럴드인사이트 ((주)디지털헤럴드),언론사
24406,헤럴드저널,언론사
24407,헤럴드코리아타임즈,언론사
24408,헤럴드타임즈,언론사
24409,헤럴드타임즈문학,언론사
24410,헤렌(HEREN) (에이치엘엘중앙(주)),언론사
24411,헤르본,언론사
24412,헤리티지 뮤인(HERITAGE MUINE),언론사
24413,헤리티지 온,언론사
24414,헤리티지뉴스,언론사
24415,헤리티지코리아 (더헤리티지코리아주식회사(The Heritage Korea Inc.)),언론사
24416,헤리티지포토그래피 (더헤리티지코리아주식회사(The Heritage Korea Inc.)),언론사
24417,헤링크저널,언론사
24418,헤모필리아 라이프,언론사
24419,헤브도마스 (주식회사 헤브도마스),언론사
24420,헤세드신문,언론사
24421,헤어11번가,언론사
24422,헤어마당,언론사
24423,헤어마인드(Hair Mind) (주식회사 필코인터내셔날),언론사
24424,헤어앤미,언론사
24425,헤어워크 shopping Guide Book,언론사
24426,헤윰잡지 (주식회사 헤윰인재개발원),언론사
24427,헤이 마리(Hey Mari),언론사
24428,헤이빌 (주식회사 헤이빌),언론사
24429,헤일로리포트,언론사
24430,헬로디디,언론사
24431,헬로머니 (주식회사 이투데이),언론사
24432,헬로스포츠 (나로네트웍스주식회사),언론사
24433,헬로우 뉴스,언론사
24434,헬로우 티브이(HELLO TV) (주식회사 씨제이헬로비전),언론사
24435,헬로우충청 (충청미디어그룹협동조합),언론사
24436,헬스 앤 휴머니티스 (사단법인 건강인문학포럼),언론사
24437,헬스경향 (주식회사 헬스경향),언론사
24438,헬스뉴스닷컴,언론사
24439,헬스데이뉴스 (주식회사 헬스데이뉴스),언론사
24440,헬스동아 (동아미디어(주)),언론사
24441,헬스라이프헤럴드 (주식회사 메이븐크리에이티브),언론사
24442,헬스리포트 (주식회사 유니바이오),언론사
24443,헬스미디어,언론사
24444,헬스미디어인터넷뉴스,언론사
24445,헬스비 (주식회사 그리다소프트),언론사
24446,헬스비즈,언론사
24447,헬스서울 ((주)미래메디컬센터),언론사
24448,헬스신문 (주식회사 휘트니스투데이),언론사
24449,헬스앤라이프 ((주)콤파),언론사
24450,헬스에코미디어(HealthEco.Media) (주식회사 잇츠제이랩),언론사
24451,헬스엔젤스매거진,언론사
24452,헬스엔젤스메거진,언론사
24453,헬스엔젤스미디어,언론사
24454,헬스엔젤스식스매거진,언론사
24455,헬스엔젤스저널,언론사
24456,헬스엔젤스필라테스미디어,언론사
24457,헬스엔젤스필라테스저널,언론사
24458,헬스오,언론사
24459,헬스와 휘트니스,언론사
24460,헬스원미디어,언론사
24461,헬스이슈앤뉴스(Health Issue&News)),언론사
24462,헬스인뉴스 (굿닥터홀딩스 주식회사),언론사
24463,헬스인사이트 ((주)조네트워크),언론사
24464,헬스조선,언론사
24465,헬스중앙 (중앙일보 주식회사),언론사
24466,헬스컨슈머 (헬스컨슈머(주)),언론사
24467,헬스케어 (주식회사 핵심인재개발원),언론사
24468,헬스케어365,언론사
24469,헬스케어뉴스 ((주)효전),언론사
24470,헬스케어와이어(healthcarewire) ((주)에이치케이메디컬와이어),언론사
24471,헬스케어저널 (에이치엔티콘텐츠허브 주식회사),언론사
24472,헬스케어투데이,언론사
24473,헬스케어헤럴드,언론사
24474,헬스코리아뉴스 ((주)헬코미디어),언론사
24475,헬스코어데일리 ((주)사이언스플러스),언론사
24476,헬스투데이 ((주)케이엠케이미디어),언론사
24477,헬스팜뉴스 ((주)엠하이그룹),언론사
24478,헬스팩트,언론사
24479,헬스포커스뉴스 ((주)헬스앤피플),언론사
24480,헬스프레스,언론사
24481,헬스플러스,언론사
24482,헬스한국,언론사
24483,헬시라이프(Healthy Life),언론사
24484,헬시에이징뉴스 ((주)오늘랩),언론사
24485,헬시프레스 (주식회사 넥스트아이),언론사
24486,헬쓰뉴스아이,언론사
24487,헬쓰앤마켓리포터스,언론사
24488,헵 매거진,언론사
24489,혁신리더 ((주)한국능률협회미디어),언론사
24490,혁신인(혁신IN) ((주)이노어스),언론사
24491,혁신일보,언론사
24492,현대 비평,언론사
24493,현대건축,언론사
24494,현대건축 (CONCEPT),언론사
24495,현대경제 (주식회사 로컬그룹),언론사
24496,현대경제신문 ((주)현대경제신문),언론사
24497,현대경찰신문,언론사
24498,현대계간문학,언론사
24499,현대교육신문,언론사
24500,현대문예,언론사
24501,현대문학,언론사
24502,현대문학사조,언론사
24503,현대미술,언론사
24504,현대불교 ((주)현대불교신문사),언론사
24505,현대불교문예,언론사
24506,현대생활불교 (주)현대생활불교신문사),언론사
24507,현대소설,언론사
24508,현대수필,언론사
24509,현대시문학,언론사
24510,현대시사저널,언론사
24511,현대시선,언론사
24512,현대시조,언론사
24513,현대시학,언론사
24514,현대신문,언론사
24515,현대예배와 찬양,언론사
24516,현대의학이 밝힌 건강장수불로초 (건강하게살기 협동조합),언론사
24517,현대인,언론사
24518,현대일보 (현대일보(주)),언론사
24519,현대일보e뉴스,언론사
24520,현대작가,언론사
24521,현대종교,언론사
24522,현대해양 ((주)베토),언론사
24523,현대해양 해양레저관광 ((주)베토),언론사
24524,현불뉴스 ((주)현대불교신문사),언론사
24525,현장24 (현장24 주식회사),언론사
24526,현장과 광장,언론사
24527,현장뉴스,언론사
24528,현장시사저널,언론사
24529,현장언론 민플러스 (언론협동조합담쟁이),언론사
24530,현진교육,언론사
24531,혈우병,언론사
24532,협동조합 마을소식,언론사
24533,협동조합신문 (사단법인 한국문화재진흥원),언론사
24534,협동조합연합신문,언론사
24535,협동조합인터넷신문 (사단법인 한국문화재진흥원),언론사
24536,협조뉴스,언론사
24537,형사·법무정책연구소식 (한국형사법무정책연구원),언론사
24538,형사정책연구 (한국형사법무정책연구원),언론사
24539,형통한 삶,언론사
24540,혜담뉴스24 (혜담평생교육 주식회사),언론사
24541,혜명법보신문,언론사
24542,혜요뉴스,언론사
24543,혜원법보(惠員法報),언론사
24544,혜윰,언론사
24545,호국불교신문,언론사
24546,호국전쟁,언론사
24547,호꼼슬로,언론사
24548,호남 연예포커스,언론사
24549,호남 핫 뉴스,언론사
24550,호남/호남인,언론사
24551,호남TV,언론사
24552,호남i뉴스,언론사
24553,호남경매신문,언론사
24554,호남경제신문(湖南經濟新聞),언론사
24555,호남골 (주식회사 호남일보미디어그룹),언론사
24556,호남교육신문 ((주)호남교육신문),언론사
24557,호남기독신문 (주식회사 호남기독신문사),언론사
24558,호남까치소식,언론사
24559,호남노사일보,언론사
24560,호남누리신문,언론사
24561,호남뉴스,언론사
24562,호남뉴스119,언론사
24563,호남뉴스24,언론사
24564,호남뉴스라인,언론사
24565,호남뉴스신문,언론사
24566,호남도민신문 ((유)호남도민신문),언론사
24567,호남도민일보,언론사
24568,호남디지털뉴스,언론사
24569,호남매일 ((주)호남삼현),언론사
24570,호남매일TV,언론사
24571,호남매일뉴스,언론사
24572,호남매일신문,언론사
24573,호남매일신문 (（주）호남매일신문사),언론사
24574,호남미디어연합,언론사
24575,호남미디어협의회,언론사
24576,호남미래신문,언론사
24577,호남방송,언론사
24578,호남번영로,언론사
24579,호남복지신문,언론사
24580,호남불교,언론사
24581,호남빅뉴스,언론사
24582,호남소통투데이,언론사
24583,호남시민뉴스 (주식회사 해든누리),언론사
24584,호남신문 (주식회사 에이치앤프레스),언론사
24585,호남의소리 (유한회사 호남의소리),언론사
24586,호남인,언론사
24587,호남인뉴스,언론사
24588,호남일보 (주식회사 호남일보미디어그룹),언론사
24589,호남일보인터넷신문 (주식회사 호남일보미디어그룹),언론사
24590,호남자치뉴스,언론사
24591,호남장애인신문 (사단법인 전라남도장애인단체총연합회),언론사
24592,호남저널,언론사
24593,호남정책신문 (유한회사 호남정책연구원),언론사
24594,호남정치신문,언론사
24595,호남제일문(湖南第一門) ((주)뱅기노자),언론사
24596,호남제일신문 (주식회사 호남자치일보사),언론사
24597,호남조은뉴스,언론사
24598,호남타임즈 ((주)호남타임즈),언론사
24599,호남탑뉴스,언론사
24600,호남투데이,언론사
24601,호남포커스,언론사
24602,호남향우 (주식회사 호남향우신문),언론사
24603,호남향우신문,언론사
24604,호동이네 이야기,언론사
24605,호랑이꿈,언론사
24606,호롱불,언론사
24607,호서일보,언론사
24608,호수뉴스,언론사
24609,호스피스,언론사
24610,호스피스 소식,언론사
24611,호야플러스 (한국호야렌즈(주)),언론사
24612,호이크 매거진 (주식회사 엘로퀀스),언론사
24613,호주브레이크뉴스,언론사
24614,호크마 에듀매거진,언론사
24615,호텔&레스토랑 (주식회사 에이치알),언론사
24616,호텔&레스토랑(HOTEL&RESTAURANT) (주식회사 에이치알),언론사
24617,호텔TS저널,언론사
24618,호텔관광레져신문 (주식회사 신동아방송),언론사
24619,호텔교육매거진 (주식회사 에스엠서비스),언론사
24620,호텔메이드데일리,언론사
24621,호텔쇼,언론사
24622,호텔아비아(HotelAvia),언론사
24623,호텔용품정보,언론사
24624,호텔플러스리조트(HOTELS RESORTS),언론사
24625,호형하늘문화신문 (주식회사 휴피스),언론사
24626,호호필라테스 평생교육 매거진,언론사
24627,혼디제주,언론사
24628,혼맥지 ((사)대한민국건국운동자유족회),언론사
24629,혼잉글리쉬타임즈,언론사
24630,혼텐츠타임즈 ((주)혼텐츠),언론사
24631,홀로스,언론사
24632,홀리웨이 ((사)한국성서성결운동본부),언론사
24633,홀리키즈,언론사
24634,홀스미디어 ((주)홀스미디어),언론사
24635,홀스허브뉴스,언론사
24636,홈가이드,언론사
24637,홈경제신문사,언론사
24638,홈교양뉴스시보,언론사
24639,홈두부,언론사
24640,홈바이 뉴스 (뉴스코리아 주식회사),언론사
24641,홈쇼핑,언론사
24642,홈쇼핑데일리,언론사
24643,홈쇼핑매거진 ((주)디에스알아이),언론사
24644,홈스쿨링매거진,언론사
24645,홈월드(HOME world) (주식회사 씨앤앰),언론사
24646,홈카페(Home Cafe) (주식회사 카페통),언론사
24647,홍길동 파발마 (사단법인 교산 난설헌선양회),언론사
24648,홍대사람들,언론사
24649,홍법,언론사
24650,홍보TV,언론사
24651,홍성닷컴,언론사
24652,홍성문화,언론사
24653,홍성신문 (주식회사 홍성신문 대표이사),언론사
24654,홍성열린복지,언론사
24655,"홍성일보 (주식회사 씨에이미디어그룹(CA Media co., Ltd.))",언론사
24656,홍익뉴스 (주식회사 탐정법인홍익),언론사
24657,홍익미술,언론사
24658,홍익신문,언론사
24659,홍익우분투시보 (홍익우분투 주식회사),언론사
24660,홍익일보,언론사
24661,홍익코리아,언론사
24662,홍익타임즈 ((주)홍익인재개발원),언론사
24663,홍익플랫폼 ((주)홍익플랫폼),언론사
24664,홍주신문 (주식회사 홍주일보사),언론사
24665,홍주인뉴스,언론사
24666,홍주일보 (주식회사 홍주일보사),언론사
24667,홍주포커스,언론사
24668,홍천뉴스,언론사
24669,홍천뉴스투데이,언론사
24670,홍천리버뉴스,언론사
24671,홍천방송 (주식회사 강원방송),언론사
24672,홍천신문,언론사
24673,홍천인터넷뉴스,언론사
24674,화강이 흐르는 김화철원뉴스,언론사
24675,화광신문 ((주)화광신문사),언론사
24676,화난사람들포스트 (주식회사 화난사람들),언론사
24677,화도신문,언론사
24678,화랑21,언론사
24679,화물정보연합회 소식지 (한국화물정보연합회),언론사
24680,화물종사자뉴스 ((주)인트리브),언론사
24681,화백문학,언론사
24682,화생당 한방소식,언론사
24683,화성교육신문,언론사
24684,화성기업인신문 ((주)화성기업인신문),언론사
24685,화성뉴스,언론사
24686,화성방송,언론사
24687,화성시 의정회보 (사단법인 화성시의정회),언론사
24688,화성시 청소년 연합신문 H.Y.N (사단법인 나눔놀이터이음),언론사
24689,화성시민신문 (화성시민신문협동조합),언론사
24690,화성시복지재단 (재단법인 화성시복지재단),언론사
24691,화성신문 (주식회사 화성뉴스),언론사
24692,화성아파트신문,언론사
24693,화성오산신문 (주식회사 화성뉴스),언론사
24694,화성인터넷신문,언론사
24695,화성인포 매거진,언론사
24696,화성일보,언론사
24697,화성자치신문,언론사
24698,화성저널,언론사
24699,화성타임즈 (주식회사 화성타임즈),언론사
24700,화성투데이 (주식회사 투데이미디어),언론사
24701,화성포커스 (주식회사 화성오산뉴스),언론사
24702,화순군민신문 (주식회사 화순군민신문사),언론사
24703,화순글로벌뉴스,언론사
24704,화순뉴스,언론사
24705,화순매일신문 (주식회사 화순매일신문),언론사
24706,화순생생뉴스,언론사
24707,화순시민의소리,언론사
24708,화순신문,언론사
24709,화순연합신문,언론사
24710,화순예향신문 ((주)화순예향신문),언론사
24711,화순우리신문,언론사
24712,화순일보 (주식회사 화순일보),언론사
24713,화순저널 (주식회사 하다),언론사
24714,화순중앙신문,언론사
24715,화순클릭,언론사
24716,화순투데이,언론사
24717,화술,언론사
24718,화신뉴스 (화신부자요 주식회사),언론사
24719,화엄회상,언론사
24720,화원,언론사
24721,화원일보,언론사
24722,화이트뉴스 ((주)한국기독신문사),언론사
24723,화이트우드 매거진,언론사
24724,화이트저널,언론사
24725,화이트페이퍼 ((주)화이트페이퍼),언론사
24726,화인상보 ((주)화인상보),언론사
24727,화장실문화뉴스 (사단법인 한국화장실문화협회),언론사
24728,화장실저널,언론사
24729,화제신문,언론사
24730,화중련,언론사
24731,화천today,언론사
24732,화천뉴스 (주식회사 골드스타333),언론사
24733,화천신문,언론사
24734,화천인사이트,언론사
24735,화학세계 ((사)대한화학회),언론사
24736,화학신문,언론사
24737,화학장치기술,언론사
24738,화해와나눔,언론사
24739,화훼,언론사
24740,확증과 비평,언론사
24741,환경 보건 저널 (아이엠넥스콘(주)),언론사
24742,환경 안전,언론사
24743,환경21,언론사
24744,환경N (주식회사 환경티비),언론사
24745,환경NGO신문,언론사
24746,"환경TV(환경티브이, 환경티비)",언론사
24747,환경in뉴스,언론사
24748,환경감시국민뉴스 (주식회사 환경감시국민뉴스),언론사
24749,환경감시일보 ((주)환경감시일보),언론사
24750,환경건설일보 (주식회사 환경경제일보),언론사
24751,환경경영신문,언론사
24752,환경경제,언론사
24753,환경경제일보 (주식회사 환경경제일보),언론사
24754,환경경찰뉴스,언론사
24755,환경경찰신문 (사단법인 한국자연경관보전회),언론사
24756,환경과 사람들,언론사
24757,환경과 에너지 투데이,언론사
24758,환경과기계 (유한회사 크린인덱스),언론사
24759,환경과조경,언론사
24760,환경관리신문,언론사
24761,환경교통타임즈,언론사
24762,환경기술 ((주)환경관리연구소),언론사
24763,환경네트워크신문,언론사
24764,환경녹색신문 (환경인 사회적협동조합),언론사
24765,환경농업,언론사
24766,환경뉴스,언론사
24767,환경뉴스119 (주식회사 한국매일신보),언론사
24768,환경뉴스119 경북본부 (주식회사 한국매일신보),언론사
24769,환경데일리,언론사
24770,환경동행일보 (주식회사 세명엘이디),언론사
24771,환경매일방송TV,언론사
24772,환경매일신문 (주식회사 환경매일신문사),언론사
24773,환경문예,언론사
24774,환경문예뉴스,언론사
24775,환경문학,언론사
24776,환경문화일보,언론사
24777,환경문화저널,언론사
24778,환경미디어,언론사
24779,환경민생뉴스,언론사
24780,환경방송,언론사
24781,환경방송MCN (주식회사 환경방송엠씨엔),언론사
24782,환경법률,언론사
24783,환경보건뉴스,언론사
24784,환경보건방송,언론사
24785,환경보건신문,언론사
24786,환경보전신문 (사단법인 환경지킴이),언론사
24787,환경보호신문,언론사
24788,환경복지신문,언론사
24789,환경복지인사이트 (사단법인 한국장애인 한걸음 더 동행),언론사
24790,환경산업일보 ((주)드림그룹대한경제일보),언론사
24791,환경스포츠,언론사
24792,환경스포츠신문,언론사
24793,환경시대,언론사
24794,환경시사뉴스,언론사
24795,환경시사일보,언론사
24796,환경시사저널,언론사
24797,환경식품신문,언론사
24798,환경식품위생신문,언론사
24799,환경신문 (주식회사 환경신문),언론사
24800,환경신문인천,언론사
24801,환경안전보건신문 ((사)환경안전보건협회),언론사
24802,환경안전신문,언론사
24803,환경안전일보 ((주)대한언론인회미디어본부),언론사
24804,환경안전포커스,언론사
24805,환경에너지,언론사
24806,환경에너지타임즈 (주식회사 미디어플래닛),언론사
24807,환경연대,언론사
24808,환경연합방송 ((사)국제청년환경연합회),언론사
24809,환경연합신문 (주식회사 환경연합신문),언론사
24810,환경을 사랑하는 사람들,언론사
24811,환경이슈신문,언론사
24812,환경인뷰,언론사
24813,환경일보 (주식회사 환경일보),언론사
24814,환경장애인신문,언론사
24815,환경정책 (한국환경연구원),언론사
24816,환경정책포럼,언론사
24817,환경정화신문,언론사
24818,환경종합 ((주)환경종합일보),언론사
24819,환경타임즈,언론사
24820,환경통신,언론사
24821,환경투데이뉴스 ((주)환경투데이뉴스),언론사
24822,환경포커스,언론사
24823,환경한국,언론사
24824,환동해 뉴스(TES NEWS),언론사
24825,환동해 리포트,언론사
24826,환지본처 ((주)작은숲),언론사
24827,환카,언론사
24828,환타임스 ((주)환타임스),언론사
24829,활발적생명,언론사
24830,활성경제TV (국회저널(주)),언론사
24831,활성환경저널 (국회저널(주)),언론사
24832,활용심리상담사뉴스,언론사
24833,활주로,언론사
24834,활천,언론사
24835,황강신문 (황강문화협동조합),언론사
24836,황룡,언론사
24837,황룡사,언론사
24838,황산매거진,언론사
24839,황성신문(皇城新聞) (황성신문 주식회사),언론사
24840,황실가족이야기 (황손가(주)),언론사
24841,황악신문,언론사
24842,황악신문 (주식회사 황악신문),언론사
24843,황토,언론사
24844,황해문화,언론사
24845,회계와세무 (주식회사 대한세무협회),언론사
24846,회덕골이야기 (장사주협동조합),언론사
24847,회복문화,언론사
24848,횡성TV,언론사
24849,횡성뉴스 (주식회사 횡성신문),언론사
24850,횡성신문 (주식회사 횡성신문),언론사
24851,횡성희망신문 (합자회사 횡성희망신문),언론사
24852,효도 (사) 한국효도회),언론사
24853,효도하자(hyodohaja) ((주)이웃),언론사
24854,효실천 ((복)효실천운동본부),언론사
24855,효청원신문 (주식회사 웅웅드론평생교육원),언론사
24856,후견 The Korean Guardianship (사단법인 한국후견협회),언론사
24857,후생신보,언론사
24858,후에고(juego de posicion),언론사
24859,훈민일보,언론사
24860,훈민정음신문 (훈민정음 주식회사),언론사
24861,훕스토리,언론사
24862,휘 (비드로우프라이스코리아(주)),언론사
24863,휘경2동 마을미디어,언론사
24864,휘슬 (주식회사 휘슬블로워),언론사
24865,휘에라(FIERA) (주식회사 케이와이제이네트워크),언론사
24866,휠로그(wheelogue),언론사
24867,휴데일리 ((주)휴데일리),언론사
24868,휴머노이드경제신문,언론사
24869,휴먼 메신저,언론사
24870,휴먼(Human) ((주)방하),언론사
24871,휴먼누리 ((주)휴먼누리),언론사
24872,휴먼뉴스,언론사
24873,휴먼라이프 (주식회사 충청일보재단),언론사
24874,휴먼리더스,언론사
24875,휴먼메디저널 (주식회사 휴먼메디저널),언론사
24876,휴먼브랜드뉴스 모르니까타임즈 (모르니까타임즈(주)),언론사
24877,휴먼브리프(Humanbrief) (주식회사 호모사이버스),언론사
24878,휴먼빅데이터뉴스,언론사
24879,휴먼서비스매거진,언론사
24880,휴먼시아뉴스 신문 (주식회사 휴먼시아뉴스신문),언론사
24881,휴먼앤라이프 인 경남,언론사
24882,휴먼앤소사이어티 미디어,언론사
24883,휴먼에이드 ((주)휴먼에이드포스트),언론사
24884,휴먼에이드포스트 ((주)휴먼에이드포스트),언론사
24885,휴먼인뉴스 (솔샘에듀(주)),언론사
24886,휴먼컬쳐타임즈 (하늘에듀케이션스(주)),언론사
24887,휴먼케어뉴스,언론사
24888,휴먼타임즈,언론사
24889,휴먼평화방송 (휴먼평화방송(주)),언론사
24890,휴먼필라테스 타임즈(구리) (주식회사 휴먼필라테스),언론사
24891,휴먼환경일보인터넷신문,언론사
24892,휴메디뉴스,언론사
24893,휴메디만덕뉴스,언론사
24894,휴민트,언론사
24895,휴아시스포스트 (주식회사 휴아시스),언론사
24896,휴암종보,언론사
24897,휴인뉴스,언론사
24898,휴필라테스 임학뉴스,언론사
24899,흐르는샘물,언론사
24900,흐름닷컴,언론사
24901,흑백법률 (주식회사 쾌거),언론사
24902,흔적그리고기억,언론사
24903,흙&사람 (케이엔에스문화산업협동조합),언론사
24904,흙사랑 물사랑,언론사
24905,흙살림 (사단법인 흙살림연구소),언론사
24906,희귀·필수의약품소식 (한국희귀필수의약품센터),언론사
24907,희망과 사람 (사단법인 희망과 사람),언론사
24908,"희망나눔, 자비나눔",언론사
24909,희망나무,언론사
24910,희망농촌 (사단법인 농진중앙회),언론사
24911,희망뉴스 ((주)에드엔),언론사
24912,희망동행365,언론사
24913,희망들,언론사
24914,희망사랑 (사단법인 희망을 나누는 사람들),언론사
24915,희망상주21 (주식회사 굿타임),언론사
24916,희망신문,언론사
24917,희망아이 (주식회사 희망아이),언론사
24918,희망의 새시대 국민행복시대,언론사
24919,희망이음뉴스,언론사
24920,희망이있는교육 (주식회사 로렌츠용인),언론사
24921,희망재활뉴스,언론사
24922,희망저널,언론사
24923,희망제주 (사단법인 삼일독립운동100주년기념사업회),언론사
24924,희망지기,언론사
24925,희망청원,언론사
24926,희망코리아 (-재단법인 한민족문화재단),언론사
24927,희망한국 (주식회사 한국경제비즈),언론사
24928,희망한국뉴스,언론사
24929,흰물결신문 ((주)월간리더),언론사
24930,히든케이 (주식회사 히든케이),언론사
24931,히스토리(History),언론사
24932,히어로 스포츠 (주식회사 히어로스포츠),언론사
24933,히즈타임즈 (미코히타 주식회사),언론사
24934,히트뉴스(HIT News) ((주)히트미디어),언론사
24935,히페리온 폴인에듀 (주식회사 히페리온),언론사
24936,힐 뉴스,언론사
24937,힐링,언론사
24938,힐링&뷰티,언론사
24939,힐링경제,언론사
24940,힐링관광 화순,언론사
24941,힐링굿라이프,언론사
24942,힐링뉴스,언론사
24943,힐링데일리 (주식회사 디지털에코),언론사
24944,힐링라이프 매거진,언론사
24945,힐링라이프저널,언론사
24946,힐링본 웰니스 아카데미,언론사
24947,힐링서천,언론사
24948,힐링스 ((주)인터넷월간힐링),언론사
24949,힐링아트타임즈 (주식회사 오티움),언론사
24950,힐링이있는숲 (주식회사 굿퍼닝),언론사
24951,힐링이코노미,언론사
24952,힐링인터넷신문,언론사
24953,힐링존미디어,언론사
24954,힐링코리아 (주식회사 배낭인),언론사
24955,힐링타임즈,언론사
24956,힐링투데이,언론사
24957,힐링핏소리,언론사
24958,힐빙코리아,언론사
24959,힐빙타임스(HealbeingTimes),언론사
24960,힘찬 다문화,언론사
24961,女醫會報 (사단법인 한국여자의사회),언론사
